{
    "meta": {
        "threadId": 10012,
        "threadName": "Skill viewer?",
        "dateCreated": "2013-06-16T09:43:21+0000",
        "datePublished": "2013-06-16T09:43:21+0000",
        "pageCount": 1,
        "originalUrl": "https://lckb.dev/forum/index.php?/topic/10012-skill-viewer/",
        "authorId": 1835,
        "position": [
            {
                "@type": "ListItem",
                "position": 1,
                "item": {
                    "@id": "https://lckb.dev/forum/index.php?/forum/271-general-section/",
                    "name": "General Section"
                }
            },
            {
                "@type": "ListItem",
                "position": 2,
                "item": {
                    "@id": "https://lckb.dev/forum/index.php?/forum/259-general-discussion/",
                    "name": "General Discussion"
                }
            }
        ]
    },
    "commentData": [
        {
            "id": 75049,
            "timestamp": 1371375801,
            "author": {
                "id": 1835,
                "name": "robino1996",
                "image": null
            },
            "comment": "\n<p >hi i cant find a tool where i can Change animations / skill effect / add new skill, tool</p>\n<p >if ther eis something like that pls tell me :)</p>\n"
        },
        {
            "id": 75146,
            "timestamp": 1371404165,
            "author": {
                "id": 17582,
                "name": "CDWriter",
                "image": null
            },
            "comment": "<p >Wizatek skill editor 3.1</p>\n\n\t\t\t\n\t\t\t\t\n\n<span class=\"ipsType_reset ipsType_medium ipsType_light\" data-excludequote=\"None\" >\n\t<strong >Edited <time datetime=\"2013-06-16T17:36:58Z\" title=\"06/16/2013 05:36  PM\" data-short=\"7 yr\" >June 16, 2013</time> by CDWriter</strong>\n\t\n\t\n</span>\n\t\t\t\n\t\t</div>"
        },
        {
            "id": 77195,
            "timestamp": 1372175032,
            "author": {
                "id": 13494,
                "name": "Ichy",
                "image": null
            },
            "comment": "<p >Like CDWriter said Wizatek skill editor 3.1 but remember, youll need to do the t_skillLevel manually</p>"
        },
        {
            "id": 77245,
            "timestamp": 1372187131,
            "author": {
                "id": 3721,
                "name": "filix_93",
                "image": null
            },
            "comment": "<p >and you have to remember that it dont read guild skill soul skill and p2 skill .</p>"
        }
    ]
}