{
    "meta": {
        "threadId": 10056,
        "threadName": "Graphics",
        "dateCreated": "2013-06-18T14:03:23+0000",
        "datePublished": "2013-06-18T14:03:23+0000",
        "pageCount": 1,
        "originalUrl": "https://lckb.dev/forum/index.php?/topic/10056-graphics/",
        "authorId": 18208,
        "position": [
            {
                "@type": "ListItem",
                "position": 1,
                "item": {
                    "@id": "https://lckb.dev/forum/index.php?/forum/271-general-section/",
                    "name": "General Section"
                }
            },
            {
                "@type": "ListItem",
                "position": 2,
                "item": {
                    "@id": "https://lckb.dev/forum/index.php?/forum/259-general-discussion/",
                    "name": "General Discussion"
                }
            }
        ]
    },
    "commentData": [
        {
            "id": 75527,
            "timestamp": 1371564203,
            "author": {
                "id": 18208,
                "name": "CheekyTrooper",
                "image": null
            },
            "comment": "\n<p >Hello all, </p>\n<p > </p>\n<p >Ive been doing some work in photoshop, And was wondering. If anyone wants any images editing? say (Words taken out an image)</p>\n<p >Such as destiny background:</p>\n<p ><img alt=\"348irk2.png\" src=\"http://i42.tinypic.com/348irk2.png\" /></p>\n<p > </p>\n<p >More to come when i get more people wanting more images.</p>\n<p > </p>\n<p >Skype:CheekyTrooper</p>\n"
        },
        {
            "id": 75531,
            "timestamp": 1371564355,
            "author": {
                "id": 1503,
                "name": "Paramount",
                "image": null
            },
            "comment": "\n<p ><a href=\"http://www.destinylastchaos.to/images/bg.jpg\" rel=\"external nofollow\" >http://www.destinylastchaos.to/images/bg.jpg</a></p>\n<p > </p>\n<p >Umh, very ugly Destiny word cropped, with black brush..</p>\n"
        },
        {
            "id": 75535,
            "timestamp": 1371564725,
            "author": {
                "id": 18208,
                "name": "CheekyTrooper",
                "image": null
            },
            "comment": "<p >Not with black brush O_o, Clone stamp tool</p>"
        },
        {
            "id": 75642,
            "timestamp": 1371581105,
            "author": {
                "id": 16656,
                "name": "ADMIMAX",
                "image": null
            },
            "comment": "\n<p ><a href=\"https://imageshack.us/photo/my-images/819/bg1tj.jpg/\" rel=\"external nofollow\" >http://imageshack.us/photo/my-images/819/bg1tj.jpg/</a></p>\n<p > </p>\n<p >my better :3</p>\n"
        }
    ]
}