{
    "meta": {
        "threadId": 1007,
        "threadName": "[Release] Quest Tool",
        "dateCreated": "2011-10-11T15:09:52+0000",
        "datePublished": "2011-10-11T15:09:52+0000",
        "pageCount": 3,
        "originalUrl": "https://lckb.dev/forum/index.php?/topic/1007-release-quest-tool/",
        "authorId": 919,
        "position": [
            {
                "@type": "ListItem",
                "position": 1,
                "item": {
                    "@id": "https://lckb.dev/forum/index.php?/forum/258-release-zone/",
                    "name": "Release Zone"
                }
            },
            {
                "@type": "ListItem",
                "position": 2,
                "item": {
                    "@id": "https://lckb.dev/forum/index.php?/forum/324-episode-1-releases/",
                    "name": "Episode 1 Releases"
                }
            },
            {
                "@type": "ListItem",
                "position": 3,
                "item": {
                    "@id": "https://lckb.dev/forum/index.php?/forum/56-tools/",
                    "name": "Tools"
                }
            }
        ]
    },
    "commentData": [
        {
            "id": 8285,
            "timestamp": 1318345792,
            "author": {
                "id": 919,
                "name": "someone",
                "image": null
            },
            "comment": "\n<p >Made this quest tool, it converts from questAll_usa.lod to sql file, It supports 1279 and 1185(open and save it with chinese option).</p>\n<p >[hide]</p>\n<p >If you dont like java this is an MFC version:</p>\n<p ><a href=\"http://www.multiupload.co.uk/5T5JJES968\" rel=\"external nofollow\" >http://www.multiupload.co.uk/5T5JJES968</a></p>\n<p >Requires to instal VC++ Redistributable 2008 package.</p>\n<p >[/hide]</p>\n<p > </p>\n<p >Later i will update it to add, remove, edit, enable, disable quests.</p>\n<p > </p>\n<p >Update:</p>\n<p >-Fixed Compatibilities with Mysql newer Versions(Tested on Mysql 5.5.15)</p>\n<p >-Added Save to lod file</p>\n<p >-Added Remove Quest (Now you can remove quest)</p>\n<p >-Added Add quest</p>\n<p >-Added Chinese client Support</p>\n<p >-Added Episode 2(You can read them)</p>\n<p >-Added 1185 (You can Read Them)</p>\n<p >-Now the SQL exports correctly(a_need_min_level,a_need_max_level as int(11))</p>\n<p >-Added support for Unicode (now you can make quests in any language you want);</p>\n<p > </p>\n<p >Pics:</p>\n<p ><img alt=\"shot091211184943.jpg\" src=\"https://img233.imageshack.us/img233/8711/shot091211184943.jpg\" /></p>\n<p ><img alt=\"shot091211184950.jpg\" src=\"https://img6.imageshack.us/img6/927/shot091211184950.jpg\" /></p>\n<p ><img alt=\"shot091211185005.jpg\" src=\"https://img26.imageshack.us/img26/9827/shot091211185005.jpg\" /></p>\n<p > </p>\n<p >Next week i will finish it.</p>\n"
        },
        {
            "id": 8290,
            "timestamp": 1318346463,
            "author": {
                "id": 2,
                "name": "Wizatek",
                "image": null
            },
            "comment": "<p >Nice work :)</p>"
        },
        {
            "id": 8292,
            "timestamp": 1318346918,
            "author": {
                "id": null,
                "name": "Guest Bubbles",
                "image": null
            },
            "comment": "<p >i try to make a lvl 165 quest with 50k fp but dont work ;/ can you help me with this ;S</p>"
        },
        {
            "id": 8295,
            "timestamp": 1318347281,
            "author": {
                "id": 919,
                "name": "someone",
                "image": null
            },
            "comment": "\n<blockquote data-ipsquote=\"\" class=\"ipsQuote\" data-ipsquote-username=\"\\\" data-cite=\"\\\" data-ipsquote-contentapp=\"forums\" data-ipsquote-contenttype=\"forums\" data-ipsquote-contentid=\"1007\" data-ipsquote-contentclass=\"forums_Topic\" ><div >i try to make a lvl 165 quest with 50k fp but dont work ;/ can you help me with this ;S</div></blockquote>\n<p >1)Load the quest from your client</p>\n<p >2)add quest, put conditios and prizes, ok</p>\n<p >3)file->save to lod, save to sql</p>\n<p >4)move lod to your LC data directory with the name questAll_usa.lod</p>\n<p >5)import to the sql to newproject_data</p>\n<p >Done.</p>\n"
        },
        {
            "id": 8345,
            "timestamp": 1318378216,
            "author": {
                "id": 3403,
                "name": "rioking",
                "image": null
            },
            "comment": "\n<p >This soft is not working</p>\n<p >Try to open any quest file get send error</p>\n<p >Make it for all version someone. But thx anyway :D</p>\n"
        },
        {
            "id": 8527,
            "timestamp": 1318518321,
            "author": {
                "id": null,
                "name": "Guest BouletteBill",
                "image": null
            },
            "comment": "<p >When I select <strong >questAll_usa.lod</strong> file the soft crashing ;(</p>"
        },
        {
            "id": 8533,
            "timestamp": 1318521979,
            "author": {
                "id": 919,
                "name": "someone",
                "image": null
            },
            "comment": "\n<p >@cooldude</p>\n<p >Install VC++ Redistributable 2008 package.</p>\n<p >If you have x64 bits system install both x86,x64.</p>\n<p >x86:</p>\n<p ><a href=\"https://www.microsoft.com/download/en/details.aspx?displaylang=en&id=29\" rel=\"external nofollow\" >http://www.microsoft.com/download/en/details.aspx?displaylang=en&id=29</a></p>\n<p >x64:</p>\n<p ><a href=\"https://www.microsoft.com/download/en/details.aspx?displaylang=en&id=15336\" rel=\"external nofollow\" >http://www.microsoft.com/download/en/details.aspx?displaylang=en&id=15336</a></p>\n<p > </p>\n<p >@BouletteBill</p>\n<p >this only works on 1279, if you want to use it on 1185, try to open it with the Chinese option.</p>\n"
        },
        {
            "id": 8559,
            "timestamp": 1318551082,
            "author": {
                "id": 3403,
                "name": "rioking",
                "image": null
            },
            "comment": "\n<p >THIS SOFT IS NOT WORKING </p>\n<p >ERROR:</p>\n<p >AppName: lc2questeditor.exe\t AppVer: 1.0.0.1\t ModName: mfc90.dll</p>\n<p >ModVer: 9.0.21022.8\t Offset: 00052059</p>\n<p >A HAVE ALREADY 1279 version</p>\n"
        },
        {
            "id": 10422,
            "timestamp": 1320534394,
            "author": {
                "id": null,
                "name": "Guest carhartt",
                "image": null
            },
            "comment": "<p >can i add seals? for example: 30% cast helmet</p>"
        },
        {
            "id": 14005,
            "timestamp": 1323462139,
            "author": {
                "id": null,
                "name": "Guest tickii2",
                "image": null
            },
            "comment": "<p >Man bekommt immer die Selbe EXP 2147483647 -.- was kann ich machen</p>"
        },
        {
            "id": 17388,
            "timestamp": 1324908767,
            "author": {
                "id": null,
                "name": "Guest darkpure",
                "image": null
            },
            "comment": "<p >I want to set a Quest where you must kill 100 Chaos Lich to finish the Quest how i can do it</p>"
        },
        {
            "id": 17389,
            "timestamp": 1324909275,
            "author": {
                "id": 877,
                "name": "Viciten",
                "image": null
            },
            "comment": "<p >I have a problem. When i load questAll_usa.lod program crashes (i click dont send). What should i do to fix it? Sorry for my bad English... ;/</p>"
        },
        {
            "id": 17541,
            "timestamp": 1325055236,
            "author": {
                "id": 3403,
                "name": "rioking",
                "image": null
            },
            "comment": "<p >This Program is not working fine</p>"
        },
        {
            "id": 19531,
            "timestamp": 1326407507,
            "author": {
                "id": 919,
                "name": "someone",
                "image": null
            },
            "comment": "<p >Updated again.</p>"
        },
        {
            "id": 19916,
            "timestamp": 1326751786,
            "author": {
                "id": 877,
                "name": "Viciten",
                "image": null
            },
            "comment": "\n<blockquote data-ipsquote=\"\" class=\"ipsQuote\" data-ipsquote-username=\"\\\" data-cite=\"\\\" data-ipsquote-contentapp=\"forums\" data-ipsquote-contenttype=\"forums\" data-ipsquote-contentid=\"1007\" data-ipsquote-contentclass=\"forums_Topic\" ><div >I have a problem. When i load questAll_usa.lod program crashes (i click dont send). What should i do to fix it? Sorry for my bad English... ;/</div></blockquote>\n<p > </p>\n<p >Can you help me? :)</p>\n"
        },
        {
            "id": 21965,
            "timestamp": 1327851326,
            "author": {
                "id": null,
                "name": "Guest ..LOL..",
                "image": null
            },
            "comment": "<p >My Problem is i dont know what field is for what think because im germen^^</p>"
        },
        {
            "id": 21997,
            "timestamp": 1327860021,
            "author": {
                "id": 919,
                "name": "someone",
                "image": null
            },
            "comment": "\n<blockquote data-ipsquote=\"\" class=\"ipsQuote\" data-ipsquote-username=\"\\\" data-cite=\"\\\" data-ipsquote-contentapp=\"forums\" data-ipsquote-contenttype=\"forums\" data-ipsquote-contentid=\"1007\" data-ipsquote-contentclass=\"forums_Topic\" ><div >My Problem is i dont know what field is for what think because im germen^^</div></blockquote>\n<p > </p>\n<p >You can try this</p>\n<p ><a href=\"https://translate.google.com/\" rel=\"external nofollow\" >http://translate.google.com/</a></p>\n<p >For more info You can ask questions On  your language Section</p>\n<p ><a href=\"http://chaos.wizatek.be/forumdisplay.php?40-Multi-Language\" rel=\"external nofollow\" >http://chaos.wizatek.be/forumdisplay.php?40-Multi-Language</a></p>\n"
        },
        {
            "id": 22188,
            "timestamp": 1327992194,
            "author": {
                "id": 3403,
                "name": "rioking",
                "image": null
            },
            "comment": "\n<blockquote data-ipsquote=\"\" class=\"ipsQuote\" data-ipsquote-contentapp=\"forums\" data-ipsquote-contenttype=\"forums\" data-ipsquote-contentid=\"1007\" data-ipsquote-contentclass=\"forums_Topic\" ><div >\n<span style=\"font-size:10px;\" ><span style=\"color:#006400;\" >@cooldude</span></span><p ><span style=\"font-size:10px;\" ><span style=\"color:#006400;\" >Install VC++ Redistributable 2008 package.</span></span></p>\n<p ><span style=\"font-size:10px;\" ><span style=\"color:#006400;\" >If you have x64 bits system install both x86,x64.</span></span></p>\n<p ><span style=\"font-size:10px;\" ><span style=\"color:#006400;\" >x86:</span></span></p>\n<p ><a href=\"https://www.microsoft.com/download/en...ylang=en&id=29\" rel=\"external nofollow\" ><span style=\"font-size:10px;\" ><span style=\"color:#006400;\" >http://www.microsoft.com/download/en...ylang=en&id=29</span></span></a></p>\n<p ><span style=\"font-size:10px;\" ><span style=\"color:#006400;\" >x64:</span></span></p>\n<p ><a href=\"https://www.microsoft.com/download/en...ng=en&id=15336\" rel=\"external nofollow\" ><span style=\"font-size:10px;\" ><span style=\"color:#006400;\" >http://www.microsoft.com/download/en...ng=en&id=15336</span></span></a></p>\n<p ><span style=\"font-size:10px;\" ><span style=\"color:#006400;\" > </span></span></p>\n<p ><span style=\"font-size:10px;\" ><span style=\"color:#006400;\" >@BouletteBill</span></span></p>\n<p ><span style=\"font-size:10px;\" ><span style=\"color:#006400;\" >this only works on 1279, if you want to use it on 1185, try to open it with the Chinese option.</span></span></p>\n</div></blockquote>\n<p ><img alt=\"fkinsoft.png\" src=\"http://lcgame.my1.ru/fkinsoft.png\" /></p>\n<p > </p>\n<p ><span style=\"font-size:36px;\" ><span style=\"color:#006400;\" ><span style=\"color:#FF0000;\" ><strong >THIS SOFT DOESNT WORK!</strong></span></span></span></p>\n"
        },
        {
            "id": 22190,
            "timestamp": 1327996676,
            "author": {
                "id": 919,
                "name": "someone",
                "image": null
            },
            "comment": "\n<blockquote data-ipsquote=\"\" class=\"ipsQuote\" data-ipsquote-username=\"\\\" data-cite=\"\\\" data-ipsquote-contentapp=\"forums\" data-ipsquote-contenttype=\"forums\" data-ipsquote-contentid=\"1007\" data-ipsquote-contentclass=\"forums_Topic\" ><div ><p ><span style=\"font-size:36px;\" ><span style=\"color:#006400;\" ><span style=\"color:#FF0000;\" ><strong >THIS SOFT DOESNT WORK!</strong></span></span></span></p></div></blockquote>\n<p > </p>\n<p >Wour trying to open the wrong version of file. Try other options too.</p>\n"
        },
        {
            "id": 23780,
            "timestamp": 1329189588,
            "author": {
                "id": null,
                "name": "Guest SP00NMAN",
                "image": null
            },
            "comment": "<p >hello all, not if someone will have the same problem as me, but when open questAll_usa.lod concentrate of the program unexpectedly quits, leaving no error report. I have installed vc + + 2008 Express.any solution? Greetings to all</p>"
        },
        {
            "id": 23785,
            "timestamp": 1329207765,
            "author": {
                "id": null,
                "name": "Guest UniX",
                "image": null
            },
            "comment": "<p >Some u can add edit function?</p>"
        },
        {
            "id": 23920,
            "timestamp": 1329326685,
            "author": {
                "id": null,
                "name": "Guest fisti",
                "image": null
            },
            "comment": "\n<p >I did some quests all dont works, iwanted to add at merchant geres</p>\n<p >but nothing happens ( i inserter in db)</p>\n"
        },
        {
            "id": 24307,
            "timestamp": 1329644579,
            "author": {
                "id": 5387,
                "name": "Partyman",
                "image": null
            },
            "comment": "\n<p >Can i add more Exp then 2147483647?</p>\n<p > </p>\n<p >And must i edit the exp in gameserver?</p>\n"
        },
        {
            "id": 25072,
            "timestamp": 1330168555,
            "author": {
                "id": 1668,
                "name": "xMostHateD",
                "image": null
            },
            "comment": "<p >when i click on \"Edit Quest\",nothing happens lol.</p>"
        },
        {
            "id": 25076,
            "timestamp": 1330171216,
            "author": {
                "id": 161,
                "name": "Koko",
                "image": null
            },
            "comment": "<p >Not added yet.</p>"
        },
        {
            "id": 25079,
            "timestamp": 1330172789,
            "author": {
                "id": 2573,
                "name": "Mr.Speedy",
                "image": null
            },
            "comment": "<p >how i edit this to the sql file ? :D</p>"
        },
        {
            "id": 33196,
            "timestamp": 1338405164,
            "author": {
                "id": 1566,
                "name": "freeker91",
                "image": null
            },
            "comment": "<p >not work=/</p>"
        },
        {
            "id": 33472,
            "timestamp": 1338676828,
            "author": {
                "id": null,
                "name": "Guest barroso",
                "image": null
            },
            "comment": "<p >why always i want to make any quest - every quests stay with option (pick on) at rewards i want to receive every option</p>"
        },
        {
            "id": 36087,
            "timestamp": 1341317431,
            "author": {
                "id": null,
                "name": "Guest pretodoido",
                "image": null
            },
            "comment": "<p ><span style=\"color:#909090;\" >how to do an quest in ep1 to count for a group? </span></p>"
        },
        {
            "id": 36688,
            "timestamp": 1341879565,
            "author": {
                "id": 13352,
                "name": "jordan",
                "image": null
            },
            "comment": "<p >I have no idea how to work this thing i think i created the quest and saved it and i dk what to do? please give a better guide?</p>"
        },
        {
            "id": 37778,
            "timestamp": 1343629214,
            "author": {
                "id": null,
                "name": "Guest kevin",
                "image": null
            },
            "comment": "<p >cool and thx</p>"
        },
        {
            "id": 46330,
            "timestamp": 1349884952,
            "author": {
                "id": null,
                "name": "Guest ???",
                "image": null
            },
            "comment": "\n<p >not open the questall</p>\n<p >crash</p>\n"
        },
        {
            "id": 46508,
            "timestamp": 1350068482,
            "author": {
                "id": null,
                "name": "Guest psdiogownz",
                "image": null
            },
            "comment": "<p >Can use to get the quest npc?</p>"
        },
        {
            "id": 46509,
            "timestamp": 1350068593,
            "author": {
                "id": null,
                "name": "Guest psdiogownz",
                "image": null
            },
            "comment": "\n<p ><strong >\tInvalid or Deleted File.</strong></p>\n<p > </p>\n<p >Please re-upload ? ):</p>\n"
        },
        {
            "id": 46523,
            "timestamp": 1350070323,
            "author": {
                "id": 267,
                "name": "SutWick",
                "image": null
            },
            "comment": "<p >Link fixed.</p>"
        },
        {
            "id": 46525,
            "timestamp": 1350070877,
            "author": {
                "id": 615,
                "name": "CookieZ",
                "image": null
            },
            "comment": "<p >Thankss Max</p>"
        },
        {
            "id": 46549,
            "timestamp": 1350078930,
            "author": {
                "id": null,
                "name": "Guest Xidus007",
                "image": null
            },
            "comment": "<p >Really Nice Prog <img alt=\";)\" src=\"http://drasum.com/lckb/public/style_emoticons/default/wink.png\" /></p>"
        },
        {
            "id": 46636,
            "timestamp": 1350131073,
            "author": {
                "id": null,
                "name": "Guest TheDarknessGaming97",
                "image": null
            },
            "comment": "<p >nice</p>"
        },
        {
            "id": 46759,
            "timestamp": 1350160340,
            "author": {
                "id": 605,
                "name": "b4rr4cud4",
                "image": null
            },
            "comment": "<p >I'm going to try the new one you have posted the last one opens up but when I click any of the buttons nothing comes up, probly my falt as usual I forget things when I drink and program lol.</p>"
        },
        {
            "id": 46911,
            "timestamp": 1350254447,
            "author": {
                "id": null,
                "name": "Guest xRamSx",
                "image": null
            },
            "comment": "<p >thx <img alt=\":)\" src=\"http://lckb.max-space.net/public/style_emoticons/default/smile.png\" /></p>"
        },
        {
            "id": 46956,
            "timestamp": 1350292167,
            "author": {
                "id": 307,
                "name": "ReturnKratos",
                "image": null
            },
            "comment": "<p >nice man <img alt=\";)\" src=\"http://lckb.max-space.net/public/style_emoticons/default/wink.png\" /></p>"
        },
        {
            "id": 46985,
            "timestamp": 1350319171,
            "author": {
                "id": 14418,
                "name": "beta1",
                "image": null
            },
            "comment": "<p >thax</p>"
        },
        {
            "id": 47007,
            "timestamp": 1350328654,
            "author": {
                "id": null,
                "name": "Guest NRJ CeLiNe",
                "image": null
            },
            "comment": "<p >nice man <img alt=\";)\" src=\"http://lckb.max-space.net/public/style_emoticons/default/wink.png\" /></p>"
        },
        {
            "id": 47160,
            "timestamp": 1350410043,
            "author": {
                "id": null,
                "name": "Guest Danta",
                "image": null
            },
            "comment": "<p >thx</p>"
        },
        {
            "id": 47174,
            "timestamp": 1350415182,
            "author": {
                "id": 5387,
                "name": "Partyman",
                "image": null
            },
            "comment": "\n<p >Something is wrong lol, thats not your old Quest Edtior -.-</p>\n<p >Thats the one from Bash <a href=\"http://grabilla.com/02a10-6ec9a221-b4ab-48fc-949b-bb10c2eb5464.html\" rel=\"external nofollow\" >http://grabilla.com/02a10-6ec9a221-b4ab-48fc-949b-bb10c2eb5464.html</a></p>\n"
        },
        {
            "id": 47189,
            "timestamp": 1350419720,
            "author": {
                "id": 1139,
                "name": "lordzik112",
                "image": null
            },
            "comment": "<p >Thx all</p>"
        },
        {
            "id": 47190,
            "timestamp": 1350419771,
            "author": {
                "id": 1287,
                "name": "damian000514",
                "image": null
            },
            "comment": "<p >Nice, thanks.</p>"
        },
        {
            "id": 47197,
            "timestamp": 1350422313,
            "author": {
                "id": null,
                "name": "Guest ???????\u00c2\u00ab?",
                "image": null
            },
            "comment": "<p >Nice <img alt=\":)\" src=\"http://lckb.max-space.net/public/style_emoticons/default/smile.png\" /></p>"
        },
        {
            "id": 47287,
            "timestamp": 1350490981,
            "author": {
                "id": null,
                "name": "Guest kiki43",
                "image": null
            },
            "comment": "<p >Thx for the tools <img alt=\":P\" src=\"http://lckb.max-space.net/public/style_emoticons/default/tongue.png\" /></p>"
        },
        {
            "id": 47294,
            "timestamp": 1350493163,
            "author": {
                "id": null,
                "name": "Guest chrisctm",
                "image": null
            },
            "comment": "<p >muito bom</p>"
        },
        {
            "id": 47312,
            "timestamp": 1350498314,
            "author": {
                "id": 14253,
                "name": "nethac26",
                "image": null
            },
            "comment": "<blockquote data-ipsquote=\"\" class=\"ipsQuote\" data-ipsquote-contentcommentid=\"8285\" data-ipsquote-username=\"someone\" data-cite=\"someone\" data-ipsquote-timestamp=\"1318345792\" data-ipsquote-contentapp=\"forums\" data-ipsquote-contenttype=\"forums\" data-ipsquote-contentid=\"1007\" data-ipsquote-contentclass=\"forums_Topic\" ><div >\n<p >n1</p>\n<p ></p>\n</div></blockquote>"
        },
        {
            "id": 47505,
            "timestamp": 1350629480,
            "author": {
                "id": null,
                "name": "Guest DeanJr",
                "image": null
            },
            "comment": "<p >Nice tool it good job on it</p>"
        },
        {
            "id": 47507,
            "timestamp": 1350630749,
            "author": {
                "id": 13656,
                "name": "YnVnZ2VyX2F",
                "image": null
            },
            "comment": "<p >Nice,Thanks <img alt=\";)\" src=\"http://lckb.max-space.net/public/style_emoticons/default/wink.png\" /></p>"
        },
        {
            "id": 47512,
            "timestamp": 1350634108,
            "author": {
                "id": 1139,
                "name": "lordzik112",
                "image": null
            },
            "comment": "<p >Not work to SQL how to Fix?</p>"
        },
        {
            "id": 47550,
            "timestamp": 1350661229,
            "author": {
                "id": null,
                "name": "Guest klilan",
                "image": null
            },
            "comment": "<p >Nice tools</p>"
        },
        {
            "id": 47695,
            "timestamp": 1350744932,
            "author": {
                "id": null,
                "name": "Guest atanatorr",
                "image": null
            },
            "comment": "<p >thx <img alt=\":D\" src=\"http://lckb.max-space.net/public/style_emoticons/default/biggrin.png\" /></p>"
        },
        {
            "id": 47791,
            "timestamp": 1350797723,
            "author": {
                "id": null,
                "name": "Guest 12345plaroa",
                "image": null
            },
            "comment": "<p ><span style=\"color:#282828;\" ><span style=\"font-family:helvetica, arial, sans-serif;\" >Thanks </span></span><img alt=\":)\" src=\"http://lckb.max-space.net/public/style_emoticons/default/smile.png\" /></p>"
        },
        {
            "id": 47806,
            "timestamp": 1350808506,
            "author": {
                "id": 1835,
                "name": "robino1996",
                "image": null
            },
            "comment": "\n<img alt=\":)\" src=\"http://lckb.max-space.net/public/style_emoticons/default/smile.png\" />!"
        },
        {
            "id": 47967,
            "timestamp": 1350896119,
            "author": {
                "id": 565,
                "name": "viktor145",
                "image": null
            },
            "comment": "<p >thanks</p>"
        },
        {
            "id": 48089,
            "timestamp": 1350925244,
            "author": {
                "id": 13494,
                "name": "Ichy",
                "image": null
            },
            "comment": "<p >I will test it, ty!</p>"
        },
        {
            "id": 48117,
            "timestamp": 1350964514,
            "author": {
                "id": 2835,
                "name": "halohalo",
                "image": null
            },
            "comment": "<p >ty</p>"
        },
        {
            "id": 48134,
            "timestamp": 1350987108,
            "author": {
                "id": null,
                "name": "Guest dermanleon",
                "image": null
            },
            "comment": "<p >Oky ^^</p>"
        },
        {
            "id": 48198,
            "timestamp": 1351018084,
            "author": {
                "id": 6030,
                "name": "nicoliky10",
                "image": null
            },
            "comment": "<p >Thanks</p>"
        },
        {
            "id": 48225,
            "timestamp": 1351028808,
            "author": {
                "id": 549,
                "name": "kimpobin02",
                "image": null
            },
            "comment": "<p >Thank</p>"
        },
        {
            "id": 49991,
            "timestamp": 1352101579,
            "author": {
                "id": 14868,
                "name": "Gambit",
                "image": null
            },
            "comment": "\n<p >Very nice tool, just a noob question,</p>\n<p > </p>\n<p >After i am done editing and saving the quest, I export SQL file to update my DB but this is where I get confused. I have no clue how to import the SQL file to replace the existing SQL.</p>\n<p > </p>\n<p >I know its set to delete everything from existing t_quest but I have no idea how to import it what so ever.... any help please?</p>\n"
        },
        {
            "id": 49998,
            "timestamp": 1352105076,
            "author": {
                "id": 2537,
                "name": "Danny95",
                "image": null
            },
            "comment": "<p >i need the old version =/ anyone have? pls link</p>"
        },
        {
            "id": 58852,
            "timestamp": 1358484110,
            "author": {
                "id": 5136,
                "name": "qwaszx13",
                "image": null
            },
            "comment": "<p >456456</p>"
        },
        {
            "id": 58880,
            "timestamp": 1358516533,
            "author": {
                "id": 3328,
                "name": "SeaLife",
                "image": null
            },
            "comment": "<p >thx :)</p>"
        },
        {
            "id": 59470,
            "timestamp": 1358948535,
            "author": {
                "id": null,
                "name": "Guest Beasty",
                "image": null
            },
            "comment": "<p >thx</p>"
        },
        {
            "id": 60576,
            "timestamp": 1359645504,
            "author": {
                "id": 16085,
                "name": "PaPiTo",
                "image": null
            },
            "comment": "<p >Nice im look</p>"
        },
        {
            "id": 60590,
            "timestamp": 1359656820,
            "author": {
                "id": 13494,
                "name": "Ichy",
                "image": null
            },
            "comment": "<p >Ill check it, thanks</p>"
        },
        {
            "id": 60637,
            "timestamp": 1359705693,
            "author": {
                "id": null,
                "name": "Guest millerys",
                "image": null
            },
            "comment": "<p >tnx</p>"
        },
        {
            "id": 60657,
            "timestamp": 1359720149,
            "author": {
                "id": 13689,
                "name": "radic123",
                "image": null
            },
            "comment": "<p >rdgrg</p>"
        },
        {
            "id": 60678,
            "timestamp": 1359734327,
            "author": {
                "id": 16767,
                "name": "GodLlke",
                "image": null
            },
            "comment": "<p >nice</p>"
        },
        {
            "id": 102416,
            "timestamp": 1414590072,
            "author": {
                "id": 20393,
                "name": "KochanyMis",
                "image": null
            },
            "comment": "<p >nice</p>"
        }
    ]
}