{
    "meta": {
        "threadId": 10082,
        "threadName": "LastChaos Forum",
        "dateCreated": "2013-06-19T11:24:14+0000",
        "datePublished": "2013-06-19T11:24:14+0000",
        "pageCount": 1,
        "originalUrl": "https://lckb.dev/forum/index.php?/topic/10082-lastchaos-forum/",
        "authorId": 18226,
        "position": [
            {
                "@type": "ListItem",
                "position": 1,
                "item": {
                    "@id": "https://lckb.dev/forum/index.php?/forum/40-website-scripting-security/",
                    "name": "Website Scripting &amp; Security"
                }
            },
            {
                "@type": "ListItem",
                "position": 2,
                "item": {
                    "@id": "https://lckb.dev/forum/index.php?/forum/117-webmasters-help-talk/",
                    "name": "Webmasters Help &amp; Talk"
                }
            }
        ]
    },
    "commentData": [
        {
            "id": 75861,
            "timestamp": 1371641054,
            "author": {
                "id": 18226,
                "name": "OldHM",
                "image": null
            },
            "comment": "\n<p >Hey, can someone give me a lastchaos woltlab burning board design?</p>\n<p >I need it for my Private server forum :)</p>\n"
        },
        {
            "id": 75865,
            "timestamp": 1371641321,
            "author": {
                "id": 13172,
                "name": "soryjero",
                "image": null
            },
            "comment": "\n<p >i have it but i think i cant release it here due to rules. add me skype.</p>\n<p >ask me for it by pm</p>\n"
        },
        {
            "id": 75919,
            "timestamp": 1371655527,
            "author": {
                "id": 1503,
                "name": "Paramount",
                "image": null
            },
            "comment": "<p >In the outer world, why not?</p>"
        },
        {
            "id": 75931,
            "timestamp": 1371661480,
            "author": {
                "id": 13172,
                "name": "soryjero",
                "image": null
            },
            "comment": "<p >because it is nulled so i am not sure if i can post it here and for that, i prefer dont release it</p>"
        },
        {
            "id": 82574,
            "timestamp": 1374717708,
            "author": {
                "id": 2791,
                "name": "cyborg2009",
                "image": null
            },
            "comment": "\n<p style=\"text-align:center;\" >i have boredom and maked a new Woltlab Design from Game \"LastChaos\" !</p>\n<br /><p style=\"text-align:center;\" > </p>\n<br /><p style=\"text-align:center;\" >Why?</p>\n<br /><p style=\"text-align:center;\" > </p>\n<br /><p style=\"text-align:center;\" >LastChaos Skins/Designs/Themes for Forum are rar and this is not many for this!</p>\n<br /><p style=\"text-align:center;\" > </p>\n<br /><p style=\"text-align:center;\" >here are a picture:</p>\n<br /><p style=\"text-align:center;\" > </p>\n<br /><p style=\"text-align:center;\" ><img alt=\"enfvnivkvff.jpg\" src=\"http://www10.pic-upload.de/03.07.13/enfvnivkvff.jpg\" /></p>\n<br /><p style=\"text-align:center;\" > </p>\n<br /><p style=\"text-align:center;\" >and here are the download:</p>\n<br /><p style=\"text-align:center;\" > </p>\n<br /><p style=\"text-align:center;\" ><a href=\"http://www.file-upload.net/download-7795049/lastchaos01-style.tgz.html\" rel=\"external nofollow\" >>>>> here <<<<</a></p>\n<br /><p style=\"text-align:center;\" > </p>\n<br /><p style=\"text-align:center;\" >thats is it <img alt=\"biggrin.png\" src=\"http://whazzert.net/public/style_emoticons/default/biggrin.png\" /></p>\n<br /><p style=\"text-align:center;\" >your</p>\n<br /><p style=\"text-align:center;\" >Cyborg2009</p>\n"
        }
    ]
}