{
    "meta": {
        "threadId": 10115,
        "threadName": "Login Twice Error?",
        "dateCreated": "2013-06-21T02:26:54+0000",
        "datePublished": "2013-06-21T02:26:54+0000",
        "pageCount": 1,
        "originalUrl": "https://lckb.dev/forum/index.php?/topic/10115-login-twice-error/",
        "authorId": 2835,
        "position": [
            {
                "@type": "ListItem",
                "position": 1,
                "item": {
                    "@id": "https://lckb.dev/forum/index.php?/forum/100-guides-help-section/",
                    "name": "Guides &amp; Help Section"
                }
            },
            {
                "@type": "ListItem",
                "position": 2,
                "item": {
                    "@id": "https://lckb.dev/forum/index.php?/forum/335-help-support/",
                    "name": "Help &amp; Support"
                }
            },
            {
                "@type": "ListItem",
                "position": 3,
                "item": {
                    "@id": "https://lckb.dev/forum/index.php?/forum/120-ep2-support/",
                    "name": "Ep2 Support"
                }
            },
            {
                "@type": "ListItem",
                "position": 4,
                "item": {
                    "@id": "https://lckb.dev/forum/index.php?/forum/134-solved-topics/",
                    "name": "Solved Topics"
                }
            }
        ]
    },
    "commentData": [
        {
            "id": 76229,
            "timestamp": 1371781614,
            "author": {
                "id": 2835,
                "name": "halohalo",
                "image": null
            },
            "comment": "\n<p >Im using usa server, when i enter with an account it let me, if i log off and relog, it says: \"Error!\" and the same for mostly all accounts if i do the same or sometimes \"ID its in use\"...</p>\n<p > </p>\n<p >I tryied to re enter bg_user but still same error, anyone knows?</p>\n<p > </p>\n<p >thanks</p>\n\n\n\t\t\t\n\t\t\t\t\n\n<span class=\"ipsType_reset ipsType_medium ipsType_light\" data-excludequote=\"None\" >\n\t<strong >Edited <time datetime=\"2013-06-21T03:37:20Z\" title=\"06/21/2013 03:37  AM\" data-short=\"7 yr\" >June 21, 2013</time> by halohalo</strong>\n\t\n\t\n</span>\n\t\t\t\n\t\t</div>"
        },
        {
            "id": 76230,
            "timestamp": 1371784004,
            "author": {
                "id": 17821,
                "name": "LongTurk",
                "image": null
            },
            "comment": "<p >Connector isnt setup properly (database).</p>"
        },
        {
            "id": 76233,
            "timestamp": 1371785824,
            "author": {
                "id": 2835,
                "name": "halohalo",
                "image": null
            },
            "comment": "<p >its fixed thanks, user= was blank in some places in server :)</p>"
        }
    ]
}