{
    "meta": {
        "threadId": 10138,
        "threadName": "new map",
        "dateCreated": "2013-06-22T17:38:58+0000",
        "datePublished": "2013-06-22T17:38:58+0000",
        "pageCount": 1,
        "originalUrl": "https://lckb.dev/forum/index.php?/topic/10138-new-map/",
        "authorId": 7119,
        "position": [
            {
                "@type": "ListItem",
                "position": 1,
                "item": {
                    "@id": "https://lckb.dev/forum/index.php?/forum/271-general-section/",
                    "name": "General Section"
                }
            },
            {
                "@type": "ListItem",
                "position": 2,
                "item": {
                    "@id": "https://lckb.dev/forum/index.php?/forum/43-development-showroom/",
                    "name": "Development Showroom"
                }
            }
        ]
    },
    "commentData": [
        {
            "id": 76550,
            "timestamp": 1371922738,
            "author": {
                "id": 7119,
                "name": "MANGUSTA788",
                "image": null
            },
            "comment": "\n<p >hello if anyone can give me \"wld file editor\" I put a new map download free no profit   <a href=\"https://www.youtube.com/watch?v=HzoGmnQNWw4&feature=youtu.be\" rel=\"external nofollow\" >http://www.youtube.com/watch?v=HzoGmnQNWw4&feature=youtu.be</a></p>\n<p > </p>\n<p > </p>\n"
        },
        {
            "id": 76552,
            "timestamp": 1371923363,
            "author": {
                "id": 15543,
                "name": "luoo",
                "image": null
            },
            "comment": "<p >its released on epvp.</p>"
        },
        {
            "id": 76561,
            "timestamp": 1371927928,
            "author": {
                "id": 5574,
                "name": "Douglas Farias",
                "image": null
            },
            "comment": "\n<p >i dont understand. now many peoples have map editor. why dont make a good map? and no this. i see only collors. [CeNsOrEd] maps ?</p>\n<p >only changes in arena and 1 or 2 itens and call new maps. it is trash for me</p>\n"
        },
        {
            "id": 76563,
            "timestamp": 1371928688,
            "author": {
                "id": 15306,
                "name": "Noizy",
                "image": null
            },
            "comment": "\n<blockquote data-ipsquote=\"\" class=\"ipsQuote\" data-ipsquote-contentcommentid=\"76561\" data-ipsquote-contentapp=\"forums\" data-ipsquote-contenttype=\"forums\" data-ipsquote-contentclass=\"forums_Topic\" data-ipsquote-contentid=\"10138\" data-ipsquote-username=\"Douglas Origens\" data-cite=\"Douglas Origens\" data-ipsquote-timestamp=\"1371927928\" ><div ><div >\n<p >i dont understand. now many peoples have map editor. why dont make a good map? and no this. i see only collors. ***** maps ?</p>\n<p >only changes in arena and 1 or 2 itens and call new maps. it is trash for me</p>\n</div></div></blockquote>\n<p >clever man if u give me editor which can edits terrian texutres and isnot bugged i`ll create new map, and when u say changing 1-2 things. u can change it? when u talking at others</p>\n"
        },
        {
            "id": 76574,
            "timestamp": 1371930880,
            "author": {
                "id": 13494,
                "name": "Ichy",
                "image": null
            },
            "comment": "\n<blockquote data-ipsquote=\"\" class=\"ipsQuote\" data-ipsquote-contentcommentid=\"76561\" data-ipsquote-contentapp=\"forums\" data-ipsquote-contenttype=\"forums\" data-ipsquote-contentclass=\"forums_Topic\" data-ipsquote-contentid=\"10138\" data-ipsquote-username=\"Douglas Origens\" data-cite=\"Douglas Origens\" data-ipsquote-timestamp=\"1371927928\" ><div ><div >\n<p >i dont understand. now many peoples have map editor. why dont make a good map? and no this. i see only collors. ***** maps ?</p>\n<p >only changes in arena and 1 or 2 itens and call new maps. it is trash for me</p>\n</div></div></blockquote>\n<p > </p>\n<p >Make it by urself if u think that its easy :3</p>\n<p >Good Luck.</p>\n"
        },
        {
            "id": 76577,
            "timestamp": 1371931106,
            "author": {
                "id": 7119,
                "name": "MANGUSTA788",
                "image": null
            },
            "comment": "\n<p ><span ><span >my dear friend</span> <span >Douglas</span> <span >Origens</span> <span >I have not</span> <span >created</span> <span >the map</span> <span >I</span> <span >only changed the</span> <span >original texture</span> <span >with those</span> <span >skyrim</span> <span >hd</span><span >, I just</span> <span >asked if anyone</span> <span >can give</span> <span >me</span> <span >then</span> <span >I create a new</span> <span >map</span> <span >editor</span><span >, </span></span></p>\n<p > </p>\n<p ><a href=\"https://www.youtube.com/watch?v=hktbX1ENEhE\" rel=\"external nofollow\" >http://www.youtube.com/watch?v=hktbX1ENEhE</a></p>\n<p > </p>\n<p ><a href=\"https://www.youtube.com/watch?v=44E5XH90NXU\" rel=\"external nofollow\" >http://www.youtube.com/watch?v=44E5XH90NXU</a></p>\n<p > </p>\n<p ><a href=\"https://www.youtube.com/watch?v=9OL_fDNW59o\" rel=\"external nofollow\" >http://www.youtube.com/watch?v=9OL_fDNW59o</a></p>\n<p > </p>\n<p ><span ><span >only</span> <span >colors?</span> <span >I have</span> <span >adapted</span> <span >the armor</span> <span >skyrim</span> <span >I</span></span></p>\n"
        },
        {
            "id": 76585,
            "timestamp": 1371932799,
            "author": {
                "id": 10456,
                "name": "Tarissuis",
                "image": null
            },
            "comment": "<p >Go to elitepvpers, the editor has been made public there.</p>"
        },
        {
            "id": 76592,
            "timestamp": 1371934777,
            "author": {
                "id": 2,
                "name": "Wizatek",
                "image": null
            },
            "comment": "<p >If u give me a machine that makes gold, i will give u half of the gold</p>"
        },
        {
            "id": 76594,
            "timestamp": 1371935203,
            "author": {
                "id": 17613,
                "name": "ZaTii",
                "image": null
            },
            "comment": "\n<blockquote data-ipsquote=\"\" class=\"ipsQuote\" data-ipsquote-contentcommentid=\"76577\" data-ipsquote-contentapp=\"forums\" data-ipsquote-contenttype=\"forums\" data-ipsquote-contentclass=\"forums_Topic\" data-ipsquote-contentid=\"10138\" data-ipsquote-username=\"MANGUSTA788\" data-cite=\"MANGUSTA788\" data-ipsquote-timestamp=\"1371931106\" ><div ><div >\n<p ><span ><span >my dear friend</span> <span >Douglas</span> <span >Origens</span> <span >I have not</span> <span >created</span> <span >the map</span> <span >I</span> <span >only changed the</span> <span >original texture</span> <span >with those</span> <span >skyrim</span> <span >hd</span><span >, I just</span> <span >asked if anyone</span> <span >can give</span> <span >me</span> <span >then</span> <span >I create a new</span> <span >map</span> <span >editor</span><span >, </span></span></p>\n<p > </p>\n<p ><a href=\"https://www.youtube.com/watch?v=hktbX1ENEhE\" rel=\"external nofollow\" >http://www.youtube.com/watch?v=hktbX1ENEhE</a></p>\n<p > </p>\n<p ><a href=\"https://www.youtube.com/watch?v=44E5XH90NXU\" rel=\"external nofollow\" >http://www.youtube.com/watch?v=44E5XH90NXU</a></p>\n<p > </p>\n<p ><a href=\"https://www.youtube.com/watch?v=9OL_fDNW59o\" rel=\"external nofollow\" >http://www.youtube.com/watch?v=9OL_fDNW59o</a></p>\n<p > </p>\n<p ><span ><span >only</span> <span >colors?</span> <span >I have</span> <span >adapted</span> <span >the armor</span> <span >skyrim</span> <span >I</span></span></p>\n</div></div></blockquote>\n<p > </p>\n<p > </p>\n<p >Thats only cinema 4d work.</p>\n<p > </p>\n<p >The World editor is a whole new thing..</p>\n"
        },
        {
            "id": 76618,
            "timestamp": 1371977640,
            "author": {
                "id": 7482,
                "name": "Creep",
                "image": null
            },
            "comment": "<p >Surely it isnt a whole new thing..</p>"
        },
        {
            "id": 76622,
            "timestamp": 1371982940,
            "author": {
                "id": 11986,
                "name": "SnowFox",
                "image": null
            },
            "comment": "\n<blockquote data-ipsquote=\"\" class=\"ipsQuote\" data-ipsquote-contentcommentid=\"76592\" data-ipsquote-contentapp=\"forums\" data-ipsquote-contenttype=\"forums\" data-ipsquote-contentclass=\"forums_Topic\" data-ipsquote-contentid=\"10138\" data-ipsquote-username=\"Wizatek\" data-cite=\"Wizatek\" data-ipsquote-timestamp=\"1371934777\" ><div ><div ><p >If u give me a machine that makes gold, i will give u half of the gold</p></div></div></blockquote>\n<p > </p>\n<p >+1.</p>\n<p > </p>\n<p >Everyone likes to have it even i like to have it.</p>\n<p >Sadly when i received the editor also a keylogger was received so yeah for me its over or i need to get it from a secured source.</p>\n<p > </p>\n<p >But everyone is starting with just changing things on a map since thats the easyed way to learn.</p>\n<p >So dont complain if they change just colors. Its a start.</p>\n"
        },
        {
            "id": 76632,
            "timestamp": 1371989922,
            "author": {
                "id": 16954,
                "name": "spadge88",
                "image": null
            },
            "comment": "\n<blockquote data-ipsquote=\"\" class=\"ipsQuote\" data-ipsquote-contentcommentid=\"76622\" data-ipsquote-contentapp=\"forums\" data-ipsquote-contenttype=\"forums\" data-ipsquote-contentclass=\"forums_Topic\" data-ipsquote-contentid=\"10138\" data-ipsquote-username=\"ArrowOfDead\" data-cite=\"ArrowOfDead\" data-ipsquote-timestamp=\"1371982940\" ><div ><div >\n<p >+1.</p>\n<p > </p>\n<p >Everyone likes to have it even i like to have it.</p>\n<p >Sadly when i received the editor also a keylogger was received so yeah for me its over or i need to get it from a secured source.</p>\n<p > </p>\n<p >But everyone is starting with just changing things on a map since thats the easyed way to learn.</p>\n<p >So dont complain if they change just colors. Its a start.</p>\n</div></div></blockquote>\n<p >+1</p>\n"
        },
        {
            "id": 76676,
            "timestamp": 1372002375,
            "author": {
                "id": 7482,
                "name": "Creep",
                "image": null
            },
            "comment": "\n<p >Thoose are without Viruses, I checked them myself</p>\n<p > </p>\n<p ><a href=\"https://mega.co.nz/#!sAh0DbYb!Nfv60zR-zyDgCCFV7K0URwWop9MjB5mm90q2esNfcrs\" rel=\"external nofollow\" >https://mega.co.nz/#!sAh0DbYb!Nfv60zR-zyDgCCFV7K0URwWop9MjB5mm90q2esNfcrs</a> Edit itself</p>\n<p ><a href=\"https://mega.co.nz/#!J5VwWAqK!Mcmk0ld8OWJ_H7KGeY0zGXPmBJVumNHwYdbOhCFFBTk\" rel=\"external nofollow\" >https://mega.co.nz/#!J5VwWAqK!Mcmk0ld8OWJ_H7KGeY0zGXPmBJVumNHwYdbOhCFFBTk</a> Bin Folder</p>\n<p > </p>\n<p > </p>\n<p >Creditz to Samker and Skambox</p>\n<p > </p>\n<p >anyways i need a Virtualbox Win XP image, Would be a pleasure if someone could upload one with mediafire or mega</p>\n"
        },
        {
            "id": 76708,
            "timestamp": 1372015367,
            "author": {
                "id": 18293,
                "name": "asdpolloasd3",
                "image": null
            },
            "comment": "<p >Download for NS armor :O ?</p>"
        },
        {
            "id": 78386,
            "timestamp": 1372633403,
            "author": {
                "id": 17186,
                "name": "alex1997q",
                "image": null
            },
            "comment": "\n<blockquote data-ipsquote=\"\" class=\"ipsQuote\" data-ipsquote-contentcommentid=\"76708\" data-ipsquote-contentapp=\"forums\" data-ipsquote-contenttype=\"forums\" data-ipsquote-contentclass=\"forums_Topic\" data-ipsquote-contentid=\"10138\" data-ipsquote-username=\"asdpolloasd3\" data-cite=\"asdpolloasd3\" data-ipsquote-timestamp=\"1372015367\" ><div ><div ><p >Download for NS armor :o ?</p></div></div></blockquote>\n<p >+</p>\n"
        }
    ]
}