{
    "meta": {
        "threadId": 1015,
        "threadName": "How to work your emulator easy.....",
        "dateCreated": "2011-10-12T09:58:57+0000",
        "datePublished": "2011-10-12T09:58:57+0000",
        "pageCount": 1,
        "originalUrl": "https://lckb.dev/forum/index.php?/topic/1015-how-to-work-your-emulator-easy/",
        "authorId": null,
        "position": [
            {
                "@type": "ListItem",
                "position": 1,
                "item": {
                    "@id": "https://lckb.dev/forum/index.php?/forum/100-guides-help-section/",
                    "name": "Guides &amp; Help Section"
                }
            },
            {
                "@type": "ListItem",
                "position": 2,
                "item": {
                    "@id": "https://lckb.dev/forum/index.php?/forum/332-tutorials-guides/",
                    "name": "Tutorials &amp; Guides"
                }
            },
            {
                "@type": "ListItem",
                "position": 3,
                "item": {
                    "@id": "https://lckb.dev/forum/index.php?/forum/17-emulation-guides/",
                    "name": "Emulation Guides"
                }
            }
        ]
    },
    "commentData": [
        {
            "id": 8370,
            "timestamp": 1318413537,
            "author": {
                "id": null,
                "name": "Guest ichigo14000",
                "image": null
            },
            "comment": "\n<p >Client:http://lastchaos.aeriagames.com/download>plz no update<</p>\n<p >Client Patch:http://www.wizatek.be/dl/NewPatch_10-09-2011.zip</p>\n<p >Server+Database:http://www.wizatek.be/dl/00305.zip</p>\n<p >Mysql and Apach in 1..:http://www.wampserver.com/en</p>\n<p >database editor:navicat.com</p>\n<p >----------------------------------------------------------------</p>\n<p >Now extract alll... client patch to your client ... server+database patch floder =delete not work after... install wamp....and database editor>navicat...now..run navicat and make new connection host 127.0.0.1 name root pass blank....NO pass...make new database>lcep2<  excute batch and find your lc database ok..now work all...try run login and game server...</p>\n<p >----------------------------Extra 1---------------------------------</p>\n<p >server floder NewCharacter.cfg edit</p>\n<p >## Knight</p>\n<p >NI_HP=150 <</p>\n<p >NI_MP=86 <</p>\n<p >NI_LEVEL=1 <</p>\n<p >NI_EQ_HELM_ID=75 <helmet <=\"None\" p=\"None\" >\n<p >NI_EQ_HELM_PLUS=0 <<+ enchant ....</p>\n<p >edit and start with max lvl max item etc etc...</p>\n<p > </p>\n<p >-----------------------------Extra 2--------------------------------</p>\n<p >-----------------------------But not totaly new  bie---------------</p>\n<p >Php admin:http://chaos.wizatek.be/showthread.php?1262-Admin-PHP-LC-EP2</p>\n<p >Item Find V1:http://chaos.wizatek.be/showthread.php?634-FastList-Tool</p>\n<p >Item find v2:http://lcdb.eterniagames.com/item/34</p>\n<p >----------------------------problem--------------------------------</p>\n<p >wamp not run connection not work? u have skype =disable or error</p>\n\n\n\t\t\t\n\t\t</helmet></p></div>"
        },
        {
            "id": 8374,
            "timestamp": 1318417821,
            "author": {
                "id": null,
                "name": "Guest Jackster",
                "image": null
            },
            "comment": "<p >Looks good.</p>"
        },
        {
            "id": 10287,
            "timestamp": 1320443717,
            "author": {
                "id": null,
                "name": "Guest Spider00780",
                "image": null
            },
            "comment": "<p >Ich habe alle Schritte befolgt, aber wenn ich nksp.exe doppelt klicke, steht da this program could not be run itself. brauche dringend hilfe</p>"
        },
        {
            "id": 10288,
            "timestamp": 1320445443,
            "author": {
                "id": null,
                "name": "Guest imba12",
                "image": null
            },
            "comment": "<p >database editor? :D</p>"
        },
        {
            "id": 10349,
            "timestamp": 1320492390,
            "author": {
                "id": null,
                "name": "Guest Spider00780",
                "image": null
            },
            "comment": "\n<p >wenn ich xampp controll \u00c3\u00b6ffne, dann starte ich apache und es funktioniert.  aber mysql funktioniert nicht wenn ich auf start dr\u00c3\u00bccke (es l\u00c3\u00a4uft dann nur 3sek und geht wieder aus). wenn ich auf die seite <a href=\"http://localhost/phpmyadmin/\" rel=\"\" >http://localhost/phpmyadmin/</a> gehen will, dann steht da das : </p>\n<p >Fehler</p>\n<p >MySQL meldet: </p>\n<p > </p>\n<p >#2002 - Der Server antwortet nicht. (evtl. ist auch der Socket des lokalen MySQL-Servers socket nicht korrekt konfiguriert) </p>\n<p >Verbindung f\u00c3\u00bcr den controluser, wie er in Ihrer Konfiguration angegeben ist, ist fehlgeschlagen.</p>\n"
        },
        {
            "id": 10646,
            "timestamp": 1320738696,
            "author": {
                "id": null,
                "name": "Guest LuckyHazex3",
                "image": null
            },
            "comment": "<p >Darfst kein Skype, icq oder msn am  laufen haben... dann xampp nochmal neu starten, apache und myqsl starten dann sollte es gehen..</p>"
        },
        {
            "id": 10668,
            "timestamp": 1320765943,
            "author": {
                "id": null,
                "name": "Guest timsie1994",
                "image": null
            },
            "comment": "<p >I need some help may someone  can at me over skype ???  timsie94<---------------- thanks</p>"
        },
        {
            "id": 18422,
            "timestamp": 1325639727,
            "author": {
                "id": null,
                "name": "Guest Juniorh7",
                "image": null
            },
            "comment": "\n<p >Atention !!!!!</p>\n<p >Link Patch OFFLINE !!!!!</p>\n"
        },
        {
            "id": 18433,
            "timestamp": 1325643000,
            "author": {
                "id": null,
                "name": "Guest Jaynno",
                "image": null
            },
            "comment": "<p >jeez keep it in english ---> <a href=\"https://lmgtfy.com/?q=translator\" rel=\"external nofollow\" >Click here</a></p>"
        },
        {
            "id": 18581,
            "timestamp": 1325698402,
            "author": {
                "id": null,
                "name": "Guest Juniorh7",
                "image": null
            },
            "comment": "<p >Please link new the patch is link oficial offline</p>"
        },
        {
            "id": 18586,
            "timestamp": 1325698644,
            "author": {
                "id": 2573,
                "name": "Mr.Speedy",
                "image": null
            },
            "comment": "<p >client patch link is not found :S</p>"
        },
        {
            "id": 24698,
            "timestamp": 1329927467,
            "author": {
                "id": null,
                "name": "Guest proangel2",
                "image": null
            },
            "comment": "\n<p >i have a question</p>\n<p >i wanna run my login server but it closes inmediatly it closes by loading mysql</p>\n<p >and i cant go on <a href=\"http://localhost/phpmyadmin\" rel=\"\" >http://localhost/phpmyadmin</a></p>\n<p > </p>\n<p >can any1 help me?????????????</p>\n"
        }
    ]
}