{
    "meta": {
        "threadId": 10154,
        "threadName": "option editor",
        "dateCreated": "2013-06-23T19:47:38+0000",
        "datePublished": "2013-06-23T19:47:38+0000",
        "pageCount": 1,
        "originalUrl": "https://lckb.dev/forum/index.php?/topic/10154-option-editor/",
        "authorId": 1002,
        "position": [
            {
                "@type": "ListItem",
                "position": 1,
                "item": {
                    "@id": "https://lckb.dev/forum/index.php?/forum/271-general-section/",
                    "name": "General Section"
                }
            },
            {
                "@type": "ListItem",
                "position": 2,
                "item": {
                    "@id": "https://lckb.dev/forum/index.php?/forum/259-general-discussion/",
                    "name": "General Discussion"
                }
            }
        ]
    },
    "commentData": [
        {
            "id": 76714,
            "timestamp": 1372016858,
            "author": {
                "id": 1002,
                "name": "deadlegend",
                "image": null
            },
            "comment": "\n<p >Someone have a option editor?</p>\n<p > </p>\n<p >If u dont want to share for free i can pay a little bit :P</p>\n<p > </p>\n<p >add me skype: holylastchaos</p>\n"
        }
    ]
}