{
    "meta": {
        "threadId": 10162,
        "threadName": "Complete DataBase V3 by CDWriter",
        "dateCreated": "2013-06-24T02:35:03+0000",
        "datePublished": "2013-06-24T02:35:03+0000",
        "pageCount": 2,
        "originalUrl": "https://lckb.dev/forum/index.php?/topic/10162-complete-database-v3-by-cdwriter/",
        "authorId": 17582,
        "position": [
            {
                "@type": "ListItem",
                "position": 1,
                "item": {
                    "@id": "https://lckb.dev/forum/index.php?/forum/258-release-zone/",
                    "name": "Release Zone"
                }
            },
            {
                "@type": "ListItem",
                "position": 2,
                "item": {
                    "@id": "https://lckb.dev/forum/index.php?/forum/325-episode-2-releases/",
                    "name": "Episode 2 Releases"
                }
            },
            {
                "@type": "ListItem",
                "position": 3,
                "item": {
                    "@id": "https://lckb.dev/forum/index.php?/forum/125-server-side/",
                    "name": "Server Side"
                }
            }
        ]
    },
    "commentData": [
        {
            "id": 76776,
            "timestamp": 1372041303,
            "author": {
                "id": 17582,
                "name": "CDWriter",
                "image": null
            },
            "comment": "\n<div >V3</div>\n<div >***</div>\n<div > </div>\n<div >Hello community</div>\n<div > </div>\n<div >Here i release another complete sql release COMPLETE meaning with client data files to match.</div>\n<div > </div>\n<div >-- me</div>\n<div >Login : steve</div>\n<div >Password : steve</div>\n<div > </div>\n<div >-- 2nd account</div>\n<div >Login : shawn</div>\n<div >Password : shawn</div>\n<div > </div>\n<div >both of these account have GM 10 access, 1 toon per account and everything has been TRUNCATE.</div>\n<div > </div>\n<div > </div>\n<div >Well we all know how the first and second release was there was a few bugs: Normal since there was so much needed done with these Sql files ...Here I will try to explain what i fixed our could get too... I did Version 3 release becuase of all the SOUL skill errors i found, Thanks to Question for pointing them out for me ....</div>\n<div > </div>\n<div >I had many ppls help who answered question when i needed them.</div>\n<div > </div>\n<div >Thanks everyone who helped ....</div>\n<div > </div>\n<div >I wish i could give you all a Percentage on how much is done, But without your help in reporting the errors if any are there I can not fix or Give that Percentage....As for what was done this time.</div>\n<div > </div>\n<div >RELEASE V3</div>\n<div >*****************</div>\n<div >Fixed all the SOUL Skills and Guild skills work.</div>\n<div >Fixed some more Potions that I found.</div>\n<div >Same Catalog and sql to match (USA Current) few errors (items Not added to DataBase), Use only if you want to .</div>\n<div >Recreated all Tables and TRUNCATED (Reset all AUTO_INCREMENT to 1 and Wiped tables).</div>\n<div >Started Ranking list but still must be ran from a GM every 7 days.. (title reward Limits)</div>\n<div > </div>\n<div > </div>\n<div >Just remember i will reply to your post to understand the error better its not me attacking you in any way, Just need to understand how you worded the mistake...</div>\n<div > </div>\n<div > </div>\n<div >CDWriter</div>\n<div > </div>\n<div > </div>\n<div >To DOWNLOAD this 3rd release file go here:</div>\n<div > </div>\n<div ><a href=\"http://fbe.am/lAB\" rel=\"external nofollow\" >http://fbe.am/lAB</a></div>\n<div > </div>\n<div >This time i will be adding Client Bin file folders because some of the links on this site has been changed and you can not just install lastchaos_us_installer_20120618.exe or use LCGN with out the included files, not sure about using the LCGN never tryed ..</div>\n<div > </div>\n<div > </div>\n<div >HOW TO FIX CLIENT</div>\n<div >**************************</div>\n<div > </div>\n<div >1. The best way is to download or find lastchaos_us_installer_20120618.exe (Maybe someone will send it to a site I wil not sorry) and then install it, then update it to current USA files. (If you go the LCGN way i do not know how to get it to what my release is made for, Please dont ask).. to continue,</div>\n<div > </div>\n<div >2. Lets then rename the folder and install it again but do not UPDATE. This NONE UPDATED folder will be your NEW client.. </div>\n<div > </div>\n<div >3. what u need to do is OPEN the folder with the fully UPDATED Client and go into the DATA folder copy </div>\n<div >              EFFECTS and ITEMS</div>\n<div >to your folder, This will fix the new skills and new items i added to this release... </div>\n<div > </div>\n<div >4. Now Open my release u will see BIN and DATA folders you must copy the content of each of them over into the same folds. </div>\n<div > </div>\n<div >5. At this point you should be 100% compatible to my SQL. Steve account has 1 - 180 Sorcerer fully Geared in 180 Gear if you can not get to this toon then you did not follow all what i put here in this new release... start again.</div>\n<div > </div>\n<div > </div>\n<div >Extra</div>\n<div >******</div>\n<div > </div>\n<div >I myself use <a href=\"http://toxic-l33t.ddns.net/forum/index.php?/topic/9849-gameserver-usa/\" rel=\"external nofollow\" >http://toxic-l33t.ddns.net/forum/index.php?/topic/9849-gameserver-usa/</a>\n</div>\n<div >but thats my opinion you have to choose your self.</div>\n<div > </div>\n<div > </div>\n<div >ONLY on toxic-l33t.ddns.net</div>\n<div > </div>\n<p ><img alt=\"c17e.jpg\" src=\"https://img51.imageshack.us/img51/1014/c17e.jpg\" /></p>\n\n\n\t\t\t\n\t\t\t\t\n\n<span class=\"ipsType_reset ipsType_medium ipsType_light\" data-excludequote=\"None\" >\n\t<strong >Edited <time datetime=\"2013-06-24T08:18:58Z\" title=\"06/24/2013 08:18  AM\" data-short=\"7 yr\" >June 24, 2013</time> by CDWriter</strong>\n\t\n\t\n</span>\n\t\t\t\n\t\t</div>"
        },
        {
            "id": 76805,
            "timestamp": 1372061692,
            "author": {
                "id": 17582,
                "name": "CDWriter",
                "image": null
            },
            "comment": "\n<p >Sorry all here is a small fix for Catalog items ......</p>\n<p > </p>\n<p ><a href=\"http://fbe.am/lAQ\" rel=\"external nofollow\" >http://fbe.am/lAQ</a></p>\n<p > </p>\n<p > </p>\n<p >russian costums was added after this client so it needs this small file....</p>\n"
        },
        {
            "id": 76816,
            "timestamp": 1372069798,
            "author": {
                "id": 14775,
                "name": "KaPaTeJIb777",
                "image": null
            },
            "comment": "<p >70% armor dont have option(180 lvl,120 lvl,cube armor,170 lvl and ...)</p>"
        },
        {
            "id": 76821,
            "timestamp": 1372070946,
            "author": {
                "id": 17474,
                "name": "kixtzz",
                "image": null
            },
            "comment": "<p >This db has any problem with dupe?</p>"
        },
        {
            "id": 76833,
            "timestamp": 1372076781,
            "author": {
                "id": 5891,
                "name": "wowa296",
                "image": null
            },
            "comment": "<p >strong medi not work.</p>"
        },
        {
            "id": 76850,
            "timestamp": 1372080976,
            "author": {
                "id": 18249,
                "name": "darklord",
                "image": null
            },
            "comment": "\n<p ><img alt=\"pjmdr.png\" src=\"http://n1306.hizliresim.com/1b/s/pjmdr.png\" /></p>\n<p > </p>\n<p >do not have seal.s</p>\n"
        },
        {
            "id": 76867,
            "timestamp": 1372083509,
            "author": {
                "id": 3734,
                "name": "Accelerator",
                "image": null
            },
            "comment": "<p >make seals yourself</p>"
        },
        {
            "id": 76911,
            "timestamp": 1372090707,
            "author": {
                "id": 17582,
                "name": "CDWriter",
                "image": null
            },
            "comment": "<p >thanks for the bug reports every one. ill get on the setitms and get them all done since i have a option ep3 editor and i will not share it. sorry</p>"
        },
        {
            "id": 76959,
            "timestamp": 1372098760,
            "author": {
                "id": 17582,
                "name": "CDWriter",
                "image": null
            },
            "comment": "\n<blockquote data-ipsquote=\"\" class=\"ipsQuote\" ><div >\n<p ></p>\n<p >@<a contenteditable=\"false\" data-ipshover=\"\" href=\"https://lckb.dev/forum/index.php?/profile/14775-kapatejib777/\" data-ipshover-target=\"https://lckb.dev/forum/index.php?/profile/14775-kapatejib777/&do=hovercard\" data-mentionid=\"14775\" rel=\"\" >@KaPaTeJIb777</a> <span style=\"color:rgb(40,40,40);font-family:arial, helvetica, clean, sans-serif;\" >70% armor dont have option(180 lvl,120 lvl,cube armor,170 lvl and ...)</span></p>\n</div></blockquote>\n<p > </p>\n<p >Good to know ill start that now.....</p>\n<p > </p>\n<p > </p>\n<blockquote data-ipsquote=\"\" class=\"ipsQuote\" ><div >\n<p ></p>\n<p >@<a contenteditable=\"false\" data-ipshover=\"\" href=\"https://lckb.dev/forum/index.php?/profile/5891-wowa296/\" data-ipshover-target=\"https://lckb.dev/forum/index.php?/profile/5891-wowa296/&do=hovercard\" data-mentionid=\"5891\" rel=\"\" >@wowa296</a>  <span style=\"color:rgb(40,40,40);font-family:arial, helvetica, clean, sans-serif;\" >strong medi not work.</span></p>\n</div></blockquote>\n<p > </p>\n<p >so 1 potion of how many does not work ? and i have fix a lot of them that was reported correcly before whats the correct name ..or id if you have it ?</p>\n<p > </p>\n<blockquote data-ipsquote=\"\" class=\"ipsQuote\" ><div >\n<p ></p>\n<p >@<a contenteditable=\"false\" data-ipshover=\"\" href=\"https://lckb.dev/forum/index.php?/profile/18249-darklord/\" data-ipshover-target=\"https://lckb.dev/forum/index.php?/profile/18249-darklord/&do=hovercard\" data-mentionid=\"18249\" rel=\"\" >@darklord</a>  <span style=\"color:rgb(40,40,40);font-family:arial, helvetica, clean, sans-serif;\" >do not have seal.s</span></p>\n</div></blockquote>\n<p > </p>\n<p >yes your right ....and ill get to them as soon as i can ... need a ep2/3  editor also ...but iam not spending the $150 for that, and i think its only the higher levels from 175 to 180 the new stuff i added ...</p>\n\n\n\t\t\t\n\t\t\t\t\n\n<span class=\"ipsType_reset ipsType_medium ipsType_light\" data-excludequote=\"None\" >\n\t<strong >Edited <time datetime=\"2013-06-24T18:33:34Z\" title=\"06/24/2013 06:33  PM\" data-short=\"7 yr\" >June 24, 2013</time> by CDWriter</strong>\n\t\n\t\n</span>\n\t\t\t\n\t\t</div>"
        },
        {
            "id": 76977,
            "timestamp": 1372104000,
            "author": {
                "id": 2167,
                "name": "dethunter12",
                "image": null
            },
            "comment": "\n<p >link for client only last 2 weeks <span style=\"color:rgb(40,40,40);\" ><span style=\"font-family:arial;\" ><span style=\"font-size:14px;\" > lastchaos_us_installer_20120618.exe</span></span></span><br /><a href=\"http://we.tl/se9OtO8OIg\" rel=\"external nofollow\" >http://we.tl/se9OtO8OIg</a><br />another link <span style=\"font-size:14px;\" > </span></p>\n<p > <span style=\"font-size:14px;\" ><a href=\"https://mega.co.nz/#!TFhyEKAQ!W8fP7kVb7U_1TXQwQZlFCA5amSt2_FqxoMJFuTa6YMU\" rel=\"external nofollow\" >https://mega.co.nz/#!TFhyEKAQ!W8fP7kVb7U_1TXQwQZlFCA5amSt2_FqxoMJFuTa6YMU</a></span></p>\n\n\n\t\t\t\n\t\t\t\t\n\n<span class=\"ipsType_reset ipsType_medium ipsType_light\" data-excludequote=\"None\" >\n\t<strong >Edited <time datetime=\"2013-06-24T20:10:25Z\" title=\"06/24/2013 08:10  PM\" data-short=\"7 yr\" >June 24, 2013</time> by dethunter12</strong>\n\t\n\t\n</span>\n\t\t\t\n\t\t</div>"
        },
        {
            "id": 76990,
            "timestamp": 1372107291,
            "author": {
                "id": 17582,
                "name": "CDWriter",
                "image": null
            },
            "comment": "<p >@<a contenteditable=\"false\" data-ipshover=\"\" href=\"https://lckb.dev/forum/index.php?/profile/5891-wowa296/\" data-ipshover-target=\"https://lckb.dev/forum/index.php?/profile/5891-wowa296/&do=hovercard\" data-mentionid=\"5891\" rel=\"\" >@wowa296</a>  Strong Medicine (1282) fixed ...Will be in release V4</p>"
        },
        {
            "id": 76991,
            "timestamp": 1372107353,
            "author": {
                "id": 17582,
                "name": "CDWriter",
                "image": null
            },
            "comment": "<p >@<a contenteditable=\"false\" data-ipshover=\"\" href=\"https://lckb.dev/forum/index.php?/profile/2167-dethunter12/\" data-ipshover-target=\"https://lckb.dev/forum/index.php?/profile/2167-dethunter12/&do=hovercard\" data-mentionid=\"2167\" rel=\"\" >@dethunter12</a> thanks man ...i hope it helps everyone here.......</p>"
        },
        {
            "id": 77035,
            "timestamp": 1372145419,
            "author": {
                "id": 17582,
                "name": "CDWriter",
                "image": null
            },
            "comment": "<p >All setitems done will be in V4</p>"
        },
        {
            "id": 77041,
            "timestamp": 1372150357,
            "author": {
                "id": 3721,
                "name": "filix_93",
                "image": null
            },
            "comment": "\n<blockquote data-ipsquote=\"\" class=\"ipsQuote\" data-ipsquote-contentcommentid=\"77035\" data-ipsquote-contentapp=\"forums\" data-ipsquote-contenttype=\"forums\" data-ipsquote-contentclass=\"forums_Topic\" data-ipsquote-contentid=\"10162\" data-ipsquote-username=\"CDWriter\" data-cite=\"CDWriter\" data-ipsquote-timestamp=\"1372145419\" ><div ><div ><p >All setitems done will be in V4</p></div></div></blockquote>\n<p >@<a contenteditable=\"false\" data-ipshover=\"\" href=\"https://lckb.dev/forum/index.php?/profile/17582-cdwriter/\" data-ipshover-target=\"https://lckb.dev/forum/index.php?/profile/17582-cdwriter/&do=hovercard\" data-mentionid=\"17582\" rel=\"\" >@CDWriter</a> , why you dont take magic and magiclevel from original gamigo Database that it have all skill fixed ?^  :D</p>\n"
        },
        {
            "id": 77074,
            "timestamp": 1372154247,
            "author": {
                "id": 18249,
                "name": "darklord",
                "image": null
            },
            "comment": "<p >@<a href=\"http://toxic-l33t.ddns.net/forum/index.php?/user/17582-cdwriter/\" title=\"\" rel=\"external nofollow\" >CDWriter</a> v4 ..plss added new weapon smc file. </p>"
        },
        {
            "id": 77119,
            "timestamp": 1372161421,
            "author": {
                "id": 14748,
                "name": "uillian",
                "image": null
            },
            "comment": "\n<p ><span > </span></p>\n<p ><span ><strong >not the eagle attacks ???<span ><span ><a href=\"http://toxic-l33t.ddns.net/forum/index.php?/user/17582-cdwriter/\" title=\"\" rel=\"external nofollow\" ><span >CDWriter</span></a></span></span></strong></span></p>\n<p > </p>\n<p ><strong ><span > </span></strong></p>\n<p > </p>\n<p ><strong > </strong></p>\n"
        },
        {
            "id": 77229,
            "timestamp": 1372180640,
            "author": {
                "id": 17582,
                "name": "CDWriter",
                "image": null
            },
            "comment": "\n<p >Thanks fot adding bug fixes and questions helps a lot.</p>\n<p > </p>\n<p > </p>\n<blockquote data-ipsquote=\"\" class=\"ipsQuote\" ><div ><p >@<a contenteditable=\"false\" data-ipshover=\"\" href=\"https://lckb.dev/forum/index.php?/profile/3721-filix_93/\" data-ipshover-target=\"https://lckb.dev/forum/index.php?/profile/3721-filix_93/&do=hovercard\" data-mentionid=\"3721\" rel=\"\" >@filix_93</a> <span style=\"color:rgb(40,40,40);font-family:arial, helvetica, clean, sans-serif;\" >why you dont take magic and magiclevel from original gamigo Database that it have all skill fixed ?^</span></p></div></blockquote>\n<p style=\"font-size:12px;\" > </p>\n<p style=\"font-size:12px;\" > i started with that as a base <span style=\"font-size:14px;\" >since the orginal was only 1139 in size and the one I have in my release is 1256..</span></p>\n<p > </p>\n<p > </p>\n<p > </p>\n<blockquote data-ipsquote=\"\" class=\"ipsQuote\" ><div >\n<br /><p >@<a contenteditable=\"false\" data-ipshover=\"\" href=\"https://lckb.dev/forum/index.php?/profile/18249-darklord/\" data-ipshover-target=\"https://lckb.dev/forum/index.php?/profile/18249-darklord/&do=hovercard\" data-mentionid=\"18249\" rel=\"\" >@darklord</a> <span style=\"color:rgb(40,40,40);font-family:arial, helvetica, clean, sans-serif;\" >plss added new weapon smc file. </span></p>\n</div></blockquote>\n<p > </p>\n<p >smc matches my item file 100% what ios wrong with it ?</p>\n<p > </p>\n<blockquote data-ipsquote=\"\" class=\"ipsQuote\" ><div >\n<br /><p >@<a contenteditable=\"false\" data-ipshover=\"\" href=\"https://lckb.dev/forum/index.php?/profile/14748-uillian/\" data-ipshover-target=\"https://lckb.dev/forum/index.php?/profile/14748-uillian/&do=hovercard\" data-mentionid=\"14748\" rel=\"\" >@uillian</a>    <strong >not the eagle attacks ???</strong></p>\n</div></blockquote>\n<p > </p>\n<p >ill look ....but a few of the pets DO not attack .... and are based that way from the game...</p>\n\n\n\t\t\t\n\t\t\t\t\n\n<span class=\"ipsType_reset ipsType_medium ipsType_light\" data-excludequote=\"None\" >\n\t<strong >Edited <time datetime=\"2013-06-25T17:21:13Z\" title=\"06/25/2013 05:21  PM\" data-short=\"7 yr\" >June 25, 2013</time> by CDWriter</strong>\n\t\n\t\n</span>\n\t\t\t\n\t\t</div>"
        },
        {
            "id": 77616,
            "timestamp": 1372312256,
            "author": {
                "id": 17582,
                "name": "CDWriter",
                "image": null
            },
            "comment": "\n<p >@<a contenteditable=\"false\" data-ipshover=\"\" href=\"https://lckb.dev/forum/index.php?/profile/18249-darklord/\" data-ipshover-target=\"https://lckb.dev/forum/index.php?/profile/18249-darklord/&do=hovercard\" data-mentionid=\"18249\" rel=\"\" >@darklord</a></p>\n<p > </p>\n<p ><img alt=\"491k.jpg\" src=\"https://img585.imageshack.us/img585/9608/491k.jpg\" /></p>\n<p > </p>\n<p >that better ? do you see anything else missing ......and yes i am working with all of them 180 ---- down</p>\n<p > </p>\n<p >Version 4</p>\n\n\n\t\t\t\n\t\t\t\t\n\n<span class=\"ipsType_reset ipsType_medium ipsType_light\" data-excludequote=\"None\" >\n\t<strong >Edited <time datetime=\"2013-06-27T06:26:07Z\" title=\"06/27/2013 06:26  AM\" data-short=\"7 yr\" >June 27, 2013</time> by CDWriter</strong>\n\t\n\t\n</span>\n\t\t\t\n\t\t</div>"
        },
        {
            "id": 77629,
            "timestamp": 1372320862,
            "author": {
                "id": 18249,
                "name": "darklord",
                "image": null
            },
            "comment": "\n<blockquote data-ipsquote=\"\" class=\"ipsQuote\" data-ipsquote-contentcommentid=\"77616\" data-ipsquote-contentapp=\"forums\" data-ipsquote-contenttype=\"forums\" data-ipsquote-contentclass=\"forums_Topic\" data-ipsquote-contentid=\"10162\" data-ipsquote-username=\"CDWriter\" data-cite=\"CDWriter\" data-ipsquote-timestamp=\"1372312256\" ><div ><div >\n<p >@<a contenteditable=\"false\" data-ipshover=\"\" href=\"https://lckb.dev/forum/index.php?/profile/18249-darklord/\" data-ipshover-target=\"https://lckb.dev/forum/index.php?/profile/18249-darklord/&do=hovercard\" data-mentionid=\"18249\" rel=\"\" >@darklord</a></p>\n<p > </p>\n<p ><img alt=\"491k.jpg\" src=\"https://img585.imageshack.us/img585/9608/491k.jpg\" /></p>\n<p > </p>\n<p >that better ? do you see anything else missing ......and yes i am working with all of them 180 ---- down</p>\n<p > </p>\n<p >Version 4</p>\n</div></div></blockquote>\n<p > </p>\n<p >good job @CDWriter</p>\n\n\n\t\t\t\n\t\t\t\t\n\n<span class=\"ipsType_reset ipsType_medium ipsType_light\" data-excludequote=\"None\" >\n\t<strong >Edited <time datetime=\"2013-06-27T08:23:07Z\" title=\"06/27/2013 08:23  AM\" data-short=\"7 yr\" >June 27, 2013</time> by darklord</strong>\n\t\n\t\n</span>\n\t\t\t\n\t\t</div>"
        },
        {
            "id": 77677,
            "timestamp": 1372330911,
            "author": {
                "id": 14748,
                "name": "uillian",
                "image": null
            },
            "comment": "<p ><span >when</span> <span >will be</span> <span >released</span> <span >the</span> <span >v4</span><span >?</span></p>"
        },
        {
            "id": 77759,
            "timestamp": 1372353121,
            "author": {
                "id": 17582,
                "name": "CDWriter",
                "image": null
            },
            "comment": "<p >Well i need to finish all these first and then check for more errors myself ...since not many are reporting errors its hard to handle it all myself ...  Since this database has 10000 different things with it, I need others too report the issues our ill never fix all of them ....   </p>"
        },
        {
            "id": 77808,
            "timestamp": 1372365121,
            "author": {
                "id": 18249,
                "name": "darklord",
                "image": null
            },
            "comment": "\n<blockquote data-ipsquote=\"\" class=\"ipsQuote\" data-ipsquote-contentcommentid=\"77759\" data-ipsquote-contentapp=\"forums\" data-ipsquote-contenttype=\"forums\" data-ipsquote-contentclass=\"forums_Topic\" data-ipsquote-contentid=\"10162\" data-ipsquote-username=\"CDWriter\" data-cite=\"CDWriter\" data-ipsquote-timestamp=\"1372353121\" ><div ><div ><p >Well i need to finish all these first and then check for more errors myself ...since not many are reporting errors its hard to handle it all myself ...  Since this database has 10000 different things with it, I need others too report the issues our ill never fix all of them ....   </p></div></div></blockquote>\n<p >I look forward to :)</p>\n"
        },
        {
            "id": 77810,
            "timestamp": 1372365393,
            "author": {
                "id": 16983,
                "name": "Jaiz",
                "image": null
            },
            "comment": "\n<p >@<a contenteditable=\"false\" data-ipshover=\"\" href=\"https://lckb.dev/forum/index.php?/profile/17582-cdwriter/\" data-ipshover-target=\"https://lckb.dev/forum/index.php?/profile/17582-cdwriter/&do=hovercard\" data-mentionid=\"17582\" rel=\"\" >@CDWriter</a> if im you i would fix all bugs and then release the version 4 (bug free version or you have to edit even^^) :D Only a tip </p>\n<p > </p>\n<p > </p>\n<p >Greetings Jaiz :)</p>\n\n\n\t\t\t\n\t\t\t\t\n\n<span class=\"ipsType_reset ipsType_medium ipsType_light\" data-excludequote=\"None\" >\n\t<strong >Edited <time datetime=\"2013-06-27T20:37:05Z\" title=\"06/27/2013 08:37  PM\" data-short=\"7 yr\" >June 27, 2013</time> by Jaiz</strong>\n\t\n\t\n</span>\n\t\t\t\n\t\t</div>"
        },
        {
            "id": 77827,
            "timestamp": 1372395919,
            "author": {
                "id": 17582,
                "name": "CDWriter",
                "image": null
            },
            "comment": "\n<p >WOW Jaiz what are u sleeping ........did you not see MY post above ....... Here let me help you Clarify what i said above </p>\n<p > </p>\n<p > </p>\n<blockquote data-ipsquote=\"\" class=\"ipsQuote\" ><div >\n<p > </p>\n<p > </p>\n<span style=\"color:rgb(40,40,40);font-family:arial, helvetica, clean, sans-serif;\" >since not many are reporting errors its hard to handle it all myself ...  </span>\n</div></blockquote>\n<p > </p>\n<p > </p>\n<p >then if you would have read more ...and try to understand what i said ....</p>\n<p > </p>\n<blockquote data-ipsquote=\"\" class=\"ipsQuote\" ><div >\n<p > </p>\n<p > </p>\n<span style=\"color:rgb(40,40,40);font-family:arial, helvetica, clean, sans-serif;\" >Since this database has </span><span style=\"color:#ff0000;\" ><span style=\"font-family:arial, helvetica, clean, sans-serif;\" ><span style=\"font-size:18px;\" ><span style=\"font-family:arial, helvetica, sans-serif;\" >10000 different things with it</span></span></span></span><span style=\"color:rgb(40,40,40);font-family:arial, helvetica, clean, sans-serif;\" >, </span>\n</div></blockquote>\n<p > </p>\n<p >and then in order to get alot more done before my Next release ...i mentioned this little helpful thing also </p>\n<p > </p>\n<blockquote data-ipsquote=\"\" class=\"ipsQuote\" ><div >\n<p > </p>\n<p > </p>\n<span style=\"color:rgb(40,40,40);font-family:arial, helvetica, clean, sans-serif;\" >I need others too report the issues our ill never fix all of them ....   </span>\n</div></blockquote>\n<p > </p>\n<p > </p>\n<p >so as for your post ...iam trying NOT to be mean here but as my kids say ...DUH...</p>\n"
        },
        {
            "id": 77868,
            "timestamp": 1372421368,
            "author": {
                "id": 16983,
                "name": "Jaiz",
                "image": null
            },
            "comment": "<p >Why do you aggresive? i said only a tip. And jes i havent read your post.</p>"
        },
        {
            "id": 77961,
            "timestamp": 1372460766,
            "author": {
                "id": 17582,
                "name": "CDWriter",
                "image": null
            },
            "comment": "\n<p >I did not do <span >aggressive.. i was explaining how and what i said before your INSULTE.</span></p>\n<p > </p>\n<blockquote data-ipsquote=\"\" class=\"ipsQuote\" ><div >\n<p > </p>\n<p > </p>\n<span style=\"color:rgb(40,40,40);font-family:arial, helvetica, clean, sans-serif;\" >if im you i would fix all bugs and then release the version 4 (bug free version or you have to edit even^^) </span> :D<span style=\"color:rgb(40,40,40);font-family:arial, helvetica, clean, sans-serif;\" > Only a tip </span>\n</div></blockquote>\n<p ><span > </span></p>\n<p ><span >Nice tip i guess and maybe it was not a INSULTE ..... But atleast i take the time to read what you type it would have been nice if you did the same before you came out with that statement ....  But all is good .. </span></p>\n\n\n\t\t\t\n\t\t\t\t\n\n<span class=\"ipsType_reset ipsType_medium ipsType_light\" data-excludequote=\"None\" >\n\t<strong >Edited <time datetime=\"2013-06-28T23:07:49Z\" title=\"06/28/2013 11:07  PM\" data-short=\"7 yr\" >June 28, 2013</time> by CDWriter</strong>\n\t\n\t\n</span>\n\t\t\t\n\t\t</div>"
        },
        {
            "id": 78552,
            "timestamp": 1372701235,
            "author": {
                "id": 17582,
                "name": "CDWriter",
                "image": null
            },
            "comment": "<p >close topic</p>"
        }
    ]
}