{
    "meta": {
        "threadId": 10183,
        "threadName": "start serious editor",
        "dateCreated": "2013-06-24T23:42:22+0000",
        "datePublished": "2013-06-24T23:42:22+0000",
        "pageCount": 1,
        "originalUrl": "https://lckb.dev/forum/index.php?/topic/10183-start-serious-editor/",
        "authorId": 7119,
        "position": [
            {
                "@type": "ListItem",
                "position": 1,
                "item": {
                    "@id": "https://lckb.dev/forum/index.php?/forum/100-guides-help-section/",
                    "name": "Guides &amp; Help Section"
                }
            },
            {
                "@type": "ListItem",
                "position": 2,
                "item": {
                    "@id": "https://lckb.dev/forum/index.php?/forum/332-tutorials-guides/",
                    "name": "Tutorials &amp; Guides"
                }
            },
            {
                "@type": "ListItem",
                "position": 3,
                "item": {
                    "@id": "https://lckb.dev/forum/index.php?/forum/107-ep2-guides/",
                    "name": "Ep2 Guides"
                }
            }
        ]
    },
    "commentData": [
        {
            "id": 77012,
            "timestamp": 1372117342,
            "author": {
                "id": 7119,
                "name": "MANGUSTA788",
                "image": null
            },
            "comment": "\n<p >  <a href=\"https://www.youtube.com/watch?v=YCzY4aYcQ0g&feature=youtu.be%C2%A0%C2%A0%C2%A0%C2%A0\" rel=\"external nofollow\" >http://www.youtube.com/watch?v=YCzY4aYcQ0g&feature=youtu.be    </a></p>\n<p > </p>\n<p >\"start serious editor last chaos\" I did the test with first client last chaos usa 2006 LcInstallUSA_61027.exe<br />N1 install windows xp or windows 2000 on vmware<br />N2 upgrade the operating system to not have problems<br />N3 install client last chaos windows on vmware<br />N4 serious editor and download files from the bin folder epvp<br />N5 go in the installation folder last chaos client \"\" rename the bin folder in bin_old<br />N6 copy the bin folder downloaded from epvp in the directory last chaos client<br />N7 copy the file \"seriouseditor; seriousmodeler; seriousskastudio inside the bin folder<br />N8 VirtualTrees to create the folder internal installation last chaos<br />N9 go LastChaosUSA \\ Data \\ Textures \\ Editor \\ copy 3 times Default.tex<br />the second copy rename error.tex, the third copy rename IconsTray.tex<br />N10 open notepad and create a txt file called: SED_TipOFTheDay.txt save the blank document and copy: LastChaosUSA \\ Data<br />N11 start from the bin folder serious editor<br />N12 if you use the old client last chaos LcInstallUSA_61027.exe event_usa.lod take the file from an updated version and copy it into the folder DATA<br />I LOST A FEW HOURS NOTHING IMPOSSIBLE \"</p>\n<p > </p>\n<p > </p>\n"
        },
        {
            "id": 77019,
            "timestamp": 1372129361,
            "author": {
                "id": 17116,
                "name": "lchero1",
                "image": null
            },
            "comment": "<p >and where to get the editor?</p>"
        },
        {
            "id": 77028,
            "timestamp": 1372135711,
            "author": {
                "id": 15306,
                "name": "Noizy",
                "image": null
            },
            "comment": "\n<blockquote data-ipsquote=\"\" class=\"ipsQuote\" data-ipsquote-contentcommentid=\"77019\" data-ipsquote-contentapp=\"forums\" data-ipsquote-contenttype=\"forums\" data-ipsquote-contentclass=\"forums_Topic\" data-ipsquote-contentid=\"10183\" data-ipsquote-username=\"lchero1\" data-cite=\"lchero1\" data-ipsquote-timestamp=\"1372129361\" ><div ><div ><p >and where to get the editor?</p></div></div></blockquote>\n<p >don`t saw a N4? <span style=\"color:rgb(40,40,40);font-family:arial, helvetica, clean, sans-serif;\" >N4 serious editor and download files from the bin folder epvp</span></p>\n"
        },
        {
            "id": 77089,
            "timestamp": 1372156874,
            "author": {
                "id": 13494,
                "name": "Ichy",
                "image": null
            },
            "comment": "<p >Nice Guide :)</p>"
        },
        {
            "id": 77332,
            "timestamp": 1372225522,
            "author": {
                "id": 15998,
                "name": "crankchaos",
                "image": null
            },
            "comment": "\n<p >nice thx :D</p>\n<p > </p>\n<p > :D :D</p>\n"
        },
        {
            "id": 77369,
            "timestamp": 1372237736,
            "author": {
                "id": 7482,
                "name": "Creep",
                "image": null
            },
            "comment": "<p >N1 Can you upload a iso to mega? PLZZ :D</p>"
        },
        {
            "id": 77952,
            "timestamp": 1372454913,
            "author": {
                "id": 16491,
                "name": "EpiCskiLL",
                "image": null
            },
            "comment": "\n<p >I tried the editor and followed your instructions, but I have a small problem, I can open .wld stuff and everything seems to be working, but it does not show anything in the editor...</p>\n<p > </p>\n<p > </p>\n<p > </p>\n<p ><a href=\"https://www.youtube.com/watch?v=Tkzx-OkB1h0\" rel=\"external nofollow\" >http://www.youtube.com/watch?v=Tkzx-OkB1h0</a></p>\n"
        },
        {
            "id": 77962,
            "timestamp": 1372462680,
            "author": {
                "id": 13494,
                "name": "Ichy",
                "image": null
            },
            "comment": "\n<blockquote data-ipsquote=\"\" class=\"ipsQuote\" data-ipsquote-contentcommentid=\"77952\" data-ipsquote-contentapp=\"forums\" data-ipsquote-contenttype=\"forums\" data-ipsquote-contentclass=\"forums_Topic\" data-ipsquote-contentid=\"10183\" data-ipsquote-username=\"EpiCskiLL\" data-cite=\"EpiCskiLL\" data-ipsquote-timestamp=\"1372454913\" ><div ><div >\n<p >I tried the editor and followed your instructions, but I have a small problem, I can open .wld stuff and everything seems to be working, but it does not show anything in the editor...</p>\n<p > </p>\n<p > </p>\n<p > </p>\n<p ><a href=\"https://www.youtube.com/watch?v=Tkzx-OkB1h0\" rel=\"external nofollow\" >http://www.youtube.com/watch?v=Tkzx-OkB1h0</a></p>\n</div></div></blockquote>\n<p >You must open the Serious World Editor, no the others</p>\n"
        },
        {
            "id": 77966,
            "timestamp": 1372464605,
            "author": {
                "id": 16491,
                "name": "EpiCskiLL",
                "image": null
            },
            "comment": "\n<blockquote data-ipsquote=\"\" class=\"ipsQuote\" data-ipsquote-contentcommentid=\"77962\" data-ipsquote-contentapp=\"forums\" data-ipsquote-contenttype=\"forums\" data-ipsquote-contentclass=\"forums_Topic\" data-ipsquote-contentid=\"10183\" data-ipsquote-username=\"Ichy\" data-cite=\"Ichy\" data-ipsquote-timestamp=\"1372462680\" ><div ><div ><p >You must open the Serious World Editor, no the others</p></div></div></blockquote>\n<p > </p>\n<p >Hmm, yea, thats what I did, lol</p>\n"
        },
        {
            "id": 78018,
            "timestamp": 1372507324,
            "author": {
                "id": 16983,
                "name": "Jaiz",
                "image": null
            },
            "comment": "<p >how i can move something? </p>"
        },
        {
            "id": 78024,
            "timestamp": 1372509320,
            "author": {
                "id": 12456,
                "name": "gallito",
                "image": null
            },
            "comment": "<p >put control and clip left mouse. ;)</p>"
        },
        {
            "id": 80078,
            "timestamp": 1373494445,
            "author": {
                "id": 13529,
                "name": "DrGenius",
                "image": null
            },
            "comment": "\n<p >i move this topic to guide, please last time post it in the correct section.</p>\n<p >btw nice tuto^^</p>\n"
        },
        {
            "id": 81917,
            "timestamp": 1374433676,
            "author": {
                "id": 1229,
                "name": "ganjazz",
                "image": null
            },
            "comment": "<p >send error serious editor :/  :mebiro_01:</p>"
        },
        {
            "id": 82310,
            "timestamp": 1374606857,
            "author": {
                "id": 12884,
                "name": "AlpahStar",
                "image": null
            },
            "comment": "<p >How to fix this error ? <a href=\"http://s1.directupload.net/images/130723/b3dhawxb.jpg\" rel=\"external nofollow\" >>Klick ME<</a></p>"
        },
        {
            "id": 83487,
            "timestamp": 1375191170,
            "author": {
                "id": 6063,
                "name": "tiago",
                "image": null
            },
            "comment": "<p ><span ><span >where I find</span> <span >download the</span> <span >serious</span> <span >editor</span><span >?</span></span></p>"
        },
        {
            "id": 83550,
            "timestamp": 1375214633,
            "author": {
                "id": 17991,
                "name": "iSixxer",
                "image": null
            },
            "comment": "\n<p >SS_Editor :</p>\n<p > </p>\n<p ><a href=\"https://www.hightail.com/download/bWJwUXVrQXB6RThYRHNUQw\" rel=\"external nofollow\" >https://www.hightail.com/download/bWJwUXVrQXB6RThYRHNUQw</a></p>\n<p > </p>\n<p > </p>\n<p > </p>\n<p >And you need Windows xp (32bit) or Windows 7 (32bit)</p>\n<p > </p>\n<p > </p>\n<p > </p>\n<p >Windows Xp Professional Sp2 (32bit) Download:</p>\n<p > </p>\n<p ><a href=\"/#.UfcDiJCO6Ag\" rel=\"\" >http://sharepirate.c...e/#.UfcDiJCO6Ag</a></p>\n<p > </p>\n<p > </p>\n<p > </p>\n<p >Windows 7 Professional (32bit) Download:</p>\n<p > </p>\n<p ><a href=\"http://winfuture.de/...chalt,2663.html\" rel=\"external nofollow\" >http://winfuture.de/...chalt,2663.html</a></p>\n<p > </p>\n<p > </p>\n<p > </p>\n<p >1.Then you need the correct Bin Folder Download:</p>\n<p > </p>\n<p ><a href=\"https://www.hightail.com/download/bWJwUXVrQXBFd2NsYzhUQw\" rel=\"external nofollow\" >https://www.hightail.com/download/bWJwUXVrQXBFd2NsYzhUQw</a></p>\n<p > </p>\n<p > </p>\n<p > </p>\n<p >2. You need VirtualTree... Download:</p>\n<p > </p>\n<p ><a href=\"https://www.hightail.com/download/bWJwUXVrQXAyWGZ2bk1UQw\" rel=\"external nofollow\" >https://www.hightail.com/download/bWJwUXVrQXAyWGZ2bk1UQw</a></p>\n<p > </p>\n<p >Only in the Last Chaos folder.</p>\n<p > </p>\n<p > </p>\n<p > </p>\n<p >3.Go to your Last Chaos Folder ->Data->Textures->Editor.</p>\n<p > </p>\n<p >You see 1x Deafault.tex make 2 more copys and paste it in...</p>\n<p > </p>\n<p >The first copy,you rename it in Error.tex.</p>\n<p > </p>\n<p >The second copy ,you rename it in IconsTray.tex.</p>\n<p > </p>\n<p > </p>\n<p > </p>\n<p >Then install notepad++ Download:</p>\n<p > </p>\n<p ><a href=\"http://www.chip.de/d...d_12996935.html\" rel=\"external nofollow\" >http://www.chip.de/d...d_12996935.html</a></p>\n<p > </p>\n<p >Create a new .txt file and called it :SED_TipOFTheDay.txt</p>\n<p > </p>\n<p >Open it with notepad + + and save it in their Last Chaos -> Data folder.</p>\n\n\n\t\t\t\n\t\t\t\t\n\n<span class=\"ipsType_reset ipsType_medium ipsType_light\" data-excludequote=\"None\" >\n\t<strong >Edited <time datetime=\"2013-07-30T20:06:45Z\" title=\"07/30/2013 08:06  PM\" data-short=\"7 yr\" >July 30, 2013</time> by iSixxer</strong>\n\t\n\t\n</span>\n\t\t\t\n\t\t</div>"
        },
        {
            "id": 83564,
            "timestamp": 1375233587,
            "author": {
                "id": 6063,
                "name": "tiago",
                "image": null
            },
            "comment": "<p >thx bro</p>"
        },
        {
            "id": 83778,
            "timestamp": 1375397745,
            "author": {
                "id": 16983,
                "name": "Jaiz",
                "image": null
            },
            "comment": "<p >How i can move something? </p>"
        }
    ]
}