{
    "meta": {
        "threadId": 10181,
        "threadName": "Server problem",
        "dateCreated": "2013-06-24T22:38:37+0000",
        "datePublished": "2013-06-24T22:38:37+0000",
        "pageCount": 1,
        "originalUrl": "https://lckb.dev/forum/index.php?/topic/10181-server-problem/",
        "authorId": 8032,
        "position": [
            {
                "@type": "ListItem",
                "position": 1,
                "item": {
                    "@id": "https://lckb.dev/forum/index.php?/forum/100-guides-help-section/",
                    "name": "Guides &amp; Help Section"
                }
            },
            {
                "@type": "ListItem",
                "position": 2,
                "item": {
                    "@id": "https://lckb.dev/forum/index.php?/forum/335-help-support/",
                    "name": "Help &amp; Support"
                }
            },
            {
                "@type": "ListItem",
                "position": 3,
                "item": {
                    "@id": "https://lckb.dev/forum/index.php?/forum/120-ep2-support/",
                    "name": "Ep2 Support"
                }
            },
            {
                "@type": "ListItem",
                "position": 4,
                "item": {
                    "@id": "https://lckb.dev/forum/index.php?/forum/134-solved-topics/",
                    "name": "Solved Topics"
                }
            }
        ]
    },
    "commentData": [
        {
            "id": 77005,
            "timestamp": 1372113517,
            "author": {
                "id": 8032,
                "name": "cacallli",
                "image": null
            },
            "comment": "\n<p >Hi everyone, Im posting this topic because I have a problem with my server, when I create a character all okay, hes with all his armor, gold and everything, and when I restart the server, nothing more, I have nothing in inventory, and I can not create a character on any account be created that at the moment or will have one year, I have the error \"Unknow Error  :angry: , do you know where it all just please? Thank you in advance. Sorry for my bad English :kez_11:</p>\n<p > </p>\n"
        },
        {
            "id": 77006,
            "timestamp": 1372114034,
            "author": {
                "id": 13627,
                "name": "peterkosta12",
                "image": null
            },
            "comment": "\n<p >when u restart the server go in newproject_db ad db_auth and press ctrl+a right button and repair all table </p>\n<p >and u have fun open again the server with all your items :)</p>\n<p >if i help you press like</p>\n\n\n\t\t\t\n\t\t\t\t\n\n<span class=\"ipsType_reset ipsType_medium ipsType_light\" data-excludequote=\"None\" >\n\t<strong >Edited <time datetime=\"2013-06-24T22:47:58Z\" title=\"06/24/2013 10:47  PM\" data-short=\"7 yr\" >June 24, 2013</time> by peterkosta12</strong>\n\t\n\t\n</span>\n\t\t\t\n\t\t</div>"
        },
        {
            "id": 77007,
            "timestamp": 1372114201,
            "author": {
                "id": 13627,
                "name": "peterkosta12",
                "image": null
            },
            "comment": "<p >solved Close this thread</p>"
        },
        {
            "id": 77009,
            "timestamp": 1372116003,
            "author": {
                "id": 7695,
                "name": "CyberClaus",
                "image": null
            },
            "comment": "<p >Before closing the thread, allow me to add just a point, That happens because you do not close correctly your server.</p>"
        },
        {
            "id": 77010,
            "timestamp": 1372116033,
            "author": {
                "id": null,
                "name": "Guest Johnny5",
                "image": null
            },
            "comment": "<p ><!-- isHtml:1 --><!-- isHtml:1 -->Topic Closed - Reason:  Solved. Kind regards, LCKB Staff</p>"
        }
    ]
}