{
    "meta": {
        "threadId": 10195,
        "threadName": "Blocked area Help?",
        "dateCreated": "2013-06-25T12:12:49+0000",
        "datePublished": "2013-06-25T12:12:49+0000",
        "pageCount": 1,
        "originalUrl": "https://lckb.dev/forum/index.php?/topic/10195-blocked-area-help/",
        "authorId": 6038,
        "position": [
            {
                "@type": "ListItem",
                "position": 1,
                "item": {
                    "@id": "https://lckb.dev/forum/index.php?/forum/100-guides-help-section/",
                    "name": "Guides &amp; Help Section"
                }
            },
            {
                "@type": "ListItem",
                "position": 2,
                "item": {
                    "@id": "https://lckb.dev/forum/index.php?/forum/335-help-support/",
                    "name": "Help &amp; Support"
                }
            },
            {
                "@type": "ListItem",
                "position": 3,
                "item": {
                    "@id": "https://lckb.dev/forum/index.php?/forum/120-ep2-support/",
                    "name": "Ep2 Support"
                }
            },
            {
                "@type": "ListItem",
                "position": 4,
                "item": {
                    "@id": "https://lckb.dev/forum/index.php?/forum/134-solved-topics/",
                    "name": "Solved Topics"
                }
            }
        ]
    },
    "commentData": [
        {
            "id": 77123,
            "timestamp": 1372162369,
            "author": {
                "id": 6038,
                "name": "RomainLastChaos",
                "image": null
            },
            "comment": "\n<p >Hello community im looking if someone know how to remove the block zone from water for exemple </p>\n<p > </p>\n<p >on juno cant go on water with the old juno well </p>\n<p > </p>\n<p >i have try the color pink with the serious editor like </p>\n<p > </p>\n<p >edit mode -> Attribute to show the area blocked </p>\n<p > </p>\n<p ><a href=\"http://grabilla.com/03619-2f954ba3-c190-46f7-b783-79601813b0ac.html\" rel=\"external nofollow\" ><img alt=\"03619-2f954ba3-c190-46f7-b783-79601813b0\" src=\"http://grabilla.com/03619-2f954ba3-c190-46f7-b783-79601813b0ac.png\" /></a></p>\n<p > after i have try to remove the color with CTRL + LEFT CLIK OF MOUSE it have remove succesfully </p>\n<p > </p>\n<p ><a href=\"http://grabilla.com/03619-2f1f9e8e-f907-40a4-a9aa-4dfcb7efbd9e.html\" rel=\"external nofollow\" ><img alt=\"03619-2f1f9e8e-f907-40a4-a9aa-4dfcb7efbd\" src=\"http://grabilla.com/03619-2f1f9e8e-f907-40a4-a9aa-4dfcb7efbd9e.png\" /></a></p>\n<p > </p>\n<p > </p>\n<p >but ingame  cant go on water it look it have again blocked area i think is a problem with blockzone i dont know if someone can explain a bit about the blocked area zonning</p>\n<p > </p>\n<p >thanks</p>\n\n\n\t\t\t\n\t\t\t\t\n\n<span class=\"ipsType_reset ipsType_medium ipsType_light\" data-excludequote=\"None\" >\n\t<strong >Edited <time datetime=\"2013-07-02T04:16:26Z\" title=\"07/02/2013 04:16  AM\" data-short=\"7 yr\" >July 2, 2013</time> by DrGenius</strong>\n\t\n\t\n</span>\n\t\t\t\n\t\t</div>"
        },
        {
            "id": 78368,
            "timestamp": 1372626204,
            "author": {
                "id": 6038,
                "name": "RomainLastChaos",
                "image": null
            },
            "comment": "<p >#Solved Please close</p>"
        },
        {
            "id": 78370,
            "timestamp": 1372626839,
            "author": {
                "id": 2167,
                "name": "dethunter12",
                "image": null
            },
            "comment": "<p >and how did you solve ?</p>"
        },
        {
            "id": 78376,
            "timestamp": 1372630565,
            "author": {
                "id": 6038,
                "name": "RomainLastChaos",
                "image": null
            },
            "comment": "<p >By sat and serious editor thing regarding blockzone ^^</p>"
        },
        {
            "id": 78377,
            "timestamp": 1372630866,
            "author": {
                "id": 2167,
                "name": "dethunter12",
                "image": null
            },
            "comment": "<p >thx</p>"
        },
        {
            "id": 78514,
            "timestamp": 1372695671,
            "author": {
                "id": 2016,
                "name": "pwesty",
                "image": null
            },
            "comment": "<p >could you explain a little more on the serious editor blocked zones, i have a sat editor i took the blocked zone out but object is still their but hidden . id appreciate it</p>"
        },
        {
            "id": 78518,
            "timestamp": 1372697191,
            "author": {
                "id": 201,
                "name": "Wrong",
                "image": null
            },
            "comment": "\n<p >@pwesty you only have to press R to go to the painting mode, then right clik -> Edit Mode -> Attribute</p>\n<p >The pink zones are the ones you cant cross and you dont have to edit the sat for that, editing the map is enough, to add just clik where you wanna add and to remove just press Ctrl + LMB</p>\n"
        },
        {
            "id": 78614,
            "timestamp": 1372727306,
            "author": {
                "id": 2016,
                "name": "pwesty",
                "image": null
            },
            "comment": "<p >thank you @<a contenteditable=\"false\" data-ipshover=\"\" href=\"https://lckb.dev/forum/index.php?/profile/201-wrong/\" data-ipshover-target=\"https://lckb.dev/forum/index.php?/profile/201-wrong/&do=hovercard\" data-mentionid=\"201\" rel=\"\" >@Wrong</a> thank you very much :-)</p>"
        },
        {
            "id": 78618,
            "timestamp": 1372738203,
            "author": {
                "id": 2,
                "name": "Wizatek",
                "image": null
            },
            "comment": "<p >Btw, if u want to purposely make a invisible wall, dont work with the purple, it doesnt run smooth, for that just create a non zoning primitive</p>"
        }
    ]
}