{
    "meta": {
        "threadId": 10245,
        "threadName": "Tomb Fix",
        "dateCreated": "2013-06-28T10:39:49+0000",
        "datePublished": "2013-06-28T10:39:49+0000",
        "pageCount": 1,
        "originalUrl": "https://lckb.dev/forum/index.php?/topic/10245-tomb-fix/",
        "authorId": 18226,
        "position": [
            {
                "@type": "ListItem",
                "position": 1,
                "item": {
                    "@id": "https://lckb.dev/forum/index.php?/forum/100-guides-help-section/",
                    "name": "Guides &amp; Help Section"
                }
            },
            {
                "@type": "ListItem",
                "position": 2,
                "item": {
                    "@id": "https://lckb.dev/forum/index.php?/forum/335-help-support/",
                    "name": "Help &amp; Support"
                }
            },
            {
                "@type": "ListItem",
                "position": 3,
                "item": {
                    "@id": "https://lckb.dev/forum/index.php?/forum/44-ep1-support/",
                    "name": "Ep1 Support"
                }
            },
            {
                "@type": "ListItem",
                "position": 4,
                "item": {
                    "@id": "https://lckb.dev/forum/index.php?/forum/135-solved-topics/",
                    "name": "Solved Topics"
                }
            }
        ]
    },
    "commentData": [
        {
            "id": 77852,
            "timestamp": 1372415989,
            "author": {
                "id": 18226,
                "name": "OldHM",
                "image": null
            },
            "comment": "\n<p >Hello,</p>\n<p > </p>\n<p >\nDoes someone have a fix for the tomb? Everytime i go there i get send error.</p>\n<p > </p>\n<p >\nCan someone maybe upload it somewhere and give it to me?</p>\n\n\n\t\t\t\n\t\t\t\t\n\n<span class=\"ipsType_reset ipsType_medium ipsType_light\" data-excludequote=\"None\" >\n\t<strong >Edited <time datetime=\"2013-06-28T11:45:01Z\" title=\"06/28/2013 11:45  AM\" data-short=\"7 yr\" >June 28, 2013</time> by Mendozza</strong>\n\t\n\t\n</span>\n\t\t\t\n\t\t</div>"
        },
        {
            "id": 77862,
            "timestamp": 1372419881,
            "author": {
                "id": 18226,
                "name": "OldHM",
                "image": null
            },
            "comment": "\n<p >#Solved</p>\n<p > </p>\n<p >\nI will upload the fix later for you.</p>\n"
        }
    ]
}