{
    "meta": {
        "threadId": 10251,
        "threadName": "C++ Ebook",
        "dateCreated": "2013-06-28T19:18:58+0000",
        "datePublished": "2013-06-28T19:18:58+0000",
        "pageCount": 1,
        "originalUrl": "https://lckb.dev/forum/index.php?/topic/10251-c-ebook/",
        "authorId": 7695,
        "position": [
            {
                "@type": "ListItem",
                "position": 1,
                "item": {
                    "@id": "https://lckb.dev/forum/index.php?/forum/272-programmers-gateway/",
                    "name": "Programmers Gateway"
                }
            },
            {
                "@type": "ListItem",
                "position": 2,
                "item": {
                    "@id": "https://lckb.dev/forum/index.php?/forum/79-coders-talk/",
                    "name": "Coders Talk"
                }
            }
        ]
    },
    "commentData": [
        {
            "id": 77938,
            "timestamp": 1372447138,
            "author": {
                "id": 7695,
                "name": "CyberClaus",
                "image": null
            },
            "comment": "\n<p >Hi community,</p>\n<p > </p>\n<p >I noticed many of you are trying to learn how to programm. Many also have been advised to learn c++, so i bring to you an Ebook, so you can take it with you, on your phone, or ebook, or tablet everywere, and learn on the move.</p>\n<p > </p>\n<p ><a href=\"https://mega.co.nz/#!dQZXiJyB!N7kU51X4xctJcTlXFEM0FzSCoEQ5Jz-hfosNWR9x07A\" rel=\"external nofollow\" >https://mega.co.nz/#!dQZXiJyB!N7kU51X4xctJcTlXFEM0FzSCoEQ5Jz-hfosNWR9x07A</a></p>\n<p ><a href=\"https://dfiles.eu/files/85drs8zee\" rel=\"external nofollow\" >http://dfiles.eu/files/85drs8zee</a></p>\n<p > </p>\n<p >Cheers;</p>\n<p >CyberClaus</p>\n<p > </p>\n<p > </p>\n<p >P.S.- Press the damm thanks button if you find this usefull                                                             -------------->>>>>>>>></p>\n"
        },
        {
            "id": 77972,
            "timestamp": 1372471402,
            "author": {
                "id": 3911,
                "name": "roseon",
                "image": null
            },
            "comment": "<p >Sweet thx</p>"
        },
        {
            "id": 78094,
            "timestamp": 1372529727,
            "author": {
                "id": 919,
                "name": "someone",
                "image": null
            },
            "comment": "<p >Good book,  It starts with some nice examples.</p>"
        },
        {
            "id": 78111,
            "timestamp": 1372533902,
            "author": {
                "id": 7695,
                "name": "CyberClaus",
                "image": null
            },
            "comment": "\n<blockquote data-ipsquote=\"\" class=\"ipsQuote\" data-ipsquote-contentcommentid=\"78094\" data-ipsquote-contentapp=\"forums\" data-ipsquote-contenttype=\"forums\" data-ipsquote-contentclass=\"forums_Topic\" data-ipsquote-contentid=\"10251\" data-ipsquote-username=\"someone\" data-cite=\"someone\" data-ipsquote-timestamp=\"1372529727\" ><div ><div ><p >Good book,  It starts with some nice examples.</p></div></div></blockquote>\n<p >thanks :)</p>\n"
        },
        {
            "id": 78558,
            "timestamp": 1372702579,
            "author": {
                "id": 16954,
                "name": "spadge88",
                "image": null
            },
            "comment": "\n<p >THANK YOU!! :D</p>\n<p > </p>\n<p >can you re-upload there is problem with it for me thanks tho :)</p>\n\n\n\t\t\t\n\t\t\t\t\n\n<span class=\"ipsType_reset ipsType_medium ipsType_light\" data-excludequote=\"None\" >\n\t<strong >Edited <time datetime=\"2013-07-01T18:17:35Z\" title=\"07/01/2013 06:17  PM\" data-short=\"7 yr\" >July 1, 2013</time> by spadge88</strong>\n\t\n\t\n</span>\n\t\t\t\n\t\t</div>"
        },
        {
            "id": 78560,
            "timestamp": 1372703818,
            "author": {
                "id": 7695,
                "name": "CyberClaus",
                "image": null
            },
            "comment": "\n<p >Another link added in first post just for you</p>\n<p > </p>\n<blockquote data-ipsquote=\"\" class=\"ipsQuote\" data-ipsquote-contentcommentid=\"78558\" data-ipsquote-contentapp=\"forums\" data-ipsquote-contenttype=\"forums\" data-ipsquote-contentclass=\"forums_Topic\" data-ipsquote-contentid=\"10251\" data-ipsquote-username=\"spadge88\" data-cite=\"spadge88\" data-ipsquote-timestamp=\"1372702579\" ><div ><div >\n<p >THANK YOU!! :D</p>\n<p > </p>\n<p >can you re-upload there is problem with it for me thanks tho :)</p>\n</div></div></blockquote>\n"
        },
        {
            "id": 78635,
            "timestamp": 1372753884,
            "author": {
                "id": 16954,
                "name": "spadge88",
                "image": null
            },
            "comment": "\n<blockquote data-ipsquote=\"\" class=\"ipsQuote\" data-ipsquote-contentcommentid=\"78560\" data-ipsquote-contentapp=\"forums\" data-ipsquote-contenttype=\"forums\" data-ipsquote-contentclass=\"forums_Topic\" data-ipsquote-contentid=\"10251\" data-ipsquote-username=\"CyberClaus\" data-cite=\"CyberClaus\" data-ipsquote-timestamp=\"1372703818\" ><div ><p >Another link added in first post just for you</p></div></blockquote>Thank you"
        },
        {
            "id": 80857,
            "timestamp": 1373850412,
            "author": {
                "id": 15376,
                "name": "\u00e2\u02dc\u00a3 WARFACE \u00e2\u02dc\u00a3",
                "image": null
            },
            "comment": "<p ><span style=\"color:rgb(40,40,40);font-family:arial, helvetica, clean, sans-serif;\" >Thank you bro =)</span></p>"
        }
    ]
}