{
    "meta": {
        "threadId": 10259,
        "threadName": "Complete DataBase V4 by CDWriter",
        "dateCreated": "2013-06-29T07:19:01+0000",
        "datePublished": "2013-06-29T07:19:01+0000",
        "pageCount": 2,
        "originalUrl": "https://lckb.dev/forum/index.php?/topic/10259-complete-database-v4-by-cdwriter/",
        "authorId": 17582,
        "position": [
            {
                "@type": "ListItem",
                "position": 1,
                "item": {
                    "@id": "https://lckb.dev/forum/index.php?/forum/258-release-zone/",
                    "name": "Release Zone"
                }
            },
            {
                "@type": "ListItem",
                "position": 2,
                "item": {
                    "@id": "https://lckb.dev/forum/index.php?/forum/325-episode-2-releases/",
                    "name": "Episode 2 Releases"
                }
            },
            {
                "@type": "ListItem",
                "position": 3,
                "item": {
                    "@id": "https://lckb.dev/forum/index.php?/forum/125-server-side/",
                    "name": "Server Side"
                }
            }
        ]
    },
    "commentData": [
        {
            "id": 77982,
            "timestamp": 1372490341,
            "author": {
                "id": 17582,
                "name": "CDWriter",
                "image": null
            },
            "comment": "\n<div >V4</div>\n<div >**</div>\n<div > </div>\n<div >Hello community</div>\n<div > </div>\n<div >Here i release another complete sql release COMPLETE meaning with client data files to match.</div>\n<div > </div>\n<div >-- me</div>\n<div >Login : steve</div>\n<div >Password : steve</div>\n<div > </div>\n<div >-- 2nd account</div>\n<div >Login : shawn</div>\n<div >Password : shawn</div>\n<div > </div>\n<div >both of these account have GM 10 access, 1 toon per account and everything has been TRUNCATE.</div>\n<div > </div>\n<div > </div>\n<div >Today I give you V4, Now this is still work in Progress and if you do not report errors i cant fix them for next release ..</div>\n<div >Please report Errors </div>\n<div > </div>\n<div >-- German</div>\n<div >Heute gebe ich euch V4, Nun ist dies immer noch in Arbeit, und wenn Sie nicht melden Fehler i cant l\u00c3\u0192\u00c2\u00b6sen f\u00c3\u0192\u00c2\u00bcr n\u00c3\u0192\u00c2\u00a4chste Release ..</div>\n<div >Bitte melden Sie Fehler</div>\n<div > </div>\n<div >-- Russian</div>\n<div >\u00c3\u00c2\u00a1\u00c3\u00c2\u00b5\u00c3\u00c2\u00b3\u00c3\u00c2\u00be\u00c3\u00c2\u00b4\u00c3\u00c2\u00bd\u00c3\u2018\u00c2 \u00c3\u2018\u00c2 \u00c3\u00c2\u00b4\u00c3\u00c2\u00b0\u00c3\u2018\u00c5\u00bd \u00c3\u00c2\u00b2\u00c3\u00c2\u00b0\u00c3\u00c2\u00bc V4, \u00c3\u2018\u00c2\u00c3\u00c2\u00b5\u00c3\u00c2\u00b9\u00c3\u2018\u00e2\u20ac\u00a1\u00c3\u00c2\u00b0\u00c3\u2018\u00c2 \u00c3\u2018\u00c2\u00c3\u2018\u00e2\u20ac\u0161\u00c3\u00c2\u00be \u00c3\u00c2\u00b2\u00c3\u2018\u00c2\u00c3\u00c2\u00b5 \u00c3\u00c2\u00b5\u00c3\u2018\u00e2\u20ac\u00b0\u00c3\u00c2\u00b5 \u00c3\u00c2\u00bd\u00c3\u00c2\u00b5\u00c3\u00c2\u00b7\u00c3\u00c2\u00b0\u00c3\u00c2\u00b2\u00c3\u00c2\u00b5\u00c3\u2018\u00e2\u201a\u00ac\u00c3\u2018\u00cb\u2020\u00c3\u00c2\u00b5\u00c3\u00c2\u00bd\u00c3\u00c2\u00bd\u00c3\u00c2\u00be\u00c3\u00c2\u00b5 \u00c3\u00c2\u00bf\u00c3\u2018\u00e2\u201a\u00ac\u00c3\u00c2\u00be\u00c3\u00c2\u00b8\u00c3\u00c2\u00b7\u00c3\u00c2\u00b2\u00c3\u00c2\u00be\u00c3\u00c2\u00b4\u00c3\u2018\u00c2\u00c3\u2018\u00e2\u20ac\u0161\u00c3\u00c2\u00b2\u00c3\u00c2\u00be \u00c3\u00c2\u00b8 \u00c3\u00c2\u00b5\u00c3\u2018\u00c2\u00c3\u00c2\u00bb\u00c3\u00c2\u00b8 \u00c3\u00c2\u00b2\u00c3\u2018\u00e2\u20ac\u00b9 \u00c3\u00c2\u00bd\u00c3\u00c2\u00b5 \u00c3\u2018\u00c2\u00c3\u00c2\u00be\u00c3\u00c2\u00be\u00c3\u00c2\u00b1\u00c3\u2018\u00e2\u20ac\u00b0\u00c3\u00c2\u00b0\u00c3\u2018\u00e2\u20ac\u0161\u00c3\u2018\u00c5\u2019 \u00c3\u00c2\u00be\u00c3\u00c2\u00b1 \u00c3\u00c2\u00be\u00c3\u2018\u00cb\u2020\u00c3\u00c2\u00b8\u00c3\u00c2\u00b1\u00c3\u00c2\u00ba\u00c3\u00c2\u00b0\u00c3\u2018\u00e2\u20ac\u00a6 \u00c3\u2018\u00c2 \u00c3\u00c2\u00bd\u00c3\u00c2\u00b5 \u00c3\u00c2\u00bc\u00c3\u00c2\u00be\u00c3\u00c2\u00b3\u00c3\u2018\u00c6\u2019 \u00c3\u00c2\u00b8\u00c3\u2018\u00c2\u00c3\u00c2\u00bf\u00c3\u2018\u00e2\u201a\u00ac\u00c3\u00c2\u00b0\u00c3\u00c2\u00b2\u00c3\u00c2\u00b8\u00c3\u2018\u00e2\u20ac\u0161\u00c3\u2018\u00c5\u2019 \u00c3\u00c2\u00b8\u00c3\u2018\u00e2\u20ac\u00a6 \u00c3\u00c2\u00b4\u00c3\u00c2\u00bb\u00c3\u2018\u00c2 \u00c3\u2018\u00c2\u00c3\u00c2\u00bb\u00c3\u00c2\u00b5\u00c3\u00c2\u00b4\u00c3\u2018\u00c6\u2019\u00c3\u2018\u00c5\u00bd\u00c3\u2018\u00e2\u20ac\u00b0\u00c3\u00c2\u00b5\u00c3\u00c2\u00b3\u00c3\u00c2\u00be \u00c3\u2018\u00e2\u201a\u00ac\u00c3\u00c2\u00b5\u00c3\u00c2\u00bb\u00c3\u00c2\u00b8\u00c3\u00c2\u00b7\u00c3\u00c2\u00b0 ..</div>\n<div >\u00c3\u00c5\u00b8\u00c3\u00c2\u00be\u00c3\u00c2\u00b6\u00c3\u00c2\u00b0\u00c3\u00c2\u00bb\u00c3\u2018\u00c6\u2019\u00c3\u00c2\u00b9\u00c3\u2018\u00c2\u00c3\u2018\u00e2\u20ac\u0161\u00c3\u00c2\u00b0, \u00c3\u2018\u00c2\u00c3\u00c2\u00be\u00c3\u00c2\u00be\u00c3\u00c2\u00b1\u00c3\u2018\u00e2\u20ac\u00b0\u00c3\u00c2\u00b0\u00c3\u00c2\u00b9\u00c3\u2018\u00e2\u20ac\u0161\u00c3\u00c2\u00b5 \u00c3\u00c2\u00be\u00c3\u00c2\u00b1 \u00c3\u00c2\u00be\u00c3\u2018\u00cb\u2020\u00c3\u00c2\u00b8\u00c3\u00c2\u00b1\u00c3\u00c2\u00ba\u00c3\u00c2\u00b0\u00c3\u2018\u00e2\u20ac\u00a6</div>\n<div > </div>\n<div >I had many ppls help who answered question when i needed them.</div>\n<div > </div>\n<div >Thanks everyone who helped, and everyone who has release public tools ....</div>\n<div >As for what was done this time.</div>\n<div > </div>\n<div >RELEASE V4</div>\n<div >----------</div>\n<div > </div>\n<div >Same Catalog and sql to match (USA Current) few errors (items Not added to DataBase), Use only if you want to .</div>\n<div >Fixed ALL or most of the Seals ..If i might have missed any please let me know</div>\n<div >Fixed the 1 reported Potion (Strong/Medium Medicine)....</div>\n<div >Started Ranking list but still must be ran from a GM every 7 days.. (title reward Limits)</div>\n<div > </div>\n<div > </div>\n<div >Just remmeber i will reply to your post to understand the error better its not me attacking you in any way, Just need to understand how you worded the mistake...</div>\n<div > </div>\n<div > </div>\n<div >CDWriter</div>\n<div > </div>\n<div > </div>\n<div >To DOWNLOAD this 4th release file go here:</div>\n<div > </div>\n<div > </div>\n<div ><a href=\"http://fbe.am/lIl\" rel=\"external nofollow\" >http://fbe.am/lIl</a></div>\n<div >\n<div > </div>\n<div > </div>\n<div >Client</div>\n<div >*******</div>\n<div >lastchaos_us_installer_20120618.exe</div>\n<div ><a href=\"http://we.tl/se9OtO8OIg\" rel=\"external nofollow\" >http://we.tl/se9OtO8OIg</a></div>\n<div >another link  </div>\n<div >\n<a href=\"https://mega.co.nz/#\" rel=\"external nofollow\" >https://mega.co.nz/#</a>!TFhyEKAQ!W8fP7kVb7U_1TXQwQZlFCA5amSt2_FqxoMJFuTa6YMU</div>\n<div > </div>\n<div >Thanks to dethunter12</div>\n<div > </div>\n<div > </div>\n<div >This time i will be adding Client Bin file folders becuase some of the links on this site has been changed and you can not just install lastchaos_us_installer_20120618.exe or use LCGN with out the included files not sure never did the LCGN...</div>\n<div > </div>\n<div > </div>\n<div >HOW TO FIX CLIENT</div>\n<div >*****************</div>\n<div > </div>\n<div >1. The best way is to download or find lastchaos_us_installer_20120618.exe (Maybe someone will send it to a site I wil not sorry) and then install it, then update it to current USA files. (If you go the LCGN way i do not know how to get it to what my release is made for, Please dont ask).. to continue,</div>\n<div > </div>\n<div >2. Lets then rename the folder and install it again but do not UPDATE. This NONE UPDATED folder will be your NEW client.. </div>\n<div > </div>\n<div >3. what u need to do is OPEN the folder with the fully UPDATED Client and go into the DATA folder copy </div>\n<div >              EFFECTS and ITEMS</div>\n<div >to your folder, This will fix the new skills and new items i added to this release... </div>\n<div > </div>\n<div >4. Now Open my release u will see BIN and DATA folders you must copy the content of each of them over into the same folds. </div>\n<div > </div>\n<div >5. At this point you should be 100% compatible to my SQL. Steve account has 1 - 180 Sorcerer fully Geared in 180 Gear if you can not get to this toon then you did not follow all what i put here in this new release... start again.</div>\n<div > </div>\n<div > </div>\n<div >Extra</div>\n<div >*****</div>\n<div > </div>\n<div >I myself use <a href=\"http://toxic-l33t.ddns.net/forum/index.php?/topic/9849-gameserver-usa/\" rel=\"external nofollow\" >http://toxic-l33t.ddns.net/forum/index.php?/topic/9849-gameserver-usa/</a>\n</div>\n<div > </div>\n<div >but thats a oppion you have to chooise your self.</div>\n<div > </div>\n<div > </div>\n<div >ONLY on toxic-l33t.ddns.net</div>\n<div >Please REPORT ERRORS CANT fix what i dont know off....</div>\n</div>\n<p > </p>\n"
        },
        {
            "id": 78055,
            "timestamp": 1372515175,
            "author": {
                "id": 588,
                "name": "Natzn",
                "image": null
            },
            "comment": "<p >Nice thanks :)</p>"
        },
        {
            "id": 78063,
            "timestamp": 1372520999,
            "author": {
                "id": 17439,
                "name": "peke1996",
                "image": null
            },
            "comment": "<p >Nice !</p>"
        },
        {
            "id": 78127,
            "timestamp": 1372538071,
            "author": {
                "id": 5891,
                "name": "wowa296",
                "image": null
            },
            "comment": "\n<p >i can\u00c3\u201a\u00c2\u00b4t drop lvl 180 armor</p>\n<p >and weapons lol its buggy </p>\n"
        },
        {
            "id": 78139,
            "timestamp": 1372542215,
            "author": {
                "id": 17582,
                "name": "CDWriter",
                "image": null
            },
            "comment": "\n<p >thanks you simple fix...... would have been nice if this was reported by others in Version 1 or 2 ..</p>\n<p > </p>\n<p >its just a flag fix .....if that helps for you now .... could u give me a Name of one of the items that will not drop ....</p>\n<p > </p>\n<p > </p>\n<p >so i can check the flag of that item and run a query on it in sql..</p>\n\n\n\t\t\t\n\t\t\t\t\n\n<span class=\"ipsType_reset ipsType_medium ipsType_light\" data-excludequote=\"None\" >\n\t<strong >Edited <time datetime=\"2013-06-29T22:12:08Z\" title=\"06/29/2013 10:12  PM\" data-short=\"7 yr\" >June 29, 2013</time> by CDWriter</strong>\n\t\n\t\n</span>\n\t\t\t\n\t\t</div>"
        },
        {
            "id": 78149,
            "timestamp": 1372548060,
            "author": {
                "id": 17582,
                "name": "CDWriter",
                "image": null
            },
            "comment": "\n<p >@<a contenteditable=\"false\" data-ipshover=\"\" href=\"https://lckb.dev/forum/index.php?/profile/5891-wowa296/\" data-ipshover-target=\"https://lckb.dev/forum/index.php?/profile/5891-wowa296/&do=hovercard\" data-mentionid=\"5891\" rel=\"\" >@wowa296</a> </p>\n<blockquote data-ipsquote=\"\" class=\"ipsQuote\" ><div >\n<p > </p>\n<p ><span style=\"color:rgb(40,40,40);font-family:arial, helvetica, clean, sans-serif;\" >i can\u00c3\u201a\u00c2\u00b4t drop lvl 180 armor</span></p>\n<p style=\"color:rgb(40,40,40);font-family:arial, helvetica, clean, sans-serif;\" >and weapons lol its buggy </p>\n</div></blockquote>\n<p > </p>\n<p >all 180 items are droppable i am not sure what your using but its not my data...</p>\n<p > </p>\n<p >On my sql run this query ....</p>\n<pre class=\"ipsCode prettyprint lang-sql\" > SELECT a_index, a_set_4, a_name, a_level, a_flag, a_job_flag, a_rare_index_1 FROM t_item WHERE a_flag = 134743076;\n</pre>\n<p >but works ..that flag is none droppable tagged .....all 180 items are flagged with 134742078,</p>\n<p >The query above list all 120 and 90 level armor that does not drop and is easily fixed with a new code ......</p>\n<p > </p>\n<p >and items from 8909 - 9003 are flagged on Original server with 134743076. and are not droppable.</p>\n\n\n\t\t\t\n\t\t\t\t\n\n<span class=\"ipsType_reset ipsType_medium ipsType_light\" data-excludequote=\"None\" >\n\t<strong >Edited <time datetime=\"2013-06-30T00:18:28Z\" title=\"06/30/2013 12:18  AM\" data-short=\"7 yr\" >June 30, 2013</time> by CDWriter</strong>\n\t\n\t\n</span>\n\t\t\t\n\t\t</div>"
        },
        {
            "id": 78264,
            "timestamp": 1372603542,
            "author": {
                "id": 2123,
                "name": "lcclub",
                "image": null
            },
            "comment": "\n<div >2013/06/30 07:44:36 :: Error: Character DB Check: Not Found t_cashitemdate.a_xxx_new! > </div>\n<br /><div >2013/06/30 07:44:36 :: Cannot Connect DB!! > </div>\n"
        },
        {
            "id": 78270,
            "timestamp": 1372605065,
            "author": {
                "id": 588,
                "name": "Natzn",
                "image": null
            },
            "comment": "\n<blockquote data-ipsquote=\"\" class=\"ipsQuote\" data-ipsquote-contentcommentid=\"78264\" data-ipsquote-contentapp=\"forums\" data-ipsquote-contenttype=\"forums\" data-ipsquote-contentclass=\"forums_Topic\" data-ipsquote-contentid=\"10259\" data-ipsquote-username=\"lcclub\" data-cite=\"lcclub\" data-ipsquote-timestamp=\"1372603542\" ><div ><div >\n<p > </p>\n<div >2013/06/30 07:44:36 :: Error: Character DB Check: Not Found t_cashitemdate.a_xxx_new! > </div>\n<div >2013/06/30 07:44:36 :: Cannot Connect DB!! > </div>\n<p > </p>\n</div></div></blockquote>\n<p >Go to your Char Database and rename the Table \"<span style=\"background-color:rgb(247,247,247);font-size:12px;\" >t_cashItemdate\" into \"</span><span style=\"background-color:rgb(247,247,247);font-size:12px;\" >t_cashitemdate\". (The big \"I\" to an small \"i\")</span></p>\n"
        },
        {
            "id": 78272,
            "timestamp": 1372605955,
            "author": {
                "id": 17582,
                "name": "CDWriter",
                "image": null
            },
            "comment": "\n<p >@<a contenteditable=\"false\" data-ipshover=\"\" href=\"https://lckb.dev/forum/index.php?/profile/2123-lcclub/\" data-ipshover-target=\"https://lckb.dev/forum/index.php?/profile/2123-lcclub/&do=hovercard\" data-mentionid=\"2123\" rel=\"\" >@lcclub</a></p>\n<p > </p>\n<blockquote data-ipsquote=\"\" class=\"ipsQuote\" ><div >\n<p > </p>\n<p ><span style=\"color:rgb(40,40,40);font-family:arial, helvetica, clean, sans-serif;\" >2013/06/30 07:44:36 :: Error: Character DB Check: Not Found t_cashitemdate.a_xxx_new! > </span></p>\n<div style=\"margin:0px;color:rgb(40,40,40);font-family:arial, helvetica, clean, sans-serif;\" >2013/06/30 07:44:36 :: Cannot Connect DB!! > </div>\n</div></blockquote>\n<p > </p>\n<p >did you copy over to your server the Newer Gameserver_d i supplied ......</p>\n<p > </p>\n<p >Il start supporting Both of them files .... But your not using my data base eather because in newporject_db on my release i have </p>\n<p > </p>\n<p >t_cashItemdate</p>\n\n\n\t\t\t\n\t\t\t\t\n\n<span class=\"ipsType_reset ipsType_medium ipsType_light\" data-excludequote=\"None\" >\n\t<strong >Edited <time datetime=\"2013-06-30T15:28:55Z\" title=\"06/30/2013 03:28  PM\" data-short=\"7 yr\" >June 30, 2013</time> by CDWriter</strong>\n\t\n\t\n</span>\n\t\t\t\n\t\t</div>"
        },
        {
            "id": 78277,
            "timestamp": 1372606521,
            "author": {
                "id": 2123,
                "name": "lcclub",
                "image": null
            },
            "comment": "\n<blockquote data-ipsquote=\"\" class=\"ipsQuote\" data-ipsquote-contentcommentid=\"78270\" data-ipsquote-contentapp=\"forums\" data-ipsquote-contenttype=\"forums\" data-ipsquote-contentclass=\"forums_Topic\" data-ipsquote-contentid=\"10259\" data-ipsquote-username=\"Natzn\" data-cite=\"Natzn\" data-ipsquote-timestamp=\"1372605065\" ><div ><div ><p >Go to your Char Database and rename the Table \"t_cashItemdate\" into \"t_cashitemdate\". (The big \"I\" to an small \"i\")</p></div></div></blockquote>\n<p >ok, thanks</p>\n<p >but update fail.</p>\n"
        },
        {
            "id": 78371,
            "timestamp": 1372628547,
            "author": {
                "id": 17582,
                "name": "CDWriter",
                "image": null
            },
            "comment": "\n<p >@<a contenteditable=\"false\" data-ipshover=\"\" href=\"https://lckb.dev/forum/index.php?/profile/2123-lcclub/\" data-ipshover-target=\"https://lckb.dev/forum/index.php?/profile/2123-lcclub/&do=hovercard\" data-mentionid=\"2123\" rel=\"\" >@lcclub</a></p>\n<p > </p>\n<p >Then this is not the place to ask for help ....unless it is off my whole database ..please post it in the HELP section....</p>\n"
        },
        {
            "id": 78523,
            "timestamp": 1372697759,
            "author": {
                "id": 5891,
                "name": "wowa296",
                "image": null
            },
            "comment": "<p >all potions fixxed ?</p>"
        },
        {
            "id": 78550,
            "timestamp": 1372701061,
            "author": {
                "id": 17582,
                "name": "CDWriter",
                "image": null
            },
            "comment": "\n<p >@<a contenteditable=\"false\" data-ipshover=\"\" href=\"https://lckb.dev/forum/index.php?/profile/5891-wowa296/\" data-ipshover-target=\"https://lckb.dev/forum/index.php?/profile/5891-wowa296/&do=hovercard\" data-mentionid=\"5891\" rel=\"\" >@wowa296</a></p>\n<p > </p>\n<blockquote data-ipsquote=\"\" class=\"ipsQuote\" ><div >\n<p > </p>\n<p > </p>\n<span style=\"color:rgb(40,40,40);font-family:arial, helvetica, clean, sans-serif;\" >all potions fixxed ?</span>\n</div></blockquote>\n<p > </p>\n<p > </p>\n<p ><span style=\"color:rgb(40,40,40);font-family:arial, helvetica, clean, sans-serif;\" >Fixed the 1 reported Potion (Strong/Medium Medicine)....</span></p>\n<p > </p>\n<p ><span style=\"color:rgb(40,40,40);font-family:arial, helvetica, clean, sans-serif;\" >and this means you found ???????</span></p>\n"
        },
        {
            "id": 78556,
            "timestamp": 1372701904,
            "author": {
                "id": 17582,
                "name": "CDWriter",
                "image": null
            },
            "comment": "\n<p >Fixed v5 ...will have all Skills added to weapons and armor based off <a href=\"http://lastchaosinfo.wetpaint.com/page/180+weapon+seals\" rel=\"external nofollow\" >http://lastchaosinfo.wetpaint.com/page/180+weapon+seals</a></p>\n<p >if you have better info ..on exact from USA server ...please let me know .</p>\n<p > </p>\n<p ><img alt=\"s3qm.jpg\" src=\"https://img7.imageshack.us/img7/8213/s3qm.jpg\" /></p>\n<p > </p>\n<p > </p>\n<p > </p>\n<p > </p>\n<p >IF anyone has Noticed anything else i Might have missed please post it ....  as for postoffice, I ve looked into it i am sure its client side ....if anyone has info on getting it working let me know?   Help the <span style=\"color:rgb(40,40,40);font-family:arial, helvetica, clean, sans-serif;\" >community share if you have anything to help everyone...</span></p>\n<p > </p>\n<p ><span style=\"color:rgb(40,40,40);font-family:arial, helvetica, clean, sans-serif;\" >Note : all my release are based off Offical release so please lets not give me info on what you want done ...i will not change the Basic line of this databased....</span></p>\n<p > </p>\n<p >CDWriter ... Hit the like button </p>\n\n\n\t\t\t\n\t\t\t\t\n\n<span class=\"ipsType_reset ipsType_medium ipsType_light\" data-excludequote=\"None\" >\n\t<strong >Edited <time datetime=\"2013-07-01T19:21:56Z\" title=\"07/01/2013 07:21  PM\" data-short=\"7 yr\" >July 1, 2013</time> by CDWriter</strong>\n\t\n\t\n</span>\n\t\t\t\n\t\t</div>"
        },
        {
            "id": 78616,
            "timestamp": 1372736614,
            "author": {
                "id": 17582,
                "name": "CDWriter",
                "image": null
            },
            "comment": "\n<p >sorry @<a contenteditable=\"false\" data-ipshover=\"\" href=\"https://lckb.dev/forum/index.php?/profile/2123-lcclub/\" data-ipshover-target=\"https://lckb.dev/forum/index.php?/profile/2123-lcclub/&do=hovercard\" data-mentionid=\"2123\" rel=\"\" >@lcclub</a></p>\n<p > </p>\n<p >you are right with the t_cashItemdate if you use what is in my zip file it will give that error ..... i did not realized it did til i had a friend install it ...then i realized that i used  </p>\n<p > </p>\n<br /><p > </p>\n<br /><blockquote data-ipsquote=\"\" class=\"ipsQuote\" ><div >\n<p ><span style=\"color:rgb(40,40,40);font-family:arial, helvetica, clean, sans-serif;\" >Extra</span></p>\n<div style=\"margin:0px;color:rgb(40,40,40);font-family:arial, helvetica, clean, sans-serif;\" >*****</div>\n<div style=\"margin:0px;color:rgb(40,40,40);font-family:arial, helvetica, clean, sans-serif;\" >I myself use <a href=\"http://toxic-l33t.ddns.net/forum/index.php?/topic/9849-gameserver-usa/\" title=\"\" rel=\"external nofollow\" >http://toxic-l33t.ddns.net/forum/index.php?/topic/9849-gameserver-usa/</a>\n</div>\n<div style=\"margin:0px;color:rgb(40,40,40);font-family:arial, helvetica, clean, sans-serif;\" >but thats a oppion you have to chooise your self.</div>\n<p > </p>\n</div></blockquote>\n<p > </p>\n<div style=\"margin:0px;color:rgb(40,40,40);font-family:arial, helvetica, clean, sans-serif;\" > </div>\n<p > </p>\n<p >for my Server and it uses the Capital I ...as for the original USA released files it does not .....i will now be using Both</p>\n<p > </p>\n<p >t_cashItemdate  <-- capital letter i</p>\n<p >t_cashitemdate <--- lower case letter i.</p>\n<p > </p>\n<p >and ill be adding both gameserver_d to the zip with a readme on the second release..</p>\n"
        },
        {
            "id": 78894,
            "timestamp": 1372872145,
            "author": {
                "id": 17582,
                "name": "CDWriter",
                "image": null
            },
            "comment": "\n<p >V5 phoenix gear fixed russian gear fixed also ...</p>\n<p > </p>\n<p ><img alt=\"toer.jpg\" src=\"https://img46.imageshack.us/img46/5907/toer.jpg\" /></p>\n\n\n\t\t\t\n\t\t\t\t\n\n<span class=\"ipsType_reset ipsType_medium ipsType_light\" data-excludequote=\"None\" >\n\t<strong >Edited <time datetime=\"2013-07-03T17:43:55Z\" title=\"07/03/2013 05:43  PM\" data-short=\"7 yr\" >July 3, 2013</time> by CDWriter</strong>\n\t\n\t\n</span>\n\t\t\t\n\t\t</div>"
        },
        {
            "id": 78927,
            "timestamp": 1372886866,
            "author": {
                "id": 18249,
                "name": "darklord",
                "image": null
            },
            "comment": "<p >v5 final or more coming soon ?</p>"
        },
        {
            "id": 79039,
            "timestamp": 1372954799,
            "author": {
                "id": 17582,
                "name": "CDWriter",
                "image": null
            },
            "comment": "<p >if no one reports any errors then it will be awhile why i look my self..</p>"
        },
        {
            "id": 79043,
            "timestamp": 1372956302,
            "author": {
                "id": 17474,
                "name": "kixtzz",
                "image": null
            },
            "comment": "<p >CDWrite its possible to dupe item ? or how i can verify it</p>"
        },
        {
            "id": 79045,
            "timestamp": 1372957975,
            "author": {
                "id": 2640,
                "name": "Kenpachi",
                "image": null
            },
            "comment": "<p >I have a slight problem hopefully you will be able to help me out with. I followed your instructions and everything works but when I use the gameserver_d you uploaded I get invalid client, would you know how to fix this? Thanks in advance </p>"
        },
        {
            "id": 79055,
            "timestamp": 1372959329,
            "author": {
                "id": 17582,
                "name": "CDWriter",
                "image": null
            },
            "comment": "<p >@<a contenteditable=\"false\" data-ipshover=\"\" href=\"https://lckb.dev/forum/index.php?/profile/2640-kenpachi/\" data-ipshover-target=\"https://lckb.dev/forum/index.php?/profile/2640-kenpachi/&do=hovercard\" data-mentionid=\"2640\" rel=\"\" >@Kenpachi</a>   if your getting a <span >invalid client then you did not copy everything correctly ....try to redo it ...  and this is a place for reporting bugs in the server not mistakes you make to your client or server......Version 5 will be more user friendly ....</span></p>"
        },
        {
            "id": 79207,
            "timestamp": 1373034265,
            "author": {
                "id": 14748,
                "name": "uillian",
                "image": null
            },
            "comment": "\n<p ><strong ><span >Game</span> <span >Master</span> <span >of</span> <span >this</span> <span >guild</span> <span >is not</span> <span >transferring</span> <span >to another</span> <span >player??</span></strong></p>\n<p > </p>\n<p > </p>\n<p > </p>\n<p > </p>\n<p ><img alt=\"Sem+t%25C3%25ADtulo.jpg\" src=\"https://lh3.googleusercontent.com/-2DogZKfasmc/UdbWDjAoOqI/AAAAAAAAABA/ixlYuDxcql4/w993-h561-no/Sem+t%25C3%25ADtulo.jpg\" /></p>\n"
        },
        {
            "id": 79226,
            "timestamp": 1373040960,
            "author": {
                "id": 16983,
                "name": "Jaiz",
                "image": null
            },
            "comment": "<p >Thats a good bug :D Anyone knows how to soleving it?</p>"
        },
        {
            "id": 79238,
            "timestamp": 1373042893,
            "author": {
                "id": 3734,
                "name": "Accelerator",
                "image": null
            },
            "comment": "<p >Guild Level maybe 6+ and your want character 10+ lvl</p>"
        },
        {
            "id": 79261,
            "timestamp": 1373050633,
            "author": {
                "id": 17582,
                "name": "CDWriter",
                "image": null
            },
            "comment": "<p >Very big change when v5 comes out .....</p>"
        },
        {
            "id": 79294,
            "timestamp": 1373065788,
            "author": {
                "id": 14748,
                "name": "uillian",
                "image": null
            },
            "comment": "<p ><strong ><span ><span >CD Writer</span><span >.</span> <span >any solution</span> <span >to Catch</span> <span >exp</span> <span >100</span><span >%</span> <span >and not</span> <span >50</span><span >%</span><span >?</span></span></strong></p>"
        },
        {
            "id": 79315,
            "timestamp": 1373086737,
            "author": {
                "id": 17582,
                "name": "CDWriter",
                "image": null
            },
            "comment": "<p >@<a contenteditable=\"false\" data-ipshover=\"\" href=\"https://lckb.dev/forum/index.php?/profile/14748-uillian/\" data-ipshover-target=\"https://lckb.dev/forum/index.php?/profile/14748-uillian/&do=hovercard\" data-mentionid=\"14748\" rel=\"\" >@uillian</a>  this is not me fixing your server for different thing other then 100% USA sql ....please ask your questions in the correct Topic...</p>"
        },
        {
            "id": 79550,
            "timestamp": 1373222386,
            "author": {
                "id": 17582,
                "name": "CDWriter",
                "image": null
            },
            "comment": "\n<p >I will be releasing v5 7-13 ....please report all the bugs you have no matter what they are ....</p>\n<p > </p>\n<p >if your not sure if there a bug and you have other issues pm me ill let you know how to fix it if i can ...but dont post it here ...... If your not sure its a issue with the sql ....  </p>\n<p > </p>\n<p >example ....</p>\n<p > </p>\n<p >i get a lot of ...  \"Hey all the Potions dont work \"</p>\n<p > </p>\n<p > although there maybe a very little amount of some potions that may not be working, This statement makes everyone believe that the sql is crap and none of the potions work .... When in all most of our all of them work but the 1 this person had found ....... so please tell me exactly what you believe does not work, as long as it is all of my sql being used ......you cant just install DATA and have everything from DATA match with your DB, our DB_AUTH .. theres too may different variables that connect all the tables together..  I will try to WIPE out everything i have done so there is NO items, titles , etc... connected to my accounts Steve and Shawn ....but with out them many have problems make a new account ....the reason i leave them in the releases ,,,,</p>\n"
        },
        {
            "id": 79958,
            "timestamp": 1373403739,
            "author": {
                "id": 605,
                "name": "b4rr4cud4",
                "image": null
            },
            "comment": "<p >Just wanted to say thanks for the hard work and pm me any help you my need I have alot of free time on my hands and would love to help.</p>"
        },
        {
            "id": 79959,
            "timestamp": 1373404825,
            "author": {
                "id": 14748,
                "name": "uillian",
                "image": null
            },
            "comment": "<p >GoGoGoGoGoGo!!!!  v5  , <span ><span >we</span> <span >report</span> <span >all</span> <span >bugs</span> <span >or problems that</span> <span >cd</span> <span >writer</span> <span >can fix</span> <span >them</span><span >!</span></span></p>"
        },
        {
            "id": 80043,
            "timestamp": 1373478444,
            "author": {
                "id": 18249,
                "name": "darklord",
                "image": null
            },
            "comment": "<p >hello v5 is released today?</p>"
        },
        {
            "id": 80045,
            "timestamp": 1373480079,
            "author": {
                "id": 17582,
                "name": "CDWriter",
                "image": null
            },
            "comment": "<p ><span style=\"color:rgb(40,40,40);font-family:arial, helvetica, clean, sans-serif;\" >v5 7-13</span></p>"
        },
        {
            "id": 80046,
            "timestamp": 1373480279,
            "author": {
                "id": 12010,
                "name": "yagerya55",
                "image": null
            },
            "comment": "<p >07-13 ?  <b >July 13 ?</b></p>"
        },
        {
            "id": 80080,
            "timestamp": 1373495203,
            "author": {
                "id": 17582,
                "name": "CDWriter",
                "image": null
            },
            "comment": "\n<p >Wow do anyone read any more </p>\n<p > </p>\n<p > </p>\n<blockquote data-ipsquote=\"\" class=\"ipsQuote\" ><div >\n<p > </p>\n<p > </p>\n<span style=\"color:rgb(40,40,40);font-family:arial, helvetica, clean, sans-serif;\" >I will be releasing v5 7-13</span>\n</div></blockquote>\n<p > </p>\n<p >as i posted it here <a href=\"http://toxic-l33t.ddns.net/forum/index.php?/topic/10259-complete-database-v4-by-cdwriter/page-2&do=findComment&comment=79550\" rel=\"external nofollow\" >http://toxic-l33t.ddns.net/forum/index.php?/topic/10259-complete-database-v4-by-cdwriter/page-2&do=findComment&comment=79550</a></p>\n<p >first LINE !!!</p>\n<p > </p>\n<p >Report Bugs .....</p>\n"
        },
        {
            "id": 80359,
            "timestamp": 1373642376,
            "author": {
                "id": 14748,
                "name": "uillian",
                "image": null
            },
            "comment": "\n<p ><strong >CDWriter Elizabeth the buff is not working, I use only one channel, such as would make working????</strong></p>\n<p > </p>\n<ul ><li ><img alt=\"Sem+t%25C3%25ADtulo.jpg\" src=\"https://lh3.googleusercontent.com/-1PI32go1tBw/UeAcnLSgn9I/AAAAAAAAADE/nAdinpg_DAs/w715-h561-no/Sem+t%25C3%25ADtulo.jpg\" /></li>\n<li > </li>\n</ul>"
        },
        {
            "id": 80435,
            "timestamp": 1373665022,
            "author": {
                "id": 12148,
                "name": "extreme",
                "image": null
            },
            "comment": "\n<blockquote data-ipsquote=\"\" class=\"ipsQuote\" data-ipsquote-contentcommentid=\"80359\" data-ipsquote-contentapp=\"forums\" data-ipsquote-contenttype=\"forums\" data-ipsquote-contentclass=\"forums_Topic\" data-ipsquote-contentid=\"10259\" data-ipsquote-username=\"uillian\" data-cite=\"uillian\" data-ipsquote-timestamp=\"1373642376\" ><div ><div >\n<p > </p>\n<p ><strong >CDWriter Elizabeth the buff is not working, I use only one channel, such as would make working????</strong></p>\n<p > </p>\n</div></div></blockquote>\n<p >   Same for me, I have found also another bug. But i dont know if anyone has the same problem.</p>\n<p >   Message Cube (NPC near loraine) got send error.</p>\n<p >   Edit: Another Bug, guild that win dcs or mcs dont have armor and title from the npc.</p>\n\n\n\t\t\t\n\t\t\t\t\n\n<span class=\"ipsType_reset ipsType_medium ipsType_light\" data-excludequote=\"None\" >\n\t<strong >Edited <time datetime=\"2013-07-12T23:28:43Z\" title=\"07/12/2013 11:28  PM\" data-short=\"7 yr\" >July 12, 2013</time> by extreme</strong>\n\t\n\t\n</span>\n\t\t\t\n\t\t</div>"
        },
        {
            "id": 80495,
            "timestamp": 1373705454,
            "author": {
                "id": 17582,
                "name": "CDWriter",
                "image": null
            },
            "comment": "\n<p >only works channel 5 and 6...</p>\n<p > </p>\n<p > </p>\n<p >Close Topic</p>\n<p > </p>\n<p >V5 released</p>\n\n\n\t\t\t\n\t\t\t\t\n\n<span class=\"ipsType_reset ipsType_medium ipsType_light\" data-excludequote=\"None\" >\n\t<strong >Edited <time datetime=\"2013-07-13T08:51:30Z\" title=\"07/13/2013 08:51  AM\" data-short=\"7 yr\" >July 13, 2013</time> by CDWriter</strong>\n\t\n\t\n</span>\n\t\t\t\n\t\t</div>"
        }
    ]
}