{
    "meta": {
        "threadId": 10271,
        "threadName": "Mob editor",
        "dateCreated": "2013-06-29T23:29:51+0000",
        "datePublished": "2013-06-29T23:29:51+0000",
        "pageCount": 1,
        "originalUrl": "https://lckb.dev/forum/index.php?/topic/10271-mob-editor/",
        "authorId": 17148,
        "position": [
            {
                "@type": "ListItem",
                "position": 1,
                "item": {
                    "@id": "https://lckb.dev/forum/index.php?/forum/100-guides-help-section/",
                    "name": "Guides &amp; Help Section"
                }
            },
            {
                "@type": "ListItem",
                "position": 2,
                "item": {
                    "@id": "https://lckb.dev/forum/index.php?/forum/335-help-support/",
                    "name": "Help &amp; Support"
                }
            },
            {
                "@type": "ListItem",
                "position": 3,
                "item": {
                    "@id": "https://lckb.dev/forum/index.php?/forum/120-ep2-support/",
                    "name": "Ep2 Support"
                }
            },
            {
                "@type": "ListItem",
                "position": 4,
                "item": {
                    "@id": "https://lckb.dev/forum/index.php?/forum/134-solved-topics/",
                    "name": "Solved Topics"
                }
            }
        ]
    },
    "commentData": [
        {
            "id": 78150,
            "timestamp": 1372548591,
            "author": {
                "id": 17148,
                "name": "WorldOfWars",
                "image": null
            },
            "comment": "\n<p >Hey guys ,</p>\n<p > </p>\n<p >i dont find a MobAllEditor for EP2 usa server, i dont find 1 >,<.</p>\n\n\n\t\t\t\n\t\t\t\t\n\n<span class=\"ipsType_reset ipsType_medium ipsType_light\" data-excludequote=\"None\" >\n\t<strong >Edited <time datetime=\"2013-06-30T21:48:52Z\" title=\"06/30/2013 09:48  PM\" data-short=\"7 yr\" >June 30, 2013</time> by WorldOfWars</strong>\n\t\n\t\n</span>\n\t\t\t\n\t\t</div>"
        },
        {
            "id": 78152,
            "timestamp": 1372550154,
            "author": {
                "id": 15369,
                "name": "DieYoung",
                "image": null
            },
            "comment": "<p >you can always use LastChaos Developer Studio 0.6b by Wizatek as a moball editor</p>"
        },
        {
            "id": 78296,
            "timestamp": 1372612145,
            "author": {
                "id": 16983,
                "name": "Jaiz",
                "image": null
            },
            "comment": "<p >Or you can use the bash moball editor^^ a other alternative code a one yourself :D</p>"
        },
        {
            "id": 78372,
            "timestamp": 1372628918,
            "author": {
                "id": 17148,
                "name": "WorldOfWars",
                "image": null
            },
            "comment": "<p >Found, Thanks to Die Young !:)</p>"
        }
    ]
}