{
    "meta": {
        "threadId": 10276,
        "threadName": "Unknown check sum in IteamAll.lod",
        "dateCreated": "2013-06-30T09:50:00+0000",
        "datePublished": "2013-06-30T09:50:00+0000",
        "pageCount": 1,
        "originalUrl": "https://lckb.dev/forum/index.php?/topic/10276-unknown-check-sum-in-iteamalllod/",
        "authorId": 17313,
        "position": [
            {
                "@type": "ListItem",
                "position": 1,
                "item": {
                    "@id": "https://lckb.dev/forum/index.php?/forum/272-programmers-gateway/",
                    "name": "Programmers Gateway"
                }
            },
            {
                "@type": "ListItem",
                "position": 2,
                "item": {
                    "@id": "https://lckb.dev/forum/index.php?/forum/79-coders-talk/",
                    "name": "Coders Talk"
                }
            }
        ]
    },
    "commentData": [
        {
            "id": 78194,
            "timestamp": 1372585800,
            "author": {
                "id": 17313,
                "name": "Maxes727",
                "image": null
            },
            "comment": "\n<p >Hi all ;)</p>\n<p > </p>\n<p >Sorry for my bad english) Im new to this forum.</p>\n<p > </p>\n<p >Interested in this question. Does anyone versed in the structure of itemall from the new client?</p>\n<p > </p>\n<p >Particularly interested in the last 4 bytes, based on the considerations, I realized that this is the sum but how to calculate it for me is a mystery. My guess is it CRC32. Share your guesses, I will be very grateful ^_^</p>\n"
        },
        {
            "id": 78553,
            "timestamp": 1372701496,
            "author": {
                "id": 17313,
                "name": "Maxes727",
                "image": null
            },
            "comment": "<p >Buy checksum algorithm in itemall. My skype satana7272</p>"
        },
        {
            "id": 108993,
            "timestamp": 1452354420,
            "author": {
                "id": 19468,
                "name": "lawilas805",
                "image": null
            },
            "comment": "<p >I have the same problem. Anyone can help with an algorithm?</p>"
        },
        {
            "id": 108994,
            "timestamp": 1452356609,
            "author": {
                "id": 17613,
                "name": "ZaTii",
                "image": null
            },
            "comment": "<p >Which Episode ?</p>"
        },
        {
            "id": 108998,
            "timestamp": 1452358935,
            "author": {
                "id": 19468,
                "name": "lawilas805",
                "image": null
            },
            "comment": "\n<p >Ep3<br />I'm interested in last 8 bytes:</p>\n<p >static F1 D8 FF FF (what are these bytes?)</p>\n<p >and checksum 37 0C A5 7A (how to calculate it?)</p>\n<p >File if you need it:</p>\n<p ><a href=\"http://rghost.ru/6yN5GBHCR\" rel=\"external nofollow\" >http://rghost.ru/6yN5GBHCR</a></p>\n"
        },
        {
            "id": 109007,
            "timestamp": 1452373899,
            "author": {
                "id": 19468,
                "name": "lawilas805",
                "image": null
            },
            "comment": "\n<p >I found how to calculate checksum (thanks rrbkmz)</p>\n<p >Still don't know about this:</p>\n<blockquote data-ipsquote=\"\" class=\"ipsQuote\" data-ipsquote-contentcommentid=\"108998\" data-ipsquote-contentapp=\"forums\" data-ipsquote-contenttype=\"forums\" data-ipsquote-contentclass=\"forums_Topic\" data-ipsquote-contentid=\"10276\" data-ipsquote-username=\"lawilas805\" data-cite=\"lawilas805\" data-ipsquote-timestamp=\"1452358935\" ><div ><div ><p >static F1 D8 FF FF (what are these bytes?)</p></div></div></blockquote>\n"
        },
        {
            "id": 109012,
            "timestamp": 1452377418,
            "author": {
                "id": 17613,
                "name": "ZaTii",
                "image": null
            },
            "comment": "\n<blockquote data-ipsquote=\"\" class=\"ipsQuote\" data-ipsquote-contentcommentid=\"108998\" data-ipsquote-contentapp=\"forums\" data-ipsquote-contenttype=\"forums\" data-ipsquote-contentclass=\"forums_Topic\" data-ipsquote-contentid=\"10276\" data-ipsquote-username=\"lawilas805\" data-cite=\"lawilas805\" data-ipsquote-timestamp=\"1452358935\" ><div ><div >\n<p >Ep3</p>\n<p >I'm interested in last 8 bytes:</p>\n<p >static F1 D8 FF FF (what are these bytes?)</p>\n<p >and checksum 37 0C A5 7A (how to calculate it?)</p>\n<p >File if you need it:</p>\n<p ><a href=\"http://rghost.ru/6yN5GBHCR\" rel=\"external nofollow\" >http://rghost.ru/6yN5GBHCR</a></p>\n</div></div></blockquote>\n<p > </p>\n<p >Use the HateMe editor, nothing else is needed.</p>\n"
        },
        {
            "id": 109016,
            "timestamp": 1452380462,
            "author": {
                "id": 19468,
                "name": "lawilas805",
                "image": null
            },
            "comment": "\n<p >I'm writing my own editors =)</p>\n<p >That's why I asked this question</p>\n<p >Hope, this bytes (C1 D8 FF FF) aren't so important :D</p>\n<p >Here's a bit of code, if someone needs: (author [member=<strong ><span ><span >filix_93</span></span></strong>] )</p>\n<p > </p>\n<div class=\"ipsSpoiler\" data-ipsspoiler=\"\" >\n<div class=\"ipsSpoiler_header\" ><span ></span></div>\n<div class=\"ipsSpoiler_contents\" >\n<p > </p>\n<pre class=\"ipsCode prettyprint\" >namespace Checksum\n{\n    using System;\n    using System.Diagnostics;\n    using System.IO;\n\n    public static class DoWork\n    {\n        public static int CalculateSum(string filepath, int size)\n        {\n            int num = 0;\n            BinaryReader reader = new BinaryReader(File.Open(filepath, FileMode.Open));\n            try\n            {\n                for (int i = 0; i < size; i += 20)\n                {\n                    reader.BaseStream.Seek((long) i, SeekOrigin.Begin);\n                    num += reader.ReadInt32();\n                }\n                reader.Close();\n            }\n            catch (Exception exception)\n            {\n                Debug.WriteLine(exception);\n                throw exception;\n            }\n            finally\n            {\n                if (reader != null)\n                {\n                    reader.Dispose();\n                }\n            }\n            return num;\n        }\n\n        public static bool CheckSumExist(string filepath)\n        {\n            return (GetCurrentSum(filepath) == CalculateSum(filepath, GetFileSize(filepath)));\n        }\n\n        public static bool EncodeFile(string filepath)\n        {\n            try\n            {\n                BinaryWriter writer;\n                int num;\n                Exception exception;\n                if (!CheckSumExist(filepath))\n                {\n                    num = CalculateSum(filepath, GetFileSize(filepath));\n                    writer = new BinaryWriter(File.OpenWrite(filepath));\n                    try\n                    {\n                        writer.BaseStream.Seek(0L, SeekOrigin.End);\n                        writer.Write(num);\n                        writer.Close();\n                    }\n                    catch (Exception exception1)\n                    {\n                        exception = exception1;\n                        Debug.WriteLine(exception);\n                        throw exception;\n                    }\n                    finally\n                    {\n                        if (writer != null)\n                        {\n                            writer.Dispose();\n                        }\n                    }\n                    return true;\n                }\n                num = CalculateSum(filepath, GetFileSize(filepath));\n                writer = new BinaryWriter(File.OpenWrite(filepath));\n                try\n                {\n                    writer.BaseStream.Seek(-4L, SeekOrigin.End);\n                    writer.Write(num);\n                    writer.Close();\n                }\n                catch (Exception exception2)\n                {\n                    exception = exception2;\n                    Debug.WriteLine(exception);\n                    throw exception;\n                }\n                finally\n                {\n                    if (writer != null)\n                    {\n                        writer.Dispose();\n                    }\n                }\n                return true;\n            }\n            catch\n            {\n                return false;\n            }\n        }\n\n        public static int GetCurrentSum(string filepath)\n        {\n            int num = 0;\n            BinaryReader reader = new BinaryReader(File.Open(filepath, FileMode.Open));\n            try\n            {\n                reader.BaseStream.Seek(-4L, SeekOrigin.End);\n                num = reader.ReadInt32();\n                reader.Close();\n            }\n            catch (Exception exception)\n            {\n                Debug.WriteLine(exception);\n                throw exception;\n            }\n            finally\n            {\n                if (reader != null)\n                {\n                    reader.Dispose();\n                }\n            }\n            return num;\n        }\n\n        public static int GetFileSize(string filepath)\n        {\n            return Convert.ToInt32(new FileInfo(filepath).Length);\n        }\n    }\n}\n\n\n</pre>\n<p > </p>\n</div>\n</div>\n<p > </p>\n<p >Solved.</p>\n\n\n\t\t\t\n\t\t\t\t\n\n<span class=\"ipsType_reset ipsType_medium ipsType_light\" data-excludequote=\"None\" >\n\t<strong >Edited <time datetime=\"2016-01-10T00:55:04Z\" title=\"01/10/2016 12:55  AM\" data-short=\"4 yr\" >January 10, 2016</time> by lawilas805</strong>\n\t\n\t\n</span>\n\t\t\t\n\t\t</div>"
        },
        {
            "id": 109248,
            "timestamp": 1453467189,
            "author": {
                "id": 2,
                "name": "Wizatek",
                "image": null
            },
            "comment": "<p >The original code is in the client source that you can find on this forum. <br >The in Secure\\FileSecure.cpp</br></p>"
        }
    ]
}