{
    "meta": {
        "threadId": 1028,
        "threadName": "Monster Combo",
        "dateCreated": "2011-10-13T03:46:18+0000",
        "datePublished": "2011-10-13T03:46:18+0000",
        "pageCount": 1,
        "originalUrl": "https://lckb.dev/forum/index.php?/topic/1028-monster-combo/",
        "authorId": null,
        "position": [
            {
                "@type": "ListItem",
                "position": 1,
                "item": {
                    "@id": "https://lckb.dev/forum/index.php?/forum/271-general-section/",
                    "name": "General Section"
                }
            },
            {
                "@type": "ListItem",
                "position": 2,
                "item": {
                    "@id": "https://lckb.dev/forum/index.php?/forum/259-general-discussion/",
                    "name": "General Discussion"
                }
            }
        ]
    },
    "commentData": [
        {
            "id": 8475,
            "timestamp": 1318477578,
            "author": {
                "id": null,
                "name": "Guest METH",
                "image": null
            },
            "comment": "\n<p >Anyone got monster combo working ??</p>\n<p > </p>\n<p >I have the map and the npc in place and the gameserver mentions it on start up. Just curious if its possible to fix or not.</p>\n<p > </p>\n<p >Thanks</p>\n"
        },
        {
            "id": 8477,
            "timestamp": 1318483365,
            "author": {
                "id": 161,
                "name": "Koko",
                "image": null
            },
            "comment": "<p >Im also trying to make it work since weeks >.></p>"
        }
    ]
}