{
    "meta": {
        "threadId": 10293,
        "threadName": "Hex Workshop Hex Editor License",
        "dateCreated": "2013-06-30T21:57:42+0000",
        "datePublished": "2013-06-30T21:57:42+0000",
        "pageCount": 1,
        "originalUrl": "https://lckb.dev/forum/index.php?/topic/10293-hex-workshop-hex-editor-license/",
        "authorId": 2835,
        "position": [
            {
                "@type": "ListItem",
                "position": 1,
                "item": {
                    "@id": "https://lckb.dev/forum/index.php?/forum/100-guides-help-section/",
                    "name": "Guides &amp; Help Section"
                }
            },
            {
                "@type": "ListItem",
                "position": 2,
                "item": {
                    "@id": "https://lckb.dev/forum/index.php?/forum/335-help-support/",
                    "name": "Help &amp; Support"
                }
            },
            {
                "@type": "ListItem",
                "position": 3,
                "item": {
                    "@id": "https://lckb.dev/forum/index.php?/forum/120-ep2-support/",
                    "name": "Ep2 Support"
                }
            },
            {
                "@type": "ListItem",
                "position": 4,
                "item": {
                    "@id": "https://lckb.dev/forum/index.php?/forum/134-solved-topics/",
                    "name": "Solved Topics"
                }
            }
        ]
    },
    "commentData": [
        {
            "id": 78373,
            "timestamp": 1372629462,
            "author": {
                "id": 2835,
                "name": "halohalo",
                "image": null
            },
            "comment": "\n<p >Anyone got the license for Hex Workshop Hex Editor (64 bit)? Im trying to look for it but i dont get it :( Or its any similar Hex Editor free or with crack/key to use?</p>\n<p > </p>\n<p >I just want to edit some offsets, thats why :)</p>\n<p > </p>\n<p >Thanks all^^</p>\n\n\n\t\t\t\n\t\t\t\t\n\n<span class=\"ipsType_reset ipsType_medium ipsType_light\" data-excludequote=\"None\" >\n\t<strong >Edited <time datetime=\"2013-07-01T15:53:15Z\" title=\"07/01/2013 03:53  PM\" data-short=\"7 yr\" >July 1, 2013</time> by halohalo</strong>\n\t\n\t\n</span>\n\t\t\t\n\t\t</div>"
        },
        {
            "id": 78375,
            "timestamp": 1372630485,
            "author": {
                "id": 6038,
                "name": "RomainLastChaos",
                "image": null
            },
            "comment": "\n<p >your best friends for this thing was youtube.com xD</p>\n<p > </p>\n<p >\"Crack WorkShop Hex Editor x64 bit\" etc</p>\n"
        },
        {
            "id": 78419,
            "timestamp": 1372669892,
            "author": {
                "id": 17432,
                "name": "Nymphetamine",
                "image": null
            },
            "comment": "<p >I sent u a PM since i dont know if im allowed to post it here</p>"
        },
        {
            "id": 78502,
            "timestamp": 1372693970,
            "author": {
                "id": 2835,
                "name": "halohalo",
                "image": null
            },
            "comment": "<p >yes it worked, thanks :)</p>"
        },
        {
            "id": 78506,
            "timestamp": 1372694648,
            "author": {
                "id": 16983,
                "name": "Jaiz",
                "image": null
            },
            "comment": "\n<p >Can you send me a link too? </p>\n<p > </p>\n<p >Greetings Jaiz</p>\n"
        },
        {
            "id": 78507,
            "timestamp": 1372694694,
            "author": {
                "id": 17432,
                "name": "Nymphetamine",
                "image": null
            },
            "comment": "\n<blockquote data-ipsquote=\"\" class=\"ipsQuote\" data-ipsquote-contentcommentid=\"78506\" data-ipsquote-contentapp=\"forums\" data-ipsquote-contenttype=\"forums\" data-ipsquote-contentclass=\"forums_Topic\" data-ipsquote-contentid=\"10293\" data-ipsquote-username=\"Jaiz\" data-cite=\"Jaiz\" data-ipsquote-timestamp=\"1372694648\" ><div ><div >\n<p >Can you send me a link too? </p>\n<p > </p>\n<p >Greetings Jaiz</p>\n</div></div></blockquote>\n<p >Done</p>\n"
        },
        {
            "id": 78509,
            "timestamp": 1372694735,
            "author": {
                "id": 16983,
                "name": "Jaiz",
                "image": null
            },
            "comment": "<p >i dont get anything O.o</p>"
        },
        {
            "id": 78510,
            "timestamp": 1372694804,
            "author": {
                "id": 17432,
                "name": "Nymphetamine",
                "image": null
            },
            "comment": "\n<blockquote data-ipsquote=\"\" class=\"ipsQuote\" data-ipsquote-contentcommentid=\"78509\" data-ipsquote-contentapp=\"forums\" data-ipsquote-contenttype=\"forums\" data-ipsquote-contentclass=\"forums_Topic\" data-ipsquote-contentid=\"10293\" data-ipsquote-username=\"Jaiz\" data-cite=\"Jaiz\" data-ipsquote-timestamp=\"1372694735\" ><div ><div ><p >i dont get anything O.o</p></div></div></blockquote>\n<p >Check now</p>\n"
        },
        {
            "id": 78511,
            "timestamp": 1372694848,
            "author": {
                "id": 16983,
                "name": "Jaiz",
                "image": null
            },
            "comment": "<p >Jes i get it. Look please now to the PM^^</p>"
        }
    ]
}