{
    "meta": {
        "threadId": 10309,
        "threadName": "[BUY]Buy checksum algorithm in itemall",
        "dateCreated": "2013-07-01T18:05:01+0000",
        "datePublished": "2013-07-01T18:05:01+0000",
        "pageCount": 1,
        "originalUrl": "https://lckb.dev/forum/index.php?/topic/10309-buybuy-checksum-algorithm-in-itemall/",
        "authorId": 17313,
        "position": [
            {
                "@type": "ListItem",
                "position": 1,
                "item": {
                    "@id": "https://lckb.dev/forum/index.php?/forum/272-programmers-gateway/",
                    "name": "Programmers Gateway"
                }
            },
            {
                "@type": "ListItem",
                "position": 2,
                "item": {
                    "@id": "https://lckb.dev/forum/index.php?/forum/79-coders-talk/",
                    "name": "Coders Talk"
                }
            }
        ]
    },
    "commentData": [
        {
            "id": 78555,
            "timestamp": 1372701901,
            "author": {
                "id": 17313,
                "name": "Maxes727",
                "image": null
            },
            "comment": "<p >Buy checksum algorithm in itemall. My skype satana7272</p>"
        }
    ]
}