{
    "meta": {
        "threadId": 10312,
        "threadName": "[SOLVED]Horse and Dragon disappeared after logout",
        "dateCreated": "2013-07-02T06:22:16+0000",
        "datePublished": "2013-07-02T06:22:16+0000",
        "pageCount": 1,
        "originalUrl": "https://lckb.dev/forum/index.php?/topic/10312-solvedhorse-and-dragon-disappeared-after-logout/",
        "authorId": 16988,
        "position": [
            {
                "@type": "ListItem",
                "position": 1,
                "item": {
                    "@id": "https://lckb.dev/forum/index.php?/forum/100-guides-help-section/",
                    "name": "Guides &amp; Help Section"
                }
            },
            {
                "@type": "ListItem",
                "position": 2,
                "item": {
                    "@id": "https://lckb.dev/forum/index.php?/forum/335-help-support/",
                    "name": "Help &amp; Support"
                }
            },
            {
                "@type": "ListItem",
                "position": 3,
                "item": {
                    "@id": "https://lckb.dev/forum/index.php?/forum/120-ep2-support/",
                    "name": "Ep2 Support"
                }
            },
            {
                "@type": "ListItem",
                "position": 4,
                "item": {
                    "@id": "https://lckb.dev/forum/index.php?/forum/134-solved-topics/",
                    "name": "Solved Topics"
                }
            }
        ]
    },
    "commentData": [
        {
            "id": 78622,
            "timestamp": 1372746136,
            "author": {
                "id": 16988,
                "name": "axander",
                "image": null
            },
            "comment": "\n<p >I have some usa server files in test but i have this problem after have completed quest from flute and eggs i received correctly the pet horse and dragon, the pet is correctly working, take exp and levelling it but if i logout from game all 2 pet disappeared. As some the pet not was saved on table of db t_pet and a_pet_name. I try to make empy table for start with a new table, try to put a a pet with some pet exist but is i set a_owner a character after logout from game this pet is deleted.</p>\n<p >Someone know how i can resolve the problem? Thanks in advantage!</p>\n"
        },
        {
            "id": 78715,
            "timestamp": 1372786305,
            "author": {
                "id": 17582,
                "name": "CDWriter",
                "image": null
            },
            "comment": "\n<p style=\"color:rgb(40,40,40);font-family:arial, helvetica, clean, sans-serif;\" ><span style=\"color:rgb(1,85,125);font-family:'Courier New', Arial, sans-serif;background-color:rgb(226,248,255);\" >ALTER TABLE t_pet ADD </span> `a_pet_size` int(11) NOT NULL DEFAULT 10:</p>\n<br /><p style=\"color:rgb(40,40,40);font-family:arial, helvetica, clean, sans-serif;\" > </p>\n<br /><p style=\"color:rgb(40,40,40);font-family:arial, helvetica, clean, sans-serif;\" >add column to t_pet in newproject_db</p>\n<br /><p style=\"color:rgb(40,40,40);font-family:arial, helvetica, clean, sans-serif;\" > </p>\n<br /><p style=\"color:rgb(40,40,40);font-family:arial, helvetica, clean, sans-serif;\" >simple fix</p>\n<br />"
        },
        {
            "id": 79314,
            "timestamp": 1373083141,
            "author": {
                "id": 16988,
                "name": "axander",
                "image": null
            },
            "comment": "<p >VEry really thanks man Problem was solved! edit first post as solved!</p>"
        },
        {
            "id": 80060,
            "timestamp": 1373487635,
            "author": {
                "id": 2069,
                "name": "LikeToMove",
                "image": null
            },
            "comment": "<p >Moved to Solved section :)</p>"
        }
    ]
}