{
    "meta": {
        "threadId": 10353,
        "threadName": "Old Juno replace in USA Files",
        "dateCreated": "2013-07-03T20:20:01+0000",
        "datePublished": "2013-07-03T20:20:01+0000",
        "pageCount": 1,
        "originalUrl": "https://lckb.dev/forum/index.php?/topic/10353-old-juno-replace-in-usa-files/",
        "authorId": 2835,
        "position": [
            {
                "@type": "ListItem",
                "position": 1,
                "item": {
                    "@id": "https://lckb.dev/forum/index.php?/forum/100-guides-help-section/",
                    "name": "Guides &amp; Help Section"
                }
            },
            {
                "@type": "ListItem",
                "position": 2,
                "item": {
                    "@id": "https://lckb.dev/forum/index.php?/forum/335-help-support/",
                    "name": "Help &amp; Support"
                }
            },
            {
                "@type": "ListItem",
                "position": 3,
                "item": {
                    "@id": "https://lckb.dev/forum/index.php?/forum/120-ep2-support/",
                    "name": "Ep2 Support"
                }
            },
            {
                "@type": "ListItem",
                "position": 4,
                "item": {
                    "@id": "https://lckb.dev/forum/index.php?/forum/134-solved-topics/",
                    "name": "Solved Topics"
                }
            }
        ]
    },
    "commentData": [
        {
            "id": 78920,
            "timestamp": 1372882801,
            "author": {
                "id": 2835,
                "name": "halohalo",
                "image": null
            },
            "comment": "\n<p >I have changed the new to the old juno in client and server and db, but when you enter ingame the character appears outside of juno near the mountains, how to fix it?</p>\n<p > </p>\n<p >Im using usa files*</p>\n<p > </p>\n<p >Thanks all</p>\n\n\n\t\t\t\n\t\t\t\t\n\n<span class=\"ipsType_reset ipsType_medium ipsType_light\" data-excludequote=\"None\" >\n\t<strong >Edited <time datetime=\"2013-07-06T14:49:10Z\" title=\"07/06/2013 02:49  PM\" data-short=\"7 yr\" >July 6, 2013</time> by halohalo</strong>\n\t\n\t\n</span>\n\t\t\t\n\t\t</div>"
        },
        {
            "id": 78930,
            "timestamp": 1372889358,
            "author": {
                "id": 16931,
                "name": "Walletman987",
                "image": null
            },
            "comment": "<p >@<a contenteditable=\"false\" data-ipshover=\"\" href=\"https://lckb.dev/forum/index.php?/profile/2835-halohalo/\" data-ipshover-target=\"https://lckb.dev/forum/index.php?/profile/2835-halohalo/&do=hovercard\" data-mentionid=\"2835\" rel=\"\" >@halohalo</a> By near the mountains, do you mean at the newbie startzone?  I think there is a tool to change that.</p>"
        },
        {
            "id": 78935,
            "timestamp": 1372893212,
            "author": {
                "id": 2835,
                "name": "halohalo",
                "image": null
            },
            "comment": "<p >yes, im changing the juno but i want to fix the place where you spawn at start and when you die</p>"
        },
        {
            "id": 79110,
            "timestamp": 1372974521,
            "author": {
                "id": 16931,
                "name": "Walletman987",
                "image": null
            },
            "comment": "<p >@<a contenteditable=\"false\" data-ipshover=\"\" href=\"https://lckb.dev/forum/index.php?/profile/2835-halohalo/\" data-ipshover-target=\"https://lckb.dev/forum/index.php?/profile/2835-halohalo/&do=hovercard\" data-mentionid=\"2835\" rel=\"\" >@halohalo</a>   Go to newproject_data and look at t_zonedata, you can change the spawn point in there.</p>"
        },
        {
            "id": 79120,
            "timestamp": 1372986106,
            "author": {
                "id": 2835,
                "name": "halohalo",
                "image": null
            },
            "comment": "<p >I did and not working :/</p>"
        },
        {
            "id": 79122,
            "timestamp": 1372992237,
            "author": {
                "id": 2016,
                "name": "pwesty",
                "image": null
            },
            "comment": "\n<p >posleft top right bottom, are your spawn points, is the correct spawn below</p>\n<p > </p>\n<p >if they dont work let me know and ill go in game and get you a few to use</p>\n<p > </p>\n<p > </p>\n<p > </p>\n<p >INSERT INTO `t_zonedata` VALUES (0, Juno, 1536, 1536, 1, data/StartZone_1536_1536_0.sat, data/StartZone_1536_1536_0.[CeNsOrEd], 1, 1, 6, 0 0 0 0 0 0, 1102 275 1102 207 156 1440, 942 629 942 1280 121 875, 1122 280 1122 227 161 1444, 962 634 962 1300 126 870, enabled, 1, 1, 2, 0 0, 988 102, 824 1234, 1340 290, 1168 1430, !????????!????????, 0 3);<br /> </p>\n\n\n\t\t\t\n\t\t\t\t\n\n<span class=\"ipsType_reset ipsType_medium ipsType_light\" data-excludequote=\"None\" >\n\t<strong >Edited <time datetime=\"2013-07-05T02:45:03Z\" title=\"07/05/2013 02:45  AM\" data-short=\"7 yr\" >July 5, 2013</time> by pwesty</strong>\n\t\n\t\n</span>\n\t\t\t\n\t\t</div>"
        },
        {
            "id": 79411,
            "timestamp": 1373122115,
            "author": {
                "id": 2835,
                "name": "halohalo",
                "image": null
            },
            "comment": "<p >got it working, solved</p>"
        }
    ]
}