{
    "meta": {
        "threadId": 10404,
        "threadName": "How to fix Old Juno Relog!",
        "dateCreated": "2013-07-06T14:52:36+0000",
        "datePublished": "2013-07-06T14:52:36+0000",
        "pageCount": 1,
        "originalUrl": "https://lckb.dev/forum/index.php?/topic/10404-how-to-fix-old-juno-relog/",
        "authorId": 2835,
        "position": [
            {
                "@type": "ListItem",
                "position": 1,
                "item": {
                    "@id": "https://lckb.dev/forum/index.php?/forum/100-guides-help-section/",
                    "name": "Guides &amp; Help Section"
                }
            },
            {
                "@type": "ListItem",
                "position": 2,
                "item": {
                    "@id": "https://lckb.dev/forum/index.php?/forum/332-tutorials-guides/",
                    "name": "Tutorials &amp; Guides"
                }
            },
            {
                "@type": "ListItem",
                "position": 3,
                "item": {
                    "@id": "https://lckb.dev/forum/index.php?/forum/107-ep2-guides/",
                    "name": "Ep2 Guides"
                }
            }
        ]
    },
    "commentData": [
        {
            "id": 79412,
            "timestamp": 1373122356,
            "author": {
                "id": 2835,
                "name": "halohalo",
                "image": null
            },
            "comment": "\n<p >For those who have the old juno and spawn outside of it or in the mountains, at it happend to me, here is the right coordinates to fix it.</p>\n<p > </p>\n<p ></p>\n<pre class=\"ipsCode prettyprint lang-auto\" >INSERT INTO `t_zonedata` VALUES (0, ???? ???????, 1536, 1536, 1,  data/StartZone_1536_1536_0.sat,  data/StartZone_1536_1536_0.[CeNsOrEd], 1, 1, 9,  0 0 0 0 0 0 0 0,  1112 1392 233 246 161 1444 1112 1392, 952 607 232 1202 121 875 952 607, 1112 1392 233 246 161 1444 1112 1392, 952 607 232 1202 121 875 952 607, ![0]???? ???![1]????1 ?????? ???![2]???? ??? (???? ???? ????? ???? ???? 1???? ??????? ??????? ??)![3]???????1![4]???????2![5] ????????? ???![6] ????![7] ?\u00c3\u0192\u00e2\u20ac\u00a6\u00c3\u201a\u00c2\u00b8?, 1, 1, 0, 0, 255, 1, 6, 208 1240 304 1336 6 188 908 288 1004 6 230 214 328 314 6 304 398 404 468 6 1004 150 1072 318 6 798 514 1098 614 6 864 696 960 1000 6 1030 668 1130 966 6 906 1020 1206 1168 6 442 316 942 356 6, 0, );\n</pre> <p >This will spawn you all the time in the center of juno, as it should be.</p>\n<p > </p>\n<p >Credits to ucaff from LCSF</p>\n<p > </p>\n<p >Have fun!</p>\n\n\n\t\t\t\n\t\t\t\t\n\n<span class=\"ipsType_reset ipsType_medium ipsType_light\" data-excludequote=\"None\" >\n\t<strong >Edited <time datetime=\"2014-01-17T10:48:45Z\" title=\"01/17/2014 10:48  AM\" data-short=\"6 yr\" >January 17, 2014</time> by ToXiC L33T</strong>\n\t\n\t\n</span>\n\t\t\t\n\t\t</div>"
        },
        {
            "id": 79444,
            "timestamp": 1373140071,
            "author": {
                "id": 13233,
                "name": "fliegendeflasche97",
                "image": null
            },
            "comment": "<p >thanks halo. this is really better than my method with the npc in the mountains :p</p>"
        },
        {
            "id": 79447,
            "timestamp": 1373147477,
            "author": {
                "id": 2835,
                "name": "halohalo",
                "image": null
            },
            "comment": "\n<blockquote data-ipsquote=\"\" class=\"ipsQuote\" data-ipsquote-contentcommentid=\"79438\" data-ipsquote-contentapp=\"forums\" data-ipsquote-contenttype=\"forums\" data-ipsquote-contentclass=\"forums_Topic\" data-ipsquote-contentid=\"10404\" data-ipsquote-username=\"CyberClaus\" data-cite=\"CyberClaus\" data-ipsquote-timestamp=\"1373134173\" ><div ><div >\n<p >@<a contenteditable=\"false\" data-ipshover=\"\" href=\"https://lckb.dev/forum/index.php?/profile/2835-halohalo/\" data-ipshover-target=\"https://lckb.dev/forum/index.php?/profile/2835-halohalo/&do=hovercard\" data-mentionid=\"2835\" rel=\"\" >@halohalo</a></p>\n<p > </p>\n<p >Im approving this guide temporarly, you need to post the proper credits please.</p>\n</div></div></blockquote>\n<p >done, its a member of my forum :)</p>\n"
        },
        {
            "id": 79561,
            "timestamp": 1373226085,
            "author": {
                "id": 17439,
                "name": "peke1996",
                "image": null
            },
            "comment": "<p >Thanks Halo ;)</p>"
        },
        {
            "id": 79594,
            "timestamp": 1373235859,
            "author": {
                "id": 14868,
                "name": "Gambit",
                "image": null
            },
            "comment": "\n<p >Nice but you also are going to need the old juno sat .[CeNsOrEd] and compatible old juno client files... </p>\n<p > </p>\n<p > </p>\n<p >@ Peke</p>\n<p > </p>\n<p >Im sorry but I could not ignore your signature, i thought it was part of the thread but then I looked again it was just 2 big.</p>\n\n\n\t\t\t\n\t\t\t\t\n\n<span class=\"ipsType_reset ipsType_medium ipsType_light\" data-excludequote=\"None\" >\n\t<strong >Edited <time datetime=\"2013-07-07T22:25:33Z\" title=\"07/07/2013 10:25  PM\" data-short=\"7 yr\" >July 7, 2013</time> by chevell</strong>\n\t\n\t\n</span>\n\t\t\t\n\t\t</div>"
        },
        {
            "id": 79684,
            "timestamp": 1373306890,
            "author": {
                "id": 7482,
                "name": "Creep",
                "image": null
            },
            "comment": "<p >could u link up LCSF? ;)</p>"
        },
        {
            "id": 79961,
            "timestamp": 1373406224,
            "author": {
                "id": 2835,
                "name": "halohalo",
                "image": null
            },
            "comment": "\n<blockquote data-ipsquote=\"\" class=\"ipsQuote\" data-ipsquote-contentcommentid=\"79684\" data-ipsquote-contentapp=\"forums\" data-ipsquote-contenttype=\"forums\" data-ipsquote-contentclass=\"forums_Topic\" data-ipsquote-contentid=\"10404\" data-ipsquote-username=\"Creep\" data-cite=\"Creep\" data-ipsquote-timestamp=\"1373306890\" ><div ><div ><p >could u link up LCSF? ;)</p></div></div></blockquote>\n<p >lcspanishforum.ucoz.com ;)</p>\n"
        }
    ]
}