{
    "meta": {
        "threadId": 10411,
        "threadName": "Triple Bash animation",
        "dateCreated": "2013-07-06T21:53:32+0000",
        "datePublished": "2013-07-06T21:53:32+0000",
        "pageCount": 1,
        "originalUrl": "https://lckb.dev/forum/index.php?/topic/10411-triple-bash-animation/",
        "authorId": 2835,
        "position": [
            {
                "@type": "ListItem",
                "position": 1,
                "item": {
                    "@id": "https://lckb.dev/forum/index.php?/forum/100-guides-help-section/",
                    "name": "Guides &amp; Help Section"
                }
            },
            {
                "@type": "ListItem",
                "position": 2,
                "item": {
                    "@id": "https://lckb.dev/forum/index.php?/forum/335-help-support/",
                    "name": "Help &amp; Support"
                }
            },
            {
                "@type": "ListItem",
                "position": 3,
                "item": {
                    "@id": "https://lckb.dev/forum/index.php?/forum/120-ep2-support/",
                    "name": "Ep2 Support"
                }
            },
            {
                "@type": "ListItem",
                "position": 4,
                "item": {
                    "@id": "https://lckb.dev/forum/index.php?/forum/134-solved-topics/",
                    "name": "Solved Topics"
                }
            }
        ]
    },
    "commentData": [
        {
            "id": 79448,
            "timestamp": 1373147612,
            "author": {
                "id": 2835,
                "name": "halohalo",
                "image": null
            },
            "comment": "\n<p >Im using lcgn client and i saw that double and triple bash have the same animation. I tryied to change it on client and its still the same...</p>\n<p > </p>\n<p >Where i have to change it to make it as it was before (default)</p>\n<p > </p>\n<p >Thanks</p>\n\n\n\t\t\t\n\t\t\t\t\n\n<span class=\"ipsType_reset ipsType_medium ipsType_light\" data-excludequote=\"None\" >\n\t<strong >Edited <time datetime=\"2013-07-06T22:04:40Z\" title=\"07/06/2013 10:04  PM\" data-short=\"7 yr\" >July 6, 2013</time> by halohalo</strong>\n\t\n\t\n</span>\n\t\t\t\n\t\t</div>"
        },
        {
            "id": 79449,
            "timestamp": 1373147671,
            "author": {
                "id": 17432,
                "name": "Nymphetamine",
                "image": null
            },
            "comment": "\n<blockquote data-ipsquote=\"\" class=\"ipsQuote\" data-ipsquote-contentcommentid=\"79448\" data-ipsquote-contentapp=\"forums\" data-ipsquote-contenttype=\"forums\" data-ipsquote-contentclass=\"forums_Topic\" data-ipsquote-contentid=\"10411\" data-ipsquote-username=\"halohalo\" data-cite=\"halohalo\" data-ipsquote-timestamp=\"1373147612\" ><div ><div >\n<p >Im using lcgn client and i saw that double and triple bash have the same animation. I tryied to change it on client and its still the same...</p>\n<p > </p>\n<p >Where i have to change it to make it as it was before (default)</p>\n<p > </p>\n<p >Thanks</p>\n</div></div></blockquote>\n<p >Check if Fire Time and Ready Timein the editor is setted to 0</p>\n<p >Also be sure that you deleted animation.</p>\n"
        },
        {
            "id": 79450,
            "timestamp": 1373148223,
            "author": {
                "id": 2835,
                "name": "halohalo",
                "image": null
            },
            "comment": "<p >had to delete animation, thanks! ^^</p>"
        },
        {
            "id": 79451,
            "timestamp": 1373148243,
            "author": {
                "id": 17432,
                "name": "Nymphetamine",
                "image": null
            },
            "comment": "\n<blockquote data-ipsquote=\"\" class=\"ipsQuote\" data-ipsquote-contentcommentid=\"79450\" data-ipsquote-contentapp=\"forums\" data-ipsquote-contenttype=\"forums\" data-ipsquote-contentclass=\"forums_Topic\" data-ipsquote-contentid=\"10411\" data-ipsquote-username=\"halohalo\" data-cite=\"halohalo\" data-ipsquote-timestamp=\"1373148223\" ><div ><div ><p >had to delete animation, thanks! ^^</p></div></div></blockquote>\n<p >Glad to help when i can :)</p>\n"
        },
        {
            "id": 79459,
            "timestamp": 1373157111,
            "author": {
                "id": 5247,
                "name": "Miguel1993",
                "image": null
            },
            "comment": "<p >Delete animation not work... A use skill for mob and disconnect.</p>"
        },
        {
            "id": 79460,
            "timestamp": 1373157131,
            "author": {
                "id": 2835,
                "name": "halohalo",
                "image": null
            },
            "comment": "<p >When i use it, it gets bugged and i get disconnected, any fix?</p>"
        },
        {
            "id": 79461,
            "timestamp": 1373158105,
            "author": {
                "id": 17432,
                "name": "Nymphetamine",
                "image": null
            },
            "comment": "\n<p >Try changing skills_usa. It should fix.</p>\n<p >Also all have basically the same skills so wont be a problem change it</p>\n"
        },
        {
            "id": 79464,
            "timestamp": 1373160001,
            "author": {
                "id": 2835,
                "name": "halohalo",
                "image": null
            },
            "comment": "\n<p >Here is the fix: change in animation2-> fire: ns_debuff_00 and same in t_skill in data base, that will fix your tb without dcs^^</p>\n<p > </p>\n<p >Credits to me whaha :)</p>\n"
        }
    ]
}