{
    "meta": {
        "threadId": 10433,
        "threadName": "Tool HateMe",
        "dateCreated": "2013-07-08T16:17:03+0000",
        "datePublished": "2013-07-08T16:17:03+0000",
        "pageCount": 1,
        "originalUrl": "https://lckb.dev/forum/index.php?/topic/10433-tool-hateme/",
        "authorId": 17148,
        "position": [
            {
                "@type": "ListItem",
                "position": 1,
                "item": {
                    "@id": "https://lckb.dev/forum/index.php?/forum/100-guides-help-section/",
                    "name": "Guides &amp; Help Section"
                }
            },
            {
                "@type": "ListItem",
                "position": 2,
                "item": {
                    "@id": "https://lckb.dev/forum/index.php?/forum/335-help-support/",
                    "name": "Help &amp; Support"
                }
            },
            {
                "@type": "ListItem",
                "position": 3,
                "item": {
                    "@id": "https://lckb.dev/forum/index.php?/forum/120-ep2-support/",
                    "name": "Ep2 Support"
                }
            },
            {
                "@type": "ListItem",
                "position": 4,
                "item": {
                    "@id": "https://lckb.dev/forum/index.php?/forum/134-solved-topics/",
                    "name": "Solved Topics"
                }
            }
        ]
    },
    "commentData": [
        {
            "id": 79677,
            "timestamp": 1373300223,
            "author": {
                "id": 17148,
                "name": "WorldOfWars",
                "image": null
            },
            "comment": "\n<p >Hey guys,</p>\n<p > </p>\n<p >When i try to log the tool Moonstone of HateMe at my Database, i got the message  Something Wrong, but all is right, how can i fix it?</p>\n<p > </p>\n<p >Fixed thanks to Sibastient.</p>\n\n\n\t\t\t\n\t\t\t\t\n\n<span class=\"ipsType_reset ipsType_medium ipsType_light\" data-excludequote=\"None\" >\n\t<strong >Edited <time datetime=\"2013-07-08T23:31:22Z\" title=\"07/08/2013 11:31  PM\" data-short=\"7 yr\" >July 8, 2013</time> by WorldOfWars</strong>\n\t\n\t\n</span>\n\t\t\t\n\t\t</div>"
        },
        {
            "id": 79679,
            "timestamp": 1373300796,
            "author": {
                "id": 7263,
                "name": "SibaN",
                "image": null
            },
            "comment": "\n<p >you need to open folder monstone editor </p>\n<p > </p>\n<p >and open Settings.cfg</p>\n<p > </p>\n<div >## MYSQL</div>\n<div >SQL_HOST=</div>\n<div >SQL_USER=</div>\n<div >SQL_PASSWORD=</div>\n<div >SQL_DBASE_DB_Data=newproject_data</div>\n<div > </div>\n<div >and complet that and save it</div>\n\n\n\t\t\t\n\t\t\t\t\n\n<span class=\"ipsType_reset ipsType_medium ipsType_light\" data-excludequote=\"None\" >\n\t<strong >Edited <time datetime=\"2013-07-08T16:27:55Z\" title=\"07/08/2013 04:27  PM\" data-short=\"7 yr\" >July 8, 2013</time> by sibastient</strong>\n\t\n\t\n</span>\n\t\t\t\n\t\t</div>"
        },
        {
            "id": 79702,
            "timestamp": 1373326257,
            "author": {
                "id": 17148,
                "name": "WorldOfWars",
                "image": null
            },
            "comment": "<p >Thanks you very much Sibastient :)</p>"
        }
    ]
}