{
    "meta": {
        "threadId": 10453,
        "threadName": "old juno",
        "dateCreated": "2013-07-09T16:08:21+0000",
        "datePublished": "2013-07-09T16:08:21+0000",
        "pageCount": 1,
        "originalUrl": "https://lckb.dev/forum/index.php?/topic/10453-old-juno/",
        "authorId": 7119,
        "position": [
            {
                "@type": "ListItem",
                "position": 1,
                "item": {
                    "@id": "https://lckb.dev/forum/index.php?/forum/271-general-section/",
                    "name": "General Section"
                }
            },
            {
                "@type": "ListItem",
                "position": 2,
                "item": {
                    "@id": "https://lckb.dev/forum/index.php?/forum/43-development-showroom/",
                    "name": "Development Showroom"
                }
            }
        ]
    },
    "commentData": [
        {
            "id": 79811,
            "timestamp": 1373386101,
            "author": {
                "id": 7119,
                "name": "MANGUSTA788",
                "image": null
            },
            "comment": "<p >Old juno work in progress  <a href=\"https://www.youtube.com/watch?v=ef3RZqkdxa8\" rel=\"external nofollow\" >http://www.youtube.com/watch?v=ef3RZqkdxa8</a></p>\n\n\t\t\t\n\t\t\t\t\n\n<span class=\"ipsType_reset ipsType_medium ipsType_light\" data-excludequote=\"None\" >\n\t<strong >Edited <time datetime=\"2013-07-09T17:56:09Z\" title=\"07/09/2013 05:56  PM\" data-short=\"7 yr\" >July 9, 2013</time> by MANGUSTA788</strong>\n\t\n\t\n</span>\n\t\t\t\n\t\t</div>"
        },
        {
            "id": 79953,
            "timestamp": 1373400482,
            "author": {
                "id": 17432,
                "name": "Nymphetamine",
                "image": null
            },
            "comment": "\n<p >A big +1.</p>\n<p >Are them just .tex changes or just models?</p>\n<p >And will you release them?</p>\n"
        }
    ]
}