{
    "meta": {
        "threadId": 1050,
        "threadName": "Help With a guide.",
        "dateCreated": "2011-10-14T23:46:50+0000",
        "datePublished": "2011-10-14T23:46:50+0000",
        "pageCount": 1,
        "originalUrl": "https://lckb.dev/forum/index.php?/topic/1050-help-with-a-guide/",
        "authorId": 235,
        "position": [
            {
                "@type": "ListItem",
                "position": 1,
                "item": {
                    "@id": "https://lckb.dev/forum/index.php?/forum/271-general-section/",
                    "name": "General Section"
                }
            },
            {
                "@type": "ListItem",
                "position": 2,
                "item": {
                    "@id": "https://lckb.dev/forum/index.php?/forum/259-general-discussion/",
                    "name": "General Discussion"
                }
            }
        ]
    },
    "commentData": [
        {
            "id": 8596,
            "timestamp": 1318636010,
            "author": {
                "id": 235,
                "name": "Baikim",
                "image": null
            },
            "comment": "\n<p >Hey, here i see A LOT of info but i dont see any guide on how to set up te server, and really I see a lot of patchs, fixeds and moore and moore files. And i don\u00c2\u00b4t know what i need to start the server....</p>\n<p > </p>\n<p >Can anyone make a guide for noobies like me and get that section more organized ? Thanks anyway ;)</p>\n"
        },
        {
            "id": 8597,
            "timestamp": 1318636869,
            "author": {
                "id": null,
                "name": "Guest Jackster",
                "image": null
            },
            "comment": "<p >There are easy guilds on the server releases themselves.</p>"
        },
        {
            "id": 8621,
            "timestamp": 1318682439,
            "author": {
                "id": 235,
                "name": "Baikim",
                "image": null
            },
            "comment": "\n<blockquote data-ipsquote=\"\" class=\"ipsQuote\" data-ipsquote-username=\"\\\" data-cite=\"\\\" data-ipsquote-contentapp=\"forums\" data-ipsquote-contenttype=\"forums\" data-ipsquote-contentid=\"1050\" data-ipsquote-contentclass=\"forums_Topic\" ><div >There are easy guilds on the server releases themselves.</div></blockquote>\n<p > </p>\n<p >Really here I only see releases and releases.... no a guide on how to start a solo server... :S</p>\n"
        }
    ]
}