{
    "meta": {
        "threadId": 10515,
        "threadName": "new mob zombie",
        "dateCreated": "2013-07-13T00:05:05+0000",
        "datePublished": "2013-07-13T00:05:05+0000",
        "pageCount": 1,
        "originalUrl": "https://lckb.dev/forum/index.php?/topic/10515-new-mob-zombie/",
        "authorId": 7119,
        "position": [
            {
                "@type": "ListItem",
                "position": 1,
                "item": {
                    "@id": "https://lckb.dev/forum/index.php?/forum/271-general-section/",
                    "name": "General Section"
                }
            },
            {
                "@type": "ListItem",
                "position": 2,
                "item": {
                    "@id": "https://lckb.dev/forum/index.php?/forum/43-development-showroom/",
                    "name": "Development Showroom"
                }
            }
        ]
    },
    "commentData": [
        {
            "id": 80453,
            "timestamp": 1373673905,
            "author": {
                "id": 7119,
                "name": "MANGUSTA788",
                "image": null
            },
            "comment": "<p > <a href=\"https://www.youtube.com/watch?v=4rxGMw-0P1E&feature=youtu.be\" rel=\"external nofollow\" >http://www.youtube.com/watch?v=4rxGMw-0P1E&feature=youtu.be</a></p>"
        },
        {
            "id": 80455,
            "timestamp": 1373674294,
            "author": {
                "id": 13529,
                "name": "DrGenius",
                "image": null
            },
            "comment": "<p >nice they look like nemesis from resident evil 3 xD</p>"
        },
        {
            "id": 80492,
            "timestamp": 1373704836,
            "author": {
                "id": 13494,
                "name": "Ichy",
                "image": null
            },
            "comment": "<p >They look really nice o_o!</p>"
        },
        {
            "id": 80548,
            "timestamp": 1373716258,
            "author": {
                "id": 14922,
                "name": "ren0d1",
                "image": null
            },
            "comment": "<p >amazing *.*</p>"
        },
        {
            "id": 80555,
            "timestamp": 1373719905,
            "author": {
                "id": 13172,
                "name": "soryjero",
                "image": null
            },
            "comment": "<p >nice!</p>"
        }
    ]
}