{
    "meta": {
        "threadId": 10524,
        "threadName": "Error : libmysqlclient.so.12 ...",
        "dateCreated": "2013-07-13T10:29:55+0000",
        "datePublished": "2013-07-13T10:29:55+0000",
        "pageCount": 1,
        "originalUrl": "https://lckb.dev/forum/index.php?/topic/10524-error-libmysqlclientso12/",
        "authorId": null,
        "position": [
            {
                "@type": "ListItem",
                "position": 1,
                "item": {
                    "@id": "https://lckb.dev/forum/index.php?/forum/100-guides-help-section/",
                    "name": "Guides &amp; Help Section"
                }
            },
            {
                "@type": "ListItem",
                "position": 2,
                "item": {
                    "@id": "https://lckb.dev/forum/index.php?/forum/335-help-support/",
                    "name": "Help &amp; Support"
                }
            },
            {
                "@type": "ListItem",
                "position": 3,
                "item": {
                    "@id": "https://lckb.dev/forum/index.php?/forum/120-ep2-support/",
                    "name": "Ep2 Support"
                }
            },
            {
                "@type": "ListItem",
                "position": 4,
                "item": {
                    "@id": "https://lckb.dev/forum/index.php?/forum/134-solved-topics/",
                    "name": "Solved Topics"
                }
            }
        ]
    },
    "commentData": [
        {
            "id": 80533,
            "timestamp": 1373711395,
            "author": {
                "id": null,
                "name": "Guest SmoGG",
                "image": null
            },
            "comment": "\n<p style=\"text-align:center;\" ><strong >Dear Community,</strong></p>\n<br /><p style=\"text-align:center;\" ><em >I think Im to silly to create an EP2 Server >.<</em></p>\n<br /><p style=\"text-align:center;\" ><em >So maybe anyone know what to do ?</em></p>\n<br /><p style=\"text-align:center;\" ><span style=\"color:#d3d3d3;\" ><em >(cant find anyone with the same Problem)</em></span></p>\n<br /><p style=\"text-align:center;\" > </p>\n<br /><p style=\"text-align:center;\" ><span style=\"color:#ff0000;\" ><em >Error :</em></span></p>\n<br /><p style=\"text-align:center;\" >error while loading shared libraries: libmysqlclient.so.12:</p>\n<br /><p style=\"text-align:center;\" >cannot open shared object file: No such file or directory</p>\n<br /><p style=\"text-align:center;\" > </p>\n<br /><p style=\"text-align:center;\" ><span style=\"color:#ff0000;\" ><em >Error Screen : </em></span></p>\n<br /><p style=\"text-align:center;\" ><img alt=\"cyuwxif7.jpg\" src=\"http://s7.directupload.net/images/130713/cyuwxif7.jpg\" /></p>\n<br />"
        },
        {
            "id": 80543,
            "timestamp": 1373714034,
            "author": {
                "id": null,
                "name": "Guest SmoGG",
                "image": null
            },
            "comment": "<p >Okay solved ... Forget to download the libs (:</p>"
        }
    ]
}