{
    "meta": {
        "threadId": 10525,
        "threadName": "[Release] DarkGlow V3",
        "dateCreated": "2013-07-13T14:03:24+0000",
        "datePublished": "2013-07-13T14:03:24+0000",
        "pageCount": 2,
        "originalUrl": "https://lckb.dev/forum/index.php?/topic/10525-release-darkglow-v3/",
        "authorId": 7695,
        "position": [
            {
                "@type": "ListItem",
                "position": 1,
                "item": {
                    "@id": "https://lckb.dev/forum/index.php?/forum/40-website-scripting-security/",
                    "name": "Website Scripting &amp; Security"
                }
            },
            {
                "@type": "ListItem",
                "position": 2,
                "item": {
                    "@id": "https://lckb.dev/forum/index.php?/forum/368-website-releases/",
                    "name": "Website Releases"
                }
            },
            {
                "@type": "ListItem",
                "position": 3,
                "item": {
                    "@id": "https://lckb.dev/forum/index.php?/forum/306-ep2-websites/",
                    "name": "Ep2 Websites"
                }
            }
        ]
    },
    "commentData": [
        {
            "id": 80560,
            "timestamp": 1373724204,
            "author": {
                "id": 7695,
                "name": "CyberClaus",
                "image": null
            },
            "comment": "\n<p >Hi community,</p>\n<p > </p>\n<p >everyone says they hate those leachers, because they are friends, and then they release the private work and such. But there is also another kind of leachers. Those that buy something and after that, they resell. So for those, specialy today, watch me release this, and cry.</p>\n<p > </p>\n<p ><img alt=\"hzc.png\" src=\"https://img27.imageshack.us/img27/8116/hzc.png\" /></p>\n<p > </p>\n<p >this is the work of Noizy, all credits are for him. I do not care, if you think its bad, if you think you have better, i really dont care of nothing. This way, if anyone bought this site, and it was not from Noizy, ask for money back. Haters posting in the topic will get 24hours ban. Those who reupload this, will get a perma ban.</p>\n<p > </p>\n<p ><a href=\"https://dfiles.eu/files/20mecyuyd\" rel=\"external nofollow\" >http://dfiles.eu/files/20mecyuyd</a> -----------> <span style=\"color:#ff0000;\" >Download</span></p>\n<p > </p>\n<p > </p>\n"
        },
        {
            "id": 80562,
            "timestamp": 1373725128,
            "author": {
                "id": 1664,
                "name": "Dimensions",
                "image": null
            },
            "comment": "<p >thx nice hp</p>"
        },
        {
            "id": 80565,
            "timestamp": 1373725920,
            "author": {
                "id": 10637,
                "name": "redbull",
                "image": null
            },
            "comment": "<p >vote for delete</p>"
        },
        {
            "id": 80566,
            "timestamp": 1373726212,
            "author": {
                "id": 15998,
                "name": "crankchaos",
                "image": null
            },
            "comment": "<p >Nice thx man :ignat_02: :ignat_02: :ignat_02:</p>"
        },
        {
            "id": 80567,
            "timestamp": 1373726331,
            "author": {
                "id": 7695,
                "name": "CyberClaus",
                "image": null
            },
            "comment": "\n<blockquote data-ipsquote=\"\" class=\"ipsQuote\" data-ipsquote-contentcommentid=\"80565\" data-ipsquote-contentapp=\"forums\" data-ipsquote-contenttype=\"forums\" data-ipsquote-contentclass=\"forums_Topic\" data-ipsquote-contentid=\"10525\" data-ipsquote-username=\"redbull\" data-cite=\"redbull\" data-ipsquote-timestamp=\"1373725920\" ><div ><div ><p >vote for delete</p></div></div></blockquote>\n<p >Can you post your reason?</p>\n"
        },
        {
            "id": 80570,
            "timestamp": 1373726794,
            "author": {
                "id": 12456,
                "name": "gallito",
                "image": null
            },
            "comment": "<p >very well done CyberClaus  :P</p>"
        },
        {
            "id": 80573,
            "timestamp": 1373727841,
            "author": {
                "id": 15306,
                "name": "Noizy",
                "image": null
            },
            "comment": "\n<blockquote data-ipsquote=\"\" class=\"ipsQuote\" data-ipsquote-contentcommentid=\"80565\" data-ipsquote-contentapp=\"forums\" data-ipsquote-contenttype=\"forums\" data-ipsquote-contentclass=\"forums_Topic\" data-ipsquote-contentid=\"10525\" data-ipsquote-username=\"redbull\" data-cite=\"redbull\" data-ipsquote-timestamp=\"1373725920\" ><div ><div ><p >vote for delete</p></div></div></blockquote>\n<p >hmm, no :D i wanted to release :D so...</p>\n"
        },
        {
            "id": 80574,
            "timestamp": 1373727928,
            "author": {
                "id": 15306,
                "name": "Noizy",
                "image": null
            },
            "comment": "<p >Other website is still not released :D</p>"
        },
        {
            "id": 80577,
            "timestamp": 1373728988,
            "author": {
                "id": 14748,
                "name": "uillian",
                "image": null
            },
            "comment": "\n<p >\tForbidden</p>\n<p >You dont have permission to access / on this server.</p>\n<p >Additionally, a 403 Forbidden error was encountered while trying to use an ErrorDocument to handle the request.</p>\n<p > </p>\n<p > </p>\tApache/2.2.14 (Win32) DAV/2 mod_ssl/2.2.14 OpenSSL/0.9.8l mod_autoindex_color PHP/5.3.1 mod_apreq2-20090110/2.7.1 mod_perl/2.0.4 Perl/v5.10.1 Server at 192.168.0.100 Port 80\t \t \t \tHelp-me!"
        },
        {
            "id": 80579,
            "timestamp": 1373729179,
            "author": {
                "id": 7695,
                "name": "CyberClaus",
                "image": null
            },
            "comment": "\n<blockquote data-ipsquote=\"\" class=\"ipsQuote\" data-ipsquote-contentcommentid=\"80577\" data-ipsquote-contentapp=\"forums\" data-ipsquote-contenttype=\"forums\" data-ipsquote-contentclass=\"forums_Topic\" data-ipsquote-contentid=\"10525\" data-ipsquote-username=\"uillian\" data-cite=\"uillian\" data-ipsquote-timestamp=\"1373728988\" ><div ><div >\n<p >Forbidden</p>\n<p >You dont have permission to access / on this server.</p>\n<p >Additionally, a 403 Forbidden error was encountered while trying to use an ErrorDocument to handle the request.</p>\n<p > </p>\n<p > </p>\n<p >Apache/2.2.14 (Win32) DAV/2 mod_ssl/2.2.14 OpenSSL/0.9.8l mod_autoindex_color PHP/5.3.1 mod_apreq2-20090110/2.7.1 mod_perl/2.0.4 Perl/v5.10.1 Server at 192.168.0.100 Port 80       Help-me!</p>\n</div></div></blockquote>\n<p > </p>\n<p >Im sorry, due to the nature of this post, no support is going to be given. Work it yourself.</p>\n"
        },
        {
            "id": 80580,
            "timestamp": 1373729274,
            "author": {
                "id": 14748,
                "name": "uillian",
                "image": null
            },
            "comment": "<p ><span >Where</span> <span >can I find</span> <span >support</span><span >?</span></p>"
        },
        {
            "id": 80581,
            "timestamp": 1373729376,
            "author": {
                "id": 13494,
                "name": "Ichy",
                "image": null
            },
            "comment": "<p >WTF.. I bought it a few days ago and now :X </p>"
        },
        {
            "id": 80582,
            "timestamp": 1373729386,
            "author": {
                "id": 7695,
                "name": "CyberClaus",
                "image": null
            },
            "comment": "\n<blockquote data-ipsquote=\"\" class=\"ipsQuote\" data-ipsquote-contentcommentid=\"80580\" data-ipsquote-contentapp=\"forums\" data-ipsquote-contenttype=\"forums\" data-ipsquote-contentclass=\"forums_Topic\" data-ipsquote-contentid=\"10525\" data-ipsquote-username=\"uillian\" data-cite=\"uillian\" data-ipsquote-timestamp=\"1373729274\" ><div ><div ><p >Where can I find support?</p></div></div></blockquote>\n<p > Open a post in Request Support under EP2</p>\n"
        },
        {
            "id": 80585,
            "timestamp": 1373730281,
            "author": {
                "id": 15306,
                "name": "Noizy",
                "image": null
            },
            "comment": "\n<blockquote data-ipsquote=\"\" class=\"ipsQuote\" data-ipsquote-contentcommentid=\"80581\" data-ipsquote-contentapp=\"forums\" data-ipsquote-contenttype=\"forums\" data-ipsquote-contentclass=\"forums_Topic\" data-ipsquote-contentid=\"10525\" data-ipsquote-username=\"Ichy\" data-cite=\"Ichy\" data-ipsquote-timestamp=\"1373729376\" ><div ><div ><p >WTF.. I bought it a few days ago and now :X </p></div></div></blockquote>\n<p >guys reselling it, so i released, u can say him who resold or planning to sell it...</p>\n"
        },
        {
            "id": 80586,
            "timestamp": 1373730812,
            "author": {
                "id": null,
                "name": "Guest SmoGG",
                "image": null
            },
            "comment": "\n<blockquote data-ipsquote=\"\" class=\"ipsQuote\" data-ipsquote-contentcommentid=\"80577\" data-ipsquote-contentapp=\"forums\" data-ipsquote-contenttype=\"forums\" data-ipsquote-contentclass=\"forums_Topic\" data-ipsquote-contentid=\"10525\" data-ipsquote-username=\"uillian\" data-cite=\"uillian\" data-ipsquote-timestamp=\"1373728988\" ><div ><div >\n<p >Forbidden</p>\n<p >You dont have permission to access / on this server.</p>\n<p >Additionally, a 403 Forbidden error was encountered while trying to use an ErrorDocument to handle the request.</p>\n<p > </p>\n<p > </p>Apache/2.2.14 (Win32) DAV/2 mod_ssl/2.2.14 OpenSSL/0.9.8l mod_autoindex_color PHP/5.3.1 mod_apreq2-20090110/2.7.1 mod_perl/2.0.4 Perl/v5.10.1 Server at 192.168.0.100 Port 80       Help-me!<p > </p>\n</div></div></blockquote>\n<p >Just delete .htaccess :-)</p>\n"
        },
        {
            "id": 80588,
            "timestamp": 1373731502,
            "author": {
                "id": 14748,
                "name": "uillian",
                "image": null
            },
            "comment": "<p >smogg <span >where you erase</span><span >?</span></p>"
        },
        {
            "id": 80589,
            "timestamp": 1373731632,
            "author": {
                "id": 14748,
                "name": "uillian",
                "image": null
            },
            "comment": "<p ><span >Thanks</span><span >, the background</span> <span >was</span> <span >all White</span><span >!</span></p>"
        },
        {
            "id": 80590,
            "timestamp": 1373731745,
            "author": {
                "id": null,
                "name": "Guest SmoGG",
                "image": null
            },
            "comment": "\n<p >If you Downloading this Website you get an .rar ... Inside you can find all what you need for the Website and 1 Data with Name \".htaccess\"..</p>\n<p > </p>\n<p >Delete this one and you can view the Page (:</p>\n<p > </p>\n<p >& I had replace all \"<?php echo $site; ?>\" in the index.php with nothing, now it working fine for me (:</p>\n<p > </p>\n<p ><strong >[uPDATE]</strong> - Okay ... I delete on every site the \"<?php echo $site; ?>\" =D</p>\n"
        },
        {
            "id": 80743,
            "timestamp": 1373795215,
            "author": {
                "id": 5891,
                "name": "wowa296",
                "image": null
            },
            "comment": "<p >OMG i pay for this web and yet release thanks noizy i never buy from you.</p>"
        },
        {
            "id": 80753,
            "timestamp": 1373800241,
            "author": {
                "id": 7695,
                "name": "CyberClaus",
                "image": null
            },
            "comment": "<p >I feel sorry for you you wowa296, but this is not Noizy fault. You should blame the leechers that ruin not only, the ones that make something, but also they ruin the buyers like you. This website was release way before being posted here, so do not blame Noizy.</p>"
        },
        {
            "id": 80781,
            "timestamp": 1373816392,
            "author": {
                "id": 14748,
                "name": "uillian",
                "image": null
            },
            "comment": "\n<p ><span ><span >Solution</span> <span >for</span> <span >white</span> <span >screen problem</span> <span >is to rename</span> <span >the root</span> <span >\"</span><span >darkglow</span><span >\" to \"</span><span >site</span><span >\"</span></span></p>\n<p > </p>\n<p ><img alt=\"Sem+t%25C3%25ADtulo.jpg\" src=\"https://lh4.googleusercontent.com/-gwWiuN4ATNU/UeLGEEROUkI/AAAAAAAAAEE/6MhfhVejcdw/w1016-h574-no/Sem+t%25C3%25ADtulo.jpg\" /></p>\n"
        },
        {
            "id": 80787,
            "timestamp": 1373816963,
            "author": {
                "id": 2167,
                "name": "dethunter12",
                "image": null
            },
            "comment": "<p >hmm my friend just payed 25 euro for this site from darktemp not knowing it was noizys so  thats messed up (and if this classifys me as a hatter go ahead give me that 24 hour ban) im just stating my opinion. should have put some anti theft on it.</p>"
        },
        {
            "id": 80791,
            "timestamp": 1373821281,
            "author": {
                "id": 18424,
                "name": "Whazzizarti",
                "image": null
            },
            "comment": "\n<p >Not work for me..</p>\n<p > </p>\n<p >Demo: <a href=\"http://westwoodlastchaos.tk/\" rel=\"external nofollow\" >http://westwoodlastchaos.tk/</a></p>\n"
        },
        {
            "id": 80792,
            "timestamp": 1373821497,
            "author": {
                "id": 14748,
                "name": "uillian",
                "image": null
            },
            "comment": "<p >wharzzii rename darkglow to site!!!</p>"
        },
        {
            "id": 80793,
            "timestamp": 1373821898,
            "author": {
                "id": 18424,
                "name": "Whazzizarti",
                "image": null
            },
            "comment": "\n<blockquote data-ipsquote=\"\" class=\"ipsQuote\" data-ipsquote-contentcommentid=\"80792\" data-ipsquote-contentapp=\"forums\" data-ipsquote-contenttype=\"forums\" data-ipsquote-contentclass=\"forums_Topic\" data-ipsquote-contentid=\"10525\" data-ipsquote-username=\"uillian\" data-cite=\"uillian\" data-ipsquote-timestamp=\"1373821497\" ><div ><div ><p >wharzzii rename darkglow to site!!!</p></div></div></blockquote>\n<p >What you mean?</p>\n<p > </p>\n<p >i have this files:</p>\n<p ><img alt=\"0370e-f343b673-3d1f-4f5e-9bd5-9eda3b2fd4\" src=\"http://grabilla.com/0370e-f343b673-3d1f-4f5e-9bd5-9eda3b2fd431.png\" /></p>\n"
        },
        {
            "id": 80794,
            "timestamp": 1373822554,
            "author": {
                "id": 13656,
                "name": "YnVnZ2VyX2F",
                "image": null
            },
            "comment": "\n<blockquote data-ipsquote=\"\" class=\"ipsQuote\" data-ipsquote-contentcommentid=\"80791\" data-ipsquote-contentapp=\"forums\" data-ipsquote-contenttype=\"forums\" data-ipsquote-contentclass=\"forums_Topic\" data-ipsquote-contentid=\"10525\" data-ipsquote-username=\"Whazzizarti\" data-cite=\"Whazzizarti\" data-ipsquote-timestamp=\"1373821281\" ><div ><div >\n<p >Not work for me..</p>\n<p > </p>\n<p >Demo: <a href=\"http://westwoodlastchaos.tk/\" rel=\"external nofollow\" >http://westwoodlastchaos.tk/</a></p>\n</div></div></blockquote>\n<p >include/config.php</p>\n<p > </p>\n<p >$site = \"your site link\";</p>\n<p > </p>\n<p >....</p>\n<p > </p>\n<p >btw. Nice website Noizy.</p>\n\n\n\t\t\t\n\t\t\t\t\n\n<span class=\"ipsType_reset ipsType_medium ipsType_light\" data-excludequote=\"None\" >\n\t<strong >Edited <time datetime=\"2013-07-14T17:27:56Z\" title=\"07/14/2013 05:27  PM\" data-short=\"7 yr\" >July 14, 2013</time> by xDayEnd</strong>\n\t\n\t\n</span>\n\t\t\t\n\t\t</div>"
        },
        {
            "id": 80795,
            "timestamp": 1373822966,
            "author": {
                "id": 18424,
                "name": "Whazzizarti",
                "image": null
            },
            "comment": "\n<p >Thanks i have it wokred but the site have many errors <.<</p>\n<p > </p>\n<p >On register for example</p>\n"
        },
        {
            "id": 80804,
            "timestamp": 1373827880,
            "author": {
                "id": 3095,
                "name": "evrey1995",
                "image": null
            },
            "comment": "\n<blockquote data-ipsquote=\"\" class=\"ipsQuote\" ><div >\n<p > </p>\n<p > </p>\n</div></blockquote>\n<p ><img alt=\"b11b674f0bd0.jpg\" src=\"http://s018.radikal.ru/i521/1307/89/b11b674f0bd0.jpg\" /></p>\n<p > </p>\n<p >How to remove or rename it?</p>\n<p ><a href=\"http://194.54.163.113/test/#\" rel=\"external nofollow\" >http://194.54.163.113/test/#</a></p>\n"
        },
        {
            "id": 80812,
            "timestamp": 1373831303,
            "author": {
                "id": 7695,
                "name": "CyberClaus",
                "image": null
            },
            "comment": "\n<blockquote data-ipsquote=\"\" class=\"ipsQuote\" data-ipsquote-contentcommentid=\"80804\" data-ipsquote-contentapp=\"forums\" data-ipsquote-contenttype=\"forums\" data-ipsquote-contentclass=\"forums_Topic\" data-ipsquote-contentid=\"10525\" data-ipsquote-username=\"evrey1995\" data-cite=\"evrey1995\" data-ipsquote-timestamp=\"1373827880\" ><div ><div >\n<p ><img alt=\"b11b674f0bd0.jpg\" src=\"http://s018.radikal.ru/i521/1307/89/b11b674f0bd0.jpg\" /></p>\n<p > </p>\n<p >How to remove or rename it?</p>\n<p ><a href=\"http://194.54.163.113/test/#\" rel=\"external nofollow\" >http://194.54.163.113/test/#</a></p>\n</div></div></blockquote>\n<p > </p>\n<p >Why you want to remove the credits? Its because of persons like you, that this community is not the same anymore. Grow up and respect others work</p>\n"
        },
        {
            "id": 80813,
            "timestamp": 1373831751,
            "author": {
                "id": 14748,
                "name": "uillian",
                "image": null
            },
            "comment": "<p ><span ><span >I am</span> <span >with the following error</span> <span >at the time</span> <span >of</span> <span >placing the order</span> <span >by</span> <span >websit</span> <span >\"</span><strong ><span >Fatal error</span><span >:</span> <span >Call to</span> <span >a member</span> <span >function</span> <span >bind_param</span> <span >(</span><span >) on</span> <span >a non</span><span >-object</span> <span >in</span> <span >C</span><span >:</span> <span >\\</span> <span >xampp</span> <span >\\</span> <span >htdocs</span> <span >\\ test</span> <span >\\ include</span> <span >\\</span> <span >accaunt</span> <span >\\</span> <span >index.php on line</span> <span >348</span></strong></span></p>"
        },
        {
            "id": 80817,
            "timestamp": 1373832321,
            "author": {
                "id": 15306,
                "name": "Noizy",
                "image": null
            },
            "comment": "\n<blockquote data-ipsquote=\"\" class=\"ipsQuote\" data-ipsquote-contentcommentid=\"80743\" data-ipsquote-contentapp=\"forums\" data-ipsquote-contenttype=\"forums\" data-ipsquote-contentclass=\"forums_Topic\" data-ipsquote-contentid=\"10525\" data-ipsquote-username=\"wowa296\" data-cite=\"wowa296\" data-ipsquote-timestamp=\"1373795215\" ><div ><div ><p >OMG i pay for this web and yet release thanks noizy i never buy from you.</p></div></div></blockquote>\n<p >u musted to think about it, before u started resell my site :D </p>\n"
        },
        {
            "id": 80820,
            "timestamp": 1373832531,
            "author": {
                "id": 15306,
                "name": "Noizy",
                "image": null
            },
            "comment": "\n<blockquote data-ipsquote=\"\" class=\"ipsQuote\" data-ipsquote-contentcommentid=\"80787\" data-ipsquote-contentapp=\"forums\" data-ipsquote-contenttype=\"forums\" data-ipsquote-contentclass=\"forums_Topic\" data-ipsquote-contentid=\"10525\" data-ipsquote-username=\"dethunter12\" data-cite=\"dethunter12\" data-ipsquote-timestamp=\"1373816963\" ><div ><p >hmm my friend just payed 25 euro for this site from darktemp not knowing it was noizys so  thats messed up (and if this classifys me as a hatter go ahead give me that 24 hour ban) im just stating my opinion. should have put some anti theft on it.</p></div></blockquote>xD u payed 25 euro and some guy sold for 50+$ :D it is a reallity? :D cuz i released it, i no care how many $ i lost, and no care how many $ did RESELLER, i`m exactly not sold work which isnot mine, no chance giving to them who doing it, someone will call this just words, someone will see action in it :)"
        },
        {
            "id": 80822,
            "timestamp": 1373832673,
            "author": {
                "id": 15306,
                "name": "Noizy",
                "image": null
            },
            "comment": "\n<blockquote data-ipsquote=\"\" class=\"ipsQuote\" data-ipsquote-contentcommentid=\"80813\" data-ipsquote-contentapp=\"forums\" data-ipsquote-contenttype=\"forums\" data-ipsquote-contentclass=\"forums_Topic\" data-ipsquote-contentid=\"10525\" data-ipsquote-username=\"uillian\" data-cite=\"uillian\" data-ipsquote-timestamp=\"1373831751\" ><div ><div ><p >I am with the following error at the time of placing the order by websit \"<strong >Fatal error: Call to a member function bind_param () on a non-object in C: \\ xampp \\ htdocs \\ test \\ include \\ accaunt \\ index.php on line 348</strong></p></div></div></blockquote>\n<p >if u read in first post, there written that i`m not help to anyone make it work, it tested on apache2 and works on centos too, now for u i tested to latest xampp and works... little bit brain for configure config.php</p>\n<p > </p>\n<p > </p>\n<blockquote data-ipsquote=\"\" class=\"ipsQuote\" data-ipsquote-contentcommentid=\"80794\" data-ipsquote-contentapp=\"forums\" data-ipsquote-contenttype=\"forums\" data-ipsquote-contentclass=\"forums_Topic\" data-ipsquote-contentid=\"10525\" data-ipsquote-username=\"xDayEnd\" data-cite=\"xDayEnd\" data-ipsquote-timestamp=\"1373822554\" ><div ><div >\n<p >include/config.php</p>\n<p > </p>\n<p >$site = \"your site link\";</p>\n<p > </p>\n<p >....</p>\n<p > </p>\n<p >btw. Nice website Noizy.</p>\n</div></div></blockquote>\n<p >Thanks :)</p>\n"
        },
        {
            "id": 80825,
            "timestamp": 1373833058,
            "author": {
                "id": 15306,
                "name": "Noizy",
                "image": null
            },
            "comment": "\n<blockquote data-ipsquote=\"\" class=\"ipsQuote\" data-ipsquote-contentcommentid=\"80804\" data-ipsquote-contentapp=\"forums\" data-ipsquote-contenttype=\"forums\" data-ipsquote-contentclass=\"forums_Topic\" data-ipsquote-contentid=\"10525\" data-ipsquote-username=\"evrey1995\" data-cite=\"evrey1995\" data-ipsquote-timestamp=\"1373827880\" ><div ><div >\n<p ><img alt=\"b11b674f0bd0.jpg\" src=\"http://s018.radikal.ru/i521/1307/89/b11b674f0bd0.jpg\" /></p>\n<p > </p>\n<p >How to remove or rename it?</p>\n<p ><a href=\"http://194.54.163.113/test/#\" rel=\"external nofollow\" >http://194.54.163.113/test/#</a></p>\n</div></div></blockquote>\n<p >Thats i thought :D cuz i made something suprise for them who wants to delete my credits, who knows very little bit of php will delete in 10secs, but those guys who wants to learn little bit php and make something by themselves, not need to delete my credits cuz they know a price of time which i spent on it... not only \"PHP KNOWER\" don`t want deletes credits, any good guy willnot do it :)</p>\n"
        },
        {
            "id": 80830,
            "timestamp": 1373833844,
            "author": {
                "id": 3095,
                "name": "evrey1995",
                "image": null
            },
            "comment": "\n<blockquote data-ipsquote=\"\" class=\"ipsQuote\" data-ipsquote-contentcommentid=\"80825\" data-ipsquote-contentapp=\"forums\" data-ipsquote-contenttype=\"forums\" data-ipsquote-contentclass=\"forums_Topic\" data-ipsquote-contentid=\"10525\" data-ipsquote-username=\"Noizy\" data-cite=\"Noizy\" data-ipsquote-timestamp=\"1373833058\" ><div ><div ><p >\u00c3\u00e2\u20ac\u2122\u00c3\u00c2\u00be\u00c3\u2018\u00e2\u20ac\u0161 \u00c3\u00c2\u00b8 \u00c3\u2018\u00c2 \u00c3\u00c2\u00bf\u00c3\u00c2\u00be\u00c3\u00c2\u00b4\u00c3\u2018\u00c6\u2019\u00c3\u00c2\u00bc\u00c3\u00c2\u00b0\u00c3\u00c2\u00bb : :D \u00c3\u00c2\u00bf\u00c3\u00c2\u00be\u00c3\u2018\u00e2\u20ac\u0161\u00c3\u00c2\u00be\u00c3\u00c2\u00bc\u00c3\u2018\u00c6\u2019 \u00c3\u2018\u00e2\u20ac\u00a1\u00c3\u2018\u00e2\u20ac\u0161\u00c3\u00c2\u00be \u00c3\u2018\u00c2 \u00c3\u2018\u00c2\u00c3\u00c2\u00b4\u00c3\u00c2\u00b5\u00c3\u00c2\u00bb\u00c3\u00c2\u00b0\u00c3\u00c2\u00bb \u00c3\u2018\u00e2\u20ac\u00a1\u00c3\u2018\u00e2\u20ac\u0161\u00c3\u00c2\u00be-\u00c3\u2018\u00e2\u20ac\u0161\u00c3\u00c2\u00be \" \u00c3\u2018\u00c2\u00c3\u2018\u00c5\u00bd\u00c3\u2018\u00e2\u201a\u00ac\u00c3\u00c2\u00bf\u00c3\u2018\u00e2\u201a\u00ac\u00c3\u00c2\u00b8\u00c3\u00c2\u00b7 \" \u00c3\u00c2\u00b4\u00c3\u00c2\u00bb\u00c3\u2018\u00c2 \u00c3\u2018\u00e2\u20ac\u0161\u00c3\u00c2\u00b5\u00c3\u2018\u00e2\u20ac\u00a6, \u00c3\u00c2\u00ba\u00c3\u2018\u00e2\u20ac\u0161\u00c3\u00c2\u00be \u00c3\u2018\u00e2\u20ac\u00a6\u00c3\u00c2\u00be\u00c3\u2018\u00e2\u20ac\u00a1\u00c3\u00c2\u00b5\u00c3\u2018\u00e2\u20ac\u0161 \u00c3\u2018\u00c6\u2019\u00c3\u00c2\u00b4\u00c3\u00c2\u00b0\u00c3\u00c2\u00bb\u00c3\u00c2\u00b8\u00c3\u2018\u00e2\u20ac\u0161\u00c3\u2018\u00c5\u2019 \u00c3\u00c2\u00bc\u00c3\u00c2\u00be\u00c3\u00c2\u00b8 \u00c3\u00c2\u00ba\u00c3\u2018\u00e2\u201a\u00ac\u00c3\u00c2\u00b5\u00c3\u00c2\u00b4\u00c3\u00c2\u00b8\u00c3\u2018\u00e2\u20ac\u0161\u00c3\u2018\u00e2\u20ac\u00b9, \u00c3\u00c2\u00ba\u00c3\u2018\u00e2\u20ac\u0161\u00c3\u00c2\u00be \u00c3\u00c2\u00b7\u00c3\u00c2\u00bd\u00c3\u00c2\u00b0\u00c3\u00c2\u00b5\u00c3\u2018\u00e2\u20ac\u0161 \u00c3\u00c2\u00be\u00c3\u2018\u00e2\u20ac\u00a1\u00c3\u00c2\u00b5\u00c3\u00c2\u00bd\u00c3\u2018\u00c5\u2019 \u00c3\u00c2\u00bd\u00c3\u00c2\u00b5\u00c3\u00c2\u00bc\u00c3\u00c2\u00bd\u00c3\u00c2\u00be\u00c3\u00c2\u00b3\u00c3\u00c2\u00be php \u00c3\u00c2\u00b1\u00c3\u2018\u00c6\u2019\u00c3\u00c2\u00b4\u00c3\u00c2\u00b5\u00c3\u2018\u00e2\u20ac\u0161 \u00c3\u2018\u00c6\u2019\u00c3\u00c2\u00b4\u00c3\u00c2\u00b0\u00c3\u00c2\u00bb\u00c3\u00c2\u00b8\u00c3\u2018\u00e2\u20ac\u0161\u00c3\u2018\u00c5\u2019 \u00c3\u00c2\u00b2 10secs, \u00c3\u00c2\u00bd\u00c3\u00c2\u00be \u00c3\u2018\u00e2\u20ac\u0161\u00c3\u00c2\u00b5 \u00c3\u2018\u00e2\u201a\u00ac\u00c3\u00c2\u00b5\u00c3\u00c2\u00b1\u00c3\u2018\u00c2\u00c3\u2018\u00e2\u20ac\u0161\u00c3\u00c2\u00b0, \u00c3\u00c2\u00ba\u00c3\u2018\u00e2\u20ac\u0161\u00c3\u00c2\u00be \u00c3\u2018\u00e2\u20ac\u00a6\u00c3\u00c2\u00be\u00c3\u2018\u00e2\u20ac\u00a1\u00c3\u00c2\u00b5\u00c3\u2018\u00e2\u20ac\u0161 \u00c3\u2018\u00c6\u2019\u00c3\u00c2\u00b7\u00c3\u00c2\u00bd\u00c3\u00c2\u00b0\u00c3\u2018\u00e2\u20ac\u0161\u00c3\u2018\u00c5\u2019 \u00c3\u00c2\u00bd\u00c3\u00c2\u00b5\u00c3\u00c2\u00bc\u00c3\u00c2\u00bd\u00c3\u00c2\u00be\u00c3\u00c2\u00b3\u00c3\u00c2\u00be php \u00c3\u00c2\u00b8 \u00c3\u00c2\u00b4\u00c3\u00c2\u00b5\u00c3\u00c2\u00bb\u00c3\u00c2\u00b0\u00c3\u2018\u00c5\u00bd\u00c3\u2018\u00e2\u20ac\u0161 \u00c3\u2018\u00e2\u20ac\u00a1\u00c3\u2018\u00e2\u20ac\u0161\u00c3\u00c2\u00be-\u00c3\u2018\u00e2\u20ac\u0161\u00c3\u00c2\u00be \u00c3\u2018\u00c2\u00c3\u00c2\u00b0\u00c3\u00c2\u00bc\u00c3\u00c2\u00b8 \u00c3\u00c2\u00bf\u00c3\u00c2\u00be \u00c3\u2018\u00c2\u00c3\u00c2\u00b5\u00c3\u00c2\u00b1\u00c3\u00c2\u00b5, \u00c3\u00c2\u00bd\u00c3\u00c2\u00b5 \u00c3\u00c2\u00bd\u00c3\u00c2\u00b0\u00c3\u00c2\u00b4\u00c3\u00c2\u00be \u00c3\u2018\u00c6\u2019\u00c3\u00c2\u00b4\u00c3\u00c2\u00b0\u00c3\u00c2\u00bb\u00c3\u2018\u00c2\u00c3\u2018\u00e2\u20ac\u0161\u00c3\u2018\u00c5\u2019 \u00c3\u00c2\u00bc\u00c3\u00c2\u00be\u00c3\u00c2\u00b8 \u00c3\u00c2\u00ba\u00c3\u2018\u00e2\u201a\u00ac\u00c3\u00c2\u00b5\u00c3\u00c2\u00b4\u00c3\u00c2\u00b8\u00c3\u2018\u00e2\u20ac\u0161\u00c3\u2018\u00e2\u20ac\u00b9, \u00c3\u00c2\u00bf\u00c3\u00c2\u00be\u00c3\u2018\u00e2\u20ac\u0161\u00c3\u00c2\u00be\u00c3\u00c2\u00bc\u00c3\u2018\u00c6\u2019 \u00c3\u2018\u00e2\u20ac\u00a1\u00c3\u2018\u00e2\u20ac\u0161\u00c3\u00c2\u00be \u00c3\u00c2\u00be\u00c3\u00c2\u00bd\u00c3\u00c2\u00b8 \u00c3\u00c2\u00b7\u00c3\u00c2\u00bd\u00c3\u00c2\u00b0\u00c3\u2018\u00c5\u00bd\u00c3\u2018\u00e2\u20ac\u0161 \u00c3\u2018\u00e2\u20ac \u00c3\u00c2\u00b5\u00c3\u00c2\u00bd\u00c3\u2018\u00c6\u2019 \u00c3\u00c2\u00b2\u00c3\u2018\u00e2\u201a\u00ac\u00c3\u00c2\u00b5\u00c3\u00c2\u00bc\u00c3\u00c2\u00b5\u00c3\u00c2\u00bd\u00c3\u00c2\u00b8, \u00c3\u00c2\u00ba\u00c3\u00c2\u00be\u00c3\u2018\u00e2\u20ac\u0161\u00c3\u00c2\u00be\u00c3\u2018\u00e2\u201a\u00ac\u00c3\u00c2\u00be\u00c3\u00c2\u00b5 \u00c3\u2018\u00c2 \u00c3\u00c2\u00bf\u00c3\u00c2\u00be\u00c3\u2018\u00e2\u20ac\u0161\u00c3\u2018\u00e2\u201a\u00ac\u00c3\u00c2\u00b0\u00c3\u2018\u00e2\u20ac\u0161\u00c3\u00c2\u00b8\u00c3\u00c2\u00bb \u00c3\u00c2\u00bd\u00c3\u00c2\u00b0 \u00c3\u2018\u00c2\u00c3\u2018\u00e2\u20ac\u0161\u00c3\u00c2\u00be... \u00c3\u00c2\u00b8 \u00c3\u00c2\u00bd\u00c3\u00c2\u00b5 \u00c3\u2018\u00e2\u20ac\u0161\u00c3\u00c2\u00be\u00c3\u00c2\u00bb\u00c3\u2018\u00c5\u2019\u00c3\u00c2\u00ba\u00c3\u00c2\u00be \"\u00c3\u00e2\u20ac\u201d\u00c3\u00c2\u00c3\u00c2\u00c3\u00c2\u00ae\u00c3\u00c2\u00a9\u00c3\u00cb\u0153\u00c3\u00e2\u201e\u00a2 PHP\" \u00c3\u00c2\u00bd\u00c3\u00c2\u00b5 \u00c3\u2018\u00e2\u20ac\u00a6\u00c3\u00c2\u00be\u00c3\u2018\u00e2\u20ac\u00a1\u00c3\u2018\u00c6\u2019 \u00c3\u2018\u00c6\u2019\u00c3\u00c2\u00b4\u00c3\u00c2\u00b0\u00c3\u00c2\u00bb\u00c3\u2018\u00c2\u00c3\u00c2\u00b5\u00c3\u2018\u00e2\u20ac\u0161 \u00c3\u00c2\u00ba\u00c3\u2018\u00e2\u201a\u00ac\u00c3\u00c2\u00b5\u00c3\u00c2\u00b4\u00c3\u00c2\u00b8\u00c3\u2018\u00e2\u20ac\u0161\u00c3\u00c2\u00be\u00c3\u00c2\u00b2, \u00c3\u00c2\u00bb\u00c3\u2018\u00c5\u00bd\u00c3\u00c2\u00b1\u00c3\u00c2\u00be\u00c3\u00c2\u00b9 \u00c3\u2018\u00e2\u20ac\u00a6\u00c3\u00c2\u00be\u00c3\u2018\u00e2\u201a\u00ac\u00c3\u00c2\u00be\u00c3\u2018\u00cb\u2020\u00c3\u00c2\u00b8\u00c3\u00c2\u00b9 \u00c3\u00c2\u00bf\u00c3\u00c2\u00b0\u00c3\u2018\u00e2\u201a\u00ac\u00c3\u00c2\u00b5\u00c3\u00c2\u00bd\u00c3\u2018\u00c5\u2019 willnot \u00c3\u2018\u00c2\u00c3\u00c2\u00b4\u00c3\u00c2\u00b5\u00c3\u00c2\u00bb\u00c3\u00c2\u00b0\u00c3\u2018\u00e2\u20ac\u0161\u00c3\u2018\u00c5\u2019 \u00c3\u2018\u00c2\u00c3\u2018\u00e2\u20ac\u0161\u00c3\u00c2\u00be :)</p></div></div></blockquote>\n<p >What do I need to translate TO TOP rather than remove loans</p>\n"
        },
        {
            "id": 80831,
            "timestamp": 1373833905,
            "author": {
                "id": 3095,
                "name": "evrey1995",
                "image": null
            },
            "comment": "\n<blockquote data-ipsquote=\"\" class=\"ipsQuote\" data-ipsquote-contentcommentid=\"80817\" data-ipsquote-contentapp=\"forums\" data-ipsquote-contenttype=\"forums\" data-ipsquote-contentclass=\"forums_Topic\" data-ipsquote-contentid=\"10525\" data-ipsquote-username=\"Noizy\" data-cite=\"Noizy\" data-ipsquote-timestamp=\"1373832321\" ><div ><div ><p >u musted to think about it, before u started resell my site :D</p></div></div></blockquote>\n<p >And how come under Admin like to have a database login and then not know where to</p>\n"
        },
        {
            "id": 81043,
            "timestamp": 1373976022,
            "author": {
                "id": 15306,
                "name": "Noizy",
                "image": null
            },
            "comment": "\n<blockquote data-ipsquote=\"\" class=\"ipsQuote\" data-ipsquote-contentcommentid=\"80830\" data-ipsquote-contentapp=\"forums\" data-ipsquote-contenttype=\"forums\" data-ipsquote-contentclass=\"forums_Topic\" data-ipsquote-contentid=\"10525\" data-ipsquote-username=\"evrey1995\" data-cite=\"evrey1995\" data-ipsquote-timestamp=\"1373833844\" ><div ><div ><p >What do I need to translate TO TOP rather than remove loans</p></div></div></blockquote>\n<p > </p>\n<blockquote data-ipsquote=\"\" class=\"ipsQuote\" data-ipsquote-contentcommentid=\"80831\" data-ipsquote-contentapp=\"forums\" data-ipsquote-contenttype=\"forums\" data-ipsquote-contentclass=\"forums_Topic\" data-ipsquote-contentid=\"10525\" data-ipsquote-username=\"evrey1995\" data-cite=\"evrey1995\" data-ipsquote-timestamp=\"1373833905\" ><div ><div ><p >And how come under Admin like to have a database login and then not know where to</p></div></div></blockquote>\n<p >Maybe better grammar in public section? cuz i and i think others cant understand what u wrote,</p>\n<p > </p>\n<p >P.S i didnt saw a noob like u :D u are selling this site xD xD which is in public </p>\n"
        },
        {
            "id": 81187,
            "timestamp": 1374059499,
            "author": {
                "id": 17148,
                "name": "WorldOfWars",
                "image": null
            },
            "comment": "<p >White page with this web site...</p>"
        },
        {
            "id": 81189,
            "timestamp": 1374061114,
            "author": {
                "id": 7695,
                "name": "CyberClaus",
                "image": null
            },
            "comment": "<p >this web page is working. If you are getting errors or white page, then you need to learn how to configure it. There will be no support so stop complaining. Learn the basics of php and you will be able to use it. Its the same thing as in life, if you need anything dont wait for it to fall down from the sky, run after it.</p>"
        },
        {
            "id": 84874,
            "timestamp": 1376810827,
            "author": {
                "id": 6967,
                "name": "GuXz",
                "image": null
            },
            "comment": "<p >Thanks :lol:</p>"
        },
        {
            "id": 87497,
            "timestamp": 1379860482,
            "author": {
                "id": 19054,
                "name": "MonteCristo",
                "image": null
            },
            "comment": "<p >Very good ^_^ thanks</p>"
        },
        {
            "id": 87522,
            "timestamp": 1379925743,
            "author": {
                "id": 7263,
                "name": "SibaN",
                "image": null
            },
            "comment": "<p >somone have pingback paymentwall for thes site please</p>"
        },
        {
            "id": 88557,
            "timestamp": 1381956535,
            "author": {
                "id": 17620,
                "name": "Mohamed",
                "image": null
            },
            "comment": "<p >please upload it again link down admin :) and thx very much !</p>"
        },
        {
            "id": 88567,
            "timestamp": 1381977500,
            "author": {
                "id": 7263,
                "name": "SibaN",
                "image": null
            },
            "comment": "\n<p >here is new linke in mediafire</p>\n<p > </p>\n<p ><a href=\"https://www.mediafire.com/?5rv2r6pcsj2vmc4\" rel=\"external nofollow\" >http://www.mediafire.com/?5rv2r6pcsj2vmc4</a></p>\n"
        },
        {
            "id": 89943,
            "timestamp": 1384267204,
            "author": {
                "id": 13584,
                "name": "Slash",
                "image": null
            },
            "comment": "<p >Hi Noizy or comunity ,first thanks for all release you posted all is good work and nice design but i have problem with the website darkglow , i have config all and i have make \u00c3\u201a\u00c2\u00a7site \" i have take my link  \" but i havent image and template , can you give me an idea for this problem ?</p>"
        },
        {
            "id": 91028,
            "timestamp": 1385689472,
            "author": {
                "id": 7724,
                "name": "Vovanoma",
                "image": null
            },
            "comment": "<p >Noizy thx you cool dude ))But there are some problems with registration. This is possible as that to solve?</p>"
        },
        {
            "id": 91118,
            "timestamp": 1385879356,
            "author": {
                "id": 15306,
                "name": "Noizy",
                "image": null
            },
            "comment": "\n<blockquote data-ipsquote=\"\" class=\"ipsQuote\" data-ipsquote-contentcommentid=\"91028\" data-ipsquote-contentapp=\"forums\" data-ipsquote-contenttype=\"forums\" data-ipsquote-contentclass=\"forums_Topic\" data-ipsquote-contentid=\"10525\" data-ipsquote-username=\"Vovanoma\" data-cite=\"Vovanoma\" data-ipsquote-timestamp=\"1385689472\" ><div ><div ><p >Noizy thx you cool dude ))But there are some problems with registration. This is possible as that to solve?</p></div></div></blockquote>\n<p >There isnot any prob with anything cuz this version was a SELLING VERSION so its heavily tested on Windows and Centos hosts :) but if anything really serious, add in skype or PM and send screen</p>\n"
        }
    ]
}