{
    "meta": {
        "threadId": 10520,
        "threadName": "Complete DataBase V5 by CDWriter",
        "dateCreated": "2013-07-13T08:35:25+0000",
        "datePublished": "2013-07-13T08:35:25+0000",
        "pageCount": 2,
        "originalUrl": "https://lckb.dev/forum/index.php?/topic/10520-complete-database-v5-by-cdwriter/",
        "authorId": 17582,
        "position": [
            {
                "@type": "ListItem",
                "position": 1,
                "item": {
                    "@id": "https://lckb.dev/forum/index.php?/forum/258-release-zone/",
                    "name": "Release Zone"
                }
            },
            {
                "@type": "ListItem",
                "position": 2,
                "item": {
                    "@id": "https://lckb.dev/forum/index.php?/forum/325-episode-2-releases/",
                    "name": "Episode 2 Releases"
                }
            },
            {
                "@type": "ListItem",
                "position": 3,
                "item": {
                    "@id": "https://lckb.dev/forum/index.php?/forum/125-server-side/",
                    "name": "Server Side"
                }
            }
        ]
    },
    "commentData": [
        {
            "id": 80489,
            "timestamp": 1373704525,
            "author": {
                "id": 17582,
                "name": "CDWriter",
                "image": null
            },
            "comment": "\n<div >V5</div>\n<div >**</div>\n<div > </div>\n<div >Hello community</div>\n<div > </div>\n<div >Here i release another complete sql release COMPLETE meaning with client data files to match.</div>\n<div > </div>\n<div >-- me</div>\n<div >Login : steve</div>\n<div >Password : steve</div>\n<div > </div>\n<div >-- 2nd account</div>\n<div >Login : shawn</div>\n<div >Password : shawn</div>\n<div > </div>\n<div >both of these account have GM 10 access, 1 toon per account and everything has been TRUNCATE.</div>\n<div > </div>\n<div >-- English </div>\n<div >Today I give you V5, Now this is still work in Progress and if you do not report errors i cant fix them for next release ..</div>\n<div >Please report Errors </div>\n<div > </div>\n<div >-- Deutsch</div>\n<div >Heute gebe ich euch V5, Nun ist dies immer noch in Arbeit, und wenn Sie nicht melden Fehler i cant l\u00c3\u0192\u00c2\u00b6sen f\u00c3\u0192\u00c2\u00bcr n\u00c3\u0192\u00c2\u00a4chste Release ..</div>\n<div >Bitte melden Sie Fehler</div>\n<div > </div>\n<div >-- \u00c3\u00c2\u00bd\u00c3\u00c2\u00b5\u00c3\u00c2\u00bc\u00c3\u00c2\u00b5\u00c3\u2018\u00e2\u20ac \u00c3\u00c2\u00ba\u00c3\u00c2\u00b8\u00c3\u00c2\u00b9</div>\n<div >\u00c3\u00c2\u00a1\u00c3\u00c2\u00b5\u00c3\u00c2\u00b3\u00c3\u00c2\u00be\u00c3\u00c2\u00b4\u00c3\u00c2\u00bd\u00c3\u2018\u00c2 \u00c3\u2018\u00c2 \u00c3\u00c2\u00b4\u00c3\u00c2\u00b0\u00c3\u2018\u00c5\u00bd \u00c3\u00c2\u00b2\u00c3\u00c2\u00b0\u00c3\u00c2\u00bc V5, \u00c3\u2018\u00c2\u00c3\u00c2\u00b5\u00c3\u00c2\u00b9\u00c3\u2018\u00e2\u20ac\u00a1\u00c3\u00c2\u00b0\u00c3\u2018\u00c2 \u00c3\u2018\u00c2\u00c3\u2018\u00e2\u20ac\u0161\u00c3\u00c2\u00be \u00c3\u00c2\u00b2\u00c3\u2018\u00c2\u00c3\u00c2\u00b5 \u00c3\u00c2\u00b5\u00c3\u2018\u00e2\u20ac\u00b0\u00c3\u00c2\u00b5 \u00c3\u00c2\u00bd\u00c3\u00c2\u00b5\u00c3\u00c2\u00b7\u00c3\u00c2\u00b0\u00c3\u00c2\u00b2\u00c3\u00c2\u00b5\u00c3\u2018\u00e2\u201a\u00ac\u00c3\u2018\u00cb\u2020\u00c3\u00c2\u00b5\u00c3\u00c2\u00bd\u00c3\u00c2\u00bd\u00c3\u00c2\u00be\u00c3\u00c2\u00b5 \u00c3\u00c2\u00bf\u00c3\u2018\u00e2\u201a\u00ac\u00c3\u00c2\u00be\u00c3\u00c2\u00b8\u00c3\u00c2\u00b7\u00c3\u00c2\u00b2\u00c3\u00c2\u00be\u00c3\u00c2\u00b4\u00c3\u2018\u00c2\u00c3\u2018\u00e2\u20ac\u0161\u00c3\u00c2\u00b2\u00c3\u00c2\u00be \u00c3\u00c2\u00b8 \u00c3\u00c2\u00b5\u00c3\u2018\u00c2\u00c3\u00c2\u00bb\u00c3\u00c2\u00b8 \u00c3\u00c2\u00b2\u00c3\u2018\u00e2\u20ac\u00b9 \u00c3\u00c2\u00bd\u00c3\u00c2\u00b5 \u00c3\u2018\u00c2\u00c3\u00c2\u00be\u00c3\u00c2\u00be\u00c3\u00c2\u00b1\u00c3\u2018\u00e2\u20ac\u00b0\u00c3\u00c2\u00b0\u00c3\u2018\u00e2\u20ac\u0161\u00c3\u2018\u00c5\u2019 \u00c3\u00c2\u00be\u00c3\u00c2\u00b1 \u00c3\u00c2\u00be\u00c3\u2018\u00cb\u2020\u00c3\u00c2\u00b8\u00c3\u00c2\u00b1\u00c3\u00c2\u00ba\u00c3\u00c2\u00b0\u00c3\u2018\u00e2\u20ac\u00a6 \u00c3\u2018\u00c2 \u00c3\u00c2\u00bd\u00c3\u00c2\u00b5 \u00c3\u00c2\u00bc\u00c3\u00c2\u00be\u00c3\u00c2\u00b3\u00c3\u2018\u00c6\u2019 \u00c3\u00c2\u00b8\u00c3\u2018\u00c2\u00c3\u00c2\u00bf\u00c3\u2018\u00e2\u201a\u00ac\u00c3\u00c2\u00b0\u00c3\u00c2\u00b2\u00c3\u00c2\u00b8\u00c3\u2018\u00e2\u20ac\u0161\u00c3\u2018\u00c5\u2019 \u00c3\u00c2\u00b8\u00c3\u2018\u00e2\u20ac\u00a6 \u00c3\u00c2\u00b4\u00c3\u00c2\u00bb\u00c3\u2018\u00c2 \u00c3\u2018\u00c2\u00c3\u00c2\u00bb\u00c3\u00c2\u00b5\u00c3\u00c2\u00b4\u00c3\u2018\u00c6\u2019\u00c3\u2018\u00c5\u00bd\u00c3\u2018\u00e2\u20ac\u00b0\u00c3\u00c2\u00b5\u00c3\u00c2\u00b3\u00c3\u00c2\u00be \u00c3\u2018\u00e2\u201a\u00ac\u00c3\u00c2\u00b5\u00c3\u00c2\u00bb\u00c3\u00c2\u00b8\u00c3\u00c2\u00b7\u00c3\u00c2\u00b0 ..</div>\n<div >\u00c3\u00c5\u00b8\u00c3\u00c2\u00be\u00c3\u00c2\u00b6\u00c3\u00c2\u00b0\u00c3\u00c2\u00bb\u00c3\u2018\u00c6\u2019\u00c3\u00c2\u00b9\u00c3\u2018\u00c2\u00c3\u2018\u00e2\u20ac\u0161\u00c3\u00c2\u00b0, \u00c3\u2018\u00c2\u00c3\u00c2\u00be\u00c3\u00c2\u00be\u00c3\u00c2\u00b1\u00c3\u2018\u00e2\u20ac\u00b0\u00c3\u00c2\u00b0\u00c3\u00c2\u00b9\u00c3\u2018\u00e2\u20ac\u0161\u00c3\u00c2\u00b5 \u00c3\u00c2\u00be\u00c3\u00c2\u00b1 \u00c3\u00c2\u00be\u00c3\u2018\u00cb\u2020\u00c3\u00c2\u00b8\u00c3\u00c2\u00b1\u00c3\u00c2\u00ba\u00c3\u00c2\u00b0\u00c3\u2018\u00e2\u20ac\u00a6</div>\n<div > </div>\n<div > </div>\n<div >Thanks everyone who helped, and everyone who has release public tools, anything in this release has the Authers name of who gave it to me our from where i got it....</div>\n<div >Except for Me my name is only on the forum i will not add my name or anything to it ...</div>\n<div > </div>\n<div >As for what was done this time.</div>\n<div > </div>\n<div >RELEASE V5</div>\n<div >----------</div>\n<div > </div>\n<div >Catalog and sql to match (USA Current).</div>\n<div >Fixed ALL or most of the Skills on Items.. If i might have missed any please let me know</div>\n<div >Fixed some Npc bugs that where not from Orginal Data Release... exp, Reward Skill</div>\n<div >Started Ranking list. Add a New folder to this release called Extras**. Witch i will list below..</div>\n<div >added both tables t_cashItemdate and t_cashitemdate to newproject_db.</div>\n<div >phoenix gear helmets along with the Gear. </div>\n<div >russian costumes gear.</div>\n<div >Added more Item decriptions i thought i got them all.</div>\n<div >Quest updated and replaced back to orginal USA server.</div>\n<div >Worked on a few HP potions that where increasing MP and not HP. 44 ,45, 46 etc.</div>\n<div >Fixed the client to Support the 8 Character slot. Only if you add them to Sql.</div>\n<div > </div>\n<div > </div>\n<div >**Extras</div>\n<div >------</div>\n<div >Time Stamp <-- Used to get a Correct Unix time for t_lc_time / Newproject_db needs to be there for Autmation of Rabking list.</div>\n<div >GameServer_d(USA) Newer___My Gameserver Lvl 180 gm 186  <-- WHAT i use so i can level to 180.</div>\n<div >GameServer_d(USA) Newer.rar  <-- Orginal release by blankname.</div>\n<div >Readme for GameServer_d(USA) Newer.txt  <-- Explains all about the Rar file also has all the offsets by Blankname and Buff Npc Offsets where given by Douglas Origens.</div>\n<div > </div>\n<div > </div>\n<div >Just remmeber i will reply to your post to understand the error better its not me attacking you in any way, Just need to understand how you worded the mistake...</div>\n<div > </div>\n<div >Special thanks to Public Tool Designers, Wizatek, Hateme, Bash, Fillix, Falo, and all the others i might have missed...</div>\n<div > </div>\n<div >CDWriter</div>\n<div > </div>\n<div > </div>\n<div >To DOWNLOAD this 5th release file go here:</div>\n<div > </div>\n<div ><a href=\"http://fbe.am/m03\" rel=\"external nofollow\" >http://fbe.am/m03</a></div>\n<div > </div>\n<div > </div>\n<div >Client</div>\n<div >*******</div>\n<div >lastchaos_us_installer_20120618.exe</div>\n<div ><a href=\"http://we.tl/se9OtO8OIg\" rel=\"external nofollow\" >http://we.tl/se9OtO8OIg</a></div>\n<div >another link  </div>\n<div >\n<a href=\"https://mega.co.nz/#\" rel=\"external nofollow\" >https://mega.co.nz/#</a><a href=\"https://mega.co.nz/#!TFhyEKAQ!W8fP7kVb7U_1TXQwQZlFCA5amSt2_FqxoMJFuTa6YMU\" rel=\"external nofollow\" >!TFhyEKAQ!W8fP7kVb7U_1TXQwQZlFCA5amSt2_FqxoMJFuTa6YMU</a>\n</div>\n<div > </div>\n<div >Thanks to dethunter12</div>\n<div > </div>\n<div > </div>\n<div >This time i will be adding Client Bin file folders becuase some of the links on this site has been changed and you can not just install lastchaos_us_installer_20120618.exe or use LCGN with out the included files not sure never did the LCGN...</div>\n<div > </div>\n<p >Simple WAY to get a client<br />*********************************<br />1. In Theory so far it looks like any USA client will work just update.</p>\n<p > </p>\n<p >2. This UPDATED folder will be your NEW client..</p>\n<p > </p>\n<p >3. Now Open my release u will see USA Files and Extras goto USA files copy the folders to the new client, BIN and DATA folders you must copy the content of each of them over into the same folders.</p>\n<p > </p>\n<p >4. At this point you should be 100% compatible to my SQL. As long as you used the Extra folder and the GS in there. Steve account has 1 - 180 character and can support up to 8. if you can not get to this toon then you did not follow all what i put here in this new release... start again.</p>\n<p > </p>\n<p >For every account you make you need to do the following to get the 8 character slot working. Lets get the 8 Character creation started ...Go into newproject_db find table t_extendcharslot and add in your char number (take from newproject_db_auth / bg_user - column user_code) date it starts and date it ends. I added my account name there for a reference.  (Temp for now till someone figures the in-game item out).</p>\n<p > </p>\n<p >5 Why did i not think of this before, This way we are using USA last chaos download sites for our NEW client  and make it simple i always say.........</p>\n<p > </p>\n<p >I have tested this myself and all works great, and still using it this way... any issues please let me now ...sorry for all the confusion before..</p>\n<p >Please REPORT ERRORS CANT fix what i dont know of....</p>\n<p > </p>\n<p >v6 -- Ill be working on Pets ...</p>\n<p ><img alt=\"characterslot.jpg\" src=\"http://s21.postimg.org/owrdu53x3/characterslot.jpg\" /></p>\n\n\n\t\t\t\n\t\t\t\t\n\n<span class=\"ipsType_reset ipsType_medium ipsType_light\" data-excludequote=\"None\" >\n\t<strong >Edited <time datetime=\"2013-07-13T18:14:10Z\" title=\"07/13/2013 06:14  PM\" data-short=\"7 yr\" >July 13, 2013</time> by CDWriter</strong>\n\t\n\t\n</span>\n\t\t\t\n\t\t</div>"
        },
        {
            "id": 80497,
            "timestamp": 1373705770,
            "author": {
                "id": 7695,
                "name": "CyberClaus",
                "image": null
            },
            "comment": "<p >Nice work CDWriter, thanks for apporting to this community.</p>"
        },
        {
            "id": 80505,
            "timestamp": 1373707738,
            "author": {
                "id": 18249,
                "name": "darklord",
                "image": null
            },
            "comment": "<p >Realy goodd thank you</p>"
        },
        {
            "id": 80515,
            "timestamp": 1373708918,
            "author": {
                "id": 3734,
                "name": "Accelerator",
                "image": null
            },
            "comment": "<div style=\"margin:0px;color:rgb(40,40,40);font-family:arial, helvetica, clean, sans-serif;\" >\n<pre class=\"ipsCode prettyprint\" >-- \u00c3\u00c2\u00bd\u00c3\u00c2\u00b5\u00c3\u00c2\u00bc\u00c3\u00c2\u00b5\u00c3\u2018\u00e2\u20ac \u00c3\u00c2\u00ba\u00c3\u00c2\u00b8\u00c3\u00c2\u00b9\n\u00c3\u00c2\u00a1\u00c3\u00c2\u00b5\u00c3\u00c2\u00b3\u00c3\u00c2\u00be\u00c3\u00c2\u00b4\u00c3\u00c2\u00bd\u00c3\u2018\u00c2 \u00c3\u2018\u00c2 \u00c3\u00c2\u00b4\u00c3\u00c2\u00b0\u00c3\u2018\u00c5\u00bd \u00c3\u00c2\u00b2\u00c3\u00c2\u00b0\u00c3\u00c2\u00bc V5, \u00c3\u2018\u00c2\u00c3\u00c2\u00b5\u00c3\u00c2\u00b9\u00c3\u2018\u00e2\u20ac\u00a1\u00c3\u00c2\u00b0\u00c3\u2018\u00c2 \u00c3\u2018\u00c2\u00c3\u2018\u00e2\u20ac\u0161\u00c3\u00c2\u00be \u00c3\u00c2\u00b2\u00c3\u2018\u00c2\u00c3\u00c2\u00b5 \u00c3\u00c2\u00b5\u00c3\u2018\u00e2\u20ac\u00b0\u00c3\u00c2\u00b5 \u00c3\u00c2\u00bd\u00c3\u00c2\u00b5\u00c3\u00c2\u00b7\u00c3\u00c2\u00b0\u00c3\u00c2\u00b2\u00c3\u00c2\u00b5\u00c3\u2018\u00e2\u201a\u00ac\u00c3\u2018\u00cb\u2020\u00c3\u00c2\u00b5\u00c3\u00c2\u00bd\u00c3\u00c2\u00bd\u00c3\u00c2\u00be\u00c3\u00c2\u00b5 \u00c3\u00c2\u00bf\u00c3\u2018\u00e2\u201a\u00ac\u00c3\u00c2\u00be\u00c3\u00c2\u00b8\u00c3\u00c2\u00b7\u00c3\u00c2\u00b2\u00c3\u00c2\u00be\u00c3\u00c2\u00b4\u00c3\u2018\u00c2\u00c3\u2018\u00e2\u20ac\u0161\u00c3\u00c2\u00b2\u00c3\u00c2\u00be \u00c3\u00c2\u00b8 \u00c3\u00c2\u00b5\u00c3\u2018\u00c2\u00c3\u00c2\u00bb\u00c3\u00c2\u00b8 \u00c3\u00c2\u00b2\u00c3\u2018\u00e2\u20ac\u00b9 \u00c3\u00c2\u00bd\u00c3\u00c2\u00b5 \u00c3\u2018\u00c2\u00c3\u00c2\u00be\u00c3\u00c2\u00be\u00c3\u00c2\u00b1\u00c3\u2018\u00e2\u20ac\u00b0\u00c3\u00c2\u00b0\u00c3\u2018\u00e2\u20ac\u0161\u00c3\u2018\u00c5\u2019 \u00c3\u00c2\u00be\u00c3\u00c2\u00b1 \u00c3\u00c2\u00be\u00c3\u2018\u00cb\u2020\u00c3\u00c2\u00b8\u00c3\u00c2\u00b1\u00c3\u00c2\u00ba\u00c3\u00c2\u00b0\u00c3\u2018\u00e2\u20ac\u00a6 \u00c3\u2018\u00c2 \u00c3\u00c2\u00bd\u00c3\u00c2\u00b5 \u00c3\u00c2\u00bc\u00c3\u00c2\u00be\u00c3\u00c2\u00b3\u00c3\u2018\u00c6\u2019 \u00c3\u00c2\u00b8\u00c3\u2018\u00c2\u00c3\u00c2\u00bf\u00c3\u2018\u00e2\u201a\u00ac\u00c3\u00c2\u00b0\u00c3\u00c2\u00b2\u00c3\u00c2\u00b8\u00c3\u2018\u00e2\u20ac\u0161\u00c3\u2018\u00c5\u2019 \u00c3\u00c2\u00b8\u00c3\u2018\u00e2\u20ac\u00a6 \u00c3\u00c2\u00b4\u00c3\u00c2\u00bb\u00c3\u2018\u00c2 \u00c3\u2018\u00c2\u00c3\u00c2\u00bb\u00c3\u00c2\u00b5\u00c3\u00c2\u00b4\u00c3\u2018\u00c6\u2019\u00c3\u2018\u00c5\u00bd\u00c3\u2018\u00e2\u20ac\u00b0\u00c3\u00c2\u00b5\u00c3\u00c2\u00b3\u00c3\u00c2\u00be \u00c3\u2018\u00e2\u201a\u00ac\u00c3\u00c2\u00b5\u00c3\u00c2\u00bb\u00c3\u00c2\u00b8\u00c3\u00c2\u00b7\u00c3\u00c2\u00b0 ..\n\u00c3\u00c5\u00b8\u00c3\u00c2\u00be\u00c3\u00c2\u00b6\u00c3\u00c2\u00b0\u00c3\u00c2\u00bb\u00c3\u2018\u00c6\u2019\u00c3\u00c2\u00b9\u00c3\u2018\u00c2\u00c3\u2018\u00e2\u20ac\u0161\u00c3\u00c2\u00b0, \u00c3\u2018\u00c2\u00c3\u00c2\u00be\u00c3\u00c2\u00be\u00c3\u00c2\u00b1\u00c3\u2018\u00e2\u20ac\u00b0\u00c3\u00c2\u00b0\u00c3\u00c2\u00b9\u00c3\u2018\u00e2\u20ac\u0161\u00c3\u00c2\u00b5 \u00c3\u00c2\u00be\u00c3\u00c2\u00b1 \u00c3\u00c2\u00be\u00c3\u2018\u00cb\u2020\u00c3\u00c2\u00b8\u00c3\u00c2\u00b1\u00c3\u00c2\u00ba\u00c3\u00c2\u00b0\u00c3\u2018\u00e2\u20ac\u00a6\n</pre>\n<p >change \u00c3\u00c2\u00bd\u00c3\u00c2\u00b5\u00c3\u00c2\u00bc\u00c3\u00c2\u00b5\u00c3\u2018\u00e2\u20ac \u00c3\u00c2\u00ba\u00c3\u00c2\u00b8\u00c3\u00c2\u00b9 to \u00c3\u2018\u00e2\u201a\u00ac\u00c3\u2018\u00c6\u2019\u00c3\u2018\u00c2\u00c3\u2018\u00c2\u00c3\u00c2\u00ba\u00c3\u00c2\u00b8\u00c3\u00c2\u00b9</p>\n</div>"
        },
        {
            "id": 80556,
            "timestamp": 1373720003,
            "author": {
                "id": 13172,
                "name": "soryjero",
                "image": null
            },
            "comment": "<p >amazing work @<a contenteditable=\"false\" data-ipshover=\"\" href=\"https://lckb.dev/forum/index.php?/profile/17582-cdwriter/\" data-ipshover-target=\"https://lckb.dev/forum/index.php?/profile/17582-cdwriter/&do=hovercard\" data-mentionid=\"17582\" rel=\"\" >@CDWriter</a></p>"
        },
        {
            "id": 80718,
            "timestamp": 1373768237,
            "author": {
                "id": 605,
                "name": "b4rr4cud4",
                "image": null
            },
            "comment": "<p >THANKS for the hard work :D</p>"
        },
        {
            "id": 80719,
            "timestamp": 1373771024,
            "author": {
                "id": 17582,
                "name": "CDWriter",
                "image": null
            },
            "comment": "\n<p >I hope your all ready for Pets ...because it took a little work and i am Gearing up for V6 with<br /><br /><img alt=\"shot_11_01_11_21_59_40.jpg\" src=\"http://s23.postimg.org/6vxf6l8qj/shot_11_01_11_21_59_40.jpg\" /><br /><br /><br /><br /><img alt=\"shot_07_13_12_22_05_04.jpg\" src=\"http://s11.postimg.org/6cwk8pyfn/shot_07_13_12_22_05_04.jpg\" /></p>\n<p > </p>\n<p ><img alt=\"shot_07_13_12_22_07_23.jpg\" src=\"http://s13.postimg.org/zahimkp7b/shot_07_13_12_22_07_23.jpg\" /></p>\n\n\n\t\t\t\n\t\t\t\t\n\n<span class=\"ipsType_reset ipsType_medium ipsType_light\" data-excludequote=\"None\" >\n\t<strong >Edited <time datetime=\"2013-07-14T03:09:46Z\" title=\"07/14/2013 03:09  AM\" data-short=\"7 yr\" >July 14, 2013</time> by CDWriter</strong>\n\t\n\t\n</span>\n\t\t\t\n\t\t</div>"
        },
        {
            "id": 80720,
            "timestamp": 1373771387,
            "author": {
                "id": 17474,
                "name": "kixtzz",
                "image": null
            },
            "comment": "<p >this pets has any skills ?</p>"
        },
        {
            "id": 80721,
            "timestamp": 1373771453,
            "author": {
                "id": 17582,
                "name": "CDWriter",
                "image": null
            },
            "comment": "\n<p >if anyone can get me the stats for the elephant ....a web page to show me .....would be great</p>\n<p > </p>\n<p >and yes il be editing skills to match ... and all my pets attack mobs .....</p>\n\n\n\t\t\t\n\t\t\t\t\n\n<span class=\"ipsType_reset ipsType_medium ipsType_light\" data-excludequote=\"None\" >\n\t<strong >Edited <time datetime=\"2013-07-14T03:29:54Z\" title=\"07/14/2013 03:29  AM\" data-short=\"7 yr\" >July 14, 2013</time> by CDWriter</strong>\n\t\n\t\n</span>\n\t\t\t\n\t\t</div>"
        },
        {
            "id": 80722,
            "timestamp": 1373773302,
            "author": {
                "id": 7263,
                "name": "SibaN",
                "image": null
            },
            "comment": "\n<p >hi i have one question 8 slot are working thx</p>\n<p > </p>\n<p >but it is possible to make that only with item chara slot </p>\n"
        },
        {
            "id": 80725,
            "timestamp": 1373776363,
            "author": {
                "id": 2640,
                "name": "Kenpachi",
                "image": null
            },
            "comment": "<p >Sweet work CD so cant wait for V6 :)</p>"
        },
        {
            "id": 80739,
            "timestamp": 1373788736,
            "author": {
                "id": 7482,
                "name": "Creep",
                "image": null
            },
            "comment": "\n<p >are there allready the new optionlevels?</p>\n<p > </p>\n<p > </p>\n<p >PS: I heard the P2 crash is caused only from rideable P2s like bat, pony and stuff, all the others are not useable for that, so maybe you should just disable their riding possibility for now..</p>\n\n\n\t\t\t\n\t\t\t\t\n\n<span class=\"ipsType_reset ipsType_medium ipsType_light\" data-excludequote=\"None\" >\n\t<strong >Edited <time datetime=\"2013-07-14T09:41:06Z\" title=\"07/14/2013 09:41  AM\" data-short=\"7 yr\" >July 14, 2013</time> by Creep</strong>\n\t\n\t\n</span>\n\t\t\t\n\t\t</div>"
        },
        {
            "id": 80864,
            "timestamp": 1373873859,
            "author": {
                "id": 18249,
                "name": "darklord",
                "image": null
            },
            "comment": "\n<p ><img alt=\"q9p31.png\" src=\"http://m1307.hizliresim.com/1c/h/q9p31.png\" /></p>\n<p > </p>\n<p >not working ...s</p>\n<p > </p>\n<p ><img alt=\"q9p67.png\" src=\"http://l1307.hizliresim.com/1c/h/q9p67.png\" /></p>\n<p >you need more reputation..</p>\n\n\n\t\t\t\n\t\t\t\t\n\n<span class=\"ipsType_reset ipsType_medium ipsType_light\" data-excludequote=\"None\" >\n\t<strong >Edited <time datetime=\"2013-07-15T07:44:36Z\" title=\"07/15/2013 07:44  AM\" data-short=\"7 yr\" >July 15, 2013</time> by darklord</strong>\n\t\n\t\n</span>\n\t\t\t\n\t\t</div>"
        },
        {
            "id": 80948,
            "timestamp": 1373900474,
            "author": {
                "id": 18343,
                "name": "likbez",
                "image": null
            },
            "comment": "<p >Does not work with Russian client (</p>"
        },
        {
            "id": 80989,
            "timestamp": 1373916067,
            "author": {
                "id": 17582,
                "name": "CDWriter",
                "image": null
            },
            "comment": "\n<p >@<a contenteditable=\"false\" data-ipshover=\"\" href=\"https://lckb.dev/forum/index.php?/profile/18249-darklord/\" data-ipshover-target=\"https://lckb.dev/forum/index.php?/profile/18249-darklord/&do=hovercard\" data-mentionid=\"18249\" rel=\"\" >@darklord</a></p>\n<p > </p>\n<p >thank for sharing them pictures although have no clue what they are ...since you just circled them and did not show the name ?</p>\n<p > </p>\n<p >the pick axe i understand what that is but the first pic ..????</p>\n<p > </p>\n<p >and the gold you have be very careful .....too much will mess up the sql ...where you will need to fix tables</p>\n\n\n\t\t\t\n\t\t\t\t\n\n<span class=\"ipsType_reset ipsType_medium ipsType_light\" data-excludequote=\"None\" >\n\t<strong >Edited <time datetime=\"2013-07-15T19:23:02Z\" title=\"07/15/2013 07:23  PM\" data-short=\"7 yr\" >July 15, 2013</time> by CDWriter</strong>\n\t\n\t\n</span>\n\t\t\t\n\t\t</div>"
        },
        {
            "id": 80994,
            "timestamp": 1373929438,
            "author": {
                "id": 18249,
                "name": "darklord",
                "image": null
            },
            "comment": "<p >resurrection scrool at the first picture.</p>"
        },
        {
            "id": 80996,
            "timestamp": 1373930537,
            "author": {
                "id": 17582,
                "name": "CDWriter",
                "image": null
            },
            "comment": "\n<p >k thanks .been working on ....</p>\n<p > </p>\n<p ><img alt=\"07sx.jpg\" src=\"https://img824.imageshack.us/img824/3845/07sx.jpg\" /></p>\n<p > </p>\n<p >all work great adding Animation .. :) hit the thanks if you like this...</p>\n<p > </p>\n<p >and YES all public release and a Hex editor.. when i have too !</p>\n\n\n\t\t\t\n\t\t\t\t\n\n<span class=\"ipsType_reset ipsType_medium ipsType_light\" data-excludequote=\"None\" >\n\t<strong >Edited <time datetime=\"2013-07-15T23:23:25Z\" title=\"07/15/2013 11:23  PM\" data-short=\"7 yr\" >July 15, 2013</time> by CDWriter</strong>\n\t\n\t\n</span>\n\t\t\t\n\t\t</div>"
        },
        {
            "id": 80998,
            "timestamp": 1373931567,
            "author": {
                "id": 18312,
                "name": "Assasin",
                "image": null
            },
            "comment": "<p >Good Work !!</p>"
        },
        {
            "id": 80999,
            "timestamp": 1373931655,
            "author": {
                "id": 2167,
                "name": "dethunter12",
                "image": null
            },
            "comment": "<p >nice very nice @<a contenteditable=\"false\" data-ipshover=\"\" href=\"https://lckb.dev/forum/index.php?/profile/17582-cdwriter/\" data-ipshover-target=\"https://lckb.dev/forum/index.php?/profile/17582-cdwriter/&do=hovercard\" data-mentionid=\"17582\" rel=\"\" >@CDWriter</a></p>"
        },
        {
            "id": 81007,
            "timestamp": 1373947610,
            "author": {
                "id": 17582,
                "name": "CDWriter",
                "image": null
            },
            "comment": "<p >@<a contenteditable=\"false\" data-ipshover=\"\" href=\"https://lckb.dev/forum/index.php?/profile/18249-darklord/\" data-ipshover-target=\"https://lckb.dev/forum/index.php?/profile/18249-darklord/&do=hovercard\" data-mentionid=\"18249\" rel=\"\" >@darklord</a>  I testes the resurrection scroll and all works great. as for the pick axes thanks did not know about them ....</p>"
        },
        {
            "id": 81078,
            "timestamp": 1373994813,
            "author": {
                "id": 17582,
                "name": "CDWriter",
                "image": null
            },
            "comment": "\n<p >@<a contenteditable=\"false\" data-ipshover=\"\" href=\"https://lckb.dev/forum/index.php?/profile/18249-darklord/\" data-ipshover-target=\"https://lckb.dev/forum/index.php?/profile/18249-darklord/&do=hovercard\" data-mentionid=\"18249\" rel=\"\" >@darklord</a></p>\n<p > </p>\n<p >if you want to fix the pickaxes on your server ..its simple load up ItemAll Editor 3.3.exe by wizatek. top left corner there is a Max Use square this is not for max use :} change it to -1 for all 3 pick axes ....</p>\n"
        },
        {
            "id": 81095,
            "timestamp": 1374002317,
            "author": {
                "id": 17582,
                "name": "CDWriter",
                "image": null
            },
            "comment": "\n<p >Well all is going great .... have all the Human Type Pet Armor/Weapons done ....</p>\n<p > </p>\n<p > </p>\n<p ><img alt=\"x6j6.jpg\" src=\"https://img594.imageshack.us/img594/757/x6j6.jpg\" /></p>\n<p > </p>\n<p >and YES they where the hardest to figure out ...... will be in v6..</p>\n\n\n\t\t\t\n\t\t\t\t\n\n<span class=\"ipsType_reset ipsType_medium ipsType_light\" data-excludequote=\"None\" >\n\t<strong >Edited <time datetime=\"2013-07-16T19:35:11Z\" title=\"07/16/2013 07:35  PM\" data-short=\"7 yr\" >July 16, 2013</time> by CDWriter</strong>\n\t\n\t\n</span>\n\t\t\t\n\t\t</div>"
        },
        {
            "id": 81097,
            "timestamp": 1374002501,
            "author": {
                "id": 13652,
                "name": "MrSKULL",
                "image": null
            },
            "comment": "<p >So , if I want to use your update , I need to download all versions ?</p>\n\n\t\t\t\n\t\t\t\t\n\n<span class=\"ipsType_reset ipsType_medium ipsType_light\" data-excludequote=\"None\" >\n\t<strong >Edited <time datetime=\"2013-07-16T19:21:55Z\" title=\"07/16/2013 07:21  PM\" data-short=\"7 yr\" >July 16, 2013</time> by MrSKULL</strong>\n\t\n\t\n</span>\n\t\t\t\n\t\t</div>"
        },
        {
            "id": 81100,
            "timestamp": 1374003251,
            "author": {
                "id": 17582,
                "name": "CDWriter",
                "image": null
            },
            "comment": "<p >No v5 is standalone ....and what i am showing is V6 releases soon ....kinda like a report for others to understand  i am still here.... Hoping to get other to report other errors also ,..</p>"
        },
        {
            "id": 81117,
            "timestamp": 1374014302,
            "author": {
                "id": 17582,
                "name": "CDWriter",
                "image": null
            },
            "comment": "\n<p >all pets done ..... off to more bugs i found </p>\n<p > </p>\n"
        },
        {
            "id": 81118,
            "timestamp": 1374014478,
            "author": {
                "id": 18249,
                "name": "darklord",
                "image": null
            },
            "comment": "\n<blockquote data-ipsquote=\"\" class=\"ipsQuote\" data-ipsquote-contentcommentid=\"81078\" data-ipsquote-contentapp=\"forums\" data-ipsquote-contenttype=\"forums\" data-ipsquote-contentclass=\"forums_Topic\" data-ipsquote-contentid=\"10520\" data-ipsquote-username=\"CDWriter\" data-cite=\"CDWriter\" data-ipsquote-timestamp=\"1373994813\" ><div ><div >\n<p >@<a contenteditable=\"false\" data-ipshover=\"\" href=\"https://lckb.dev/forum/index.php?/profile/18249-darklord/\" data-ipshover-target=\"https://lckb.dev/forum/index.php?/profile/18249-darklord/&do=hovercard\" data-mentionid=\"18249\" rel=\"\" >@darklord</a></p>\n<p > </p>\n<p >if you want to fix the pickaxes on your server ..its simple load up ItemAll Editor 3.3.exe by wizatek. top left corner there is a Max Use square this is not for max use :} change it to -1 for all 3 pick axes ....</p>\n</div></div></blockquote>\n<p > </p>\n<p >thank you @CDWriter</p>\n"
        },
        {
            "id": 81146,
            "timestamp": 1374031420,
            "author": {
                "id": 2123,
                "name": "lcclub",
                "image": null
            },
            "comment": "<p >All mana potion bug.</p>"
        },
        {
            "id": 81154,
            "timestamp": 1374035726,
            "author": {
                "id": 17582,
                "name": "CDWriter",
                "image": null
            },
            "comment": "<p >tell me how and did you use all my database.? witch ones</p>"
        },
        {
            "id": 81160,
            "timestamp": 1374037185,
            "author": {
                "id": 12565,
                "name": "ambassadorbk",
                "image": null
            },
            "comment": "\n<p >ive installed the lc client and update and successfully created 7 characters... but after i logout, i relog in with steve the one of 7 characters, after i do choose the channel it just crashes and shutdown</p>\n<p >.... i removed 3 characters and its just works just fine</p>\n"
        },
        {
            "id": 81162,
            "timestamp": 1374038802,
            "author": {
                "id": 17582,
                "name": "CDWriter",
                "image": null
            },
            "comment": "\n<p >@<a contenteditable=\"false\" data-ipshover=\"\" href=\"https://lckb.dev/forum/index.php?/profile/12565-ambassadorbk/\" data-ipshover-target=\"https://lckb.dev/forum/index.php?/profile/12565-ambassadorbk/&do=hovercard\" data-mentionid=\"12565\" rel=\"\" >@ambassadorbk</a>  thanks ill test it see whats up......</p>\n<p >@<a contenteditable=\"false\" data-ipshover=\"\" href=\"https://lckb.dev/forum/index.php?/profile/2123-lcclub/\" data-ipshover-target=\"https://lckb.dev/forum/index.php?/profile/2123-lcclub/&do=hovercard\" data-mentionid=\"2123\" rel=\"\" >@lcclub</a>   I seen your point no need to explain ....fixed </p>\n"
        },
        {
            "id": 81163,
            "timestamp": 1374039036,
            "author": {
                "id": 17582,
                "name": "CDWriter",
                "image": null
            },
            "comment": "<p >@<a contenteditable=\"false\" data-ipshover=\"\" href=\"https://lckb.dev/forum/index.php?/profile/12565-ambassadorbk/\" data-ipshover-target=\"https://lckb.dev/forum/index.php?/profile/12565-ambassadorbk/&do=hovercard\" data-mentionid=\"12565\" rel=\"\" >@ambassadorbk</a>  i tested it with 7 character and nothing, works well no issues ...tyred this for over 1 hr changing from one toon to another...does anyone else have this issue?  are u using my complete database our part of it...... </p>\n\n\t\t\t\n\t\t\t\t\n\n<span class=\"ipsType_reset ipsType_medium ipsType_light\" data-excludequote=\"None\" >\n\t<strong >Edited <time datetime=\"2013-07-17T05:35:47Z\" title=\"07/17/2013 05:35  AM\" data-short=\"7 yr\" >July 17, 2013</time> by CDWriter</strong>\n\t\n\t\n</span>\n\t\t\t\n\t\t</div>"
        },
        {
            "id": 81174,
            "timestamp": 1374047247,
            "author": {
                "id": 18343,
                "name": "likbez",
                "image": null
            },
            "comment": "\n<blockquote data-ipsquote=\"\" class=\"ipsQuote\" data-ipsquote-contentcommentid=\"81163\" data-ipsquote-contentapp=\"forums\" data-ipsquote-contenttype=\"forums\" data-ipsquote-contentclass=\"forums_Topic\" data-ipsquote-contentid=\"10520\" data-ipsquote-username=\"CDWriter\" data-cite=\"CDWriter\" data-ipsquote-timestamp=\"1374039036\" ><div ><div ><p >@<a contenteditable=\"false\" data-ipshover=\"\" href=\"https://lckb.dev/forum/index.php?/profile/12565-ambassadorbk/\" data-ipshover-target=\"https://lckb.dev/forum/index.php?/profile/12565-ambassadorbk/&do=hovercard\" data-mentionid=\"12565\" rel=\"\" >@ambassadorbk</a>  i tested it with 7 character and nothing, works well no issues ...tyred this for over 1 hr changing from one toon to another...does anyone else have this issue?  are u using my complete database our part of it...... </p></div></div></blockquote>\n<p >Is it possible to run your build with a bunch of the original Russian client?</p>\n"
        },
        {
            "id": 81175,
            "timestamp": 1374050862,
            "author": {
                "id": 18312,
                "name": "Assasin",
                "image": null
            },
            "comment": "\n<p >@<span style=\"color:rgb(40,40,40);font-family:arial, helvetica, clean, sans-serif;font-size:12px;font-weight:bold;\" >CDWriter</span></p>\n<p ><span style=\"color:rgb(40,40,40);font-family:arial, helvetica, clean, sans-serif;font-size:12px;font-weight:bold;\" >Work in PL Client Ep3??</span></p>\n"
        },
        {
            "id": 81178,
            "timestamp": 1374055255,
            "author": {
                "id": 12565,
                "name": "ambassadorbk",
                "image": null
            },
            "comment": "<p >@CDWriter, ill remove everything and reinstall all over again, and check maybe its something i missed twice :p</p>"
        },
        {
            "id": 81302,
            "timestamp": 1374108541,
            "author": {
                "id": 17582,
                "name": "CDWriter",
                "image": null
            },
            "comment": "\n<p >@<a contenteditable=\"false\" data-ipshover=\"\" href=\"https://lckb.dev/forum/index.php?/profile/12565-ambassadorbk/\" data-ipshover-target=\"https://lckb.dev/forum/index.php?/profile/12565-ambassadorbk/&do=hovercard\" data-mentionid=\"12565\" rel=\"\" >@ambassadorbk</a>   did that help ....</p>\n<p > </p>\n<p > </p>\n<p >Everyone ill be releasing v6 here soon  . Witch Maybe my last release since there is no more Bugs, Since no one is reporting ill still be here ...and there might be another release v7 but i think its almost to that point....  </p>\n<p > </p>\n<p >What would be in v6 ...</p>\n<p > </p>\n<p >Pets 100 % redone to stats based off WetPaints page</p>\n<p ><a href=\"http://lastchaosinfo.wetpaint.com/page/Pets\" rel=\"external nofollow\" >http://lastchaosinfo.wetpaint.com/page/Pets</a></p>\n<p > </p>\n<p >I went through every pet but P1 pets and fix all the stat errors ...most of the skills i checked and added the pets missing </p>\n<p >fixed Black Tyrant Ramslo Assassin Affinity and the rewards for it ... (did not add the Tarain Dungeon Since it would be a new client change over).</p>\n<p >fixed MP potions and HP ...some skills for pets where incorrect ....fixed </p>\n<p >redid Exp tables. added more Rare options to missing items </p>\n<p >redid catalog to support elephant leash and added all the other leashes for pets....</p>\n<p >re did and fixed all PET items and weapons ....</p>\n<p > </p>\n<p >If i have missed anything REPORT it now ill be releasing v6 sometime this weekend or next.. </p>\n<p > </p>\n<p >Thanks all ..Glade to help </p>\n<p > </p>\n<p >CDWriter</p>\n<p >Hit the thank you button ...</p>\n\n\n\t\t\t\n\t\t\t\t\n\n<span class=\"ipsType_reset ipsType_medium ipsType_light\" data-excludequote=\"None\" >\n\t<strong >Edited <time datetime=\"2013-07-18T01:01:20Z\" title=\"07/18/2013 01:01  AM\" data-short=\"7 yr\" >July 18, 2013</time> by CDWriter</strong>\n\t\n\t\n</span>\n\t\t\t\n\t\t</div>"
        },
        {
            "id": 81307,
            "timestamp": 1374112343,
            "author": {
                "id": 17474,
                "name": "kixtzz",
                "image": null
            },
            "comment": "<p >Thanks CDWriter, EXP Accumulation work fine in Eagle Maxie ? Do you know if there are any possibility to dupe, or u fix it ?</p>"
        },
        {
            "id": 81308,
            "timestamp": 1374113006,
            "author": {
                "id": 17582,
                "name": "CDWriter",
                "image": null
            },
            "comment": "<p >v6 most of the dupes are gone ..... </p>"
        },
        {
            "id": 81313,
            "timestamp": 1374113851,
            "author": {
                "id": 17474,
                "name": "kixtzz",
                "image": null
            },
            "comment": "<p >and the <span style=\"color:rgb(40,40,40);font-family:arial, helvetica, clean, sans-serif;\" > EXP Accumulation work fine in Eagle Maxie ?</span></p>"
        },
        {
            "id": 81351,
            "timestamp": 1374142424,
            "author": {
                "id": 16983,
                "name": "Jaiz",
                "image": null
            },
            "comment": "\n<p >Affinity fixed, work well?</p>\n<p >Merac castle siege has a bug. If the attack the stone the officers of the guild cant attack the stone only leader can.</p>\n\n\n\t\t\t\n\t\t\t\t\n\n<span class=\"ipsType_reset ipsType_medium ipsType_light\" data-excludequote=\"None\" >\n\t<strong >Edited <time datetime=\"2013-07-18T10:20:24Z\" title=\"07/18/2013 10:20  AM\" data-short=\"7 yr\" >July 18, 2013</time> by Jaiz</strong>\n\t\n\t\n</span>\n\t\t\t\n\t\t</div>"
        },
        {
            "id": 81411,
            "timestamp": 1374179614,
            "author": {
                "id": 7482,
                "name": "Creep",
                "image": null
            },
            "comment": "\n<blockquote data-ipsquote=\"\" class=\"ipsQuote\" data-ipsquote-contentcommentid=\"81308\" data-ipsquote-contentapp=\"forums\" data-ipsquote-contenttype=\"forums\" data-ipsquote-contentclass=\"forums_Topic\" data-ipsquote-contentid=\"10520\" data-ipsquote-username=\"CDWriter\" data-cite=\"CDWriter\" data-ipsquote-timestamp=\"1374113006\" ><div ><div ><p >v6 most of the dupes are gone ..... </p></div></div></blockquote>\n<p > </p>\n<p >Dafuq dude?</p>\n<p >Also release the way u fixed em to check it ;) or even be a nice person and pm it to me then ;) hoply I helped ya with me p2crash tip ;)</p>\n"
        },
        {
            "id": 81451,
            "timestamp": 1374192178,
            "author": {
                "id": 12565,
                "name": "ambassadorbk",
                "image": null
            },
            "comment": "\n<p >@CDWriter , it just worked fine now... and thanks again :) but theres error in the masterpeice armor drops from ramslo you have to fix it in the database its the seals lvl error they re all 19 you have to put them as lvl 5 instead of 19 and the armor will work fine... when you put 3 peices of the armor the attack or magic attack will be from 15k til 8kk ? and you cant hit a thing</p>\n<p >ill put the full set name for you to fix the database :)</p>\n<p >ns: vigorous ravens</p>\n<p >sorc: reckless durhan</p>\n<p >sin: gross darkness</p>\n<p >mage: wicked dark watcher</p>\n<p >healer: intensified ice snowflake</p>\n<p >knight: sturdy golden baphon</p>\n<p >titan: courageous acimads</p>\n<p >t_set_item at a_set_idx 104 till 110 fix the a_option_idx instead of 19 put the last lvl of working seals or option and it will fix the armor :)</p>\n<p >hope i helped you guys..</p>\n"
        },
        {
            "id": 81459,
            "timestamp": 1374195529,
            "author": {
                "id": 17582,
                "name": "CDWriter",
                "image": null
            },
            "comment": "<p >Wow thank u ..iam at work right now but ill do  that..as for rramlos box drops i fixed them today ..</p>"
        },
        {
            "id": 81519,
            "timestamp": 1374227158,
            "author": {
                "id": 13652,
                "name": "MrSKULL",
                "image": null
            },
            "comment": "\n<p >Hey , nice release .</p>\n<p > </p>\n<p >I have a problem :D.</p>\n<p > </p>\n<p >When I want to start the run2.sh in the GS , I get this error :</p>\n<p ><img alt=\"03713-dc413f55-cc70-4d68-b990-2b659fb691\" src=\"http://grabilla.com/03713-dc413f55-cc70-4d68-b990-2b659fb691ba.png\" /></p>\n<p > </p>\n<p >But thats not all :D.</p>\n<p >Connector :</p>\n<p ><img alt=\"03713-458021c1-d436-4534-a22d-a519d2dd09\" src=\"http://grabilla.com/03713-458021c1-d436-4534-a22d-a519d2dd0921.png\" /></p>\n<p > </p>\n<p >When I want to start LS :</p>\n<p > </p>\n<p ><img alt=\"03713-5e90e9ef-85d9-4feb-a5a3-5a94cde4f5\" src=\"http://grabilla.com/03713-5e90e9ef-85d9-4feb-a5a3-5a94cde4f5c6.png\" /></p>\n\n\n\t\t\t\n\t\t\t\t\n\n<span class=\"ipsType_reset ipsType_medium ipsType_light\" data-excludequote=\"None\" >\n\t<strong >Edited <time datetime=\"2013-07-19T09:55:02Z\" title=\"07/19/2013 09:55  AM\" data-short=\"7 yr\" >July 19, 2013</time> by MrSKULL</strong>\n\t\n\t\n</span>\n\t\t\t\n\t\t</div>"
        },
        {
            "id": 81538,
            "timestamp": 1374234759,
            "author": {
                "id": 7482,
                "name": "Creep",
                "image": null
            },
            "comment": "\n<blockquote data-ipsquote=\"\" class=\"ipsQuote\" data-ipsquote-contentcommentid=\"81519\" data-ipsquote-contentapp=\"forums\" data-ipsquote-contenttype=\"forums\" data-ipsquote-contentclass=\"forums_Topic\" data-ipsquote-contentid=\"10520\" data-ipsquote-username=\"MrSKULL\" data-cite=\"MrSKULL\" data-ipsquote-timestamp=\"1374227158\" ><div ><div >\n<p >Hey , nice release .</p>\n<p > </p>\n<p >I have a problem :D.</p>\n<p > </p>\n<p >When I want to start the run2.sh in the GS , I get this error :</p>\n<p ><img alt=\"03713-dc413f55-cc70-4d68-b990-2b659fb691\" src=\"http://grabilla.com/03713-dc413f55-cc70-4d68-b990-2b659fb691ba.png\" /></p>\n<p > </p>\n<p >But thats not all :D.</p>\n<p >Connector :</p>\n<p ><img alt=\"03713-458021c1-d436-4534-a22d-a519d2dd09\" src=\"http://grabilla.com/03713-458021c1-d436-4534-a22d-a519d2dd0921.png\" /></p>\n<p > </p>\n<p >When I want to start LS :</p>\n<p > </p>\n<p ><img alt=\"03713-5e90e9ef-85d9-4feb-a5a3-5a94cde4f5\" src=\"http://grabilla.com/03713-5e90e9ef-85d9-4feb-a5a3-5a94cde4f5c6.png\" /></p>\n</div></div></blockquote>\n<p > </p>\n<p > </p>\n<p >read any fking tutorial.. (srry for that)</p>\n<p > </p>\n<p >u need to close all connector process and then give LS and GS 777 rights either with chmod or per putty..</p>\n"
        },
        {
            "id": 81558,
            "timestamp": 1374242278,
            "author": {
                "id": 15306,
                "name": "Noizy",
                "image": null
            },
            "comment": "\n<blockquote data-ipsquote=\"\" class=\"ipsQuote\" data-ipsquote-contentcommentid=\"81519\" data-ipsquote-contentapp=\"forums\" data-ipsquote-contenttype=\"forums\" data-ipsquote-contentclass=\"forums_Topic\" data-ipsquote-contentid=\"10520\" data-ipsquote-username=\"MrSKULL\" data-cite=\"MrSKULL\" data-ipsquote-timestamp=\"1374227158\" ><div ><div >\n<p >Hey , nice release .</p>\n<p > </p>\n<p >I have a problem :D.</p>\n<p > </p>\n<p >When I want to start the run2.sh in the GS , I get this error :</p>\n<p ><img alt=\"03713-dc413f55-cc70-4d68-b990-2b659fb691\" src=\"http://grabilla.com/03713-dc413f55-cc70-4d68-b990-2b659fb691ba.png\" /></p>\n<p > </p>\n<p >But thats not all :D.</p>\n<p >Connector :</p>\n<p ><img alt=\"03713-458021c1-d436-4534-a22d-a519d2dd09\" src=\"http://grabilla.com/03713-458021c1-d436-4534-a22d-a519d2dd0921.png\" /></p>\n<p > </p>\n<p >When I want to start LS :</p>\n<p > </p>\n<p ><img alt=\"03713-5e90e9ef-85d9-4feb-a5a3-5a94cde4f5\" src=\"http://grabilla.com/03713-5e90e9ef-85d9-4feb-a5a3-5a94cde4f5c6.png\" /></p>\n</div></div></blockquote>\n<p >thats not database problem...</p>\n<p > </p>\n<p > </p>\n<p >Anyway CDwriter, good job :) i really like your databases, keep up</p>\n"
        },
        {
            "id": 81594,
            "timestamp": 1374261756,
            "author": {
                "id": 17582,
                "name": "CDWriter",
                "image": null
            },
            "comment": "<p >Close Topic</p>"
        },
        {
            "id": 81597,
            "timestamp": 1374262748,
            "author": {
                "id": 16983,
                "name": "Jaiz",
                "image": null
            },
            "comment": "<p >For new Release? :D</p>"
        },
        {
            "id": 82791,
            "timestamp": 1374821331,
            "author": {
                "id": 17582,
                "name": "CDWriter",
                "image": null
            },
            "comment": "<p >Close plz out of date,</p>"
        }
    ]
}