{
    "meta": {
        "threadId": 10534,
        "threadName": "IPB Error ..",
        "dateCreated": "2013-07-13T18:25:58+0000",
        "datePublished": "2013-07-13T18:25:58+0000",
        "pageCount": 1,
        "originalUrl": "https://lckb.dev/forum/index.php?/topic/10534-ipb-error/",
        "authorId": null,
        "position": [
            {
                "@type": "ListItem",
                "position": 1,
                "item": {
                    "@id": "https://lckb.dev/forum/index.php?/forum/40-website-scripting-security/",
                    "name": "Website Scripting &amp; Security"
                }
            },
            {
                "@type": "ListItem",
                "position": 2,
                "item": {
                    "@id": "https://lckb.dev/forum/index.php?/forum/117-webmasters-help-talk/",
                    "name": "Webmasters Help &amp; Talk"
                }
            },
            {
                "@type": "ListItem",
                "position": 3,
                "item": {
                    "@id": "https://lckb.dev/forum/index.php?/forum/188-help-requests/",
                    "name": "Help &amp; Requests"
                }
            }
        ]
    },
    "commentData": [
        {
            "id": 80629,
            "timestamp": 1373739958,
            "author": {
                "id": null,
                "name": "Guest SmoGG",
                "image": null
            },
            "comment": "\n<p ><em >Okay.. I had upload IPB 3.4.5 on my VPS (Linux/CentOS 6) but if I wanna \"join\" the install.php (to install the board), </em></p>\n<p ><em >I get this Error :</em> <strong >Webserver or File cannot be found on this Server.</strong></p>\n<p > </p>\n<p ><em >On my Windows VPS, localhost, free Webhost it works .. </em></p>\n<p > </p>\n<p ><em >Hope anyone can help me :</em>/</p>\n"
        },
        {
            "id": 80636,
            "timestamp": 1373740862,
            "author": {
                "id": 7695,
                "name": "CyberClaus",
                "image": null
            },
            "comment": "<p >Probably something is missing on your server... do you have everything updated?</p>"
        },
        {
            "id": 80640,
            "timestamp": 1373741332,
            "author": {
                "id": null,
                "name": "Guest SmoGG",
                "image": null
            },
            "comment": "\n<p >Its all up to date and no custom Programms :/</p>\n<p > </p>\n<p >Website, Launcher, ... working. And I can view the \"Documentation\" from IPB :s</p>\n"
        },
        {
            "id": 80973,
            "timestamp": 1373913552,
            "author": {
                "id": 307,
                "name": "ReturnKratos",
                "image": null
            },
            "comment": "<p >or just try a older version like 3.4.4 is the same ;)</p>"
        },
        {
            "id": 80976,
            "timestamp": 1373914009,
            "author": {
                "id": null,
                "name": "Guest SmoGG",
                "image": null
            },
            "comment": "<p >Same Problem ... I will check this with the 777 rights .. hope it works o:</p>"
        },
        {
            "id": 80978,
            "timestamp": 1373914067,
            "author": {
                "id": 7695,
                "name": "CyberClaus",
                "image": null
            },
            "comment": "<p >Do you have Apache server installed and started?</p>"
        },
        {
            "id": 80979,
            "timestamp": 1373914291,
            "author": {
                "id": 307,
                "name": "ReturnKratos",
                "image": null
            },
            "comment": "\n<blockquote data-ipsquote=\"\" class=\"ipsQuote\" data-ipsquote-contentcommentid=\"80640\" data-ipsquote-contentapp=\"forums\" data-ipsquote-contenttype=\"forums\" data-ipsquote-contentclass=\"forums_Topic\" data-ipsquote-contentid=\"10534\" data-ipsquote-username=\"SmoGG\" data-cite=\"SmoGG\" data-ipsquote-timestamp=\"1373741332\" ><div ><div >\n<p >Its all up to date and no custom Programms :/</p>\n<p > </p>\n<p >Website, Launcher, ... working. And I can view the \"Documentation\" from IPB :s</p>\n</div></div></blockquote>\n<p > </p>\n<p >if this works i think apache is running right, the problem can be the permission.</p>\n"
        },
        {
            "id": 80980,
            "timestamp": 1373914525,
            "author": {
                "id": null,
                "name": "Guest SmoGG",
                "image": null
            },
            "comment": "\n<blockquote data-ipsquote=\"\" class=\"ipsQuote\" data-ipsquote-contentcommentid=\"80978\" data-ipsquote-contentapp=\"forums\" data-ipsquote-contenttype=\"forums\" data-ipsquote-contentclass=\"forums_Topic\" data-ipsquote-contentid=\"10534\" data-ipsquote-username=\"CyberClaus\" data-cite=\"CyberClaus\" data-ipsquote-timestamp=\"1373914067\" ><div ><div ><p >Do you have Apache server installed and started?</p></div></div></blockquote>\n<p >Yes ... Website is working - <a href=\"http://134.255.234.55/\" rel=\"external nofollow\" >http://134.255.234.55/</a></p>\n<p > </p>\n<p >& I gave /forum/admin/install/index.php 777 rights but same problem :/</p>\n"
        },
        {
            "id": 80981,
            "timestamp": 1373914828,
            "author": {
                "id": 7695,
                "name": "CyberClaus",
                "image": null
            },
            "comment": "\n<p >According to IPB creators, that error should only happen when the bord cant access the root on the server...</p>\n<p >So you have 2 options, or you give permissions for every folder or you need to install it on root.</p>\n"
        },
        {
            "id": 80982,
            "timestamp": 1373914873,
            "author": {
                "id": 307,
                "name": "ReturnKratos",
                "image": null
            },
            "comment": "\n<p >look i dont know why doesnt work, mine is in progress for installing and working fine : <a href=\"http://grabilla.com/0370f-93c4e537-809e-4c2b-9c8d-b34e0e38befb.png\" rel=\"external nofollow\" >http://grabilla.com/0370f-93c4e537-809e-4c2b-9c8d-b34e0e38befb.png</a></p>\n<p > </p>\n<p >PS installing on Wiks.ws</p>\n\n\n\t\t\t\n\t\t\t\t\n\n<span class=\"ipsType_reset ipsType_medium ipsType_light\" data-excludequote=\"None\" >\n\t<strong >Edited <time datetime=\"2013-07-15T19:01:52Z\" title=\"07/15/2013 07:01  PM\" data-short=\"7 yr\" >July 15, 2013</time> by ReturnKratos</strong>\n\t\n\t\n</span>\n\t\t\t\n\t\t</div>"
        },
        {
            "id": 80984,
            "timestamp": 1373915075,
            "author": {
                "id": null,
                "name": "Guest SmoGG",
                "image": null
            },
            "comment": "\n<p >Hmm .. I will try to give every folder permissions :/ </p>\n<p > </p>\n<p >& I asked for that in webflake.net but there its the same .. no1 know what to do >.<</p>\n"
        },
        {
            "id": 80988,
            "timestamp": 1373915756,
            "author": {
                "id": 7695,
                "name": "CyberClaus",
                "image": null
            },
            "comment": "<p >The IPB board is intended to be installed on the root of your server... maybe thats the problem... you can change the webpage for another folder and install the board on root</p>"
        },
        {
            "id": 81173,
            "timestamp": 1374047062,
            "author": {
                "id": 16870,
                "name": "Alcap0z",
                "image": null
            },
            "comment": "\n<p >AHAH ! Ive the same error  :mebiro_01:</p>\n<p >Try to edit your config_file.dist.php to config_file.php</p>\n"
        },
        {
            "id": 81190,
            "timestamp": 1374061533,
            "author": {
                "id": null,
                "name": "Guest SmoGG",
                "image": null
            },
            "comment": "\n<p >Nop guys, nothing to do :/</p>\n<p > </p>\n<p >I contact the Host and they mean that IPB need maybe special Packages</p>\n<p >but i cant find anything from IPB for Linux/CentOS on the web >.< </p>\n"
        },
        {
            "id": 81236,
            "timestamp": 1374083896,
            "author": {
                "id": null,
                "name": "Guest SmoGG",
                "image": null
            },
            "comment": "\n<p >Okay I solve the problem ... For everyone who have the same problem, only install this :-)</p>\n<p > </p>\n<p >~GD - <strong >sudo yum install php-gd</strong></p>\n<p >~XML - <strong >sudo yum install php-xml</strong></p>\n<p >- <strong >service httpd restart</strong> (Restart Apache after Installing =D)</p>\n<p > </p>\n<p >Topic can be close.</p>\n"
        }
    ]
}