{
    "meta": {
        "threadId": 10544,
        "threadName": "Mobs give affinity",
        "dateCreated": "2013-07-14T13:00:50+0000",
        "datePublished": "2013-07-14T13:00:50+0000",
        "pageCount": 1,
        "originalUrl": "https://lckb.dev/forum/index.php?/topic/10544-mobs-give-affinity/",
        "authorId": 16931,
        "position": [
            {
                "@type": "ListItem",
                "position": 1,
                "item": {
                    "@id": "https://lckb.dev/forum/index.php?/forum/100-guides-help-section/",
                    "name": "Guides &amp; Help Section"
                }
            },
            {
                "@type": "ListItem",
                "position": 2,
                "item": {
                    "@id": "https://lckb.dev/forum/index.php?/forum/335-help-support/",
                    "name": "Help &amp; Support"
                }
            },
            {
                "@type": "ListItem",
                "position": 3,
                "item": {
                    "@id": "https://lckb.dev/forum/index.php?/forum/120-ep2-support/",
                    "name": "Ep2 Support"
                }
            },
            {
                "@type": "ListItem",
                "position": 4,
                "item": {
                    "@id": "https://lckb.dev/forum/index.php?/forum/134-solved-topics/",
                    "name": "Solved Topics"
                }
            }
        ]
    },
    "commentData": [
        {
            "id": 80761,
            "timestamp": 1373806850,
            "author": {
                "id": 16931,
                "name": "Walletman987",
                "image": null
            },
            "comment": "<p >Which table do I go into to make a certain mob give affinity?  I cant find the table.</p>\n\n\t\t\t\n\t\t\t\t\n\n<span class=\"ipsType_reset ipsType_medium ipsType_light\" data-excludequote=\"None\" >\n\t<strong >Edited <time datetime=\"2013-07-14T21:08:23Z\" title=\"07/14/2013 09:08  PM\" data-short=\"7 yr\" >July 14, 2013</time> by Walletman987</strong>\n\t\n\t\n</span>\n\t\t\t\n\t\t</div>"
        },
        {
            "id": 80763,
            "timestamp": 1373807968,
            "author": {
                "id": 13656,
                "name": "YnVnZ2VyX2F",
                "image": null
            },
            "comment": "\n<p >t_affinity_work</p>\n<p > </p>\n<p >a_work_type 1 = Mob</p>\n"
        },
        {
            "id": 80774,
            "timestamp": 1373812531,
            "author": {
                "id": 16931,
                "name": "Walletman987",
                "image": null
            },
            "comment": "<p >Okay, thank you.</p>"
        },
        {
            "id": 80833,
            "timestamp": 1373834247,
            "author": {
                "id": 13529,
                "name": "DrGenius",
                "image": null
            },
            "comment": "\n<p >if that solved you problem please remember to change the tag to Solved</p>\n<p >also this is on incorrect section ill move it to request & support</p>\n"
        },
        {
            "id": 80839,
            "timestamp": 1373836075,
            "author": {
                "id": 16931,
                "name": "Walletman987",
                "image": null
            },
            "comment": "\n<blockquote data-ipsquote=\"\" class=\"ipsQuote\" data-ipsquote-contentcommentid=\"80833\" data-ipsquote-contentapp=\"forums\" data-ipsquote-contenttype=\"forums\" data-ipsquote-contentclass=\"forums_Topic\" data-ipsquote-contentid=\"10544\" data-ipsquote-username=\"DrGenius\" data-cite=\"DrGenius\" data-ipsquote-timestamp=\"1373834247\" ><div ><div >\n<p >if that solved you problem please remember to change the tag to Solved</p>\n<p >also this is on incorrect section ill move it to request & support</p>\n</div></div></blockquote>\n<p >Oh , sorry, I dont know why I posted it here. 0.o</p>\n"
        }
    ]
}