{
    "meta": {
        "threadId": 10559,
        "threadName": "Problem with starting CashServer.",
        "dateCreated": "2013-07-15T11:02:27+0000",
        "datePublished": "2013-07-15T11:02:27+0000",
        "pageCount": 1,
        "originalUrl": "https://lckb.dev/forum/index.php?/topic/10559-problem-with-starting-cashserver/",
        "authorId": 16931,
        "position": [
            {
                "@type": "ListItem",
                "position": 1,
                "item": {
                    "@id": "https://lckb.dev/forum/index.php?/forum/100-guides-help-section/",
                    "name": "Guides &amp; Help Section"
                }
            },
            {
                "@type": "ListItem",
                "position": 2,
                "item": {
                    "@id": "https://lckb.dev/forum/index.php?/forum/335-help-support/",
                    "name": "Help &amp; Support"
                }
            },
            {
                "@type": "ListItem",
                "position": 3,
                "item": {
                    "@id": "https://lckb.dev/forum/index.php?/forum/120-ep2-support/",
                    "name": "Ep2 Support"
                }
            },
            {
                "@type": "ListItem",
                "position": 4,
                "item": {
                    "@id": "https://lckb.dev/forum/index.php?/forum/134-solved-topics/",
                    "name": "Solved Topics"
                }
            }
        ]
    },
    "commentData": [
        {
            "id": 80882,
            "timestamp": 1373886147,
            "author": {
                "id": 16931,
                "name": "Walletman987",
                "image": null
            },
            "comment": "\n<p >Now that I have all 4 channels running, the Cash server is not starting.</p>\n<p > </p>\n<div >cd CashServer/CashServer/CashServer/mono Cashserver.exe;</div>\n<div >./start;</div>\n<div >sleep 5;</div>\n<div > </div>\n<div >I tried that</div>\n<div > </div>\n<div >\n<div >cd CashServer/CashServer/CashServer/Cashserver</div>\n<div >./start;</div>\n<div >sleep 5;</div>\n<div > </div>\n<div >Ive also tried this.  Does anyone know why its being so weird?  It was working fine before I added the new channels.</div>\n</div>\n<p > </p>\n\n\n\t\t\t\n\t\t\t\t\n\n<span class=\"ipsType_reset ipsType_medium ipsType_light\" data-excludequote=\"None\" >\n\t<strong >Edited <time datetime=\"2013-07-16T10:38:35Z\" title=\"07/16/2013 10:38  AM\" data-short=\"7 yr\" >July 16, 2013</time> by Walletman987</strong>\n\t\n\t\n</span>\n\t\t\t\n\t\t</div>"
        },
        {
            "id": 80885,
            "timestamp": 1373886526,
            "author": {
                "id": 12565,
                "name": "ambassadorbk",
                "image": null
            },
            "comment": "<p >what is the error msg its shown by running the cashserver</p>"
        },
        {
            "id": 80893,
            "timestamp": 1373888624,
            "author": {
                "id": 16931,
                "name": "Walletman987",
                "image": null
            },
            "comment": "\n<div >./startService.sh: line 48: cd: CashServer/CashServer/CashServer/mono: No such file or directory</div>\n<br /><div >./startService.sh: line 49: ./start: No such file or directory</div>\n"
        },
        {
            "id": 80902,
            "timestamp": 1373891235,
            "author": {
                "id": 12565,
                "name": "ambassadorbk",
                "image": null
            },
            "comment": "\n<p >could you post an image of the diretories inside and the startservice commands, and since its giving no such file or directory...</p>\n<p >i guess its simply, need to fix the startservice.sh lines to fit the directories...</p>\n"
        },
        {
            "id": 80920,
            "timestamp": 1373894670,
            "author": {
                "id": 2016,
                "name": "pwesty",
                "image": null
            },
            "comment": "\n<p >the problem is after your last gameserver start its not cding to the home directory ^^ just change the cd to look like this and try it instead of cding right into that you prolly have to do this</p>\n<p > </p>\n<p >cd ../../;</p>\n<p >cd CashServer/CashServer/CashServer/mono Cashserver.exe;</p>\n<p > </p>\n<p > </p>\n<p >try that then let me know how it works ^^ gotta add that top cd ../../; it thinks the cashserver folder is inside your gameserver4 folder</p>\n\n\n\t\t\t\n\t\t\t\t\n\n<span class=\"ipsType_reset ipsType_medium ipsType_light\" data-excludequote=\"None\" >\n\t<strong >Edited <time datetime=\"2013-07-15T13:28:25Z\" title=\"07/15/2013 01:28  PM\" data-short=\"7 yr\" >July 15, 2013</time> by pwesty</strong>\n\t\n\t\n</span>\n\t\t\t\n\t\t</div>"
        },
        {
            "id": 80939,
            "timestamp": 1373898867,
            "author": {
                "id": 16931,
                "name": "Walletman987",
                "image": null
            },
            "comment": "\n<p >@<a contenteditable=\"false\" data-ipshover=\"\" href=\"https://lckb.dev/forum/index.php?/profile/2016-pwesty/\" data-ipshover-target=\"https://lckb.dev/forum/index.php?/profile/2016-pwesty/&do=hovercard\" data-mentionid=\"2016\" rel=\"\" >@pwesty</a></p>\n<p > </p>\n<div >./startService.sh: line 48: cd: CashServer/CashServer/CashServer/mono: No such file or directory</div>\n<div > </div>\n<div >I get this error now.</div>\n"
        },
        {
            "id": 80954,
            "timestamp": 1373902921,
            "author": {
                "id": 7695,
                "name": "CyberClaus",
                "image": null
            },
            "comment": "\n<p >you have 1 extra cashserver folder...</p>\n<p >try out :</p>\n<p > </p>\n<p >CashServer/CashServer/mono CashServer.exe</p>\n"
        },
        {
            "id": 81028,
            "timestamp": 1373971125,
            "author": {
                "id": 16931,
                "name": "Walletman987",
                "image": null
            },
            "comment": "<p >thanks everyone</p>"
        }
    ]
}