{
    "meta": {
        "threadId": 10577,
        "threadName": "problem denied",
        "dateCreated": "2013-07-16T11:07:33+0000",
        "datePublished": "2013-07-16T11:07:33+0000",
        "pageCount": 1,
        "originalUrl": "https://lckb.dev/forum/index.php?/topic/10577-problem-denied/",
        "authorId": 17148,
        "position": [
            {
                "@type": "ListItem",
                "position": 1,
                "item": {
                    "@id": "https://lckb.dev/forum/index.php?/forum/100-guides-help-section/",
                    "name": "Guides &amp; Help Section"
                }
            },
            {
                "@type": "ListItem",
                "position": 2,
                "item": {
                    "@id": "https://lckb.dev/forum/index.php?/forum/335-help-support/",
                    "name": "Help &amp; Support"
                }
            },
            {
                "@type": "ListItem",
                "position": 3,
                "item": {
                    "@id": "https://lckb.dev/forum/index.php?/forum/120-ep2-support/",
                    "name": "Ep2 Support"
                }
            },
            {
                "@type": "ListItem",
                "position": 4,
                "item": {
                    "@id": "https://lckb.dev/forum/index.php?/forum/134-solved-topics/",
                    "name": "Solved Topics"
                }
            }
        ]
    },
    "commentData": [
        {
            "id": 81036,
            "timestamp": 1373972853,
            "author": {
                "id": 17148,
                "name": "WorldOfWars",
                "image": null
            },
            "comment": "<p >Hey, guys,<br /><br />when i start my connector, he said permission denied , so i apply chmod 777 Connector, but always<sub > the same! can you help me?</sub><br /><br />Now a screen :<br /><br /><a href=\"http://www.hostingpics.net/viewer.php?id=801561chmod.png\" rel=\"external nofollow\" ><img alt=\"801561chmod.png\" src=\"http://img11.hostingpics.net/pics/801561chmod.png\" /></a><br /><br />SOLVED: LIB 32bits wasnt installed.</p>\n\n\t\t\t\n\t\t\t\t\n\n<span class=\"ipsType_reset ipsType_medium ipsType_light\" data-excludequote=\"None\" >\n\t<strong >Edited <time datetime=\"2013-07-16T15:51:16Z\" title=\"07/16/2013 03:51  PM\" data-short=\"7 yr\" >July 16, 2013</time> by WorldOfWars</strong>\n\t\n\t\n</span>\n\t\t\t\n\t\t</div>"
        },
        {
            "id": 81046,
            "timestamp": 1373978284,
            "author": {
                "id": 7695,
                "name": "CyberClaus",
                "image": null
            },
            "comment": "<p >chmod u+x Connector</p>"
        },
        {
            "id": 81048,
            "timestamp": 1373978410,
            "author": {
                "id": 17148,
                "name": "WorldOfWars",
                "image": null
            },
            "comment": "\n<p ><a href=\"http://www.hostingpics.net/viewer.php?id=330352chmod.png\" rel=\"external nofollow\" ><img alt=\"330352chmod.png\" src=\"http://img11.hostingpics.net/pics/330352chmod.png\" /></a></p>\n<p > </p>\n<p >Always the same....</p>\n"
        }
    ]
}