{
    "meta": {
        "threadId": 10570,
        "threadName": "[NEW ZONE]",
        "dateCreated": "2013-07-15T18:35:52+0000",
        "datePublished": "2013-07-15T18:35:52+0000",
        "pageCount": 2,
        "originalUrl": "https://lckb.dev/forum/index.php?/topic/10570-new-zone/",
        "authorId": 15306,
        "position": [
            {
                "@type": "ListItem",
                "position": 1,
                "item": {
                    "@id": "https://lckb.dev/forum/index.php?/forum/271-general-section/",
                    "name": "General Section"
                }
            },
            {
                "@type": "ListItem",
                "position": 2,
                "item": {
                    "@id": "https://lckb.dev/forum/index.php?/forum/43-development-showroom/",
                    "name": "Development Showroom"
                }
            }
        ]
    },
    "commentData": [
        {
            "id": 80971,
            "timestamp": 1373913352,
            "author": {
                "id": 15306,
                "name": "Noizy",
                "image": null
            },
            "comment": "\n<p >Hello all,<br />I always wanted to create new map,  i can`t say that i`ll be a map like Barunson made but i think for start, its good. Map is still in progress and not finished so i not have any model in it yet.<br />Map will be dark, no lamps no light, only moon is your helper, i`m trying to make place more mistycal, i`m thinking about phosphorus</p>\n<p >terrian.</p>\n<p > </p>\n<p >Know more about map, see screens<span style=\"font-size:14px;\" >:</span></p>\n<p >Cooming Soon (With at last one town finished)<br /><br />Thanks for help:<br />DrGenius - Terrian texture painting<br />Tarissuis - Seriously helping<br /> </p>\n"
        },
        {
            "id": 80977,
            "timestamp": 1373914026,
            "author": {
                "id": 2167,
                "name": "dethunter12",
                "image": null
            },
            "comment": "<p >my opinion the mountains look ugly  and naming it illuminate why that name? but other then that it looks nice </p>\n\n\t\t\t\n\t\t\t\t\n\n<span class=\"ipsType_reset ipsType_medium ipsType_light\" data-excludequote=\"None\" >\n\t<strong >Edited <time datetime=\"2013-07-15T18:47:48Z\" title=\"07/15/2013 06:47  PM\" data-short=\"7 yr\" >July 15, 2013</time> by dethunter12</strong>\n\t\n\t\n</span>\n\t\t\t\n\t\t</div>"
        },
        {
            "id": 80985,
            "timestamp": 1373915107,
            "author": {
                "id": 15306,
                "name": "Noizy",
                "image": null
            },
            "comment": "\n<blockquote data-ipsquote=\"\" class=\"ipsQuote\" data-ipsquote-contentcommentid=\"80977\" data-ipsquote-contentapp=\"forums\" data-ipsquote-contenttype=\"forums\" data-ipsquote-contentclass=\"forums_Topic\" data-ipsquote-contentid=\"10570\" data-ipsquote-username=\"dethunter12\" data-cite=\"dethunter12\" data-ipsquote-timestamp=\"1373914026\" ><div ><div ><p >my opinion the mountains look ugly and naming it illuminate why that name? but other then that it looks nice</p></div></div></blockquote>\n<p >Okay, i`ll say to Dr about mountains, but about name :D so let me know your new variant of name :P</p>\n"
        },
        {
            "id": 80991,
            "timestamp": 1373916364,
            "author": {
                "id": 15369,
                "name": "DieYoung",
                "image": null
            },
            "comment": "<p >are you going to release it?</p>"
        },
        {
            "id": 81003,
            "timestamp": 1373938152,
            "author": {
                "id": 2167,
                "name": "dethunter12",
                "image": null
            },
            "comment": "<p > well its just the fact your map name just makes me think illuminati and i wont be playing it with anything similar to it call it something different but thats just my opinion so you dont have to take it just know that i wont play it if thats the name and im sure you wont care about that either.</p>"
        },
        {
            "id": 81012,
            "timestamp": 1373955051,
            "author": {
                "id": 15306,
                "name": "Noizy",
                "image": null
            },
            "comment": "\n<blockquote data-ipsquote=\"\" class=\"ipsQuote\" data-ipsquote-contentcommentid=\"81003\" data-ipsquote-contentapp=\"forums\" data-ipsquote-contenttype=\"forums\" data-ipsquote-contentclass=\"forums_Topic\" data-ipsquote-contentid=\"10570\" data-ipsquote-username=\"dethunter12\" data-cite=\"dethunter12\" data-ipsquote-timestamp=\"1373938152\" ><div ><div ><p > well its just the fact your map name just makes me think illuminati and i wont be playing it with anything similar to it call it something different but thats just my opinion so you dont have to take it just know that i wont play it if thats the name and im sure you wont care about that either.</p></div></div></blockquote>\n<p >This map is just for LCKB lc, so i`m really care about if anyone willnot play so :)</p>\n"
        },
        {
            "id": 81350,
            "timestamp": 1374142197,
            "author": {
                "id": 6288,
                "name": "topflorent01",
                "image": null
            },
            "comment": "\n<p >make map is good</p>\n<p >good work in you</p>\n"
        },
        {
            "id": 81355,
            "timestamp": 1374145407,
            "author": {
                "id": 2,
                "name": "Wizatek",
                "image": null
            },
            "comment": "\n<p >Could u explain to me how the texture painting works on the terrain?</p>\n<p >\nWhenever i try to use it, it doesnt paint anything.</p>\n<p > </p>\n<p >\nWhat i do is :</p>\n<p >\nI press R</p>\n<p >\nRightclick, select Texture in the menu.</p>\n<p >\nThen click a texture in the virtualtree.</p>\n<p >\nThen click and draw on the terrain.</p>\n<p >\nNothing happens.</p>\n"
        },
        {
            "id": 81356,
            "timestamp": 1374145764,
            "author": {
                "id": 17432,
                "name": "Nymphetamine",
                "image": null
            },
            "comment": "\n<p >Its nice but it looks too empty in my mind.</p>\n<p >That would be nice for a new castle siege zone :p</p>\n"
        },
        {
            "id": 81357,
            "timestamp": 1374146338,
            "author": {
                "id": 15126,
                "name": "rrbkmz",
                "image": null
            },
            "comment": "\n<blockquote data-ipsquote=\"\" class=\"ipsQuote\" data-ipsquote-contentcommentid=\"81355\" data-ipsquote-contentapp=\"forums\" data-ipsquote-contenttype=\"forums\" data-ipsquote-contentclass=\"forums_Topic\" data-ipsquote-contentid=\"10570\" data-ipsquote-username=\"Wizatek\" data-cite=\"Wizatek\" data-ipsquote-timestamp=\"1374145407\" ><div ><div >\n<p >Could u explain to me how the texture painting works on the terrain?</p>\n<p >Whenever i try to use it, it doesnt paint anything.</p>\n<p > </p>\n<p >What i do is :</p>\n<p >I press R</p>\n<p >Rightclick, select Texture in the menu.</p>\n<p >Then click a texture in the virtualtree.</p>\n<p >Then click and draw on the terrain.</p>\n<p >Nothing happens.</p>\n</div></div></blockquote>\n<p ><span ><span >As I understand</span> <span >it simply</span> <span >erases the</span> <span >texture</span><span >, hold down</span> <span >ctrl,</span> <span >it will cover</span> <span >in white.</span></span></p>\n"
        },
        {
            "id": 81358,
            "timestamp": 1374147679,
            "author": {
                "id": 10456,
                "name": "Tarissuis",
                "image": null
            },
            "comment": "\n<blockquote data-ipsquote=\"\" class=\"ipsQuote\" data-ipsquote-contentcommentid=\"81355\" data-ipsquote-contentapp=\"forums\" data-ipsquote-contenttype=\"forums\" data-ipsquote-contentclass=\"forums_Topic\" data-ipsquote-contentid=\"10570\" data-ipsquote-username=\"Wizatek\" data-cite=\"Wizatek\" data-ipsquote-timestamp=\"1374145407\" ><div ><div >\n<p >Could u explain to me how the texture painting works on the terrain?</p>\n<p >Whenever i try to use it, it doesnt paint anything.</p>\n<p > </p>\n<p >What i do is :</p>\n<p >I press R</p>\n<p >Rightclick, select Texture in the menu.</p>\n<p >Then click a texture in the virtualtree.</p>\n<p >Then click and draw on the terrain.</p>\n<p >Nothing happens.</p>\n</div></div></blockquote>\n<p > </p>\n<p >He got his terrain fixed by DrGenius who Luoo shared his fixed editor with, thats how.</p>\n\n\n\t\t\t\n\t\t\t\t\n\n<span class=\"ipsType_reset ipsType_medium ipsType_light\" data-excludequote=\"None\" >\n\t<strong >Edited <time datetime=\"2013-07-18T11:53:39Z\" title=\"07/18/2013 11:53  AM\" data-short=\"7 yr\" >July 18, 2013</time> by Tarissuis</strong>\n\t\n\t\n</span>\n\t\t\t\n\t\t</div>"
        },
        {
            "id": 81359,
            "timestamp": 1374147686,
            "author": {
                "id": 15306,
                "name": "Noizy",
                "image": null
            },
            "comment": "\n<blockquote data-ipsquote=\"\" class=\"ipsQuote\" data-ipsquote-contentcommentid=\"81355\" data-ipsquote-contentapp=\"forums\" data-ipsquote-contenttype=\"forums\" data-ipsquote-contentclass=\"forums_Topic\" data-ipsquote-contentid=\"10570\" data-ipsquote-username=\"Wizatek\" data-cite=\"Wizatek\" data-ipsquote-timestamp=\"1374145407\" ><div ><div >\n<p >Could u explain to me how the texture painting works on the terrain?</p>\n<p >Whenever i try to use it, it doesnt paint anything.</p>\n<p > </p>\n<p >What i do is :</p>\n<p >I press R</p>\n<p >Rightclick, select Texture in the menu.</p>\n<p >Then click a texture in the virtualtree.</p>\n<p >Then click and draw on the terrain.</p>\n<p >Nothing happens.</p>\n</div></div></blockquote>\n<p >Requirements: Fixed editor (Genius has it)</p>\n<p >Press R -> R.CLICK -> Texture -> Press Q -> Choose texture -> Paint</p>\n<p > </p>\n<p >but in my editor when i press Q it`s just a black background, in fixed editor shows terrian masks, example juno_s1.tex (Like it) then when painting terrian, mask is filling automaticly :P</p>\n"
        },
        {
            "id": 81360,
            "timestamp": 1374147748,
            "author": {
                "id": 15306,
                "name": "Noizy",
                "image": null
            },
            "comment": "\n<blockquote data-ipsquote=\"\" class=\"ipsQuote\" data-ipsquote-contentcommentid=\"81358\" data-ipsquote-contentapp=\"forums\" data-ipsquote-contenttype=\"forums\" data-ipsquote-contentclass=\"forums_Topic\" data-ipsquote-contentid=\"10570\" data-ipsquote-username=\"Tarissuis\" data-cite=\"Tarissuis\" data-ipsquote-timestamp=\"1374147679\" ><div >\n<p >Tarissuis, on 18 Jul 2013 - 3:41 PM, said:</p>\n<p > </p>\n<p >He got his one fixed by DrGenius who Luoo shared his fixed editor with, thats how.</p>\n</div></blockquote>nope, sadly i have not fixed editor :( :( :( :( DrGenius painted textures for me"
        },
        {
            "id": 81362,
            "timestamp": 1374148294,
            "author": {
                "id": 15126,
                "name": "rrbkmz",
                "image": null
            },
            "comment": "<p ><span ><span >The landscape</span> <span >changed</span> <span >in the serious editor</span> <span >or</span> <span >in another program</span><span >?</span></span> :)</p>"
        },
        {
            "id": 81364,
            "timestamp": 1374148482,
            "author": {
                "id": 10456,
                "name": "Tarissuis",
                "image": null
            },
            "comment": "\n<blockquote data-ipsquote=\"\" class=\"ipsQuote\" data-ipsquote-contentcommentid=\"81360\" data-ipsquote-contentapp=\"forums\" data-ipsquote-contenttype=\"forums\" data-ipsquote-contentclass=\"forums_Topic\" data-ipsquote-contentid=\"10570\" data-ipsquote-username=\"Noizy\" data-cite=\"Noizy\" data-ipsquote-timestamp=\"1374147748\" ><div ><div ><p >nope, sadly i have not fixed editor :( :( :( :( DrGenius painted textures for me</p></div></div></blockquote>\n<p > </p>\n<p >Thats what I said :D still edited my post, it was a bit confusing indeed.</p>\n\n\n\t\t\t\n\t\t\t\t\n\n<span class=\"ipsType_reset ipsType_medium ipsType_light\" data-excludequote=\"None\" >\n\t<strong >Edited <time datetime=\"2013-07-18T11:55:07Z\" title=\"07/18/2013 11:55  AM\" data-short=\"7 yr\" >July 18, 2013</time> by Tarissuis</strong>\n\t\n\t\n</span>\n\t\t\t\n\t\t</div>"
        },
        {
            "id": 81365,
            "timestamp": 1374148496,
            "author": {
                "id": 15306,
                "name": "Noizy",
                "image": null
            },
            "comment": "\n<blockquote data-ipsquote=\"\" class=\"ipsQuote\" data-ipsquote-contentcommentid=\"81362\" data-ipsquote-contentapp=\"forums\" data-ipsquote-contenttype=\"forums\" data-ipsquote-contentclass=\"forums_Topic\" data-ipsquote-contentid=\"10570\" data-ipsquote-username=\"rrbkmz\" data-cite=\"rrbkmz\" data-ipsquote-timestamp=\"1374148294\" ><div ><div ><p >The landscape changed in the serious editor or in another program? :)</p></div></div></blockquote>\n<p >hmm, as u know, editors which we got can`t create terrian entitie, so it`s map not created by me its edit of juno :D as i know MegaLC can`t create terrian entitie too, LUMATARE was a juno copy :P so its copied map then i cleared it and made mountians, as in last post i said, terrian painting is not from me </p>\n"
        },
        {
            "id": 81369,
            "timestamp": 1374149058,
            "author": {
                "id": 15306,
                "name": "Noizy",
                "image": null
            },
            "comment": "\n<p ><a href=\"https://www.youtube.com/watch?v=aH8CKrEyMEI\" rel=\"external nofollow\" >http://www.youtube.com/watch?v=aH8CKrEyMEI</a></p>\n<p > </p>\n<p >Showtime of my map</p>\n<p >Forests (DONE)</p>\n<p >Lights (DONE)</p>\n<p >Night (DONE)</p>\n<p >Small Lake (DONE)</p>\n<p >Town 1 - Mysterious Town (IN PROGRESS)</p>\n<p >Town 2 - Town Of Darkness (IN PROGRESS)</p>\n<p >More Decorations - Rocks, buildings, etc (IN PROGRESS)</p>\n<p >Hidden Places - For quests (FUTURE)</p>\n<p >TP Net - Teleport between places in map (FUTURE)</p>\n"
        },
        {
            "id": 81370,
            "timestamp": 1374149100,
            "author": {
                "id": 15126,
                "name": "rrbkmz",
                "image": null
            },
            "comment": "<p >I learned how to export / import the landscape, the serious editor is inconvenient to change landscape -_- .<span ><span >I also understand</span> <span >how to construct the</span> <span >animation</span> <span >in</span></span> last chaos. :D</p>"
        },
        {
            "id": 81371,
            "timestamp": 1374149183,
            "author": {
                "id": 15126,
                "name": "rrbkmz",
                "image": null
            },
            "comment": "\n<blockquote data-ipsquote=\"\" class=\"ipsQuote\" data-ipsquote-contentcommentid=\"81369\" data-ipsquote-contentapp=\"forums\" data-ipsquote-contenttype=\"forums\" data-ipsquote-contentclass=\"forums_Topic\" data-ipsquote-contentid=\"10570\" data-ipsquote-username=\"Noizy\" data-cite=\"Noizy\" data-ipsquote-timestamp=\"1374149058\" ><div ><div >\n<p ><a href=\"https://www.youtube.com/watch?v=aH8CKrEyMEI\" rel=\"external nofollow\" >http://www.youtube.com/watch?v=aH8CKrEyMEI</a></p>\n<p > </p>\n<p >Little show about map</p>\n</div></div></blockquote>\n<p >Nice)</p>\n"
        },
        {
            "id": 81374,
            "timestamp": 1374149615,
            "author": {
                "id": 15306,
                "name": "Noizy",
                "image": null
            },
            "comment": "\n<blockquote data-ipsquote=\"\" class=\"ipsQuote\" data-ipsquote-contentcommentid=\"81370\" data-ipsquote-contentapp=\"forums\" data-ipsquote-contenttype=\"forums\" data-ipsquote-contentclass=\"forums_Topic\" data-ipsquote-contentid=\"10570\" data-ipsquote-username=\"rrbkmz\" data-cite=\"rrbkmz\" data-ipsquote-timestamp=\"1374149100\" ><div ><p >I learned how to export / import the landscape, the serious editor is inconvenient to change landscape -_- .I also understand how to construct the animation in last chaos. :D</p></div></blockquote>if you mean with Earth Sculptor or Terrian Editor xD  import .TGA? its creates terrian premitive, not entitie<p > </p>\n<p >P.S What animation? :D</p>\n"
        },
        {
            "id": 81382,
            "timestamp": 1374150685,
            "author": {
                "id": 2,
                "name": "Wizatek",
                "image": null
            },
            "comment": "\n<blockquote data-ipsquote=\"\" class=\"ipsQuote\" data-ipsquote-contentcommentid=\"81359\" data-ipsquote-contentapp=\"forums\" data-ipsquote-contenttype=\"forums\" data-ipsquote-contentclass=\"forums_Topic\" data-ipsquote-contentid=\"10570\" data-ipsquote-username=\"Noizy\" data-cite=\"Noizy\" data-ipsquote-timestamp=\"1374147686\" ><div >\n<p >Requirements: Fixed editor (Genius has it)</p>\n<p >\nPress R -> R.CLICK -> Texture -> Press Q -> Choose texture -> Paint</p>\n<p >\n </p>\n<p >\nbut in my editor when i press Q it`s just a black background, in fixed editor shows terrian masks, example juno_s1.tex (Like it) then when painting terrian, mask is filling automaticly :P</p>\n</div></blockquote>\n<p >\nI dont think there is a fixed editor, mine is compiled from the source code and i also get a black background.</p>\n<p >\nI think the problem might be the correct Engine.dll</p>\n"
        },
        {
            "id": 81385,
            "timestamp": 1374151277,
            "author": {
                "id": 15306,
                "name": "Noizy",
                "image": null
            },
            "comment": "\n<blockquote data-ipsquote=\"\" class=\"ipsQuote\" data-ipsquote-contentcommentid=\"81382\" data-ipsquote-contentapp=\"forums\" data-ipsquote-contenttype=\"forums\" data-ipsquote-contentclass=\"forums_Topic\" data-ipsquote-contentid=\"10570\" data-ipsquote-username=\"Wizatek\" data-cite=\"Wizatek\" data-ipsquote-timestamp=\"1374150685\" ><div ><div >\n<p >I dont think there is a fixed editor, mine is compiled from the source code and i also get a black background.</p>\n<p >I think the problem might be the correct Engine.dll</p>\n</div></div></blockquote>\n<p >Sadly, I can`t say correctly becuase i have not in my hands this one so, you have to ask to Genius :)</p>\n<p > </p>\n<p >P.S i think better to ask Luoo, who made it happen :)</p>\n<p >anyway good luck</p>\n"
        },
        {
            "id": 81435,
            "timestamp": 1374185337,
            "author": {
                "id": 10456,
                "name": "Tarissuis",
                "image": null
            },
            "comment": "\n<blockquote data-ipsquote=\"\" class=\"ipsQuote\" data-ipsquote-contentcommentid=\"81382\" data-ipsquote-contentapp=\"forums\" data-ipsquote-contenttype=\"forums\" data-ipsquote-contentclass=\"forums_Topic\" data-ipsquote-contentid=\"10570\" data-ipsquote-username=\"Wizatek\" data-cite=\"Wizatek\" data-ipsquote-timestamp=\"1374150685\" ><div ><div >\n<p >I dont think there is a fixed editor, mine is compiled from the source code and i also get a black background.</p>\n<p >I think the problem might be the correct Engine.dll</p>\n</div></div></blockquote>\n<p > </p>\n<p >Yeah, he got the source as well and managed to add/fix the functions you had to disable in order to compile it. Engines working fine, thats definitely not the cause.</p>\n"
        },
        {
            "id": 81480,
            "timestamp": 1374204027,
            "author": {
                "id": 13529,
                "name": "DrGenius",
                "image": null
            },
            "comment": "<p >i have the fixed version from luoo so hes the one can asnwer that question^^<br />btw good job noizy show us your imagination!</p>"
        },
        {
            "id": 81487,
            "timestamp": 1374207551,
            "author": {
                "id": 2167,
                "name": "dethunter12",
                "image": null
            },
            "comment": "<p >dude nice video did you take my suggestion about the lights illumining the dark? showing the path?</p>"
        },
        {
            "id": 81497,
            "timestamp": 1374213513,
            "author": {
                "id": 15306,
                "name": "Noizy",
                "image": null
            },
            "comment": "\n<blockquote data-ipsquote=\"\" class=\"ipsQuote\" data-ipsquote-contentcommentid=\"81487\" data-ipsquote-contentapp=\"forums\" data-ipsquote-contenttype=\"forums\" data-ipsquote-contentclass=\"forums_Topic\" data-ipsquote-contentid=\"10570\" data-ipsquote-username=\"dethunter12\" data-cite=\"dethunter12\" data-ipsquote-timestamp=\"1374207551\" ><div ><div ><p >dude nice video did you take my suggestion about the lights illumining the dark? showing the path?</p></div></div></blockquote>\n<p >Yea, there are lights which are on the way, in some places specially not placed lights for some interes and dark :)</p>\n<p >soon i`ll post screens of first town</p>\n<p > </p>\n<p > </p>\n<blockquote data-ipsquote=\"\" class=\"ipsQuote\" data-ipsquote-contentcommentid=\"81480\" data-ipsquote-contentapp=\"forums\" data-ipsquote-contenttype=\"forums\" data-ipsquote-contentclass=\"forums_Topic\" data-ipsquote-contentid=\"10570\" data-ipsquote-username=\"DrGenius\" data-cite=\"DrGenius\" data-ipsquote-timestamp=\"1374204027\" ><div ><div >\n<p >i have the fixed version from luoo so hes the one can asnwer that question^^</p>\n<p >btw good job noizy show us your imagination!</p>\n</div></div></blockquote>\n<p >Ty :) i`ll distrube u for terrian txt one more time :P okay? :D</p>\n"
        },
        {
            "id": 81511,
            "timestamp": 1374222912,
            "author": {
                "id": 13529,
                "name": "DrGenius",
                "image": null
            },
            "comment": "<p >yea sure np^^</p>"
        },
        {
            "id": 81871,
            "timestamp": 1374423693,
            "author": {
                "id": 15306,
                "name": "Noizy",
                "image": null
            },
            "comment": "\n<p >#Request for cleaning !</p>\n<p >Reason: Topic starts new life :P</p>\n"
        },
        {
            "id": 83318,
            "timestamp": 1375091464,
            "author": {
                "id": 7482,
                "name": "Creep",
                "image": null
            },
            "comment": "\n<p >I case I just came along a little trick in strayana..</p>\n<p > </p>\n<p >anyways there is no bottomtexture for me, but then after i smothed the terrain a bit, the texture plopped on and I was also able to change ist</p>\n"
        }
    ]
}