{
    "meta": {
        "threadId": 1060,
        "threadName": "Seals",
        "dateCreated": "2011-10-15T20:21:36+0000",
        "datePublished": "2011-10-15T20:21:36+0000",
        "pageCount": 1,
        "originalUrl": "https://lckb.dev/forum/index.php?/topic/1060-seals/",
        "authorId": 37,
        "position": [
            {
                "@type": "ListItem",
                "position": 1,
                "item": {
                    "@id": "https://lckb.dev/forum/index.php?/forum/271-general-section/",
                    "name": "General Section"
                }
            },
            {
                "@type": "ListItem",
                "position": 2,
                "item": {
                    "@id": "https://lckb.dev/forum/index.php?/forum/259-general-discussion/",
                    "name": "General Discussion"
                }
            }
        ]
    },
    "commentData": [
        {
            "id": 8671,
            "timestamp": 1318710096,
            "author": {
                "id": 37,
                "name": "BashVendetta",
                "image": null
            },
            "comment": "<p >I have been messing around with seals recently, one thing I have noticed about accessories is you <strong >/itemdrop ID 0 0 1</strong> and then relog and it will randomly add seals to the accessory... just wondering exactly what controls this? Also if these files are 2008 files then  should work as Lust Trum was a release in 2007 which introduced these files for us. I have made a RareOption editor which transfers the SQL and works out the % of seals gained etc by the Level and it works great just wanting to know a bit more about the process before I do more with this.</p>"
        },
        {
            "id": 8674,
            "timestamp": 1318715047,
            "author": {
                "id": 161,
                "name": "Koko",
                "image": null
            },
            "comment": "<p >I tried a few weeks ago to edit the prob of each seal (t_option) but it didnt work, so i suppose the gs controls this.</p>"
        },
        {
            "id": 8677,
            "timestamp": 1318717577,
            "author": {
                "id": null,
                "name": "Guest damona",
                "image": null
            },
            "comment": "<p >you cant make the rareoption this is in the gameserver and it is very very  possible and need form a perfect coder (example falo) many weeks :)</p>"
        },
        {
            "id": 8685,
            "timestamp": 1318725969,
            "author": {
                "id": 37,
                "name": "BashVendetta",
                "image": null
            },
            "comment": "<p >Some reason the game is not updating the seals whilst you are in game, example I dropped a stone of shadow on the floor and checked the itemdb it showed the stats already but did not update the client, this is most likely going to have to be edited into the gamserver, I will try get this to work but I am still rusty at ASM so could take me a while.</p>"
        },
        {
            "id": 8687,
            "timestamp": 1318727569,
            "author": {
                "id": null,
                "name": "Guest damona",
                "image": null
            },
            "comment": "<p >yes it need very very much time the gameserver dont load the rareoption and in the gameserver are not the calculation :)</p>"
        }
    ]
}