{
    "meta": {
        "threadId": 10615,
        "threadName": "[World Edition] Flat Terrain Maker",
        "dateCreated": "2013-07-18T12:36:38+0000",
        "datePublished": "2013-07-18T12:36:38+0000",
        "pageCount": 1,
        "originalUrl": "https://lckb.dev/forum/index.php?/topic/10615-world-edition-flat-terrain-maker/",
        "authorId": 161,
        "position": [
            {
                "@type": "ListItem",
                "position": 1,
                "item": {
                    "@id": "https://lckb.dev/forum/index.php?/forum/258-release-zone/",
                    "name": "Release Zone"
                }
            },
            {
                "@type": "ListItem",
                "position": 2,
                "item": {
                    "@id": "https://lckb.dev/forum/index.php?/forum/336-general-releases/",
                    "name": "General Releases"
                }
            },
            {
                "@type": "ListItem",
                "position": 3,
                "item": {
                    "@id": "https://lckb.dev/forum/index.php?/forum/282-general-tools-releases/",
                    "name": "General Tools Releases"
                }
            }
        ]
    },
    "commentData": [
        {
            "id": 81383,
            "timestamp": 1374150998,
            "author": {
                "id": 161,
                "name": "Koko",
                "image": null
            },
            "comment": "\n<p ><strong >Function: </strong>Edit terrain files (.wtr) to make it totally flat</p>\n<p > </p>\n<p ><strong >Works on: </strong>Any .wtr file</p>\n<p > </p>\n<p ><strong >Author: </strong>Koko</p>\n<p > </p>\n<p ><strong >Download: </strong><a href=\"http://lckb.downloadsbgg.com/tools/multi/LastChaos%20Flat%20Terrain%20Maker.rar\" rel=\"external nofollow\" >Download</a></p>\n<p > </p>\n<p ><strong >Note 1: if you are using a float height value, make sure to use a comma , and not a dot . (idk why, but a dot doesnt work)</strong></p>\n<p ><strong >Note 2: this does not remove attributes, might add this later.</strong></p>\n<p > </p>\n<p ><b >Thanks to wizatek for the given help</b></p>\n<p style=\"text-align:center;\" > </p>\n<p ><strong >Images:</strong></p>\n<p > </p>\n<p style=\"text-align:center;\" ><img alt=\"61tf.jpg\" src=\"https://imageshack.us/a/img12/2503/61tf.jpg\" /></p>\n<p > </p>\n<p style=\"text-align:center;\" ><img alt=\"fihk.jpg\" src=\"https://imageshack.us/a/img708/892/fihk.jpg\" /></p>\n"
        },
        {
            "id": 81402,
            "timestamp": 1374179035,
            "author": {
                "id": 18520,
                "name": "Julia",
                "image": null
            },
            "comment": "<p >thx (:</p>"
        },
        {
            "id": 81405,
            "timestamp": 1374179184,
            "author": {
                "id": 1300,
                "name": "XxTINTINxX",
                "image": null
            },
            "comment": "<p >Great koko  :clapping:</p>"
        },
        {
            "id": 81426,
            "timestamp": 1374183273,
            "author": {
                "id": 18312,
                "name": "Assasin",
                "image": null
            },
            "comment": "\n<p >Not Open Win7 x64 </p>\n<pre class=\"ipsCode prettyprint\" >  Nazwa zdarzenia problemu:\tAPPCRASH\n  Nazwa aplikacji:\tLastChaos Flat Terrain Maker.exe\n  Wersja aplikacji:\t0.0.0.0\n  Sygnatura czasowa aplikacji:\t51e7d326\n  Nazwa modu\u00c3\u2026\u00e2\u20ac\u0161u z b\u00c3\u2026\u00e2\u20ac\u0161\u00c3\u201e\u00e2\u201e\u00a2dem:\tKERNELBASE.dll\n  Wersja modu\u00c3\u2026\u00e2\u20ac\u0161u z b\u00c3\u2026\u00e2\u20ac\u0161\u00c3\u201e\u00e2\u201e\u00a2dem:\t6.1.7601.18015\n  Sygnatura czasowa modu\u00c3\u2026\u00e2\u20ac\u0161u z b\u00c3\u2026\u00e2\u20ac\u0161\u00c3\u201e\u00e2\u201e\u00a2dem:\t50b83c8a\n  Kod wyj\u00c3\u201e\u00e2\u20ac\u00a6tku:\te0434352\n  Przesuni\u00c3\u201e\u00e2\u201e\u00a2cie wyj\u00c3\u201e\u00e2\u20ac\u00a6tku:\t0000c41f\n  Wersja systemu operacyjnego:\t6.1.7601.2.1.0.256.1\n  Identyfikator ustawie\u00c3\u2026\u00e2\u20ac\u017e regionalnych:\t1045\n  Dodatkowe informacje 1:\t0a9e\n  Dodatkowe informacje 2:\t0a9e372d3b4ad19135b953a78882e789\n  Dodatkowe informacje 3:\t0a9e\n  Dodatkowe informacje 4:\t0a9e372d3b4ad19135b953a78882e789\n</pre>\n\n\n\t\t\t\n\t\t\t\t\n\n<span class=\"ipsType_reset ipsType_medium ipsType_light\" data-excludequote=\"None\" >\n\t<strong >Edited <time datetime=\"2013-07-18T21:35:40Z\" title=\"07/18/2013 09:35  PM\" data-short=\"7 yr\" >July 18, 2013</time> by Assasin</strong>\n\t\n\t\n</span>\n\t\t\t\n\t\t</div>"
        },
        {
            "id": 81430,
            "timestamp": 1374184290,
            "author": {
                "id": 2,
                "name": "Wizatek",
                "image": null
            },
            "comment": "\n<p >Nice work koko :)</p>\n<p >\nMaybe u could do a string replace on the textbox, replace . with ,</p>\n<p >\nthen it doesnt matter if someone uses a dot or a comma</p>\n"
        },
        {
            "id": 81440,
            "timestamp": 1374185561,
            "author": {
                "id": 10456,
                "name": "Tarissuis",
                "image": null
            },
            "comment": "<p >Not bad, maybe you can add a feature that automatically sets the height of objects (as mentioned in .wld file) to the desired .wtr height (or to 0, i guess thats what youve done)</p>"
        },
        {
            "id": 81442,
            "timestamp": 1374186754,
            "author": {
                "id": 161,
                "name": "Koko",
                "image": null
            },
            "comment": "\n<blockquote data-ipsquote=\"\" class=\"ipsQuote\" data-ipsquote-contentcommentid=\"81430\" data-ipsquote-contentapp=\"forums\" data-ipsquote-contenttype=\"forums\" data-ipsquote-contentclass=\"forums_Topic\" data-ipsquote-contentid=\"10615\" data-ipsquote-username=\"Wizatek\" data-cite=\"Wizatek\" data-ipsquote-timestamp=\"1374184290\" ><div ><div >\n<p >Nice work koko :)</p>\n<p >Maybe u could do a string replace on the textbox, replace . with ,</p>\n<p >then it doesnt matter if someone uses a dot or a comma</p>\n</div></div></blockquote>\n<p > </p>\n<p >Thanks :)</p>\n<p >Yep, saw that on google, gonna try to add that in v1.1 :P</p>\n<p > </p>\n<div >\n<blockquote data-ipsquote=\"\" class=\"ipsQuote\" ><div >\n<div >Not bad, maybe you can add a feature that automatically sets the height of objects (as mentioned in .wld file) to the desired .wtr height (or to 0, i guess thats what youve done)</div>\n<p > </p>\n</div></blockquote>\n<p > </p>\n</div>\n<div > </div>\n<p >Yep, thats planned too ;) gonna work on that tomorrow (will just be taking some code from my old unfinished -yet- world editor i started to work on weeks before the serious editor was released)</p>\n<p >Actually it doesnt set the height to 0, it asks you at which height you want to set the whole terrain. But its nowhere near accurate, since theres some math done on the height in the .wtr file, and i couldnt find the correct one yet (its not proportional, so all i came up with was a simple *164, and when it comes to super low / super high heights, theres a gap of 20 or such between reality & input lol)</p>\n<p > </p>\n<p >@<a contenteditable=\"false\" data-ipshover=\"\" href=\"https://lckb.dev/forum/index.php?/profile/18312-assasin/\" data-ipshover-target=\"https://lckb.dev/forum/index.php?/profile/18312-assasin/&do=hovercard\" data-mentionid=\"18312\" rel=\"\" >@Assasin</a>: thats weird, im using Windows 7 x64 too and its runs fine.</p>\n"
        },
        {
            "id": 85459,
            "timestamp": 1377345622,
            "author": {
                "id": 17613,
                "name": "ZaTii",
                "image": null
            },
            "comment": "\n<p >I got a Problem. <br /> </p>\n<p > </p>\n<p >I wanted to make the Terrain in Juno completed new before i release it. </p>\n<p > </p>\n<p >But i got a Problem</p>\n<p > </p>\n<p >When i edit the wtr with ur tool and the start my client it changes.</p>\n<p > </p>\n<p >But when i copy the wtr + wld + tbn in my VM and open the juno.wld with the SE i see the old terrain and not the new flat one.</p>\n"
        },
        {
            "id": 85512,
            "timestamp": 1377434406,
            "author": {
                "id": 15543,
                "name": "luoo",
                "image": null
            },
            "comment": "<p >edit it in SE what is the problem?</p>"
        },
        {
            "id": 85534,
            "timestamp": 1377456411,
            "author": {
                "id": 18312,
                "name": "Assasin",
                "image": null
            },
            "comment": "<p >Can you tell where to edit wtr?</p>"
        }
    ]
}