{
    "meta": {
        "threadId": 10625,
        "threadName": "privileges",
        "dateCreated": "2013-07-19T00:39:49+0000",
        "datePublished": "2013-07-19T00:39:49+0000",
        "pageCount": 1,
        "originalUrl": "https://lckb.dev/forum/index.php?/topic/10625-privileges/",
        "authorId": 7750,
        "position": [
            {
                "@type": "ListItem",
                "position": 1,
                "item": {
                    "@id": "https://lckb.dev/forum/index.php?/forum/100-guides-help-section/",
                    "name": "Guides &amp; Help Section"
                }
            },
            {
                "@type": "ListItem",
                "position": 2,
                "item": {
                    "@id": "https://lckb.dev/forum/index.php?/forum/335-help-support/",
                    "name": "Help &amp; Support"
                }
            },
            {
                "@type": "ListItem",
                "position": 3,
                "item": {
                    "@id": "https://lckb.dev/forum/index.php?/forum/120-ep2-support/",
                    "name": "Ep2 Support"
                }
            },
            {
                "@type": "ListItem",
                "position": 4,
                "item": {
                    "@id": "https://lckb.dev/forum/index.php?/forum/134-solved-topics/",
                    "name": "Solved Topics"
                }
            }
        ]
    },
    "commentData": [
        {
            "id": 81456,
            "timestamp": 1374194389,
            "author": {
                "id": 7750,
                "name": "camaro2683",
                "image": null
            },
            "comment": "\n<p >as i know to make a character an admin capable in database is #10 can someone give me a list of numbers for like game master, game sage, etc </p>\n<p >thank you :)</p>\n\n\n\t\t\t\n\t\t\t\t\n\n<span class=\"ipsType_reset ipsType_medium ipsType_light\" data-excludequote=\"None\" >\n\t<strong >Edited <time datetime=\"2013-07-19T01:47:37Z\" title=\"07/19/2013 01:47  AM\" data-short=\"7 yr\" >July 19, 2013</time> by camaro2683</strong>\n\t\n\t\n</span>\n\t\t\t\n\t\t</div>"
        },
        {
            "id": 81457,
            "timestamp": 1374194611,
            "author": {
                "id": 161,
                "name": "Koko",
                "image": null
            },
            "comment": "\n<p > 1 2 3 4 5 6 7 8 9 10?</p>\n<p > </p>\n<p >Nah seriously, the higher the rank is, the more commands you will have access to.</p>\n<p >Just try & see :)</p>\n"
        },
        {
            "id": 81458,
            "timestamp": 1374194628,
            "author": {
                "id": 2,
                "name": "Wizatek",
                "image": null
            },
            "comment": "\n<p >Its what u want them to be.</p>\n<p >\nLevel 9 is generally safe to give a gamemaster that cant drop items but can summon monsters</p>\n<p >\nLevel 8 cant drop and summon</p>\n<p > </p>\n<p >\nGameSages are level 0 they are players... </p>\n"
        },
        {
            "id": 81463,
            "timestamp": 1374198411,
            "author": {
                "id": 7750,
                "name": "camaro2683",
                "image": null
            },
            "comment": "<p >ok guys thank you topic is solved </p>"
        }
    ]
}