{
    "meta": {
        "threadId": 10638,
        "threadName": "Souls are Bugged...",
        "dateCreated": "2013-07-19T21:59:01+0000",
        "datePublished": "2013-07-19T21:59:01+0000",
        "pageCount": 1,
        "originalUrl": "https://lckb.dev/forum/index.php?/topic/10638-souls-are-bugged/",
        "authorId": 2835,
        "position": [
            {
                "@type": "ListItem",
                "position": 1,
                "item": {
                    "@id": "https://lckb.dev/forum/index.php?/forum/100-guides-help-section/",
                    "name": "Guides &amp; Help Section"
                }
            },
            {
                "@type": "ListItem",
                "position": 2,
                "item": {
                    "@id": "https://lckb.dev/forum/index.php?/forum/335-help-support/",
                    "name": "Help &amp; Support"
                }
            },
            {
                "@type": "ListItem",
                "position": 3,
                "item": {
                    "@id": "https://lckb.dev/forum/index.php?/forum/120-ep2-support/",
                    "name": "Ep2 Support"
                }
            },
            {
                "@type": "ListItem",
                "position": 4,
                "item": {
                    "@id": "https://lckb.dev/forum/index.php?/forum/134-solved-topics/",
                    "name": "Solved Topics"
                }
            }
        ]
    },
    "commentData": [
        {
            "id": 81606,
            "timestamp": 1374271141,
            "author": {
                "id": 2835,
                "name": "halohalo",
                "image": null
            },
            "comment": "\n<p >Which its weird, its that the souls are bugged. All skills are working except souls..god dam :( I have re enter the original tables and still it appears: \"Skill isnt ready yet\".</p>\n<p > </p>\n<p >I have tried with 3 or 4 that worked before and now the same problem. I tried changing the skills_usa.bin but still nothing u.u</p>\n<p > </p>\n<p >I have checked that its divided by 2 the souls: 1 its the buff that you receive and the other its the skill itself (animation of the soul)</p>\n<p > </p>\n<p >If i try to use the skill itself (the buff) it works but you get stunned and you cant move or make skills or anything. But if you try to use the animation skill, as it should, that error appears.</p>\n<p > </p>\n<p >Thanks for help,</p>\n<p > </p>\n<p >halo</p>\n\n\n\t\t\t\n\t\t\t\t\n\n<span class=\"ipsType_reset ipsType_medium ipsType_light\" data-excludequote=\"None\" >\n\t<strong >Edited <time datetime=\"2013-07-19T23:13:42Z\" title=\"07/19/2013 11:13  PM\" data-short=\"7 yr\" >July 19, 2013</time> by halohalo</strong>\n\t\n\t\n</span>\n\t\t\t\n\t\t</div>"
        },
        {
            "id": 81607,
            "timestamp": 1374272934,
            "author": {
                "id": 2016,
                "name": "pwesty",
                "image": null
            },
            "comment": "<p >what i did was use the skill editor and update the magic and update it to db, how i been fixing all my skills that have wrong levels or not enough lvls etc etc ^^ try it, should fix your issue</p>"
        },
        {
            "id": 81608,
            "timestamp": 1374273808,
            "author": {
                "id": 16931,
                "name": "Walletman987",
                "image": null
            },
            "comment": "\n<blockquote data-ipsquote=\"\" class=\"ipsQuote\" data-ipsquote-contentcommentid=\"81606\" data-ipsquote-contentapp=\"forums\" data-ipsquote-contenttype=\"forums\" data-ipsquote-contentclass=\"forums_Topic\" data-ipsquote-contentid=\"10638\" data-ipsquote-username=\"halohalo\" data-cite=\"halohalo\" data-ipsquote-timestamp=\"1374271141\" ><div ><div >\n<p >Which its weird, its that the souls are bugged. All skills are working except souls..god dam :( I have re enter the original tables and still it appears: \"Skill isnt ready yet\".</p>\n<p > </p>\n<p >I have tried with 3 or 4 that worked before and now the same problem. I tried changing the skills_usa.bin but still nothing u.u</p>\n<p > </p>\n<p >I have checked that its divided by 2 the souls: 1 its the buff that you receive and the other its the skill itself (animation of the soul)</p>\n<p > </p>\n<p >If i try to use the skill itself (the buff) it works but you get stunned and you cant move or make skills or anything. But if you try to use the animation skill, as it should, that error appears.</p>\n<p > </p>\n<p >Thanks for help,</p>\n<p > </p>\n<p >halo</p>\n</div></div></blockquote>\n<p >Make sure your skill flags are correct.</p>\n"
        },
        {
            "id": 81609,
            "timestamp": 1374274010,
            "author": {
                "id": 17432,
                "name": "Nymphetamine",
                "image": null
            },
            "comment": "\n<p >Firstly check if the magic works properly.</p>\n<p >For do it use /applyskill 1111 1 for example,that should be soul of witch,and see if you use it correctly and adds the verious bonus without bugs.</p>\n<p >If you get bugged then the magic is wrong i think.</p>\n"
        },
        {
            "id": 81610,
            "timestamp": 1374274618,
            "author": {
                "id": 13494,
                "name": "Ichy",
                "image": null
            },
            "comment": "\n<p >The problem is because u did Update of the Souls Skills or something like this, and when u do it, the skill loose some Info (Info that the Skill Editor havent got) and put it on default 0.</p>\n<p >For fix them, put some cleaned or untouched data. Go to the t_skill & t_skillLevel, copy the whole line of the soul, delete the whole line of the soul of your data and copy the line of the original database.</p>\n<p > </p>\n<p >I think it must work</p>\n"
        },
        {
            "id": 81612,
            "timestamp": 1374275607,
            "author": {
                "id": 2835,
                "name": "halohalo",
                "image": null
            },
            "comment": "\n<blockquote data-ipsquote=\"\" class=\"ipsQuote\" data-ipsquote-contentcommentid=\"81609\" data-ipsquote-contentapp=\"forums\" data-ipsquote-contenttype=\"forums\" data-ipsquote-contentclass=\"forums_Topic\" data-ipsquote-contentid=\"10638\" data-ipsquote-username=\"Nymphetamine\" data-cite=\"Nymphetamine\" data-ipsquote-timestamp=\"1374274010\" ><div ><div >\n<p >Firstly check if the magic works properly.</p>\n<p >For do it use /applyskill 1111 1 for example,that should be soul of witch,and see if you use it correctly and adds the verious bonus without bugs.</p>\n<p >If you get bugged then the magic is wrong i think.</p>\n</div></div></blockquote>\n<p >I have tested and it worked, seems my dbs are a little crazy :P</p>\n<p > </p>\n<p >Thanks for help</p>\n"
        },
        {
            "id": 81649,
            "timestamp": 1374314767,
            "author": {
                "id": 17432,
                "name": "Nymphetamine",
                "image": null
            },
            "comment": "\n<blockquote data-ipsquote=\"\" class=\"ipsQuote\" data-ipsquote-contentcommentid=\"81612\" data-ipsquote-contentapp=\"forums\" data-ipsquote-contenttype=\"forums\" data-ipsquote-contentclass=\"forums_Topic\" data-ipsquote-contentid=\"10638\" data-ipsquote-username=\"halohalo\" data-cite=\"halohalo\" data-ipsquote-timestamp=\"1374275607\" ><div ><div >\n<p >I have tested and it worked, seems my dbs are a little crazy :P</p>\n<p > </p>\n<p >Thanks for help</p>\n</div></div></blockquote>\n<p >You are welcome</p>\n"
        }
    ]
}