{
    "meta": {
        "threadId": 10653,
        "threadName": "[RELEASE] DARKGLOW PT-Br WORKING ALL",
        "dateCreated": "2013-07-20T16:35:43+0000",
        "datePublished": "2013-07-20T16:35:43+0000",
        "pageCount": 1,
        "originalUrl": "https://lckb.dev/forum/index.php?/topic/10653-release-darkglow-pt-br-working-all/",
        "authorId": 14748,
        "position": [
            {
                "@type": "ListItem",
                "position": 1,
                "item": {
                    "@id": "https://lckb.dev/forum/index.php?/forum/40-website-scripting-security/",
                    "name": "Website Scripting &amp; Security"
                }
            },
            {
                "@type": "ListItem",
                "position": 2,
                "item": {
                    "@id": "https://lckb.dev/forum/index.php?/forum/368-website-releases/",
                    "name": "Website Releases"
                }
            },
            {
                "@type": "ListItem",
                "position": 3,
                "item": {
                    "@id": "https://lckb.dev/forum/index.php?/forum/306-ep2-websites/",
                    "name": "Ep2 Websites"
                }
            }
        ]
    },
    "commentData": [
        {
            "id": 81690,
            "timestamp": 1374338143,
            "author": {
                "id": 14748,
                "name": "uillian",
                "image": null
            },
            "comment": "\n<p >HELLO EVERYONE ....<br />Today I come to launch a new version of the sit DarkGlow Fully Translated to PT-BR (Brazilian) What did will again?<br />- Correction in Register<br />- Revised script gallery<br />- Special symbols added \u00c3\u0192\u00c2\u00a7, \u00c3\u0192\u00c2\u00a1, \u00c3\u0192\u00c2\u00ad, u , \u00c3\u0192\u00c2\u00b4, \u00c3\u0192\u00c2\u00b5, \u00c3\u0192\u00c2\u00a3, \u00c3\u0192\u00c2\u00aa<br />- After the login page does not set the Reload<br />- Removed tooltip Ad<br />- Revised script without errors<br />- Local installation of web sit xampp / htdocs / \"site\"<br />- Not tested on linux apache 2 ..<br />- Report errors so you can fix<br />- Follows bg_user SQL<br />- 100% WORKING<br /><br />--- Download</p>\n<p > </p>\n<p ><a href=\"http://filebeam.com/4cc3c750e54a0cf3b6ba2463cbf04e7b\" rel=\"external nofollow\" >http://filebeam.com/4cc3c750e54a0cf3b6ba2463cbf04e7b</a></p>\n<p > </p>\n<p ><img alt=\"Sem+t%25C3%25ADtulo1.jpg\" src=\"https://lh6.googleusercontent.com/-yS9KHdjtHPI/Ueq7u5-uy_I/AAAAAAAAAFI/GM4OKx7jt-Y/w271-h382-no/Sem+t%25C3%25ADtulo1.jpg\" /></p>\n<p ><img alt=\"Sem+t%25C3%25ADtulo.jpg\" src=\"https://lh5.googleusercontent.com/-UIHFxwPH1nY/Ueq7uZxy6ZI/AAAAAAAAAFA/69jh0LOSm0k/w868-h406-no/Sem+t%25C3%25ADtulo.jpg\" /><br /><br /><br />--- Creditos By Noizy --The launch and disseminate<br />--- Creditos uillian-- The translation and review some script errors!</p>\n<p > </p>\n<p > </p>\n"
        },
        {
            "id": 81771,
            "timestamp": 1374371922,
            "author": {
                "id": 12010,
                "name": "yagerya55",
                "image": null
            },
            "comment": "<p >plss add show cash</p>"
        },
        {
            "id": 81784,
            "timestamp": 1374384456,
            "author": {
                "id": 9121,
                "name": "03101997",
                "image": null
            },
            "comment": "<p >Hummmm... nice... ( Humm.... bommm...)</p>"
        },
        {
            "id": 81785,
            "timestamp": 1374384910,
            "author": {
                "id": 15306,
                "name": "Noizy",
                "image": null
            },
            "comment": "\n<blockquote data-ipsquote=\"\" class=\"ipsQuote\" data-ipsquote-contentcommentid=\"81690\" data-ipsquote-contentapp=\"forums\" data-ipsquote-contenttype=\"forums\" data-ipsquote-contentclass=\"forums_Topic\" data-ipsquote-contentid=\"10653\" data-ipsquote-username=\"uillian\" data-cite=\"uillian\" data-ipsquote-timestamp=\"1374338143\" ><div ><div >\n<p >HELLO EVERYONE ....</p>\n<p >Today I come to launch a new version of the sit DarkGlow Fully Translated to PT-BR (Brazilian) What did will again?</p>\n<p >- Correction in Register</p>\n<p >- Revised script gallery</p>\n<p >- Special symbols added \u00c3\u0192\u00c2\u00a7, \u00c3\u0192\u00c2\u00a1, \u00c3\u0192\u00c2\u00ad, u , \u00c3\u0192\u00c2\u00b4, \u00c3\u0192\u00c2\u00b5, \u00c3\u0192\u00c2\u00a3, \u00c3\u0192\u00c2\u00aa</p>\n<p >- After the login page does not set the Reload</p>\n<p >- Removed tooltip Ad</p>\n<p >- Revised script without errors</p>\n<p >- Local installation of web sit xampp / htdocs / \"site\"</p>\n<p >- Not tested on linux apache 2 ..</p>\n<p >- Report errors so you can fix</p>\n<p >- Follows bg_user SQL</p>\n<p >- 100% WORKING</p>\n<p > </p>\n<p >--- Download</p>\n<p > </p>\n<p ><a href=\"http://filebeam.com/4cc3c750e54a0cf3b6ba2463cbf04e7b\" rel=\"external nofollow\" >http://filebeam.com/4cc3c750e54a0cf3b6ba2463cbf04e7b</a></p>\n<p > </p>\n<p ><img alt=\"Sem+t%25C3%25ADtulo1.jpg\" src=\"https://lh6.googleusercontent.com/-yS9KHdjtHPI/Ueq7u5-uy_I/AAAAAAAAAFI/GM4OKx7jt-Y/w271-h382-no/Sem+t%25C3%25ADtulo1.jpg\" /></p>\n<p ><img alt=\"Sem+t%25C3%25ADtulo.jpg\" src=\"https://lh5.googleusercontent.com/-UIHFxwPH1nY/Ueq7uZxy6ZI/AAAAAAAAAFA/69jh0LOSm0k/w868-h406-no/Sem+t%25C3%25ADtulo.jpg\" /></p>\n<p > </p>\n<p > </p>\n<p >--- Creditos By Noizy --The launch and disseminate</p>\n<p >--- Creditos uillian-- The translation and review some script errors!</p>\n</div></div></blockquote>\n<p >Nice Nice :) it`s progress :) but correction is that: site already has not errors :P needed correct config thats all </p>\n<p >and you not must use folder \"site\" to make site work</p>\n"
        },
        {
            "id": 81812,
            "timestamp": 1374405540,
            "author": {
                "id": 16983,
                "name": "Jaiz",
                "image": null
            },
            "comment": "<p >why not a fixed english version?</p>"
        },
        {
            "id": 81814,
            "timestamp": 1374405772,
            "author": {
                "id": 12148,
                "name": "extreme",
                "image": null
            },
            "comment": "\n<p >Working correctly without the \"White Page\" or similar problems in centos?</p>\n<p >If yes, can you post a english version? Because the old relase in centos had White Page.</p>\n"
        },
        {
            "id": 81825,
            "timestamp": 1374411645,
            "author": {
                "id": 7695,
                "name": "CyberClaus",
                "image": null
            },
            "comment": "\n<blockquote data-ipsquote=\"\" class=\"ipsQuote\" data-ipsquote-contentcommentid=\"81690\" data-ipsquote-contentapp=\"forums\" data-ipsquote-contenttype=\"forums\" data-ipsquote-contentclass=\"forums_Topic\" data-ipsquote-contentid=\"10653\" data-ipsquote-username=\"uillian\" data-cite=\"uillian\" data-ipsquote-timestamp=\"1374338143\" ><div ><div >\n<p >HELLO EVERYONE ....</p>\n<p >Today I come to launch a new version of the sit DarkGlow Fully Translated to PT-BR (Brazilian) What did will again?</p>\n<p >- Correction in Register</p>\n<p >- Revised script gallery</p>\n<p >- Special symbols added \u00c3\u0192\u00c2\u00a7, \u00c3\u0192\u00c2\u00a1, \u00c3\u0192\u00c2\u00ad, u , \u00c3\u0192\u00c2\u00b4, \u00c3\u0192\u00c2\u00b5, \u00c3\u0192\u00c2\u00a3, \u00c3\u0192\u00c2\u00aa</p>\n<p >- After the login page does not set the Reload</p>\n<p >- Removed tooltip Ad</p>\n<p >- Revised script without errors</p>\n<p >- Local installation of web sit xampp / htdocs / \"site\"</p>\n<p >- Not tested on linux apache 2 ..</p>\n<p >- Report errors so you can fix</p>\n<p >- Follows bg_user SQL</p>\n<p >- 100% WORKING</p>\n<p > </p>\n<p >--- Download</p>\n<p > </p>\n<p ><a href=\"http://filebeam.com/4cc3c750e54a0cf3b6ba2463cbf04e7b\" rel=\"external nofollow\" >http://filebeam.com/4cc3c750e54a0cf3b6ba2463cbf04e7b</a></p>\n<p > </p>\n<p ><img alt=\"Sem+t%25C3%25ADtulo1.jpg\" src=\"https://lh6.googleusercontent.com/-yS9KHdjtHPI/Ueq7u5-uy_I/AAAAAAAAAFI/GM4OKx7jt-Y/w271-h382-no/Sem+t%25C3%25ADtulo1.jpg\" /></p>\n<p ><img alt=\"Sem+t%25C3%25ADtulo.jpg\" src=\"https://lh5.googleusercontent.com/-UIHFxwPH1nY/Ueq7uZxy6ZI/AAAAAAAAAFA/69jh0LOSm0k/w868-h406-no/Sem+t%25C3%25ADtulo.jpg\" /></p>\n<p > </p>\n<p > </p>\n<p >--- Creditos By Noizy --The launch and disseminate</p>\n<p >--- Creditos uillian-- The translation and review some script errors!</p>\n</div></div></blockquote>\n<p > </p>\n<p >Good work uillian, could you post it in Portuguese section also? </p>\n"
        },
        {
            "id": 81830,
            "timestamp": 1374412119,
            "author": {
                "id": 15306,
                "name": "Noizy",
                "image": null
            },
            "comment": "\n<blockquote data-ipsquote=\"\" class=\"ipsQuote\" data-ipsquote-contentcommentid=\"81812\" data-ipsquote-contentapp=\"forums\" data-ipsquote-contenttype=\"forums\" data-ipsquote-contentclass=\"forums_Topic\" data-ipsquote-contentid=\"10653\" data-ipsquote-username=\"Jaiz\" data-cite=\"Jaiz\" data-ipsquote-timestamp=\"1374405540\" ><div ><div ><p >why not a fixed english version?</p></div></div></blockquote>\n<p >Fixed? :O what was there corrupted? </p>\n"
        },
        {
            "id": 81864,
            "timestamp": 1374421622,
            "author": {
                "id": 14748,
                "name": "uillian",
                "image": null
            },
            "comment": "<p ><span ><span >Today</span> <span >I will be</span> <span >Posting</span> <span >the version</span> <span >in</span> <span >English</span> <span >with the same</span> <span >face of the</span> <span >Portuguese</span><span >!</span></span></p>"
        },
        {
            "id": 83003,
            "timestamp": 1374959936,
            "author": {
                "id": 2835,
                "name": "halohalo",
                "image": null
            },
            "comment": "<p >Looks nice, any english version yet?</p>"
        },
        {
            "id": 83006,
            "timestamp": 1374961206,
            "author": {
                "id": 17432,
                "name": "Nymphetamine",
                "image": null
            },
            "comment": "\n<blockquote data-ipsquote=\"\" class=\"ipsQuote\" data-ipsquote-contentcommentid=\"83003\" data-ipsquote-contentapp=\"forums\" data-ipsquote-contenttype=\"forums\" data-ipsquote-contentclass=\"forums_Topic\" data-ipsquote-contentid=\"10653\" data-ipsquote-username=\"halohalo\" data-cite=\"halohalo\" data-ipsquote-timestamp=\"1374959936\" ><div ><div ><p >Looks nice, any english version yet?</p></div></div></blockquote>\n<p ><a href=\"http://toxic-l33t.ddns.net/forum/index.php?/topic/10687-release-darkglow-english-working-all/\" rel=\"external nofollow\" >http://toxic-l33t.ddns.net/forum/index.php?/topic/10687-release-darkglow-english-working-all/</a></p>\n"
        }
    ]
}