{
    "meta": {
        "threadId": 10669,
        "threadName": "IconPicker",
        "dateCreated": "2013-07-21T12:36:27+0000",
        "datePublished": "2013-07-21T12:36:27+0000",
        "pageCount": 1,
        "originalUrl": "https://lckb.dev/forum/index.php?/topic/10669-iconpicker/",
        "authorId": 13172,
        "position": [
            {
                "@type": "ListItem",
                "position": 1,
                "item": {
                    "@id": "https://lckb.dev/forum/index.php?/forum/272-programmers-gateway/",
                    "name": "Programmers Gateway"
                }
            },
            {
                "@type": "ListItem",
                "position": 2,
                "item": {
                    "@id": "https://lckb.dev/forum/index.php?/forum/79-coders-talk/",
                    "name": "Coders Talk"
                }
            }
        ]
    },
    "commentData": [
        {
            "id": 81822,
            "timestamp": 1374410187,
            "author": {
                "id": 13172,
                "name": "soryjero",
                "image": null
            },
            "comment": "\n<p >hello, this time my question is more broad because its first time i try this.</p>\n<p > </p>\n<p >i am trying to make a icon picker but i dont know how to do it. i only know i need a picture box so i have it.</p>\n<p > </p>\n<p ><a href=\"http://grabilla.com/03715-20f853a5-fae8-49a6-a2bb-89fcf8f48cc0.html#\" rel=\"external nofollow\" >http://grabilla.com/03715-20f853a5-fae8-49a6-a2bb-89fcf8f48cc0.html#</a></p>\n<p > </p>\n<p >i also want to make a new form where i can click on icon to choose it, so i have it too.</p>\n<p > </p>\n<p ><a href=\"http://grabilla.com/03715-9365dfae-cd7f-4d3a-8d5e-cddd98f548c7.html#\" rel=\"external nofollow\" >http://grabilla.com/03715-9365dfae-cd7f-4d3a-8d5e-cddd98f548c7.html#</a></p>\n<p > </p>\n<p >and i also have images in /Images</p>\n<p > </p>\n<p ><a href=\"http://grabilla.com/03715-25333ad6-b2e4-41da-9cdd-b4e6b16a79c0.html#\" rel=\"external nofollow\" >http://grabilla.com/03715-25333ad6-b2e4-41da-9cdd-b4e6b16a79c0.html#</a></p>\n<p > </p>\n<p >but i dont know how to code an icon picker, so could anyone help me or give me a piece or code?</p>\n<p > </p>\n<p >thanks in advance</p>\n"
        },
        {
            "id": 81879,
            "timestamp": 1374426096,
            "author": {
                "id": 919,
                "name": "someone",
                "image": null
            },
            "comment": "\n<p >The First thing to do is to load your images, you could use PictureBox</p>\n<p > </p>\n<p >If you chose a PictureBox:, add handles to your picture box(in this case a MouseClick event).</p>\n<p > </p>\n<p >Since the picture has lots of sub-pictures you need to  calculate the picture location on the huge image.</p>\n<p >A simple way is width and height of the image(just like matrix in math).</p>\n<p > </p>\n<p >So lets represent the image in to matrix of titles(the image is the matrix and sub-images are numbers of the matrix):</p>\n<pre class=\"ipsCode prettyprint\" >01 02 03 04 05 \n06 07 08 09 10\n11 12 13 14 15\n16 17 18 79 20\n21 22 23 24 25</pre>\n<p >This matrix is made of 5 width in titles and 5 height in title( lets call it  Images[5][5]).</p>\n<p > </p>\n<p >Here is a sample code for getting a title on a certain location:</p>\n<pre class=\"ipsCode prettyprint\" >//defining the title width and height in pixels\nint title_Width = 20;\nint title_height= 20;\n\n//our image\nBitmap bmp = null;\n\nprivate void pictureBox1_MouseClick(object sender, MouseEventArgs e){\n\t//getting the mouse location on the image\n\tint mouse_Location_x = e.X;\n\tint mouse_Location_y = e.Y;\n\n\t//seeing in what title I clicked\n        int title_x = (mouse_Location_x / title_Width) - 1;\n        int title_y = mouse_Location_y / title_height - 1;\n            \n\t//creating a Rectangle for the image\n\tRectangle rect = new Rectangle(title_Width*title_x, title_height*\n                title_y ,title_Width, title_height );\n\n\t//getting the image\n\tbmp = new Bitmap(title_Width, title_height);\n\tpictureBox1.DrawToBitmap(bmp, rect);\n}\n</pre>\n<p >Or you can get the images on load and store them into a matrix  then after you found x and y of the image the get the image from the matrix.</p>\n<pre class=\"ipsCode prettyprint\" >Bitmap [][] images = null;\nprivate void Form1_Load(object sender, EventArgs e){\n        //creating images\n       images = new Bitmap[MAX_X][MAX_Y];\n       for(int i =0; i < nr_rows; i++){\n           for(int j =0; j < nr_columns; j++){\n                //creating a Rectanglele for the image\n                Rectangle rect = new Rectangle(title_Width*j, title_height*i ,title_Width, title_height );\n                images[i][j] = new Bitmap(title_Width, title_height);\n                pictureBox1.DrawToBitmap(images[i][j], rect);\n           }\n      }\n}\nprivate void pictureBox1_MouseClick(object sender, MouseEventArgs e){\n\t//getting the mouse location on the image\n\tint mouse_Location_x = e.X;\n\tint mouse_Location_y = e.Y;\n\n\t//seeing in what title I clicked\n        int title_x = (mouse_Location_x / title_Width) - 1;\n        int title_y = mouse_Location_y / title_height - 1;\n\n       //getting the images \n       bmp = images[title_x][title_y];\n}\n</pre>\n<p >This is just an example, you can get the title with and height by knowing the image width and height, and divide with the number of columns and rows</p>\n<p > </p>\n<p >Another method is to load the image into a bitmap, then then get the subimages, then use a flowlayoutpanel and add your picturebox maually, with a onClick event</p>\n<pre class=\"ipsCode prettyprint\" >  Bitmap bmp = null;\nprivate void Form1_Load(object sender, EventArgs e){\n        Bitmap BigImage = Bitmap.FromFile(\"MyImage.bmp\")\n        //creating images\n       images = new Bitmap[MAX_X][MAX_Y];\n       for(int i =0; i < nr_rows; i++){\n           for(int j =0; j < nr_columns; j++){\n                //creating a Rectanglele for the image\n                Rectangle rect = new Rectangle(title_Width*j, title_height*i ,title_Width, title_height );\n                images[i][j] = new Bitmap(title_Width, title_height);\n                pictureBox1.DrawToBitmap(images[i][j], rect);\n \t\tPictureBox pb = new PictureBox ();\n          \tpb.Click  +=  new System.EventHandler(myImage_click);\n            \tpb.Image = images[i][j] ;\n                pb.visible = true;\n            \tflowLayoutPanel1.Controls.Add(pb);\n\t\t\n           }\n      }\n}\n\n\nprivate void myImage_click(object sender, EventArgs e){\n\tPictureBox pb = (PictureBox)sender;\n\tbmp = (Bitmap)pb.Image;\n}\n</pre>\n"
        },
        {
            "id": 81957,
            "timestamp": 1374446245,
            "author": {
                "id": 13172,
                "name": "soryjero",
                "image": null
            },
            "comment": "\n<p >thanks someone.</p>\n<p > </p>\n<p >when i have some time, i will try it and i will post here the result.</p>\n"
        },
        {
            "id": 82416,
            "timestamp": 1374662807,
            "author": {
                "id": 13172,
                "name": "soryjero",
                "image": null
            },
            "comment": "\n<p >i have loaded image and everything is perfect, but when i try to click with mouse nothing happens.</p>\n<p > </p>\n<p >i have written what someone told me:</p>\n<pre class=\"ipsCode prettyprint\" >//defining the title width and height in pixels\nint title_Width = 32;\nint title_height = 32;\n\n//our image\nBitmap bmp = null;\n\nprivate void pictureBox1_MouseClick(object sender, MouseEventArgs e)\n{\n//getting the mouse location on the image\nint mouse_Location_x = e.X;\nint mouse_Location_y = e.Y;\n\n//seeing in what title I clicked\nint title_x = (mouse_Location_x / title_Width) - 1;\nint title_y = (mouse_Location_y / title_height) - 1;\n\n//creating a Rectangle for the image\nRectangle rect = new Rectangle(title_Width * title_x, title_height *\ntitle_y, title_Width, title_height);\n\n//getting the image\nbmp = new Bitmap(title_Width, title_height);\npictureBox1.DrawToBitmap(bmp, rect);\n}\n\n</pre>\n<p >but when i click nothing happens, so i dont know what are wrong because this function clearly draws a rectangle.</p>\n<p > </p>\n<p >P.S. i have loaded image in a bitmap.</p>\n<pre class=\"ipsCode prettyprint\" >Bitmap myImage = new Bitmap(\"Images/ItemBtn\" + comboBox1.SelectedIndex + \".jpg\");\npictureBox1.ClientSize = new Size(512, 512);\npictureBox1.Image = (Image)myImage;\n</pre>\n\n\n\t\t\t\n\t\t\t\t\n\n<span class=\"ipsType_reset ipsType_medium ipsType_light\" data-excludequote=\"None\" >\n\t<strong >Edited <time datetime=\"2013-07-24T10:53:54Z\" title=\"07/24/2013 10:53  AM\" data-short=\"7 yr\" >July 24, 2013</time> by soryjero</strong>\n\t\n\t\n</span>\n\t\t\t\n\t\t</div>"
        },
        {
            "id": 82517,
            "timestamp": 1374687841,
            "author": {
                "id": 919,
                "name": "someone",
                "image": null
            },
            "comment": "\n<p >Change to this:</p>\n<pre class=\"ipsCode prettyprint\" > //seeing in what title I clicked\nint title_x = (mouse_Location_x / title_Width);\nint title_y = (mouse_Location_y / title_height);</pre>\n<p >And to this:</p>\n<pre class=\"ipsCode prettyprint\" >//getting the image\nbmp = new Bitmap(title_Width, title_height);\nBitmap temp = new Bitmap(pictureBox1.Image);\nbmp = temp.Clone(rect, temp.PixelFormat);\ntemp.Dispose();</pre>\n"
        },
        {
            "id": 82535,
            "timestamp": 1374691796,
            "author": {
                "id": 13172,
                "name": "soryjero",
                "image": null
            },
            "comment": "\n<blockquote data-ipsquote=\"\" class=\"ipsQuote\" data-ipsquote-contentcommentid=\"82517\" data-ipsquote-contentapp=\"forums\" data-ipsquote-contenttype=\"forums\" data-ipsquote-contentclass=\"forums_Topic\" data-ipsquote-contentid=\"10669\" data-ipsquote-username=\"someone\" data-cite=\"someone\" data-ipsquote-timestamp=\"1374687841\" ><div ><div >\n<p > </p>\n<p >Change to this:</p>\n<pre class=\"ipsCode prettyprint\" > //seeing in what title I clicked\nint title_x = (mouse_Location_x / title_Width);\nint title_y = (mouse_Location_y / title_height);</pre>\n<p >And to this:</p>\n<pre class=\"ipsCode prettyprint\" >//getting the image\nbmp = new Bitmap(title_Width, title_height);\nBitmap temp = new Bitmap(pictureBox1.Image);\nbmp = temp.Clone(rect, temp.PixelFormat);\ntemp.Dispose();</pre>\n</div></div></blockquote>\n<p > </p>\n<p >thanks, but i have replaced those parts of codes and doesnt work yet :(</p>\n"
        },
        {
            "id": 82539,
            "timestamp": 1374692931,
            "author": {
                "id": 919,
                "name": "someone",
                "image": null
            },
            "comment": "<p >Are you sure you added the MouseClick event handle  to the picturebox? not the Click event handle</p>"
        },
        {
            "id": 82546,
            "timestamp": 1374697264,
            "author": {
                "id": 2,
                "name": "Wizatek",
                "image": null
            },
            "comment": "<p >This is what i use. <a href=\"https://lckb.dev/forum/applications/core/interface/file/attachment.php?id=120\" data-fileid=\"120\" data-fileext=\"zip\" rel=\"\" >IconPicker.zip</a></p>"
        },
        {
            "id": 82558,
            "timestamp": 1374703979,
            "author": {
                "id": 13172,
                "name": "soryjero",
                "image": null
            },
            "comment": "\n<blockquote data-ipsquote=\"\" class=\"ipsQuote\" data-ipsquote-contentcommentid=\"82539\" data-ipsquote-contentapp=\"forums\" data-ipsquote-contenttype=\"forums\" data-ipsquote-contentclass=\"forums_Topic\" data-ipsquote-contentid=\"10669\" data-ipsquote-username=\"someone\" data-cite=\"someone\" data-ipsquote-timestamp=\"1374692931\" ><div ><div ><p >Are you sure you added the MouseClick event handle  to the picturebox? not the Click event handle</p></div></div></blockquote>\n<p > </p>\n<p >sure.</p>\n<p > </p>\n<p ><a href=\"http://grabilla.com/03718-ce342915-70c8-46b2-9aba-6209560fcbcf.html#\" rel=\"external nofollow\" >http://grabilla.com/03718-ce342915-70c8-46b2-9aba-6209560fcbcf.html#</a></p>\n<p > </p>\n<blockquote data-ipsquote=\"\" class=\"ipsQuote\" data-ipsquote-contentcommentid=\"82546\" data-ipsquote-contentapp=\"forums\" data-ipsquote-contenttype=\"forums\" data-ipsquote-contentclass=\"forums_Topic\" data-ipsquote-contentid=\"10669\" data-ipsquote-username=\"Wizatek\" data-cite=\"Wizatek\" data-ipsquote-timestamp=\"1374697264\" ><div ><div ><p >This is what i use. <img alt=\"attachicon.gif\" src=\"http://toxic-l33t.ddns.net/forum/public/style_images/LCKB/attachicon.gif\" /><a href=\"http://toxic-l33t.ddns.net/forum/index.php?app=core&module=attach\u00a7ion=attach&attach_rel_module=post&attach_id=120\" rel=\"external nofollow\" >IconPicker.zip</a></p></div></div></blockquote>\n<p > </p>\n<p >i cant download it. i get an error.</p>\n<p > </p>\n<p ><a href=\"http://grabilla.com/03718-6d991b74-967c-4db2-9f28-8ed339fd7a99.html#\" rel=\"external nofollow\" >http://grabilla.com/03718-6d991b74-967c-4db2-9f28-8ed339fd7a99.html#</a></p>\n\n\n\t\t\t\n\t\t\t\t\n\n<span class=\"ipsType_reset ipsType_medium ipsType_light\" data-excludequote=\"None\" >\n\t<strong >Edited <time datetime=\"2013-07-24T22:13:47Z\" title=\"07/24/2013 10:13  PM\" data-short=\"7 yr\" >July 24, 2013</time> by soryjero</strong>\n\t\n\t\n</span>\n\t\t\t\n\t\t</div>"
        },
        {
            "id": 82591,
            "timestamp": 1374733843,
            "author": {
                "id": 2,
                "name": "Wizatek",
                "image": null
            },
            "comment": "<p ><a data-ipb=\"nomediaparse\" href=\"http://download.wizatek.be/IconPicker.zip\" rel=\"external nofollow\" >http://download.wizatek.be/IconPicker.zip</a></p>"
        },
        {
            "id": 82613,
            "timestamp": 1374744568,
            "author": {
                "id": 13172,
                "name": "soryjero",
                "image": null
            },
            "comment": "\n<p >now, i can get pictures succesfully.</p>\n<p > </p>\n<p >thanks @<a contenteditable=\"false\" data-ipshover=\"\" href=\"https://lckb.dev/forum/index.php?/profile/2-wizatek/\" data-ipshover-target=\"https://lckb.dev/forum/index.php?/profile/2-wizatek/&do=hovercard\" data-mentionid=\"2\" rel=\"\" >@Wizatek</a> and @<a contenteditable=\"false\" data-ipshover=\"\" href=\"https://lckb.dev/forum/index.php?/profile/919-someone/\" data-ipshover-target=\"https://lckb.dev/forum/index.php?/profile/919-someone/&do=hovercard\" data-mentionid=\"919\" rel=\"\" >@someone</a>.</p>\n<p > </p>\n<p >#solved</p>\n<p > </p>\n<p >P.S. i cant edit my first post.</p>\n\n\n\t\t\t\n\t\t\t\t\n\n<span class=\"ipsType_reset ipsType_medium ipsType_light\" data-excludequote=\"None\" >\n\t<strong >Edited <time datetime=\"2013-07-25T09:31:06Z\" title=\"07/25/2013 09:31  AM\" data-short=\"7 yr\" >July 25, 2013</time> by soryjero</strong>\n\t\n\t\n</span>\n\t\t\t\n\t\t</div>"
        },
        {
            "id": 82619,
            "timestamp": 1374747872,
            "author": {
                "id": null,
                "name": "Guest Johnny5",
                "image": null
            },
            "comment": "<p >Topic Closed by a moderator. The reason why: Issue solved.</p>"
        }
    ]
}