{
    "meta": {
        "threadId": 10689,
        "threadName": "Mobs by dethunter12 and Walletman987",
        "dateCreated": "2013-07-22T03:10:22+0000",
        "datePublished": "2013-07-22T03:10:22+0000",
        "pageCount": 1,
        "originalUrl": "https://lckb.dev/forum/index.php?/topic/10689-mobs-by-dethunter12-and-walletman987/",
        "authorId": 16931,
        "position": [
            {
                "@type": "ListItem",
                "position": 1,
                "item": {
                    "@id": "https://lckb.dev/forum/index.php?/forum/271-general-section/",
                    "name": "General Section"
                }
            },
            {
                "@type": "ListItem",
                "position": 2,
                "item": {
                    "@id": "https://lckb.dev/forum/index.php?/forum/43-development-showroom/",
                    "name": "Development Showroom"
                }
            }
        ]
    },
    "commentData": [
        {
            "id": 81982,
            "timestamp": 1374462622,
            "author": {
                "id": 16931,
                "name": "Walletman987",
                "image": null
            },
            "comment": "\n<p ><span style=\"color:rgb(40,40,40);font-family:Arial, Helvetica, sans-serif;font-size:14px;\" >Anyone like it?  I havent gotten to finishing the knight from mob because we arent really going to use them.</span></p>\n<p > </p>\n<p ><a href=\"https://www.youtube.com/watch?v=-RsIlRnKnhs&feature=youtu.be\" rel=\"external nofollow\" ><span style=\"color:rgb(40,40,40);font-family:Arial, Helvetica, sans-serif;font-size:14px;\" >http://www.youtube.com/watch?v=-RsIlRnKnhs&feature=youtu.be</span></a></p>\n"
        },
        {
            "id": 81984,
            "timestamp": 1374463642,
            "author": {
                "id": 6038,
                "name": "RomainLastChaos",
                "image": null
            },
            "comment": "<p >I like it you just need edit some motion file to get not bugged mob it a litlle bugged but deamon can be very nice for a boss xD</p>\n\n\t\t\t\n\t\t\t\t\n\n<span class=\"ipsType_reset ipsType_medium ipsType_light\" data-excludequote=\"None\" >\n\t<strong >Edited <time datetime=\"2013-07-22T03:28:10Z\" title=\"07/22/2013 03:28  AM\" data-short=\"7 yr\" >July 22, 2013</time> by Question</strong>\n\t\n\t\n</span>\n\t\t\t\n\t\t</div>"
        },
        {
            "id": 81988,
            "timestamp": 1374465393,
            "author": {
                "id": 16931,
                "name": "Walletman987",
                "image": null
            },
            "comment": "<p >I can do it in a short amount of time, but I am lazy.</p>"
        },
        {
            "id": 82013,
            "timestamp": 1374485761,
            "author": {
                "id": 16954,
                "name": "spadge88",
                "image": null
            },
            "comment": "<p >Very Nice Guys!</p>"
        }
    ]
}