{
    "meta": {
        "threadId": 10682,
        "threadName": "new juno",
        "dateCreated": "2013-07-21T19:32:55+0000",
        "datePublished": "2013-07-21T19:32:55+0000",
        "pageCount": 1,
        "originalUrl": "https://lckb.dev/forum/index.php?/topic/10682-new-juno/",
        "authorId": 7119,
        "position": [
            {
                "@type": "ListItem",
                "position": 1,
                "item": {
                    "@id": "https://lckb.dev/forum/index.php?/forum/271-general-section/",
                    "name": "General Section"
                }
            },
            {
                "@type": "ListItem",
                "position": 2,
                "item": {
                    "@id": "https://lckb.dev/forum/index.php?/forum/43-development-showroom/",
                    "name": "Development Showroom"
                }
            }
        ]
    },
    "commentData": [
        {
            "id": 81920,
            "timestamp": 1374435175,
            "author": {
                "id": 7119,
                "name": "MANGUSTA788",
                "image": null
            },
            "comment": "<p > <a href=\"https://www.youtube.com/watch?v=ngb02ZYDcKg&feature=youtu.be%C2%A0%C2%A0%C2%A0\" rel=\"external nofollow\" >http://www.youtube.com/watch?v=ngb02ZYDcKg&feature=youtu.be   </a> edit all juno  \" work in progress \"</p>"
        }
    ]
}