{
    "meta": {
        "threadId": 1069,
        "threadName": "ep1 or ep2",
        "dateCreated": "2011-10-16T14:49:30+0000",
        "datePublished": "2011-10-16T14:49:30+0000",
        "pageCount": 1,
        "originalUrl": "https://lckb.dev/forum/index.php?/topic/1069-ep1-or-ep2/",
        "authorId": 3231,
        "position": [
            {
                "@type": "ListItem",
                "position": 1,
                "item": {
                    "@id": "https://lckb.dev/forum/index.php?/forum/271-general-section/",
                    "name": "General Section"
                }
            },
            {
                "@type": "ListItem",
                "position": 2,
                "item": {
                    "@id": "https://lckb.dev/forum/index.php?/forum/259-general-discussion/",
                    "name": "General Discussion"
                }
            }
        ]
    },
    "commentData": [
        {
            "id": 8734,
            "timestamp": 1318776570,
            "author": {
                "id": 3231,
                "name": "Darquise",
                "image": null
            },
            "comment": "\n<p >what is better and where is the difference.</p>\n<p >Can someone give me the ep1 serverfiles and client patch, because i cant find them there are too many threads.</p>\n"
        },
        {
            "id": 8745,
            "timestamp": 1318793632,
            "author": {
                "id": null,
                "name": "Guest damona",
                "image": null
            },
            "comment": "<p >ep 2 is with very very much bugs and you can not play normal but all ep 2 stuff   ep1 are no bug you can play normal but old files</p>"
        },
        {
            "id": 8848,
            "timestamp": 1319025151,
            "author": {
                "id": null,
                "name": "Guest LangStaab",
                "image": null
            },
            "comment": "\n<p >Hello,</p>\n<p > </p>\n<p >I would like to know how to bring a server online ep 1</p>\n"
        },
        {
            "id": 8853,
            "timestamp": 1319026252,
            "author": {
                "id": null,
                "name": "Guest Jackster",
                "image": null
            },
            "comment": "\n<blockquote data-ipsquote=\"\" class=\"ipsQuote\" data-ipsquote-username=\"\\\" data-cite=\"\\\" data-ipsquote-contentapp=\"forums\" data-ipsquote-contenttype=\"forums\" data-ipsquote-contentid=\"1069\" data-ipsquote-contentclass=\"forums_Topic\" ><div >Hello,<p > </p>\n<p >I would like to know how to bring a server online ep 1</p>\n</div></blockquote>\n<p > </p>\n<p >Read the forum.</p>\n<p > </p>\n<p >lots of info on it.</p>\n<p > </p>\n<p >you have also posted in someones topic that has nothing to do with what you want....</p>\n"
        },
        {
            "id": 8878,
            "timestamp": 1319053047,
            "author": {
                "id": null,
                "name": "Guest LangStaab",
                "image": null
            },
            "comment": "\n<p >how about a link :D ? </p>\n<p >Ive even been looking in the forum but nothing found</p>\n"
        }
    ]
}