{
    "meta": {
        "threadId": 10728,
        "threadName": "Preview: Hassle-free starter pack, set-up in 1 Minute (PonyChaos)",
        "dateCreated": "2013-07-23T23:43:26+0000",
        "datePublished": "2013-07-23T23:43:26+0000",
        "pageCount": 1,
        "originalUrl": "https://lckb.dev/forum/index.php?/topic/10728-preview-hassle-free-starter-pack-set-up-in-1-minute-ponychaos/",
        "authorId": 18563,
        "position": [
            {
                "@type": "ListItem",
                "position": 1,
                "item": {
                    "@id": "https://lckb.dev/forum/index.php?/forum/271-general-section/",
                    "name": "General Section"
                }
            },
            {
                "@type": "ListItem",
                "position": 2,
                "item": {
                    "@id": "https://lckb.dev/forum/index.php?/forum/259-general-discussion/",
                    "name": "General Discussion"
                }
            }
        ]
    },
    "commentData": [
        {
            "id": 82355,
            "timestamp": 1374623006,
            "author": {
                "id": 18563,
                "name": "ChaosPony",
                "image": null
            },
            "comment": "\n<p >Hello all,</p>\n<p >\n </p>\n<p >\nIve been browsing this forum (also with another account) quite a lot and there always seem to be people who struggle with setting up the actual server and client, often because they dont know how to properly use linux.</p>\n<p >\n </p>\n<p >\nThats why I created this <em >starterpack</em>.</p>\n<p >\n </p>\n<p >\n </p>\n<p >\n </p>\n<p >\n<strong >It features:</strong></p>\n<p >\n </p>\n<p >\n- Hassle-free installation: Only import VM into VirtualBox, and press START, no need to mess around with Apache, MySQL, config files, terminal or gameserver, cashserver, mono etc. Everything setup, you only need to click one button to start or one button to stop</p>\n<p >\n </p>\n<p >\n- IP TOOL: automatically get your local IP from the server. No need to run ifconfig. Automatically puts your IP into ALL! config files. No need to mess around with newStobm.bin or cashserver.ini</p>\n<p >\n </p>\n<p >\n- Hamachi already built in, no need to set up manually (also with GUI to easily connect to a network) --> no need for Linux-terminal</p>\n<p >\n </p>\n<p >\n- Featuring latest GameServer, Database and Fixes (V6 by CDWriter) and other (LoginServer, Helper etc.)</p>\n<p >\n </p>\n<p >\n- Featuring latest CentOS 6.4 (64bit version, so you can use more than 4GB RAM), with all yum updates and security updates</p>\n<p >\n </p>\n<p >\n- Featuring included phpmyadmin and registration page (thanks to wizatek)</p>\n<p >\n </p>\n<p >\n- CashServer already set up and running (including mono) (thanks to wizatek again)</p>\n<p >\n </p>\n<p >\n- USA Client which is updated to the latest version and then patched. Also includes Nksp-Start-Script. You dont need to patch anything! (Unless you want custom stuff of course) The only thing you need to do is change the IP from sl.dta. Editor for that included as well of course</p>\n<p >\n </p>\n<p >\n- Virtualbox file is only 1.5GB (regular CentOS is more than 3.4GB), because I removed all useless ***** from CentOS. Now there are only the things necessary for running the server!</p>\n<p >\n </p>\n<p >\nSo it is completely <em >NOOB-READY</em>. If you cant set up your own server now, you should not be able to use a computer :D Just kidding, but its really ridicuosly easy!</p>\n<p >\n </p>\n<p >\n </p>\n<p >\n<strong >Some screenshots:</strong></p>\n<p >\n </p>\n<p >\nGeneral Layout:</p>\n<p > </p>\n<div class=\"ipsSpoiler\" data-ipsspoiler=\"\" >\n<div class=\"ipsSpoiler_header\" ><span ></span></div>\n<div class=\"ipsSpoiler_contents\" ><p ><img alt=\"73aQbVg.png\" src=\"https://i.imgur.com/73aQbVg.png\" /></p></div>\n</div>\n<p > </p>\n<p > </p>\n<p >\nIP Configuration Tool (automatically get IP and apply to all newStobm.bin and config files!):</p>\n<p > </p>\n<div class=\"ipsSpoiler\" data-ipsspoiler=\"\" >\n<div class=\"ipsSpoiler_header\" ><span ></span></div>\n<div class=\"ipsSpoiler_contents\" ><p ><img alt=\"4T4RLSHh.png\" src=\"https://i.imgur.com/4T4RLSHh.png\" /></p></div>\n</div>\n<p > </p>\n<p > </p>\n<p >\nHamachi Configuration Tool:</p>\n<p > </p>\n<div class=\"ipsSpoiler\" data-ipsspoiler=\"\" >\n<div class=\"ipsSpoiler_header\" ><span ></span></div>\n<div class=\"ipsSpoiler_contents\" ><p > </p></div>\n</div>\n<p > </p>\n<p > </p>\n<p >\n1-click Server Start:</p>\n<p > </p>\n<div class=\"ipsSpoiler\" data-ipsspoiler=\"\" >\n<div class=\"ipsSpoiler_header\" ><span ></span></div>\n<div class=\"ipsSpoiler_contents\" ><p ><img alt=\"mNTvSyAh.png\" src=\"https://i.imgur.com/mNTvSyAh.png\" /></p></div>\n</div>\n<p > </p>\n<p > </p>\n<p >\nClient-IP-Editor (sl.dta):</p>\n<p > </p>\n<div class=\"ipsSpoiler\" data-ipsspoiler=\"\" >\n<div class=\"ipsSpoiler_header\" ><span ></span></div>\n<div class=\"ipsSpoiler_contents\" ><p ><img alt=\"lpdXu8F.png\" src=\"https://i.imgur.com/lpdXu8F.png\" /></p></div>\n</div>\n<p > </p>\n<p > </p>\n<p >\nScreenshot of connected client and player in game:</p>\n<p > </p>\n<div class=\"ipsSpoiler\" data-ipsspoiler=\"\" >\n<div class=\"ipsSpoiler_header\" ><span ></span></div>\n<div class=\"ipsSpoiler_contents\" ><p ><img alt=\"PJdAMe1h.jpg\" src=\"https://i.imgur.com/PJdAMe1h.jpg\" /></p></div>\n</div>\n<p > </p>\n<p > </p>\n<p >\nScreenshot of working item mall/cash shop:</p>\n<p > </p>\n<div class=\"ipsSpoiler\" data-ipsspoiler=\"\" >\n<div class=\"ipsSpoiler_header\" ><span ></span></div>\n<div class=\"ipsSpoiler_contents\" ><p ><img alt=\"L9Li3qNh.jpg\" src=\"https://i.imgur.com/L9Li3qNh.jpg\" /></p></div>\n</div>\n<p > </p>\n<p > </p>\n<p >\nAccount registration page:</p>\n<p > </p>\n<div class=\"ipsSpoiler\" data-ipsspoiler=\"\" >\n<div class=\"ipsSpoiler_header\" ><span ></span></div>\n<div class=\"ipsSpoiler_contents\" ><p ><img alt=\"FFBnR2M.png\" src=\"https://i.imgur.com/FFBnR2M.png\" /></p></div>\n</div>\n<p > </p>\n<p > </p>\n<p >\n </p>\n<p >\n </p>\n<p >\n<strong >When this will be available?</strong></p>\n<p >\nI can only say: Client and server are already done and packed into a rar. They are uploading right now. But I have a ***** connection, so it might take a few days. Be patient. I hope you like it :)</p>\n<p > </p>\n<p >\nIf you have any questions, suggestions, comments etc. feel free to post :)</p>\n\n\n\t\t\t\n\t\t\t\t\n\n<span class=\"ipsType_reset ipsType_medium ipsType_light\" data-excludequote=\"None\" >\n\t<strong >Edited <time datetime=\"2013-07-26T11:37:27Z\" title=\"07/26/2013 11:37  AM\" data-short=\"7 yr\" >July 26, 2013</time> by ChaosPony</strong>\n\t\n\t\n</span>\n\t\t\t\n\t\t</div>"
        },
        {
            "id": 82356,
            "timestamp": 1374624000,
            "author": {
                "id": 17474,
                "name": "kixtzz",
                "image": null
            },
            "comment": "<p >awesome</p>"
        },
        {
            "id": 82357,
            "timestamp": 1374624331,
            "author": {
                "id": null,
                "name": "Guest SmoGG",
                "image": null
            },
            "comment": "<p >Haha nice ^^</p>"
        },
        {
            "id": 82403,
            "timestamp": 1374657095,
            "author": {
                "id": 7695,
                "name": "CyberClaus",
                "image": null
            },
            "comment": "\n<p >Its good to see people working towards the community. Its a bit difficult to approve this, as there was a project release by Gothic that does the same, but either way, im going to approve it as this one is in English and Gothic one is in German. Just as a remainder, post it in the correct section and also remember a Moderator will have to approve it, no need to post 2 times.</p>\n<p > </p>\n<p >Cheers,</p>\n<p >Cyberclaus</p>\n"
        },
        {
            "id": 82423,
            "timestamp": 1374667736,
            "author": {
                "id": 15701,
                "name": "Gothic",
                "image": null
            },
            "comment": "<p >Nice work and CyberClaus my Starter pack was in enghlish and german ;) and i dont have a problem with this pack :)</p>"
        },
        {
            "id": 82444,
            "timestamp": 1374671933,
            "author": {
                "id": 2,
                "name": "Wizatek",
                "image": null
            },
            "comment": "<p >Nice work M. :)</p>"
        },
        {
            "id": 82449,
            "timestamp": 1374673503,
            "author": {
                "id": 5891,
                "name": "wowa296",
                "image": null
            },
            "comment": "<p >link ? XD</p>"
        },
        {
            "id": 82450,
            "timestamp": 1374674073,
            "author": {
                "id": 2,
                "name": "Wizatek",
                "image": null
            },
            "comment": "\n<blockquote data-ipsquote=\"\" class=\"ipsQuote\" data-ipsquote-contentcommentid=\"82449\" data-ipsquote-contentapp=\"forums\" data-ipsquote-contenttype=\"forums\" data-ipsquote-contentclass=\"forums_Topic\" data-ipsquote-contentid=\"10728\" data-ipsquote-username=\"wowa296\" data-cite=\"wowa296\" data-ipsquote-timestamp=\"1374673503\" ><div ><div ><p >link ? XD</p></div></div></blockquote>\n<p >Read?</p>\n"
        },
        {
            "id": 82534,
            "timestamp": 1374691768,
            "author": {
                "id": 16954,
                "name": "spadge88",
                "image": null
            },
            "comment": "<p >wow great cant wait to test it :D!</p>"
        },
        {
            "id": 82790,
            "timestamp": 1374820665,
            "author": {
                "id": 18472,
                "name": "tester",
                "image": null
            },
            "comment": "<p >Wow, very good! Thanks alot! </p>"
        },
        {
            "id": 83224,
            "timestamp": 1375045109,
            "author": {
                "id": 2835,
                "name": "halohalo",
                "image": null
            },
            "comment": "<p >Nice work, im waiting for it^^</p>"
        },
        {
            "id": 83239,
            "timestamp": 1375046811,
            "author": {
                "id": 3302,
                "name": "Someguy123",
                "image": null
            },
            "comment": "\n<blockquote data-ipsquote=\"\" class=\"ipsQuote\" data-ipsquote-contentcommentid=\"83224\" data-ipsquote-contentapp=\"forums\" data-ipsquote-contenttype=\"forums\" data-ipsquote-contentclass=\"forums_Topic\" data-ipsquote-contentid=\"10728\" data-ipsquote-username=\"halohalo\" data-cite=\"halohalo\" data-ipsquote-timestamp=\"1375045109\" ><div ><div ><p >Nice work, im waiting for it^^</p></div></div></blockquote>\n<p >As far as I can see, it is already released :D <a href=\"http://toxic-l33t.ddns.net/forum/index.php?/topic/10786-ponychaos-hassle-free-starter-pack-centos-64bit-1-click-install/\" rel=\"external nofollow\" >http://toxic-l33t.ddns.net/forum/index.php?/topic/10786-ponychaos-hassle-free-starter-pack-centos-64bit-1-click-install/</a></p>\n"
        },
        {
            "id": 83240,
            "timestamp": 1375046979,
            "author": {
                "id": 2835,
                "name": "halohalo",
                "image": null
            },
            "comment": "\n<blockquote data-ipsquote=\"\" class=\"ipsQuote\" data-ipsquote-contentcommentid=\"83239\" data-ipsquote-contentapp=\"forums\" data-ipsquote-contenttype=\"forums\" data-ipsquote-contentclass=\"forums_Topic\" data-ipsquote-contentid=\"10728\" data-ipsquote-username=\"Someguy123\" data-cite=\"Someguy123\" data-ipsquote-timestamp=\"1375046811\" ><div ><div ><p >As far as I can see, it is already released :D <a href=\"http://toxic-l33t.ddns.net/forum/index.php?/topic/10786-ponychaos-hassle-free-starter-pack-centos-64bit-1-click-install/\" rel=\"external nofollow\" >http://toxic-l33t.ddns.net/forum/index.php?/topic/10786-ponychaos-hassle-free-starter-pack-centos-64bit-1-click-install/</a></p></div></div></blockquote>\n<p >Thanks i didnt checked^^</p>\n"
        },
        {
            "id": 83297,
            "timestamp": 1375076603,
            "author": {
                "id": 13529,
                "name": "DrGenius",
                "image": null
            },
            "comment": "<p >really nice work^^</p>"
        }
    ]
}