{
    "meta": {
        "threadId": 10740,
        "threadName": "p2 elephant",
        "dateCreated": "2013-07-24T08:05:06+0000",
        "datePublished": "2013-07-24T08:05:06+0000",
        "pageCount": 1,
        "originalUrl": "https://lckb.dev/forum/index.php?/topic/10740-p2-elephant/",
        "authorId": 7750,
        "position": [
            {
                "@type": "ListItem",
                "position": 1,
                "item": {
                    "@id": "https://lckb.dev/forum/index.php?/forum/100-guides-help-section/",
                    "name": "Guides &amp; Help Section"
                }
            },
            {
                "@type": "ListItem",
                "position": 2,
                "item": {
                    "@id": "https://lckb.dev/forum/index.php?/forum/335-help-support/",
                    "name": "Help &amp; Support"
                }
            },
            {
                "@type": "ListItem",
                "position": 3,
                "item": {
                    "@id": "https://lckb.dev/forum/index.php?/forum/120-ep2-support/",
                    "name": "Ep2 Support"
                }
            },
            {
                "@type": "ListItem",
                "position": 4,
                "item": {
                    "@id": "https://lckb.dev/forum/index.php?/forum/134-solved-topics/",
                    "name": "Solved Topics"
                }
            }
        ]
    },
    "commentData": [
        {
            "id": 82392,
            "timestamp": 1374653106,
            "author": {
                "id": 7750,
                "name": "camaro2683",
                "image": null
            },
            "comment": "\n<p >hi community i am using lcgn02 client and not using CdWriters v6 newest release however i am wanting to add the p2 elephant to the current database and the lcgn02 client i have done alot of work so far and really dont want to start a new client and start with a new database my question is that is it possible to add the p2 elephant if so can someone tell me what tables from what dbs and what files to put in the client </p>\n<p > </p>\n<p >thank you :)</p>\n\n\n\t\t\t\n\t\t\t\t\n\n<span class=\"ipsType_reset ipsType_medium ipsType_light\" data-excludequote=\"None\" >\n\t<strong >Edited <time datetime=\"2013-07-24T15:37:43Z\" title=\"07/24/2013 03:37  PM\" data-short=\"7 yr\" >July 24, 2013</time> by camaro2683</strong>\n\t\n\t\n</span>\n\t\t\t\n\t\t</div>"
        },
        {
            "id": 82393,
            "timestamp": 1374653925,
            "author": {
                "id": 2167,
                "name": "dethunter12",
                "image": null
            },
            "comment": "<p >i just replaced all tables  that involve the pet with cdwriters and i made sure i had the items for the p2 in db t_item and also  take his bigpet and aipet load file from his data folder and add the quest in its easy thats all.</p>"
        },
        {
            "id": 82394,
            "timestamp": 1374654208,
            "author": {
                "id": 7750,
                "name": "camaro2683",
                "image": null
            },
            "comment": "<p >@<a contenteditable=\"false\" data-ipshover=\"\" href=\"https://lckb.dev/forum/index.php?/profile/2167-dethunter12/\" data-ipshover-target=\"https://lckb.dev/forum/index.php?/profile/2167-dethunter12/&do=hovercard\" data-mentionid=\"2167\" rel=\"\" >@dethunter12</a> thank you bro i will try that and see if it works for me i will keep posted on what i find out :)</p>"
        },
        {
            "id": 82397,
            "timestamp": 1374655378,
            "author": {
                "id": 7750,
                "name": "camaro2683",
                "image": null
            },
            "comment": "<p >@dethunter i did what u said u did and everything works but when i go to equip the elephant it will equip and the ai comes up but the elephant shows up as a red cube box with arrows why is that?</p>"
        },
        {
            "id": 82456,
            "timestamp": 1374678185,
            "author": {
                "id": 2167,
                "name": "dethunter12",
                "image": null
            },
            "comment": "<p >your missing the smc</p>"
        },
        {
            "id": 82458,
            "timestamp": 1374678507,
            "author": {
                "id": 2167,
                "name": "dethunter12",
                "image": null
            },
            "comment": "<p >these tables <a href=\"http://prntscr.com/1h98yl\" rel=\"external nofollow\" >http://prntscr.com/1h98yl</a> and these <a href=\"http://prntscr.com/1h99f9\" rel=\"external nofollow\" >http://prntscr.com/1h99f9</a> and <a href=\"http://prntscr.com/1h99k6\" rel=\"external nofollow\" >http://prntscr.com/1h99k6</a> from cdwriters files v6 and data/npc/pet/elephant.</p>\n\n\t\t\t\n\t\t\t\t\n\n<span class=\"ipsType_reset ipsType_medium ipsType_light\" data-excludequote=\"None\" >\n\t<strong >Edited <time datetime=\"2013-07-24T15:43:56Z\" title=\"07/24/2013 03:43  PM\" data-short=\"7 yr\" >July 24, 2013</time> by dethunter12</strong>\n\t\n\t\n</span>\n\t\t\t\n\t\t</div>"
        },
        {
            "id": 82460,
            "timestamp": 1374678823,
            "author": {
                "id": 7750,
                "name": "camaro2683",
                "image": null
            },
            "comment": "<p >@dethunter i did that and i took the leash to lorraine and to animal trainer and got the elephant but when i equip it it equips and a big red cube box with different color arrows on it show up on the ground how do i get rid of the red box and make the elephant appear </p>"
        },
        {
            "id": 82462,
            "timestamp": 1374678940,
            "author": {
                "id": 16931,
                "name": "Walletman987",
                "image": null
            },
            "comment": "<p >Download a diferent game that has the elephant in NPC/Pet/elephants.  If you want, i can upload it for you and give you a link.</p>"
        },
        {
            "id": 82463,
            "timestamp": 1374679106,
            "author": {
                "id": 7750,
                "name": "camaro2683",
                "image": null
            },
            "comment": "<p >@<a contenteditable=\"false\" data-ipshover=\"\" href=\"https://lckb.dev/forum/index.php?/profile/16931-walletman987/\" data-ipshover-target=\"https://lckb.dev/forum/index.php?/profile/16931-walletman987/&do=hovercard\" data-mentionid=\"16931\" rel=\"\" >@Walletman987</a> would u please that would be greatly appreciated thank you :)</p>"
        },
        {
            "id": 82470,
            "timestamp": 1374680235,
            "author": {
                "id": 7750,
                "name": "camaro2683",
                "image": null
            },
            "comment": "<p >ok guys i finally got it to work thank you topic is solved :)</p>"
        },
        {
            "id": 82511,
            "timestamp": 1374685435,
            "author": {
                "id": 17582,
                "name": "CDWriter",
                "image": null
            },
            "comment": "<p >all that for just the elephant ..... did you do the skills ? </p>\n\n\t\t\t\n\t\t\t\t\n\n<span class=\"ipsType_reset ipsType_medium ipsType_light\" data-excludequote=\"None\" >\n\t<strong >Edited <time datetime=\"2013-07-24T18:47:31Z\" title=\"07/24/2013 06:47  PM\" data-short=\"7 yr\" >July 24, 2013</time> by CDWriter</strong>\n\t\n\t\n</span>\n\t\t\t\n\t\t</div>"
        },
        {
            "id": 82536,
            "timestamp": 1374691920,
            "author": {
                "id": 13172,
                "name": "soryjero",
                "image": null
            },
            "comment": "\n<blockquote data-ipsquote=\"\" class=\"ipsQuote\" data-ipsquote-contentcommentid=\"82458\" data-ipsquote-contentapp=\"forums\" data-ipsquote-contenttype=\"forums\" data-ipsquote-contentclass=\"forums_Topic\" data-ipsquote-contentid=\"10740\" data-ipsquote-username=\"dethunter12\" data-cite=\"dethunter12\" data-ipsquote-timestamp=\"1374678507\" ><div ><div ><p >these tables <a href=\"http://prntscr.com/1h98yl\" rel=\"external nofollow\" >http://prntscr.com/1h98yl</a> and these <a href=\"http://prntscr.com/1h99f9\" rel=\"external nofollow\" >http://prntscr.com/1h99f9</a> and <a href=\"http://prntscr.com/1h99k6\" rel=\"external nofollow\" >http://prntscr.com/1h99k6</a> from cdwriters files v6 and data/npc/pet/elephant.</p></div></div></blockquote>\n<p > </p>\n<p >in ep2 t_bigpet isnt used. gs reads t_attack_pet.</p>\n"
        },
        {
            "id": 82556,
            "timestamp": 1374703543,
            "author": {
                "id": 7750,
                "name": "camaro2683",
                "image": null
            },
            "comment": "<p >@<a contenteditable=\"false\" data-ipshover=\"\" href=\"https://lckb.dev/forum/index.php?/profile/17582-cdwriter/\" data-ipshover-target=\"https://lckb.dev/forum/index.php?/profile/17582-cdwriter/&do=hovercard\" data-mentionid=\"17582\" rel=\"\" >@CDWriter</a> yeah ever since i seen a picture of the elephant somewhere i wanted to check it out and have it on the server im working on :)</p>"
        },
        {
            "id": 82566,
            "timestamp": 1374709101,
            "author": {
                "id": 17582,
                "name": "CDWriter",
                "image": null
            },
            "comment": "\n<p >Its all good ..ill try to pull all the skill info for u ..at work now but later</p>\n<p > </p>\n<p >my database was free to everyone so use what u want ...</p>\n"
        },
        {
            "id": 82570,
            "timestamp": 1374711748,
            "author": {
                "id": 7750,
                "name": "camaro2683",
                "image": null
            },
            "comment": "<p >@<a contenteditable=\"false\" data-ipshover=\"\" href=\"https://lckb.dev/forum/index.php?/profile/17582-cdwriter/\" data-ipshover-target=\"https://lckb.dev/forum/index.php?/profile/17582-cdwriter/&do=hovercard\" data-mentionid=\"17582\" rel=\"\" >@CDWriter</a> thank you so much i really appreciate it i have been checking out the elephant a little bit and im liking it so far :) and you giving me the skills will be awesome i will appreciate that as well thank you :)</p>"
        }
    ]
}