{
    "meta": {
        "threadId": 10758,
        "threadName": "[Release] New Forum Ranks",
        "dateCreated": "2013-07-25T02:06:36+0000",
        "datePublished": "2013-07-25T02:06:36+0000",
        "pageCount": 1,
        "originalUrl": "https://lckb.dev/forum/index.php?/topic/10758-release-new-forum-ranks/",
        "authorId": 2791,
        "position": [
            {
                "@type": "ListItem",
                "position": 1,
                "item": {
                    "@id": "https://lckb.dev/forum/index.php?/forum/40-website-scripting-security/",
                    "name": "Website Scripting &amp; Security"
                }
            },
            {
                "@type": "ListItem",
                "position": 2,
                "item": {
                    "@id": "https://lckb.dev/forum/index.php?/forum/117-webmasters-help-talk/",
                    "name": "Webmasters Help &amp; Talk"
                }
            }
        ]
    },
    "commentData": [
        {
            "id": 82575,
            "timestamp": 1374717996,
            "author": {
                "id": 2791,
                "name": "cyborg2009",
                "image": null
            },
            "comment": "\n<p style=\"text-align:center;\" >Hello all,</p>\n<br /><p style=\"text-align:center;\" > </p>\n<br /><p style=\"text-align:center;\" >i have maked my own Forum Ranks, but its clean. You can make your own name in this (Administrator, Moderator, Premium User,... )</p>\n<br /><p style=\"text-align:center;\" > </p>\n<br /><p style=\"text-align:center;\" >here are this:</p>\n<br /><p style=\"text-align:center;\" > </p>\n<br /><p style=\"text-align:center;\" ><img alt=\"aaof5avx3vcs.png\" src=\"http://www7.pic-upload.de/24.07.13/aaof5avx3vcs.png\" /></p>\n<br /><p style=\"text-align:center;\" ><img alt=\"t2tg8uifi3bk.png\" src=\"http://www7.pic-upload.de/24.07.13/t2tg8uifi3bk.png\" /></p>\n<br /><p style=\"text-align:center;\" ><img alt=\"fecowfguc4m.png\" src=\"http://www7.pic-upload.de/24.07.13/fecowfguc4m.png\" /></p>\n<br /><p style=\"text-align:center;\" ><img alt=\"768ssh79fwgt.png\" src=\"http://www7.pic-upload.de/24.07.13/768ssh79fwgt.png\" /></p>\n<br /><p style=\"text-align:center;\" ><img alt=\"mjp6hll38m8p.png\" src=\"http://www7.pic-upload.de/24.07.13/mjp6hll38m8p.png\" /></p>\n<br /><p style=\"text-align:center;\" ><img alt=\"a1q12ptuhpvo.png\" src=\"http://www7.pic-upload.de/24.07.13/a1q12ptuhpvo.png\" /></p>\n<br /><p style=\"text-align:center;\" > </p>\n<br /><p style=\"text-align:center;\" >okay, that is it, have fun with them :D</p>\n<br /><p style=\"text-align:center;\" > </p>\n<br /><p style=\"text-align:center;\" >greets</p>\n<br /><p style=\"text-align:center;\" >Cyborg2009</p>\n<br />\n\n\t\t\t\n\t\t\t\t\n\n<span class=\"ipsType_reset ipsType_medium ipsType_light\" data-excludequote=\"None\" >\n\t<strong >Edited <time datetime=\"2013-07-25T02:07:08Z\" title=\"07/25/2013 02:07  AM\" data-short=\"7 yr\" >July 25, 2013</time> by cyborg2009</strong>\n\t\n\t\n</span>\n\t\t\t\n\t\t</div>"
        }
    ]
}