{
    "meta": {
        "threadId": 10759,
        "threadName": "Complete DataBase V7 by CDWriter",
        "dateCreated": "2013-07-25T03:41:11+0000",
        "datePublished": "2013-07-25T03:41:11+0000",
        "pageCount": 3,
        "originalUrl": "https://lckb.dev/forum/index.php?/topic/10759-complete-database-v7-by-cdwriter/",
        "authorId": 17582,
        "position": [
            {
                "@type": "ListItem",
                "position": 1,
                "item": {
                    "@id": "https://lckb.dev/forum/index.php?/forum/258-release-zone/",
                    "name": "Release Zone"
                }
            },
            {
                "@type": "ListItem",
                "position": 2,
                "item": {
                    "@id": "https://lckb.dev/forum/index.php?/forum/325-episode-2-releases/",
                    "name": "Episode 2 Releases"
                }
            },
            {
                "@type": "ListItem",
                "position": 3,
                "item": {
                    "@id": "https://lckb.dev/forum/index.php?/forum/125-server-side/",
                    "name": "Server Side"
                }
            }
        ]
    },
    "commentData": [
        {
            "id": 82579,
            "timestamp": 1374723671,
            "author": {
                "id": 17582,
                "name": "CDWriter",
                "image": null
            },
            "comment": "\n<p >V7<br />**<br /><br />Hello community<br /><br />Here i release another complete sql release COMPLETE meaning with client data files to match.<br />These files are for the Centos USA last chaos release and should be compatible to gamegos release..<br /><br />**<br />There will be 1 account for this last release, by now you all know how to add a account... also at this point you need to either delete the account steve and start with your own our leave steve there to get started.<br />ill add LastChaos Password Hasher (by fabi202cool) a file needed to create one and get you started..<br /><br /><br /><br />-- English<br />Today I give you V7, Now this is still work in Progress and if you do not report errors i cant fix them for next release ..<br />Please report Errors<br /><br />-- Deutsch<br />Heute gebe ich euch V7, Nun ist dies immer noch in Arbeit, und wenn Sie nicht melden Fehler i cant l\u00c3\u0192\u00c2\u00b6sen f\u00c3\u0192\u00c2\u00bcr n\u00c3\u0192\u00c2\u00a4chste Release ..<br />Bitte melden Sie Fehler<br /><br />-- \u00c3\u00c2\u00bd\u00c3\u00c2\u00b5\u00c3\u00c2\u00bc\u00c3\u00c2\u00b5\u00c3\u2018\u00e2\u20ac \u00c3\u00c2\u00ba\u00c3\u00c2\u00b8\u00c3\u00c2\u00b9<br />\u00c3\u00c2\u00a1\u00c3\u00c2\u00b5\u00c3\u00c2\u00b3\u00c3\u00c2\u00be\u00c3\u00c2\u00b4\u00c3\u00c2\u00bd\u00c3\u2018\u00c2 \u00c3\u2018\u00c2 \u00c3\u00c2\u00b4\u00c3\u00c2\u00b0\u00c3\u2018\u00c5\u00bd \u00c3\u00c2\u00b2\u00c3\u00c2\u00b0\u00c3\u00c2\u00bc V7, \u00c3\u2018\u00c2\u00c3\u00c2\u00b5\u00c3\u00c2\u00b9\u00c3\u2018\u00e2\u20ac\u00a1\u00c3\u00c2\u00b0\u00c3\u2018\u00c2 \u00c3\u2018\u00c2\u00c3\u2018\u00e2\u20ac\u0161\u00c3\u00c2\u00be \u00c3\u00c2\u00b2\u00c3\u2018\u00c2\u00c3\u00c2\u00b5 \u00c3\u00c2\u00b5\u00c3\u2018\u00e2\u20ac\u00b0\u00c3\u00c2\u00b5 \u00c3\u00c2\u00bd\u00c3\u00c2\u00b5\u00c3\u00c2\u00b7\u00c3\u00c2\u00b0\u00c3\u00c2\u00b2\u00c3\u00c2\u00b5\u00c3\u2018\u00e2\u201a\u00ac\u00c3\u2018\u00cb\u2020\u00c3\u00c2\u00b5\u00c3\u00c2\u00bd\u00c3\u00c2\u00bd\u00c3\u00c2\u00be\u00c3\u00c2\u00b5 \u00c3\u00c2\u00bf\u00c3\u2018\u00e2\u201a\u00ac\u00c3\u00c2\u00be\u00c3\u00c2\u00b8\u00c3\u00c2\u00b7\u00c3\u00c2\u00b2\u00c3\u00c2\u00be\u00c3\u00c2\u00b4\u00c3\u2018\u00c2\u00c3\u2018\u00e2\u20ac\u0161\u00c3\u00c2\u00b2\u00c3\u00c2\u00be \u00c3\u00c2\u00b8 \u00c3\u00c2\u00b5\u00c3\u2018\u00c2\u00c3\u00c2\u00bb\u00c3\u00c2\u00b8 \u00c3\u00c2\u00b2\u00c3\u2018\u00e2\u20ac\u00b9 \u00c3\u00c2\u00bd\u00c3\u00c2\u00b5 \u00c3\u2018\u00c2\u00c3\u00c2\u00be\u00c3\u00c2\u00be\u00c3\u00c2\u00b1\u00c3\u2018\u00e2\u20ac\u00b0\u00c3\u00c2\u00b0\u00c3\u2018\u00e2\u20ac\u0161\u00c3\u2018\u00c5\u2019 \u00c3\u00c2\u00be\u00c3\u00c2\u00b1 \u00c3\u00c2\u00be\u00c3\u2018\u00cb\u2020\u00c3\u00c2\u00b8\u00c3\u00c2\u00b1\u00c3\u00c2\u00ba\u00c3\u00c2\u00b0\u00c3\u2018\u00e2\u20ac\u00a6 \u00c3\u2018\u00c2 \u00c3\u00c2\u00bd\u00c3\u00c2\u00b5 \u00c3\u00c2\u00bc\u00c3\u00c2\u00be\u00c3\u00c2\u00b3\u00c3\u2018\u00c6\u2019 \u00c3\u00c2\u00b8\u00c3\u2018\u00c2\u00c3\u00c2\u00bf\u00c3\u2018\u00e2\u201a\u00ac\u00c3\u00c2\u00b0\u00c3\u00c2\u00b2\u00c3\u00c2\u00b8\u00c3\u2018\u00e2\u20ac\u0161\u00c3\u2018\u00c5\u2019 \u00c3\u00c2\u00b8\u00c3\u2018\u00e2\u20ac\u00a6 \u00c3\u00c2\u00b4\u00c3\u00c2\u00bb\u00c3\u2018\u00c2 \u00c3\u2018\u00c2\u00c3\u00c2\u00bb\u00c3\u00c2\u00b5\u00c3\u00c2\u00b4\u00c3\u2018\u00c6\u2019\u00c3\u2018\u00c5\u00bd\u00c3\u2018\u00e2\u20ac\u00b0\u00c3\u00c2\u00b5\u00c3\u00c2\u00b3\u00c3\u00c2\u00be \u00c3\u2018\u00e2\u201a\u00ac\u00c3\u00c2\u00b5\u00c3\u00c2\u00bb\u00c3\u00c2\u00b8\u00c3\u00c2\u00b7\u00c3\u00c2\u00b0 ..<br />\u00c3\u00c5\u00b8\u00c3\u00c2\u00be\u00c3\u00c2\u00b6\u00c3\u00c2\u00b0\u00c3\u00c2\u00bb\u00c3\u2018\u00c6\u2019\u00c3\u00c2\u00b9\u00c3\u2018\u00c2\u00c3\u2018\u00e2\u20ac\u0161\u00c3\u00c2\u00b0, \u00c3\u2018\u00c2\u00c3\u00c2\u00be\u00c3\u00c2\u00be\u00c3\u00c2\u00b1\u00c3\u2018\u00e2\u20ac\u00b0\u00c3\u00c2\u00b0\u00c3\u00c2\u00b9\u00c3\u2018\u00e2\u20ac\u0161\u00c3\u00c2\u00b5 \u00c3\u00c2\u00be\u00c3\u00c2\u00b1 \u00c3\u00c2\u00be\u00c3\u2018\u00cb\u2020\u00c3\u00c2\u00b8\u00c3\u00c2\u00b1\u00c3\u00c2\u00ba\u00c3\u00c2\u00b0\u00c3\u2018\u00e2\u20ac\u00a6<br /><br /><br />Thanks everyone who helped, and everyone who has release public tools, anything in this release has the Authors name of who gave it to me our from where i got it....<br />Except for Me my name is only on the forum i will not add my name or anything to it ...<br /><br />As for what was done this time.<br /><br />RELEASE V7<br />----------<br /><br />Zone 12 hard level fixed on load.<br />fixed Weapon Lender rogue items.<br />Item fixes.<br />any other errors reported to me.<br />Plus My complete Server files (when this link dies i will not fix it)<br /><br />If you see anything wrong with anything i might have done please let me now.<br /><br />**Extras<br />--------<br />Time Stamp <-- Used to get a Correct Unix time for t_lc_time / Newproject_db needs to be there for Automation of Ranking list.<br />GameServer_d(USA) Newer___My Gameserver Lvl 180 gm 186 <-- WHAT i use so i can level to 180.<br />GameServer_d(USA) Newer.rar <-- Original release by blankname.<br />Readme for GameServer_d(USA) Newer.txt <-- Explains all about the Rar file also has all the OFFSETS by Blankname and Buff Npc Offsets where given by Douglas Origens.<br /><br />**Notes<br />-------<br />I will not add editors to this release. but i could give you a list of the public ones i used.<br /><br /><br />Just remember i will reply to your post to understand the error better its not me attacking you in any way, Just need to understand how you worded the mistake...<br /><br />Special thanks to Public Tool Designers, Wizatek, Hateme, Bash, Fillix, Falo, and all the others i might have missed...<br /><br />As long as there error reports ill keep releasing these bases ...something simple ill add the sql fix to this topic..<br /><br /><br />To DOWNLOAD this 7th release file go here:</p>\n<p > </p>\n<p >NEW UPLOAD itemALL_usa.lod and itemname_usa.lod in client needed fixed .. old one dropped item 2</p>\n<p >redownload<br /><a href=\"http://fbe.am/mgU\" rel=\"external nofollow\" >http://fbe.am/kgU</a></p>\n<p > </p>\n<p >My Server Files:<br /><br /><a href=\"https://mega.co.nz/#!gBZUFBBT!R6gSSnIh1OA78ya7wSjCrVde8Yc4xG28F-Mf9Lw4wFI\" rel=\"external nofollow\" >https://mega.co.nz/#!gBZUFBBT!R6gSSnIh1OA78ya7wSjVde8Yc4xG28F-Mf9Lw4wFI</a><br /><br />Simple WAY to get a client<br />*********************************<br />1. In Theory so far it looks like any USA client will work just update fully.<br /><br />2. This UPDATED folder will be your NEW client..<br /><br />3. Now Open my release u will see USA Files and Extras goto USA files copy the folders to the new client, BIN and DATA folders you must copy the content of each of them over into the same folders.<br /><br />4. At this point you should be 100% compatible to my SQL. As long as you used the Extra folder and the GS in there. Steve account has 1 - 180 character and can support up to 8. if you can not get to this toon then you did not follow all what i put here in this new release... start again.<br /><br />For every account you make you need to do the following to get the 8 character slot working. Lets get the 8 Character creation started ...Go into newproject_db find table t_extendcharslot and add in your char number (take from newproject_db_auth / bg_user - column user_code) date it starts and date it ends. I added my account name there for a reference.  (Temp for now till someone figures the in-game item out).<br /><br />5 Why did i not think of this before, This way we are using USA last chaos download sites for our NEW client  and make it simple i always say.........<br /><br />I have tested this myself and all works great, and still using it this way... any issues please let me now ...sorry for all the confusion before..<br /><br /><br />Please REPORT ERRORS CANT fix what i dont know of....<br /><br />If you have any issues getting it started or loading the database please post it in the help section.<br /><br />Client<br />*******<br /><a href=\"https://mega.co.nz/#!TFhyEKAQ!W8fP7kVb7U_1TXQwQZlFCA5amSt2_FqxoMJFuTa6YMU\" rel=\"external nofollow\" >https://mega.co.nz/#!TFhyEKAQ!W8fP7kVb7U_1TXQwQZlFCA5amSt2_FqxoMJFuTa6YMU</a><br />Thanks to dethunter12 for this client upload..<br /><br /><br /><br />CDWriter</p>\n\n\n\t\t\t\n\t\t\t\t\n\n<span class=\"ipsType_reset ipsType_medium ipsType_light\" data-excludequote=\"None\" >\n\t<strong >Edited <time datetime=\"2014-03-03T00:47:37Z\" title=\"03/03/2014 12:47  AM\" data-short=\"6 yr\" >March 3, 2014</time> by CDWriter</strong>\n\t\n\t\n</span>\n\t\t\t\n\t\t</div>"
        },
        {
            "id": 82585,
            "timestamp": 1374729559,
            "author": {
                "id": 10637,
                "name": "redbull",
                "image": null
            },
            "comment": "<p >guild problem is fixsed?</p>"
        },
        {
            "id": 82586,
            "timestamp": 1374730590,
            "author": {
                "id": 17582,
                "name": "CDWriter",
                "image": null
            },
            "comment": "\n<p >what guild problem ? ....</p>\n<p > </p>\n<p ><img alt=\"jmtc.jpg\" src=\"https://img22.imageshack.us/img22/7044/jmtc.jpg\" /></p>\n\n\n\t\t\t\n\t\t\t\t\n\n<span class=\"ipsType_reset ipsType_medium ipsType_light\" data-excludequote=\"None\" >\n\t<strong >Edited <time datetime=\"2013-07-25T06:18:35Z\" title=\"07/25/2013 06:18  AM\" data-short=\"7 yr\" >July 25, 2013</time> by CDWriter</strong>\n\t\n\t\n</span>\n\t\t\t\n\t\t</div>"
        },
        {
            "id": 82587,
            "timestamp": 1374730609,
            "author": {
                "id": 16931,
                "name": "Walletman987",
                "image": null
            },
            "comment": "<p >Thanks frend.</p>"
        },
        {
            "id": 82589,
            "timestamp": 1374733343,
            "author": {
                "id": 9121,
                "name": "03101997",
                "image": null
            },
            "comment": "<p >Thanks bro! , i love you s2 xD </p>"
        },
        {
            "id": 82592,
            "timestamp": 1374735570,
            "author": {
                "id": 605,
                "name": "b4rr4cud4",
                "image": null
            },
            "comment": "<p >You did it again, another great job. THANKS for the hard work.</p>"
        },
        {
            "id": 82607,
            "timestamp": 1374743609,
            "author": {
                "id": 18525,
                "name": "Lisana",
                "image": null
            },
            "comment": "<p >Great job ,and thanks for sevrer upload !!</p>"
        },
        {
            "id": 82614,
            "timestamp": 1374744575,
            "author": {
                "id": 10637,
                "name": "redbull",
                "image": null
            },
            "comment": "\n<blockquote data-ipsquote=\"\" class=\"ipsQuote\" data-ipsquote-contentcommentid=\"82586\" data-ipsquote-contentapp=\"forums\" data-ipsquote-contenttype=\"forums\" data-ipsquote-contentclass=\"forums_Topic\" data-ipsquote-contentid=\"10759\" data-ipsquote-username=\"CDWriter\" data-cite=\"CDWriter\" data-ipsquote-timestamp=\"1374730590\" ><div ><div >\n<p >what guild problem ? ....</p>\n<p > </p>\n<p ><img alt=\"jmtc.jpg\" src=\"https://img22.imageshack.us/img22/7044/jmtc.jpg\" /></p>\n</div></div></blockquote>\n<p ><img alt=\"edebbe0bbffa.jpg\" src=\"http://s50.radikal.ru/i129/1307/e0/edebbe0bbffa.jpg\" /></p>\n<p > </p>\n<p ><img alt=\"6fb0003cd321.jpg\" src=\"http://s017.radikal.ru/i442/1307/61/6fb0003cd321.jpg\" /><img alt=\"e0ae6f749bad.jpg\" src=\"http://s43.radikal.ru/i099/1307/f5/e0ae6f749bad.jpg\" /></p>\n<p >_____________</p>\n<p >you see no effect, i need restart server to see guild emblem</p>\n"
        },
        {
            "id": 82620,
            "timestamp": 1374748076,
            "author": {
                "id": 18082,
                "name": "gurock1172",
                "image": null
            },
            "comment": "<p >good !!!!</p>"
        },
        {
            "id": 82621,
            "timestamp": 1374748289,
            "author": {
                "id": 18082,
                "name": "gurock1172",
                "image": null
            },
            "comment": "<p >u can upload database to mega? :D</p>"
        },
        {
            "id": 82634,
            "timestamp": 1374751520,
            "author": {
                "id": 14022,
                "name": "zdanuxiz",
                "image": null
            },
            "comment": "\n<p >good job</p>\n<p >all looks great</p>\n"
        },
        {
            "id": 82646,
            "timestamp": 1374758064,
            "author": {
                "id": 16954,
                "name": "spadge88",
                "image": null
            },
            "comment": "<p >great job i think i might use this :)</p>"
        },
        {
            "id": 82647,
            "timestamp": 1374758748,
            "author": {
                "id": 18226,
                "name": "OldHM",
                "image": null
            },
            "comment": "\n<p >Can you upload your start.sh? so everything starts?</p>\n<p > </p>\n<p >or post code here?</p>\n"
        },
        {
            "id": 82649,
            "timestamp": 1374760373,
            "author": {
                "id": null,
                "name": "Guest SmoGG",
                "image": null
            },
            "comment": "\n<blockquote data-ipsquote=\"\" class=\"ipsQuote\" data-ipsquote-contentcommentid=\"82647\" data-ipsquote-contentapp=\"forums\" data-ipsquote-contenttype=\"forums\" data-ipsquote-contentclass=\"forums_Topic\" data-ipsquote-contentid=\"10759\" data-ipsquote-username=\"Mendozza\" data-cite=\"Mendozza\" data-ipsquote-timestamp=\"1374758748\" ><div ><div >\n<p >Can you upload your start.sh? so everything starts?</p>\n<p > </p>\n<p >or post code here?</p>\n</div></div></blockquote>\n<p ><a href=\"http://toxic-l33t.ddns.net/forum/index.php?/topic/8246-startservice-deamon/\" rel=\"external nofollow\" >http://toxic-l33t.ddns.net/forum/index.php?/topic/8246-startservice-deamon/</a> - Whats wrong ?</p>\n"
        },
        {
            "id": 82662,
            "timestamp": 1374764353,
            "author": {
                "id": 17474,
                "name": "kixtzz",
                "image": null
            },
            "comment": "<p >startzone to fix juno arena pvp <a href=\"https://mega.co.nz/#!A0wlTIQb!K6tbgx4o551LI3pKY_1erV4_7NMztycTITdyTQqF4Sw\" rel=\"external nofollow\" >https://mega.co.nz/#!A0wlTIQb!K6tbgx4o551LI3pKY_1erV4_7NMztycTITdyTQqF4Sw</a></p>"
        },
        {
            "id": 82674,
            "timestamp": 1374770343,
            "author": {
                "id": 16983,
                "name": "Jaiz",
                "image": null
            },
            "comment": "<p >Somebody tested the merac castle siege? if its work well? </p>"
        },
        {
            "id": 82675,
            "timestamp": 1374771491,
            "author": {
                "id": 14022,
                "name": "zdanuxiz",
                "image": null
            },
            "comment": "\n<p >the titan first armours are bugged (leather =>titan)</p>\n<p >It can be fixed easy by creating new armour, fixing this or by disable them</p>\n"
        },
        {
            "id": 82678,
            "timestamp": 1374772401,
            "author": {
                "id": 17582,
                "name": "CDWriter",
                "image": null
            },
            "comment": "\n<p >@<a contenteditable=\"false\" data-ipshover=\"\" href=\"https://lckb.dev/forum/index.php?/profile/10637-redbull/\" data-ipshover-target=\"https://lckb.dev/forum/index.php?/profile/10637-redbull/&do=hovercard\" data-mentionid=\"10637\" rel=\"\" >@redbull</a></p>\n<p > </p>\n<p >Are you using all of my database..our part of it ? </p>\n<p > </p>\n<p >Iam speaking about just newproject_data .... did you take tables from it our used whole table...</p>\n<p > </p>\n<p >and what about newproject_db ... these are the 2 main tables if you did not use these tables i dont now why you get that emblem issue ....i do not have that problem..</p>\n"
        },
        {
            "id": 82692,
            "timestamp": 1374776238,
            "author": {
                "id": 17582,
                "name": "CDWriter",
                "image": null
            },
            "comment": "\n<p style=\"color:rgb(40,40,40);font-family:arial, helvetica, clean, sans-serif;\" >@<a contenteditable=\"false\" data-ipshover=\"\" href=\"https://lckb.dev/forum/index.php?/profile/14022-zdanuxiz/\" data-ipshover-target=\"https://lckb.dev/forum/index.php?/profile/14022-zdanuxiz/&do=hovercard\" data-mentionid=\"14022\" rel=\"\" >@zdanuxiz</a>  thanks i did not see this issue what i released it .....</p>\n<p style=\"color:rgb(40,40,40);font-family:arial, helvetica, clean, sans-serif;\" > </p>\n<p style=\"color:rgb(40,40,40);font-family:arial, helvetica, clean, sans-serif;\" >NEW UPLOAD itemALL_usa.lod and itemname_usa.lod in client needed fixed .. old one dropped item 2</p>\n<p style=\"color:rgb(40,40,40);font-family:arial, helvetica, clean, sans-serif;\" >redownload<br /><a href=\"http://fbe.am/mgU\" title=\"External link\" rel=\"external nofollow\" >http://fbe.am/mgU</a></p>\n\n\n\t\t\t\n\t\t\t\t\n\n<span class=\"ipsType_reset ipsType_medium ipsType_light\" data-excludequote=\"None\" >\n\t<strong >Edited <time datetime=\"2013-07-25T18:17:55Z\" title=\"07/25/2013 06:17  PM\" data-short=\"7 yr\" >July 25, 2013</time> by CDWriter</strong>\n\t\n\t\n</span>\n\t\t\t\n\t\t</div>"
        },
        {
            "id": 82700,
            "timestamp": 1374778920,
            "author": {
                "id": 10637,
                "name": "redbull",
                "image": null
            },
            "comment": "\n<blockquote data-ipsquote=\"\" class=\"ipsQuote\" data-ipsquote-contentcommentid=\"82678\" data-ipsquote-contentapp=\"forums\" data-ipsquote-contenttype=\"forums\" data-ipsquote-contentclass=\"forums_Topic\" data-ipsquote-contentid=\"10759\" data-ipsquote-username=\"CDWriter\" data-cite=\"CDWriter\" data-ipsquote-timestamp=\"1374772401\" ><div ><div >\n<p >@<a contenteditable=\"false\" data-ipshover=\"\" href=\"https://lckb.dev/forum/index.php?/profile/10637-redbull/\" data-ipshover-target=\"https://lckb.dev/forum/index.php?/profile/10637-redbull/&do=hovercard\" data-mentionid=\"10637\" rel=\"\" >@redbull</a></p>\n<p > </p>\n<p >Are you using all of my database..our part of it ? </p>\n<p > </p>\n<p >Iam speaking about just newproject_data .... did you take tables from it our used whole table...</p>\n<p > </p>\n<p >and what about newproject_db ... these are the 2 main tables if you did not use these tables i dont now why you get that emblem issue ....i do not have that problem..</p>\n</div></div></blockquote>\n<p >i use all your database , can you help me? pls </p>\n"
        },
        {
            "id": 82702,
            "timestamp": 1374779046,
            "author": {
                "id": 17582,
                "name": "CDWriter",
                "image": null
            },
            "comment": "\n<p >@<a contenteditable=\"false\" data-ipshover=\"\" href=\"https://lckb.dev/forum/index.php?/profile/10637-redbull/\" data-ipshover-target=\"https://lckb.dev/forum/index.php?/profile/10637-redbull/&do=hovercard\" data-mentionid=\"10637\" rel=\"\" >@redbull</a></p>\n<p > </p>\n<p >have you tryed adding emblem in juno ? is there a issue there?</p>\n"
        },
        {
            "id": 82703,
            "timestamp": 1374779243,
            "author": {
                "id": 10637,
                "name": "redbull",
                "image": null
            },
            "comment": "\n<blockquote data-ipsquote=\"\" class=\"ipsQuote\" data-ipsquote-contentcommentid=\"82702\" data-ipsquote-contentapp=\"forums\" data-ipsquote-contenttype=\"forums\" data-ipsquote-contentclass=\"forums_Topic\" data-ipsquote-contentid=\"10759\" data-ipsquote-username=\"CDWriter\" data-cite=\"CDWriter\" data-ipsquote-timestamp=\"1374779046\" ><div ><div >\n<p >@<a contenteditable=\"false\" data-ipshover=\"\" href=\"https://lckb.dev/forum/index.php?/profile/10637-redbull/\" data-ipshover-target=\"https://lckb.dev/forum/index.php?/profile/10637-redbull/&do=hovercard\" data-mentionid=\"10637\" rel=\"\" >@redbull</a></p>\n<p > </p>\n<p >have you tryed adding emblem in juno ? is there a issue there?</p>\n</div></div></blockquote>\n<p >yes i try but dont work</p>\n"
        },
        {
            "id": 82704,
            "timestamp": 1374779586,
            "author": {
                "id": 17582,
                "name": "CDWriter",
                "image": null
            },
            "comment": "\n<p >See i have no issue there our any where else for emblems why i think your not using all my tables ? do you have just the 1 character on your server? would you be willing to try 1 think .....  dump all your server tables and save them ..  install all of my database tables newproject_data and db and db_auth ... get on steve create that emblem after you get guild made then come here and post a pic ?   I have done this with 5 toons all of them work great no issues and thats including on making a emblem in Tarain...</p>\n<p > </p>\n<p >Does anyone else have this issue?</p>\n"
        },
        {
            "id": 82706,
            "timestamp": 1374780356,
            "author": {
                "id": 10637,
                "name": "redbull",
                "image": null
            },
            "comment": "<p >and 1 bug <img alt=\"6eb18fd60a80.jpg\" src=\"http://s001.radikal.ru/i195/1307/91/6eb18fd60a80.jpg\" /></p>"
        },
        {
            "id": 82710,
            "timestamp": 1374781352,
            "author": {
                "id": 17582,
                "name": "CDWriter",
                "image": null
            },
            "comment": "<p >@<a contenteditable=\"false\" data-ipshover=\"\" href=\"https://lckb.dev/forum/index.php?/profile/10637-redbull/\" data-ipshover-target=\"https://lckb.dev/forum/index.php?/profile/10637-redbull/&do=hovercard\" data-mentionid=\"10637\" rel=\"\" >@redbull</a>  please ....i am not a mind reader here what is wrong with the pic above ......  and take this to a PM ...or skype ..... OMG asking me if i have skype in a pm with out giving me your skype name, does not help either...... PM me</p>\n\n\t\t\t\n\t\t\t\t\n\n<span class=\"ipsType_reset ipsType_medium ipsType_light\" data-excludequote=\"None\" >\n\t<strong >Edited <time datetime=\"2013-07-25T19:42:43Z\" title=\"07/25/2013 07:42  PM\" data-short=\"7 yr\" >July 25, 2013</time> by CDWriter</strong>\n\t\n\t\n</span>\n\t\t\t\n\t\t</div>"
        },
        {
            "id": 82713,
            "timestamp": 1374782424,
            "author": {
                "id": 9121,
                "name": "03101997",
                "image": null
            },
            "comment": "\n<p >@<a contenteditable=\"false\" data-ipshover=\"\" href=\"https://lckb.dev/forum/index.php?/profile/17582-cdwriter/\" data-ipshover-target=\"https://lckb.dev/forum/index.php?/profile/17582-cdwriter/&do=hovercard\" data-mentionid=\"17582\" rel=\"\" >@CDWriter</a> Other bugg.......</p>\n<p > </p>\n<p > </p>\n<p ><img alt=\"fjjt.jpg\" src=\"https://img837.imageshack.us/img837/1300/fjjt.jpg\" /></p>\n"
        },
        {
            "id": 82717,
            "timestamp": 1374782659,
            "author": {
                "id": 17432,
                "name": "Nymphetamine",
                "image": null
            },
            "comment": "\n<blockquote data-ipsquote=\"\" class=\"ipsQuote\" data-ipsquote-contentcommentid=\"82713\" data-ipsquote-contentapp=\"forums\" data-ipsquote-contenttype=\"forums\" data-ipsquote-contentclass=\"forums_Topic\" data-ipsquote-contentid=\"10759\" data-ipsquote-username=\"03101997\" data-cite=\"03101997\" data-ipsquote-timestamp=\"1374782424\" ><div ><div >\n<p >@<a contenteditable=\"false\" data-ipshover=\"\" href=\"https://lckb.dev/forum/index.php?/profile/17582-cdwriter/\" data-ipshover-target=\"https://lckb.dev/forum/index.php?/profile/17582-cdwriter/&do=hovercard\" data-mentionid=\"17582\" rel=\"\" >@CDWriter</a> Other bugg.......</p>\n<p > </p>\n<p > </p>\n<p ><img alt=\"fjjt.jpg\" src=\"https://img837.imageshack.us/img837/1300/fjjt.jpg\" /></p>\n</div></div></blockquote>\n<p >This is not a DB error.</p>\n<p >Your client/server is not setted how it should for work.</p>\n"
        },
        {
            "id": 82721,
            "timestamp": 1374783081,
            "author": {
                "id": 9121,
                "name": "03101997",
                "image": null
            },
            "comment": "<p >@<a contenteditable=\"false\" data-ipshover=\"\" href=\"https://lckb.dev/forum/index.php?/profile/17432-nymphetamine/\" data-ipshover-target=\"https://lckb.dev/forum/index.php?/profile/17432-nymphetamine/&do=hovercard\" data-mentionid=\"17432\" rel=\"\" >@Nymphetamine</a>  More typically picked up yesterday ......</p>"
        },
        {
            "id": 82722,
            "timestamp": 1374783155,
            "author": {
                "id": 17582,
                "name": "CDWriter",
                "image": null
            },
            "comment": "\n<p >@<a contenteditable=\"false\" data-ipshover=\"\" href=\"https://lckb.dev/forum/index.php?/profile/17432-nymphetamine/\" data-ipshover-target=\"https://lckb.dev/forum/index.php?/profile/17432-nymphetamine/&do=hovercard\" data-mentionid=\"17432\" rel=\"\" >@Nymphetamine</a>   Thanks 1000 times .... :))))</p>\n<p > </p>\n<p >and <span style=\"color:#800080;background-color:rgb(216,221,232);font-family:arial, helvetica, clean, sans-serif;font-size:16px;\" >03101997</span></p>\n<br /><div >and my release does not have ServerBeta! as a channel .... So not my Issue</div>\n\n\n\t\t\t\n\t\t\t\t\n\n<span class=\"ipsType_reset ipsType_medium ipsType_light\" data-excludequote=\"None\" >\n\t<strong >Edited <time datetime=\"2013-07-25T20:14:17Z\" title=\"07/25/2013 08:14  PM\" data-short=\"7 yr\" >July 25, 2013</time> by CDWriter</strong>\n\t\n\t\n</span>\n\t\t\t\n\t\t</div>"
        },
        {
            "id": 82723,
            "timestamp": 1374783257,
            "author": {
                "id": 9121,
                "name": "03101997",
                "image": null
            },
            "comment": "<p >@<a contenteditable=\"false\" data-ipshover=\"\" href=\"https://lckb.dev/forum/index.php?/profile/17582-cdwriter/\" data-ipshover-target=\"https://lckb.dev/forum/index.php?/profile/17582-cdwriter/&do=hovercard\" data-mentionid=\"17582\" rel=\"\" >@CDWriter</a> Please help me :/</p>"
        },
        {
            "id": 82725,
            "timestamp": 1374783410,
            "author": {
                "id": 9121,
                "name": "03101997",
                "image": null
            },
            "comment": "<p >@<a contenteditable=\"false\" data-ipshover=\"\" href=\"https://lckb.dev/forum/index.php?/profile/17582-cdwriter/\" data-ipshover-target=\"https://lckb.dev/forum/index.php?/profile/17582-cdwriter/&do=hovercard\" data-mentionid=\"17582\" rel=\"\" >@CDWriter</a> Is your release , im change the name</p>"
        },
        {
            "id": 82726,
            "timestamp": 1374783675,
            "author": {
                "id": 17582,
                "name": "CDWriter",
                "image": null
            },
            "comment": "<p >One of your ports are wrong ...did you use my server files... did you change my IP from my WAN # to what you need..... there is many things here you are leaving out ....please goto Help section our PM me, Since this is not my release issue....</p>"
        },
        {
            "id": 82727,
            "timestamp": 1374783707,
            "author": {
                "id": 17432,
                "name": "Nymphetamine",
                "image": null
            },
            "comment": "\n<blockquote data-ipsquote=\"\" class=\"ipsQuote\" data-ipsquote-contentcommentid=\"82722\" data-ipsquote-contentapp=\"forums\" data-ipsquote-contenttype=\"forums\" data-ipsquote-contentclass=\"forums_Topic\" data-ipsquote-contentid=\"10759\" data-ipsquote-username=\"CDWriter\" data-cite=\"CDWriter\" data-ipsquote-timestamp=\"1374783155\" ><div ><div >\n<p > </p>\n<p >@<a contenteditable=\"false\" data-ipshover=\"\" href=\"https://lckb.dev/forum/index.php?/profile/17432-nymphetamine/\" data-ipshover-target=\"https://lckb.dev/forum/index.php?/profile/17432-nymphetamine/&do=hovercard\" data-mentionid=\"17432\" rel=\"\" >@Nymphetamine</a>   Thanks 1000 times .... :))))</p>\n<p > </p>\n<p >and <span style=\"color:#800080;background-color:rgb(216,221,232);font-family:arial, helvetica, clean, sans-serif;font-size:16px;\" >03101997</span></p>\n<p ></p>\n<div >and my release does not have ServerBeta! as a channel .... So not my Issue</div>\n<p > </p>\n</div></div></blockquote>\n<p >Yeah that is since the server names are in string not in DB</p>\n<p >Problem is just that he get timed out. </p>\n<p >But @<a contenteditable=\"false\" data-ipshover=\"\" href=\"https://lckb.dev/forum/index.php?/profile/9121-03101997/\" data-ipshover-target=\"https://lckb.dev/forum/index.php?/profile/9121-03101997/&do=hovercard\" data-mentionid=\"9121\" rel=\"\" >@03101997</a> as i already said its not fault of his DB files</p>\n"
        },
        {
            "id": 82730,
            "timestamp": 1374784461,
            "author": {
                "id": 17582,
                "name": "CDWriter",
                "image": null
            },
            "comment": "\n<p >@<a contenteditable=\"false\" data-ipshover=\"\" href=\"https://lckb.dev/forum/index.php?/profile/605-b4rr4cud4/\" data-ipshover-target=\"https://lckb.dev/forum/index.php?/profile/605-b4rr4cud4/&do=hovercard\" data-mentionid=\"605\" rel=\"\" >@b4rr4cud4</a></p>\n<p > </p>\n<p >I would like to let you now that the Potions for the boosters will have the 2000 HP description on them since i have to redo the itemall_usa.bin file at the last moment the NEW discription did not make it to this release .....  Version 8 ugg  will have these for sure.... and any other issues that may come up ....if you PM me ill send you a quick fix .......Since you brought it to my attention ..</p>\n<p >CDWriter</p>\n<p >TO ALL</p>\n<p >I am Glade to help anyone here but please be honest ...if your using all my Database that includes Newproject_ DATA , DB , DB_AUTH  these all connect to each other and any ....ANY old character items. quest, guilds, titles, affinity... ect left behind from a old character you deleted will MESS with your current DATABASE...</p>\n\n\n\t\t\t\n\t\t\t\t\n\n<span class=\"ipsType_reset ipsType_medium ipsType_light\" data-excludequote=\"None\" >\n\t<strong >Edited <time datetime=\"2013-07-25T20:44:49Z\" title=\"07/25/2013 08:44  PM\" data-short=\"7 yr\" >July 25, 2013</time> by CDWriter</strong>\n\t\n\t\n</span>\n\t\t\t\n\t\t</div>"
        },
        {
            "id": 82733,
            "timestamp": 1374785156,
            "author": {
                "id": 9121,
                "name": "03101997",
                "image": null
            },
            "comment": "\n<p >@<a contenteditable=\"false\" data-ipshover=\"\" href=\"https://lckb.dev/forum/index.php?/profile/17582-cdwriter/\" data-ipshover-target=\"https://lckb.dev/forum/index.php?/profile/17582-cdwriter/&do=hovercard\" data-mentionid=\"17582\" rel=\"\" >@CDWriter</a></p>\n<p > </p>\n<p ><img alt=\"9lrc.jpg\" src=\"https://imageshack.us/a/img706/6540/9lrc.jpg\" /></p>\n"
        },
        {
            "id": 82734,
            "timestamp": 1374785267,
            "author": {
                "id": 17582,
                "name": "CDWriter",
                "image": null
            },
            "comment": "\n<p >@<a contenteditable=\"false\" data-ipshover=\"\" href=\"https://lckb.dev/forum/index.php?/profile/9121-03101997/\" data-ipshover-target=\"https://lckb.dev/forum/index.php?/profile/9121-03101997/&do=hovercard\" data-mentionid=\"9121\" rel=\"\" >@03101997</a></p>\n<p > </p>\n<p >SO what you changed did that .....  Look at your firewall also ....</p>\n<p > </p>\n<blockquote data-ipsquote=\"\" class=\"ipsQuote\" ><div >\n<p > </p>\n<p > </p>\n<span style=\"color:rgb(40,40,40);font-family:arial, helvetica, clean, sans-serif;\" >One of your ports are wrong ...did you use my server files... did you change my IP from my WAN # to what you need..... there is many things here you are leaving out ....<span style=\"font-size:18px;\" >please goto Help section our PM me</span>, Since this is not my release issue....</span>\n</div></blockquote>\n\n\n\t\t\t\n\t\t\t\t\n\n<span class=\"ipsType_reset ipsType_medium ipsType_light\" data-excludequote=\"None\" >\n\t<strong >Edited <time datetime=\"2013-07-25T20:49:17Z\" title=\"07/25/2013 08:49  PM\" data-short=\"7 yr\" >July 25, 2013</time> by CDWriter</strong>\n\t\n\t\n</span>\n\t\t\t\n\t\t</div>"
        },
        {
            "id": 82860,
            "timestamp": 1374857120,
            "author": {
                "id": 605,
                "name": "b4rr4cud4",
                "image": null
            },
            "comment": "\n<p >@<a contenteditable=\"false\" data-ipshover=\"\" href=\"https://lckb.dev/forum/index.php?/profile/9121-03101997/\" data-ipshover-target=\"https://lckb.dev/forum/index.php?/profile/9121-03101997/&do=hovercard\" data-mentionid=\"9121\" rel=\"\" >@03101997</a> if you follow this tut you will end up with:</p>\n<p > </p>\n<p >Found this tut for you -- by <span ><a href=\"http://toxic-l33t.ddns.net/forum/index.php?/user/3721-filix-93/\" title=\"\" rel=\"external nofollow\" ><span >filix_93</span></a></span></p>\n<p > </p>\n<p >1) Go in connector folder and open newStorm.bin<br />where there is    MaxSubServer=1    ,  set it to   MaxSubServer=4<br />2)Go in LoginServer folder and open newStorm.bin<br />where there is<br />[Connector_0]<br />Number=1<br />MaxSubNumber=1<br />IP=........<br />set it to<br />[Connector_0]<br />Number=1<br />MaxSubNumber=4<br />IP=..........<br />3)make 3 copy of GameServer folder<br />so you will have 4 folder :<br />-GameServer<br />-GameServer1<br />-GameServer2<br />-Gameserver3<br />go in data folder of each GameServer and open newStorm.bin<br />now we have to edit [server] ( the first one )<br />on -GameServer  set :<br />[server]<br />Number=1<br />SubNumber=1<br />IP=YOUR IP<br />Port=4101<br />AllowExternalIP=TRUE<br />on -GameServer1 set :<br />[server]<br />Number=1<br />SubNumber=2<br />IP=YOUR IP<br />Port=5101<br />AllowExternalIP=TRUE<br />on -GameServer2 set :<br />[server]<br />Number=1<br />SubNumber=3<br />IP=YOUR IP<br />Port=6101<br />AllowExternalIP=TRUE<br />on -GameServer3 set :<br />[server]<br />Number=1<br />SubNumber=4<br />IP=YOUR IP<br />Port=7101<br />AllowExternalIP=TRUE<br />than run messenger , subhelper , helper , connector , loginserver , gameserver , gameserver1 , gameserver2 , gameserver3   and have fun ;)</p>\n<p > </p>\n<p ><img alt=\"pd3v.jpg\" src=\"https://imageshack.us/a/img89/3513/pd3v.jpg\" /><br /> </p>\n<p >There is no fault to the database at all for this to work, I did it to just see if I could and it works just fine. So no fault on the end of CDWriter at all.</p>\n\n\n\t\t\t\n\t\t\t\t\n\n<span class=\"ipsType_reset ipsType_medium ipsType_light\" data-excludequote=\"None\" >\n\t<strong >Edited <time datetime=\"2013-07-26T17:09:59Z\" title=\"07/26/2013 05:09  PM\" data-short=\"7 yr\" >July 26, 2013</time> by b4rr4cud4</strong>\n\t\n\t\n</span>\n\t\t\t\n\t\t</div>"
        },
        {
            "id": 82944,
            "timestamp": 1374883610,
            "author": {
                "id": 9121,
                "name": "03101997",
                "image": null
            },
            "comment": "<p >Not work :( , im get Timed Out @<a contenteditable=\"false\" data-ipshover=\"\" href=\"https://lckb.dev/forum/index.php?/profile/605-b4rr4cud4/\" data-ipshover-target=\"https://lckb.dev/forum/index.php?/profile/605-b4rr4cud4/&do=hovercard\" data-mentionid=\"605\" rel=\"\" >@b4rr4cud4</a></p>"
        },
        {
            "id": 82980,
            "timestamp": 1374905661,
            "author": {
                "id": 17582,
                "name": "CDWriter",
                "image": null
            },
            "comment": "<p >@<a contenteditable=\"false\" data-ipshover=\"\" href=\"https://lckb.dev/forum/index.php?/profile/9121-03101997/\" data-ipshover-target=\"https://lckb.dev/forum/index.php?/profile/9121-03101997/&do=hovercard\" data-mentionid=\"9121\" rel=\"\" >@03101997</a> Dont Post here ..you all ready have a post running in help......about this ..please dont try to take over this topic also .....</p>"
        },
        {
            "id": 82991,
            "timestamp": 1374955006,
            "author": {
                "id": 17432,
                "name": "Nymphetamine",
                "image": null
            },
            "comment": "\n<p >Yeah please guys remember that this topic isnt for ask help about other troubles</p>\n<p >Stay in the subject of the topic that is the db release of CDWriter thanks</p>\n"
        },
        {
            "id": 83018,
            "timestamp": 1374965751,
            "author": {
                "id": 16983,
                "name": "Jaiz",
                "image": null
            },
            "comment": "\n<blockquote data-ipsquote=\"\" class=\"ipsQuote\" data-ipsquote-contentcommentid=\"82706\" data-ipsquote-contentapp=\"forums\" data-ipsquote-contenttype=\"forums\" data-ipsquote-contentclass=\"forums_Topic\" data-ipsquote-contentid=\"10759\" data-ipsquote-username=\"redbull\" data-cite=\"redbull\" data-ipsquote-timestamp=\"1374780356\" ><div ><div ><p >and 1 bug <img alt=\"6eb18fd60a80.jpg\" src=\"http://s001.radikal.ru/i195/1307/91/6eb18fd60a80.jpg\" /></p></div></div></blockquote>\n<p >Wrong Helper. Use the Other one.</p>\n"
        },
        {
            "id": 83067,
            "timestamp": 1374989225,
            "author": {
                "id": 10637,
                "name": "redbull",
                "image": null
            },
            "comment": "<p >dratan war time problem , when war time start , door of theo is cloused all time</p>"
        },
        {
            "id": 83068,
            "timestamp": 1374990098,
            "author": {
                "id": 6038,
                "name": "RomainLastChaos",
                "image": null
            },
            "comment": "<p >lol the door of tomb of theos closed on the war time that normal  very much years ago that tomb was closed  when the war of dratan starting that why some players  go into this tomb of theos before the start to get no ks etc to play ^^ is not a bug</p>"
        },
        {
            "id": 83070,
            "timestamp": 1374992588,
            "author": {
                "id": 10637,
                "name": "redbull",
                "image": null
            },
            "comment": "\n<blockquote data-ipsquote=\"\" class=\"ipsQuote\" data-ipsquote-contentcommentid=\"83068\" data-ipsquote-contentapp=\"forums\" data-ipsquote-contenttype=\"forums\" data-ipsquote-contentclass=\"forums_Topic\" data-ipsquote-contentid=\"10759\" data-ipsquote-username=\"Era\" data-cite=\"Era\" data-ipsquote-timestamp=\"1374990098\" ><div ><div ><p >lol the door of tomb of theos closed on the war time that normal  very much years ago that tomb was closed  when the war of dratan starting that why some players  go into this tomb of theos before the start to get no ks etc to play ^^ is not a bug</p></div></div></blockquote>\n<p ><img alt=\"d8abddc9ab9c.jpg\" src=\"http://i053.radikal.ru/1307/d1/d8abddc9ab9c.jpg\" /></p>\n<p >this door is all time cloused :) </p>\n"
        },
        {
            "id": 83072,
            "timestamp": 1374994847,
            "author": {
                "id": 17582,
                "name": "CDWriter",
                "image": null
            },
            "comment": "\n<p >@<a contenteditable=\"false\" data-ipshover=\"\" href=\"https://lckb.dev/forum/index.php?/profile/10637-redbull/\" data-ipshover-target=\"https://lckb.dev/forum/index.php?/profile/10637-redbull/&do=hovercard\" data-mentionid=\"10637\" rel=\"\" >@redbull</a></p>\n<p > </p>\n<p >not sure where u come up with these errors ...i would love to help if i understood what database you are using .......in my database i have Stewred Tot standing next to the rock ... as for my image from my database ..you can see the correct npc </p>\n<p > </p>\n<p ><img alt=\"3ahj.jpg\" src=\"https://img40.imageshack.us/img40/5287/3ahj.jpg\" /></p>\n<p > </p>\n<p >So you tell me what do you have ?  I have not played this game that much online.. ill give you that but to show ,me a pic of something i can show you also thats 100% different from what is actually there .... Not sure ? what i should believe from you .. so if you can please explain .....</p>\n<p > </p>\n<p >heres even a exact picture of what you are showing me ....same location </p>\n<p > </p>\n<p ><img alt=\"w9fh.jpg\" src=\"https://img713.imageshack.us/img713/1545/w9fh.jpg\" /></p>\n\n\n\t\t\t\n\t\t\t\t\n\n<span class=\"ipsType_reset ipsType_medium ipsType_light\" data-excludequote=\"None\" >\n\t<strong >Edited <time datetime=\"2013-07-28T07:04:41Z\" title=\"07/28/2013 07:04  AM\" data-short=\"7 yr\" >July 28, 2013</time> by CDWriter</strong>\n\t\n\t\n</span>\n\t\t\t\n\t\t</div>"
        },
        {
            "id": 83073,
            "timestamp": 1374995174,
            "author": {
                "id": 10637,
                "name": "redbull",
                "image": null
            },
            "comment": "<p >when castle time start this door is cloused all time <img alt=\"ad9f0f509ea6.jpg\" src=\"http://s018.radikal.ru/i527/1307/96/ad9f0f509ea6.jpg\" /></p>"
        },
        {
            "id": 83074,
            "timestamp": 1374996072,
            "author": {
                "id": 17582,
                "name": "CDWriter",
                "image": null
            },
            "comment": "\n<p >@<a contenteditable=\"false\" data-ipshover=\"\" href=\"https://lckb.dev/forum/index.php?/profile/10637-redbull/\" data-ipshover-target=\"https://lckb.dev/forum/index.php?/profile/10637-redbull/&do=hovercard\" data-mentionid=\"10637\" rel=\"\" >@redbull</a></p>\n<p > </p>\n<p > </p>\n<p > </p>\n<p > </p>\n<blockquote data-ipsquote=\"\" class=\"ipsQuote\" ><div >\n<p >@<a contenteditable=\"false\" rel=\"\" ></a></p>\n<p > </p>\n<span style=\"color:rgb(40,40,40);font-family:arial, helvetica, clean, sans-serif;\" >when the war of dratan starting that why some players  go into this tomb of theos before the start to get no ks etc to play ^^ <span style=\"font-size:18px;\" >is not a bug</span></span>\n</div></blockquote>\n<p > </p>\n<p >do you not read whats posted? it closes to stop other players form cheating so they do not get any KS ...</p>\n\n\n\t\t\t\n\t\t\t\t\n\n<span class=\"ipsType_reset ipsType_medium ipsType_light\" data-excludequote=\"None\" >\n\t<strong >Edited <time datetime=\"2013-07-28T07:22:39Z\" title=\"07/28/2013 07:22  AM\" data-short=\"7 yr\" >July 28, 2013</time> by CDWriter</strong>\n\t\n\t\n</span>\n\t\t\t\n\t\t</div>"
        },
        {
            "id": 83082,
            "timestamp": 1375003045,
            "author": {
                "id": 17432,
                "name": "Nymphetamine",
                "image": null
            },
            "comment": "\n<blockquote data-ipsquote=\"\" class=\"ipsQuote\" data-ipsquote-contentcommentid=\"83067\" data-ipsquote-contentapp=\"forums\" data-ipsquote-contenttype=\"forums\" data-ipsquote-contentclass=\"forums_Topic\" data-ipsquote-contentid=\"10759\" data-ipsquote-username=\"redbull\" data-cite=\"redbull\" data-ipsquote-timestamp=\"1374989225\" ><div ><div ><p >dratan war time problem , when war time start , door of theo is cloused all time</p></div></div></blockquote>\n<p >Lol..this is normal.</p>\n"
        },
        {
            "id": 83093,
            "timestamp": 1375009184,
            "author": {
                "id": 16983,
                "name": "Jaiz",
                "image": null
            },
            "comment": "<p >@<a contenteditable=\"false\" data-ipshover=\"\" href=\"https://lckb.dev/forum/index.php?/profile/17582-cdwriter/\" data-ipshover-target=\"https://lckb.dev/forum/index.php?/profile/17582-cdwriter/&do=hovercard\" data-mentionid=\"17582\" rel=\"\" >@CDWriter</a> If you need help with the next Version of V8 i help you where i can :) (Just PM ME) </p>"
        },
        {
            "id": 83194,
            "timestamp": 1375035628,
            "author": {
                "id": 10637,
                "name": "redbull",
                "image": null
            },
            "comment": "<p >problem with subhelper all time down</p>"
        },
        {
            "id": 83218,
            "timestamp": 1375043515,
            "author": {
                "id": 6038,
                "name": "RomainLastChaos",
                "image": null
            },
            "comment": "\n<blockquote data-ipsquote=\"\" class=\"ipsQuote\" data-ipsquote-contentcommentid=\"83073\" data-ipsquote-contentapp=\"forums\" data-ipsquote-contenttype=\"forums\" data-ipsquote-contentclass=\"forums_Topic\" data-ipsquote-contentid=\"10759\" data-ipsquote-username=\"redbull\" data-cite=\"redbull\" data-ipsquote-timestamp=\"1374995174\" ><div ><div ><p >when castle time start this door is cloused all time <img alt=\"ad9f0f509ea6.jpg\" src=\"http://s018.radikal.ru/i527/1307/96/ad9f0f509ea6.jpg\" /></p></div></div></blockquote>\n<p > today i have learn the dratan castle was in CH-1 ....</p>\n<p > </p>\n<p >man all wars was in CH-4</p>\n<p > </p>\n<p >( if you have not edit somehing about war)</p>\n"
        },
        {
            "id": 83227,
            "timestamp": 1375045383,
            "author": {
                "id": 17582,
                "name": "CDWriter",
                "image": null
            },
            "comment": "\n<p >@<a contenteditable=\"false\" rel=\"\" ></a></p>\n<p > </p>\n<blockquote data-ipsquote=\"\" class=\"ipsQuote\" ><div >\n<p > </p>\n<p ><span style=\"color:rgb(40,40,40);font-family:arial, helvetica, clean, sans-serif;\" > today i have learn the dratan castle was in CH-1 ....</span></p>\n<p style=\"color:rgb(40,40,40);font-family:arial, helvetica, clean, sans-serif;\" > </p>\n<p style=\"color:rgb(40,40,40);font-family:arial, helvetica, clean, sans-serif;\" >man all wars was in CH-4</p>\n<p style=\"color:rgb(40,40,40);font-family:arial, helvetica, clean, sans-serif;\" > </p>\n<p style=\"color:rgb(40,40,40);font-family:arial, helvetica, clean, sans-serif;\" >( if you have not edit somehing about war)</p>\n</div></blockquote>\n<p > </p>\n<p >and this means what ...its wrong ? where do i change that ?</p>\n"
        },
        {
            "id": 83257,
            "timestamp": 1375056548,
            "author": {
                "id": 6038,
                "name": "RomainLastChaos",
                "image": null
            },
            "comment": "<p >The gameserver are setup  to have mcs and dcs on  the chanell 4 but if you know how to change it into the gameserver i think yes can be in other chanell i think</p>"
        },
        {
            "id": 83272,
            "timestamp": 1375061999,
            "author": {
                "id": 18031,
                "name": "Nitrobit1337",
                "image": null
            },
            "comment": "<p >Hello guys,<br /><br />since I recently downloaded this version of CDwriters Database/Server pack and tested it, I found a bug -> You cant learn Deadline lvl 6 (Rogue and Archer, lvl 180)<br /><br />So I made a fix for the lazy ones :) Simply execute the .sql file in xxx_data.<br /><br /><a href=\"https://www.mediafire.com/download/nwdf4dwaltca0d3/Skillupdate.rar\" rel=\"external nofollow\" >http://www.mediafire.com/download/nwdf4dwaltca0d3/Skillupdate.rar</a><br /><br />Have fun :)<br /><br />//Edit: Fixed Spin Chop lvl 5 (Warmaster) aswell.</p>\n\n\t\t\t\n\t\t\t\t\n\n<span class=\"ipsType_reset ipsType_medium ipsType_light\" data-excludequote=\"None\" >\n\t<strong >Edited <time datetime=\"2013-07-29T02:27:46Z\" title=\"07/29/2013 02:27  AM\" data-short=\"7 yr\" >July 29, 2013</time> by Nitrobit1337</strong>\n\t\n\t\n</span>\n\t\t\t\n\t\t</div>"
        },
        {
            "id": 83276,
            "timestamp": 1375063347,
            "author": {
                "id": 17582,
                "name": "CDWriter",
                "image": null
            },
            "comment": "\n<p >@<a contenteditable=\"false\" data-ipshover=\"\" href=\"https://lckb.dev/forum/index.php?/profile/18031-nitrobit1337/\" data-ipshover-target=\"https://lckb.dev/forum/index.php?/profile/18031-nitrobit1337/&do=hovercard\" data-mentionid=\"18031\" rel=\"\" >@Nitrobit1337</a>  So instead of releaseing  a simple fix as the 2 lines missing in t_SkillLevel</p>\n<pre class=\"ipsCode prettyprint lang-sql\" >INSERT INTO `t_skillLevel` (`a_index`, `a_level`, `a_needHP`, `a_needMP`, `a_needGP`, `a_durtime`, `a_dummypower`, `a_needItemIndex1`, `a_needItemCount1`, `a_needItemIndex2`, `a_needItemCount2`, `a_learnLevel`, `a_learnSP`, `a_learnSkillIndex1`, `a_learnSkillLevel1`, `a_learnSkillIndex2`, `a_learnSkillLevel2`, `a_learnSkillIndex3`, `a_learnSkillLevel3`, `a_learnItemIndex1`, `a_learnItemCount1`, `a_learnItemIndex2`, `a_learnItemCount2`, `a_learnItemIndex3`, `a_learnItemCount3`, `a_appMagicIndex1`, `a_appMagicLevel1`, `a_appMagicIndex2`, `a_appMagicLevel2`, `a_appMagicIndex3`, `a_appMagicLevel3`, `a_magicIndex1`, `a_magicLevel1`, `a_magicIndex2`, `a_magicLevel2`, `a_magicIndex3`, `a_magicLevel3`, `a_learnstr`, `a_learndex`, `a_learnint`, `a_learncon`, `a_hate`, `a_learnGP`) VALUES (639, 6, 0, 1000, 0, 0, 950, -1, 0, -1, 0, 180, 1800, -1, 0, -1, 0, -1, 0, 19, 400000000, -1, 0, -1, 0, -1, 0, -1, 0, -1, 0, 658, 6, -1, 0, -1, 0, 0, 0, 0;\n\nINSERT INTO `t_skillLevel` (`a_index`, `a_level`, `a_needHP`, `a_needMP`, `a_needGP`, `a_durtime`, `a_dummypower`, `a_needItemIndex1`, `a_needItemCount1`, `a_needItemIndex2`, `a_needItemCount2`, `a_learnLevel`, `a_learnSP`, `a_learnSkillIndex1`, `a_learnSkillLevel1`, `a_learnSkillIndex2`, `a_learnSkillLevel2`, `a_learnSkillIndex3`, `a_learnSkillLevel3`, `a_learnItemIndex1`, `a_learnItemCount1`, `a_learnItemIndex2`, `a_learnItemCount2`, `a_learnItemIndex3`, `a_learnItemCount3`, `a_appMagicIndex1`, `a_appMagicLevel1`, `a_appMagicIndex2`, `a_appMagicLevel2`, `a_appMagicIndex3`, `a_appMagicLevel3`, `a_magicIndex1`, `a_magicLevel1`, `a_magicIndex2`, `a_magicLevel2`, `a_magicIndex3`, `a_magicLevel3`, `a_learnstr`, `a_learndex`, `a_learnint`, `a_learncon`, `a_hate`, `a_learnGP`) VALUES (637, 6, 0, 1000, 0, 0, 950, -1, 0, -1, 0, 180, 1800, -1, 0, -1, 0, -1, 0, 19, 400000000, -1, 0, -1, 0, -1, 0, -1, 0, -1, 0, 655, 6, -1, 0, -1, 0, 0, 0, 0;\n</pre>\n<p >you re-release my whole intire t_skillLevel ?  next time dont be lazy yourself and just release what needs fixed ....  the whole reason i have this here is to report the error .....thanks for the fix i guess next time just do the fix not the whole table,,,</p>\n\n\n\t\t\t\n\t\t\t\t\n\n<span class=\"ipsType_reset ipsType_medium ipsType_light\" data-excludequote=\"None\" >\n\t<strong >Edited <time datetime=\"2013-07-29T02:07:09Z\" title=\"07/29/2013 02:07  AM\" data-short=\"7 yr\" >July 29, 2013</time> by CDWriter</strong>\n\t\n\t\n</span>\n\t\t\t\n\t\t</div>"
        },
        {
            "id": 83279,
            "timestamp": 1375064838,
            "author": {
                "id": 18031,
                "name": "Nitrobit1337",
                "image": null
            },
            "comment": "\n<blockquote data-ipsquote=\"\" class=\"ipsQuote\" data-ipsquote-contentcommentid=\"83276\" data-ipsquote-contentapp=\"forums\" data-ipsquote-contenttype=\"forums\" data-ipsquote-contentclass=\"forums_Topic\" data-ipsquote-contentid=\"10759\" data-ipsquote-username=\"CDWriter\" data-cite=\"CDWriter\" data-ipsquote-timestamp=\"1375063347\" ><div ><div >\n<p >@<a contenteditable=\"false\" data-ipshover=\"\" href=\"https://lckb.dev/forum/index.php?/profile/18031-nitrobit1337/\" data-ipshover-target=\"https://lckb.dev/forum/index.php?/profile/18031-nitrobit1337/&do=hovercard\" data-mentionid=\"18031\" rel=\"\" >@Nitrobit1337</a>  So instead of releaseing  a simple fix as the 2 lines missing in t_SkillLevel</p>\n<pre class=\"ipsCode prettyprint lang-sql\" >INSERT INTO `t_skillLevel` (`a_index`, `a_level`, `a_needHP`, `a_needMP`, `a_needGP`, `a_durtime`, `a_dummypower`, `a_needItemIndex1`, `a_needItemCount1`, `a_needItemIndex2`, `a_needItemCount2`, `a_learnLevel`, `a_learnSP`, `a_learnSkillIndex1`, `a_learnSkillLevel1`, `a_learnSkillIndex2`, `a_learnSkillLevel2`, `a_learnSkillIndex3`, `a_learnSkillLevel3`, `a_learnItemIndex1`, `a_learnItemCount1`, `a_learnItemIndex2`, `a_learnItemCount2`, `a_learnItemIndex3`, `a_learnItemCount3`, `a_appMagicIndex1`, `a_appMagicLevel1`, `a_appMagicIndex2`, `a_appMagicLevel2`, `a_appMagicIndex3`, `a_appMagicLevel3`, `a_magicIndex1`, `a_magicLevel1`, `a_magicIndex2`, `a_magicLevel2`, `a_magicIndex3`, `a_magicLevel3`, `a_learnstr`, `a_learndex`, `a_learnint`, `a_learncon`, `a_hate`, `a_learnGP`) VALUES (639, 6, 0, 1000, 0, 0, 950, -1, 0, -1, 0, 180, 1800, -1, 0, -1, 0, -1, 0, 19, 400000000, -1, 0, -1, 0, -1, 0, -1, 0, -1, 0, 658, 6, -1, 0, -1, 0, 0, 0, 0;\n\nINSERT INTO `t_skillLevel` (`a_index`, `a_level`, `a_needHP`, `a_needMP`, `a_needGP`, `a_durtime`, `a_dummypower`, `a_needItemIndex1`, `a_needItemCount1`, `a_needItemIndex2`, `a_needItemCount2`, `a_learnLevel`, `a_learnSP`, `a_learnSkillIndex1`, `a_learnSkillLevel1`, `a_learnSkillIndex2`, `a_learnSkillLevel2`, `a_learnSkillIndex3`, `a_learnSkillLevel3`, `a_learnItemIndex1`, `a_learnItemCount1`, `a_learnItemIndex2`, `a_learnItemCount2`, `a_learnItemIndex3`, `a_learnItemCount3`, `a_appMagicIndex1`, `a_appMagicLevel1`, `a_appMagicIndex2`, `a_appMagicLevel2`, `a_appMagicIndex3`, `a_appMagicLevel3`, `a_magicIndex1`, `a_magicLevel1`, `a_magicIndex2`, `a_magicLevel2`, `a_magicIndex3`, `a_magicLevel3`, `a_learnstr`, `a_learndex`, `a_learnint`, `a_learncon`, `a_hate`, `a_learnGP`) VALUES (637, 6, 0, 1000, 0, 0, 950, -1, 0, -1, 0, 180, 1800, -1, 0, -1, 0, -1, 0, 19, 400000000, -1, 0, -1, 0, -1, 0, -1, 0, -1, 0, 655, 6, -1, 0, -1, 0, 0, 0, 0;\n</pre>\n<p >you re-release my whole intire t_skillLevel ?  next time dont be lazy yourself and just release what needs fixed ....  the whole reason i have this here is to report the error .....thanks for the fix i guess next time just do the fix not the whole table,,,</p>\n</div></div></blockquote>\n<p >Youre right, Im sorry. But I dont know how to put only those 2 lines into a .sql file, though it werent only 2 lines. There had to be made new entrys into: t_magic ; t_magicLevel ; t_skill ; t_skillLevel to make the skills work properly. I respect what youre saying, I apologize. :/</p>\n"
        },
        {
            "id": 83288,
            "timestamp": 1375067144,
            "author": {
                "id": 17582,
                "name": "CDWriter",
                "image": null
            },
            "comment": "\n<p >its all good but the other info you referred to would have been helpful  also ... if this is the case.... iam sure i got all of the table correct the first time i added them but might have missed some of the levels ......there has been other like this and is very easy to fix with wiz skilleditor</p>\n<p > </p>\n<p > </p>\n<p >Close and Lock topic ........</p>\n\n\n\t\t\t\n\t\t\t\t\n\n<span class=\"ipsType_reset ipsType_medium ipsType_light\" data-excludequote=\"None\" >\n\t<strong >Edited <time datetime=\"2013-07-29T04:00:20Z\" title=\"07/29/2013 04:00  AM\" data-short=\"7 yr\" >July 29, 2013</time> by CDWriter</strong>\n\t\n\t\n</span>\n\t\t\t\n\t\t</div>"
        },
        {
            "id": 83302,
            "timestamp": 1375082638,
            "author": {
                "id": null,
                "name": "Guest Johnny5",
                "image": null
            },
            "comment": "<p >Topic Closed by a moderator. The reason why: Topic Closed by request of the poster</p>"
        }
    ]
}