{
    "meta": {
        "threadId": 10772,
        "threadName": "{HELP} Please help me in timed out",
        "dateCreated": "2013-07-25T21:44:13+0000",
        "datePublished": "2013-07-25T21:44:13+0000",
        "pageCount": 2,
        "originalUrl": "https://lckb.dev/forum/index.php?/topic/10772-help-please-help-me-in-timed-out/",
        "authorId": 9121,
        "position": [
            {
                "@type": "ListItem",
                "position": 1,
                "item": {
                    "@id": "https://lckb.dev/forum/index.php?/forum/100-guides-help-section/",
                    "name": "Guides &amp; Help Section"
                }
            },
            {
                "@type": "ListItem",
                "position": 2,
                "item": {
                    "@id": "https://lckb.dev/forum/index.php?/forum/335-help-support/",
                    "name": "Help &amp; Support"
                }
            },
            {
                "@type": "ListItem",
                "position": 3,
                "item": {
                    "@id": "https://lckb.dev/forum/index.php?/forum/120-ep2-support/",
                    "name": "Ep2 Support"
                }
            },
            {
                "@type": "ListItem",
                "position": 4,
                "item": {
                    "@id": "https://lckb.dev/forum/index.php?/forum/134-solved-topics/",
                    "name": "Solved Topics"
                }
            }
        ]
    },
    "commentData": [
        {
            "id": 82737,
            "timestamp": 1374788653,
            "author": {
                "id": 9121,
                "name": "03101997",
                "image": null
            },
            "comment": "\n<p ><img alt=\"deuf.png\" src=\"https://img24.imageshack.us/img24/7500/deuf.png\" /></p>\n<p > </p>\n<p > </p>\n<p ><img alt=\"fjjt.jpg\" src=\"https://imageshack.us/a/img837/1300/fjjt.jpg\" /></p>\n<p > </p>\n<p > </p>\n<p > </p>\n<p >Please guys , help me :(</p>\n"
        },
        {
            "id": 82743,
            "timestamp": 1374789387,
            "author": {
                "id": 9121,
                "name": "03101997",
                "image": null
            },
            "comment": "<p ><img alt=\"63by.jpg\" src=\"https://img707.imageshack.us/img707/1081/63by.jpg\" /></p>"
        },
        {
            "id": 82753,
            "timestamp": 1374794927,
            "author": {
                "id": 9121,
                "name": "03101997",
                "image": null
            },
            "comment": "<p >@<a contenteditable=\"false\" data-ipshover=\"\" href=\"https://lckb.dev/forum/index.php?/profile/17582-cdwriter/\" data-ipshover-target=\"https://lckb.dev/forum/index.php?/profile/17582-cdwriter/&do=hovercard\" data-mentionid=\"17582\" rel=\"\" >@CDWriter</a> Please help me :(</p>"
        },
        {
            "id": 82754,
            "timestamp": 1374795837,
            "author": {
                "id": 17432,
                "name": "Nymphetamine",
                "image": null
            },
            "comment": "<p >Please do not bump ur topic or double-triple post.</p>"
        },
        {
            "id": 82755,
            "timestamp": 1374795844,
            "author": {
                "id": 2016,
                "name": "pwesty",
                "image": null
            },
            "comment": "<p >you are using the wrong connector ^^</p>"
        },
        {
            "id": 82765,
            "timestamp": 1374803137,
            "author": {
                "id": 9121,
                "name": "03101997",
                "image": null
            },
            "comment": "\n<p >@<a contenteditable=\"false\" data-ipshover=\"\" href=\"https://lckb.dev/forum/index.php?/profile/2016-pwesty/\" data-ipshover-target=\"https://lckb.dev/forum/index.php?/profile/2016-pwesty/&do=hovercard\" data-mentionid=\"2016\" rel=\"\" >@pwesty</a> im trade de connector and im get </p>\n<p > </p>\n<p > </p>\n<p ><img alt=\"lx63.jpg\" src=\"https://img442.imageshack.us/img442/2412/lx63.jpg\" /></p>\n"
        },
        {
            "id": 82766,
            "timestamp": 1374803840,
            "author": {
                "id": 2016,
                "name": "pwesty",
                "image": null
            },
            "comment": "\n<p ><a href=\"http://toxic-l33t.ddns.net/forum/index.php?/topic/10660-solved-unactivated-account-id/\" rel=\"external nofollow\" >http://toxic-l33t.ddns.net/forum/index.php?/topic/10660-solved-unactivated-account-id/</a></p>\n<p > </p>\n<p > </p>\n<p >please start using the search function, you are using the wrong connector more than likely</p>\n<p > </p>\n<p >follow the post i made and look at the picture i posted..</p>\n"
        },
        {
            "id": 82773,
            "timestamp": 1374807326,
            "author": {
                "id": 9121,
                "name": "03101997",
                "image": null
            },
            "comment": "<p >@<a contenteditable=\"false\" rel=\"\" ></a> help me :(</p>"
        },
        {
            "id": 82774,
            "timestamp": 1374809563,
            "author": {
                "id": 2016,
                "name": "pwesty",
                "image": null
            },
            "comment": "<p >what are you getting now? timed out? check ports ^^^</p>"
        },
        {
            "id": 82782,
            "timestamp": 1374814192,
            "author": {
                "id": 7263,
                "name": "SibaN",
                "image": null
            },
            "comment": "<p >post here config from youre connector and login server and gameserver please</p>"
        },
        {
            "id": 82787,
            "timestamp": 1374817710,
            "author": {
                "id": 9121,
                "name": "03101997",
                "image": null
            },
            "comment": "\n<p >@<a contenteditable=\"false\" rel=\"\" ></a></p>\n<p > </p>\n<p > </p>\n<p > </p>\n<p > </p>\n<p >Connector:</p>\n<p > </p>\n<div >[server]</div>\n<div > </div>\n<div >Number=2</div>\n<div > </div>\n<div >MaxSubServer=5</div>\n<div > </div>\n<div >IP=myip</div>\n<div > </div>\n<div >Port=50200</div>\n<div > </div>\n<div > </div>\n<div > </div>\n<div >[user DB]</div>\n<div > </div>\n<div >IP=127.0.0.1</div>\n<div > </div>\n<div >DBName=newproject_db_auth</div>\n<div > </div>\n<div >User=root</div>\n<div > </div>\n<div >Password=</div>\n<div > </div>\n<div > </div>\n<div > </div>\n<div >[Auth DB]</div>\n<div > </div>\n<div >IP=127.0.0.1</div>\n<div > </div>\n<div >DBName=newproject_db_auth</div>\n<div > </div>\n<div >User=root</div>\n<div > </div>\n<div >Password=</div>\n<div > </div>\n<div > </div>\n<div > </div>\n<div >[billing Server]</div>\n<div > </div>\n<div >IP=myip</div>\n<div > </div>\n<div >Port=8888</div>\n<div > </div>\n<div > </div>\n<div > </div>\n<div >[sHA256]</div>\n<div > </div>\n<div >Salt=phoohie1yaihooyaequae7PuiWoeNgahjieth3ru3yeeghaepahb7aeYaipe2we6zii6mai6uweig8siasheinoungeoyeiLohShi2xoh2xi8ooxee9ahpiehahc9Phe</div>\n<div > </div>\n<div > </div>\n<div >GameServer:</div>\n<div > </div>\n<div >\n<div >[server]</div>\n<div > </div>\n<div >Number=2</div>\n<div > </div>\n<div >SubNumber=1</div>\n<div > </div>\n<div >IP=myip</div>\n<div > </div>\n<div >Port=4101</div>\n<div > </div>\n<div >AllowExternalIP=TRUE</div>\n<div > </div>\n<div > </div>\n<div > </div>\n<div >[Data DB]</div>\n<div > </div>\n<div >IP=127.0.0.1</div>\n<div > </div>\n<div >DBName=newproject_data</div>\n<div > </div>\n<div >User=root</div>\n<div > </div>\n<div > </div>\n<div > </div>\n<div >Password=</div>\n<div > </div>\n<div ><a rel=\"\" > </a></div>\n<div ><a rel=\"\" >IP=127.0.0.1</a></div>\n<div ><a rel=\"\" > </a></div>\n<div ><a rel=\"\" >DBName=newproject_post</a></div>\n<div ><a rel=\"\" > </a></div>\n<div ><a rel=\"\" >User=root</a></div>\n<div ><a rel=\"\" > </a></div>\n<div ><a rel=\"\" >Password=</a></div>\n<div ><a rel=\"\" > </a></div>\n<div ><a rel=\"\" > </a></div>\n<div ><a rel=\"\" > </a></div>\n<div ><a rel=\"\" >[user Server]</a></div>\n<div ><a rel=\"\" > </a></div>\n<div ><a rel=\"\" >IP=127.0.0.1</a></div>\n<div ><a rel=\"\" > </a></div>\n<div ><a rel=\"\" >Port=4102</a></div>\n<div ><a rel=\"\" > </a></div>\n<div ><a rel=\"\" >[Char DB]</a></div>\n<div ><a rel=\"\" > </a></div>\n<div ><a rel=\"\" >IP=127.0.0.1</a></div>\n<div ><a rel=\"\" > </a></div>\n<div ><a rel=\"\" >DBName=newproject_db</a></div>\n<div ><a rel=\"\" > </a></div>\n<div ><a rel=\"\" >User=root</a></div>\n<div ><a rel=\"\" > </a></div>\n<div ><a rel=\"\" >Password=</a></div>\n<div ><a rel=\"\" > </a></div>\n<div ><a rel=\"\" > </a></div>\n<div ><a rel=\"\" > </a></div>\n<div ><a rel=\"\" >[Messenger Server]</a></div>\n<div ><a rel=\"\" > </a></div>\n<div ><a rel=\"\" >IP=myip</a></div>\n<div ><a rel=\"\" > </a></div>\n<div ><a rel=\"\" >Port=50500</a></div>\n<div ><a rel=\"\" > </a></div>\n<div ><a rel=\"\" > </a></div>\n<div ><a rel=\"\" > </a></div>\n<div ><a rel=\"\" >[Helper Server]</a></div>\n<div ><a rel=\"\" > </a></div>\n<div ><a rel=\"\" >IP=myip</a></div>\n<div ><a rel=\"\" > </a></div>\n<div ><a rel=\"\" >Port=50301</a></div>\n<div ><a rel=\"\" > </a></div>\n<div ><a rel=\"\" > </a></div>\n<div ><a rel=\"\" > </a></div>\n<div ><a rel=\"\" >[subHelper Server]</a></div>\n<div ><a rel=\"\" > </a></div>\n<div ><a rel=\"\" >IP=myip</a></div>\n<div ><a rel=\"\" > </a></div>\n<div ><a rel=\"\" >Port=50401</a></div>\n<div ><a rel=\"\" > </a></div>\n<div ><a rel=\"\" > </a></div>\n<div ><a rel=\"\" > </a></div>\n<div ><a rel=\"\" >[Connector Server]</a></div>\n<div ><a rel=\"\" > </a></div>\n<div ><a rel=\"\" >IP=myip</a></div>\n<div ><a rel=\"\" > </a></div>\n<div ><a rel=\"\" >Port=50200</a></div>\n<div ><a rel=\"\" > </a></div>\n<div ><a rel=\"\" > </a></div>\n<div ><a rel=\"\" > </a></div>\n<div ><a rel=\"\" >[Zones]</a></div>\n<div ><a rel=\"\" > </a></div>\n<div ><a rel=\"\" >Count=40</a></div>\n<div ><a rel=\"\" > </a></div>\n<div ><a rel=\"\" > </a></div>\n<div ><a rel=\"\" > </a></div>\n<div ><a rel=\"\" >[Zone_0]</a></div>\n<div ><a rel=\"\" > </a></div>\n<div ><a rel=\"\" >No=0</a></div>\n<div ><a rel=\"\" > </a></div>\n<div ><a rel=\"\" >Remote=FALSE</a></div>\n<div ><a rel=\"\" > </a></div>\n<div ><a rel=\"\" > </a></div>\n<div ><a rel=\"\" > </a></div>\n<div ><a rel=\"\" >[Zone_1]</a></div>\n<div ><a rel=\"\" > </a></div>\n<div ><a rel=\"\" >No=1</a></div>\n<div ><a rel=\"\" > </a></div>\n<div ><a rel=\"\" >Remote=FALSE</a></div>\n<div ><a rel=\"\" > </a></div>\n<div ><a rel=\"\" > </a></div>\n<div ><a rel=\"\" > </a></div>\n<div ><a rel=\"\" >[Zone_2]</a></div>\n<div ><a rel=\"\" > </a></div>\n<div ><a rel=\"\" >No=2</a></div>\n<div ><a rel=\"\" > </a></div>\n<div ><a rel=\"\" >Remote=FALSE</a></div>\n<div ><a rel=\"\" > </a></div>\n<div ><a rel=\"\" > </a></div>\n<div ><a rel=\"\" > </a></div>\n<div ><a rel=\"\" >[Zone_3]</a></div>\n<div ><a rel=\"\" > </a></div>\n<div ><a rel=\"\" >No=3</a></div>\n<div ><a rel=\"\" > </a></div>\n<div ><a rel=\"\" >Remote=FALSE</a></div>\n<div ><a rel=\"\" > </a></div>\n<div ><a rel=\"\" > </a></div>\n<div ><a rel=\"\" > </a></div>\n<div ><a rel=\"\" >[Zone_4]</a></div>\n<div ><a rel=\"\" > </a></div>\n<div ><a rel=\"\" >No=4</a></div>\n<div ><a rel=\"\" > </a></div>\n<div ><a rel=\"\" >Remote=FALSE</a></div>\n<div ><a rel=\"\" > </a></div>\n<div ><a rel=\"\" > </a></div>\n<div ><a rel=\"\" > </a></div>\n<div ><a rel=\"\" >[Zone_5]</a></div>\n<div ><a rel=\"\" > </a></div>\n<div ><a rel=\"\" >No=5</a></div>\n<div ><a rel=\"\" > </a></div>\n<div ><a rel=\"\" >Remote=FALSE</a></div>\n<div ><a rel=\"\" > </a></div>\n<div ><a rel=\"\" > </a></div>\n<div ><a rel=\"\" > </a></div>\n<div ><a rel=\"\" >[Zone_6]</a></div>\n<div ><a rel=\"\" > </a></div>\n<div ><a rel=\"\" >No=6</a></div>\n<div ><a rel=\"\" > </a></div>\n<div ><a rel=\"\" >Remote=FALSE</a></div>\n<div ><a rel=\"\" > </a></div>\n<div ><a rel=\"\" > </a></div>\n<div ><a rel=\"\" > </a></div>\n<div ><a rel=\"\" >[Zone_7]</a></div>\n<div ><a rel=\"\" > </a></div>\n<div ><a rel=\"\" >No=14</a></div>\n<div ><a rel=\"\" > </a></div>\n<div ><a rel=\"\" >Remote=FALSE</a></div>\n<div ><a rel=\"\" > </a></div>\n<div ><a rel=\"\" > </a></div>\n<div ><a rel=\"\" > </a></div>\n<div ><a rel=\"\" >[Zone_8]</a></div>\n<div ><a rel=\"\" > </a></div>\n<div ><a rel=\"\" >No=7</a></div>\n<div ><a rel=\"\" > </a></div>\n<div ><a rel=\"\" >Remote=FALSE</a></div>\n<div ><a rel=\"\" > </a></div>\n<div ><a rel=\"\" > </a></div>\n<div ><a rel=\"\" > </a></div>\n<div ><a rel=\"\" >[Zone_9]</a></div>\n<div ><a rel=\"\" > </a></div>\n<div ><a rel=\"\" >No=10</a></div>\n<div ><a rel=\"\" > </a></div>\n<div ><a rel=\"\" >Remote=FALSE</a></div>\n<div ><a rel=\"\" > </a></div>\n<div ><a rel=\"\" > </a></div>\n<div ><a rel=\"\" > </a></div>\n<div ><a rel=\"\" >[Zone_10]</a></div>\n<div ><a rel=\"\" > </a></div>\n<div ><a rel=\"\" >No=9</a></div>\n<div ><a rel=\"\" > </a></div>\n<div ><a rel=\"\" >Remote=FALSE</a></div>\n<div ><a rel=\"\" > </a></div>\n<div ><a rel=\"\" > </a></div>\n<div ><a rel=\"\" > </a></div>\n<div ><a rel=\"\" >[Zone_11]</a></div>\n<div ><a rel=\"\" > </a></div>\n<div ><a rel=\"\" >No=11</a></div>\n<div ><a rel=\"\" > </a></div>\n<div ><a rel=\"\" >Remote=FALSE</a></div>\n<div ><a rel=\"\" > </a></div>\n<div ><a rel=\"\" > </a></div>\n<div ><a rel=\"\" > </a></div>\n<div ><a rel=\"\" >[Zone_12]</a></div>\n<div ><a rel=\"\" > </a></div>\n<div ><a rel=\"\" >No=12</a></div>\n<div ><a rel=\"\" > </a></div>\n<div ><a rel=\"\" >Remote=FALSE</a></div>\n<div ><a rel=\"\" > </a></div>\n<div ><a rel=\"\" > </a></div>\n<div ><a rel=\"\" > </a></div>\n<div ><a rel=\"\" >[Zone_13]</a></div>\n<div ><a rel=\"\" > </a></div>\n<div ><a rel=\"\" >No=8</a></div>\n<div ><a rel=\"\" > </a></div>\n<div ><a rel=\"\" >Remote=FALSE</a></div>\n<div ><a rel=\"\" > </a></div>\n<div ><a rel=\"\" > </a></div>\n<div ><a rel=\"\" > </a></div>\n<div ><a rel=\"\" >[Zone_14]</a></div>\n<div ><a rel=\"\" > </a></div>\n<div ><a rel=\"\" >No=15</a></div>\n<div ><a rel=\"\" > </a></div>\n<div ><a rel=\"\" >Remote=FALSE</a></div>\n<div ><a rel=\"\" > </a></div>\n<div ><a rel=\"\" > </a></div>\n<div ><a rel=\"\" > </a></div>\n<div ><a rel=\"\" >[Zone_15]</a></div>\n<div ><a rel=\"\" > </a></div>\n<div ><a rel=\"\" >No=17</a></div>\n<div ><a rel=\"\" > </a></div>\n<div ><a rel=\"\" >Remote=FALSE</a></div>\n<div ><a rel=\"\" > </a></div>\n<div ><a rel=\"\" > </a></div>\n<div ><a rel=\"\" > </a></div>\n<div ><a rel=\"\" >[Zone_16]</a></div>\n<div ><a rel=\"\" > </a></div>\n<div ><a rel=\"\" >No=18</a></div>\n<div ><a rel=\"\" > </a></div>\n<div ><a rel=\"\" >Remote=FALSE</a></div>\n<div ><a rel=\"\" > </a></div>\n<div ><a rel=\"\" > </a></div>\n<div ><a rel=\"\" > </a></div>\n<div ><a rel=\"\" >[Zone_17]</a></div>\n<div ><a rel=\"\" > </a></div>\n<div ><a rel=\"\" >No=19</a></div>\n<div ><a rel=\"\" > </a></div>\n<div ><a rel=\"\" >Remote=FALSE</a></div>\n<div ><a rel=\"\" > </a></div>\n<div ><a rel=\"\" > </a></div>\n<div ><a rel=\"\" > </a></div>\n<div ><a rel=\"\" >[Zone_18]</a></div>\n<div ><a rel=\"\" > </a></div>\n<div ><a rel=\"\" >No=20</a></div>\n<div ><a rel=\"\" > </a></div>\n<div ><a rel=\"\" >Remote=FALSE</a></div>\n<div ><a rel=\"\" > </a></div>\n<div ><a rel=\"\" > </a></div>\n<div ><a rel=\"\" > </a></div>\n<div ><a rel=\"\" >[Zone_19]</a></div>\n<div ><a rel=\"\" > </a></div>\n<div ><a rel=\"\" >No=21</a></div>\n<div ><a rel=\"\" > </a></div>\n<div ><a rel=\"\" >Remote=FALSE</a></div>\n<div ><a rel=\"\" > </a></div>\n<div ><a rel=\"\" > </a></div>\n<div ><a rel=\"\" > </a></div>\n<div ><a rel=\"\" >[Zone_20]</a></div>\n<div ><a rel=\"\" > </a></div>\n<div ><a rel=\"\" >No=22</a></div>\n<div ><a rel=\"\" > </a></div>\n<div ><a rel=\"\" >Remote=FALSE</a></div>\n<div ><a rel=\"\" > </a></div>\n<div ><a rel=\"\" > </a></div>\n<div ><a rel=\"\" > </a></div>\n<div ><a rel=\"\" >[Zone_21]</a></div>\n<div ><a rel=\"\" > </a></div>\n<div ><a rel=\"\" >No=23</a></div>\n<div ><a rel=\"\" > </a></div>\n<div ><a rel=\"\" >Remote=FALSE</a></div>\n<div ><a rel=\"\" > </a></div>\n<div ><a rel=\"\" > </a></div>\n<div ><a rel=\"\" > </a></div>\n<div ><a rel=\"\" >[Zone_22]</a></div>\n<div ><a rel=\"\" > </a></div>\n<div ><a rel=\"\" >No=25</a></div>\n<div ><a rel=\"\" > </a></div>\n<div ><a rel=\"\" >Remote=FALSE</a></div>\n<div ><a rel=\"\" > </a></div>\n<div ><a rel=\"\" > </a></div>\n<div ><a rel=\"\" > </a></div>\n<div ><a rel=\"\" >[Zone_23]</a></div>\n<div ><a rel=\"\" > </a></div>\n<div ><a rel=\"\" >No=29</a></div>\n<div ><a rel=\"\" > </a></div>\n<div ><a rel=\"\" >Remote=FALSE</a></div>\n<div ><a rel=\"\" > </a></div>\n<div ><a rel=\"\" > </a></div>\n<div ><a rel=\"\" > </a></div>\n<div ><a rel=\"\" >[Zone_24]</a></div>\n<div ><a rel=\"\" > </a></div>\n<div ><a rel=\"\" >No=30</a></div>\n<div ><a rel=\"\" > </a></div>\n<div ><a rel=\"\" >Remote=FALSE</a></div>\n<div ><a rel=\"\" > </a></div>\n<div ><a rel=\"\" > </a></div>\n<div ><a rel=\"\" > </a></div>\n<div ><a rel=\"\" >[Zone_25]</a></div>\n<div ><a rel=\"\" > </a></div>\n<div ><a rel=\"\" >No=31</a></div>\n<div ><a rel=\"\" > </a></div>\n<div ><a rel=\"\" >Remote=FALSE</a></div>\n<div ><a rel=\"\" > </a></div>\n<div ><a rel=\"\" > </a></div>\n<div ><a rel=\"\" > </a></div>\n<div ><a rel=\"\" >[Zone_26]</a></div>\n<div ><a rel=\"\" > </a></div>\n<div ><a rel=\"\" >No=24</a></div>\n<div ><a rel=\"\" > </a></div>\n<div ><a rel=\"\" >Remote=FALSE</a></div>\n<div ><a rel=\"\" > </a></div>\n<div ><a rel=\"\" > </a></div>\n<div ><a rel=\"\" > </a></div>\n<div ><a rel=\"\" >[Zone_27]</a></div>\n<div ><a rel=\"\" > </a></div>\n<div ><a rel=\"\" >No=32</a></div>\n<div ><a rel=\"\" > </a></div>\n<div ><a rel=\"\" >Remote=FALSE</a></div>\n<div ><a rel=\"\" > </a></div>\n<div ><a rel=\"\" > </a></div>\n<div ><a rel=\"\" > </a></div>\n<div ><a rel=\"\" >[Zone_28]</a></div>\n<div ><a rel=\"\" > </a></div>\n<div ><a rel=\"\" >No=33</a></div>\n<div ><a rel=\"\" > </a></div>\n<div ><a rel=\"\" >Remote=FALSE</a></div>\n<div ><a rel=\"\" > </a></div>\n<div ><a rel=\"\" > </a></div>\n<div ><a rel=\"\" > </a></div>\n<div ><a rel=\"\" >[Zone_29]</a></div>\n<div ><a rel=\"\" > </a></div>\n<div ><a rel=\"\" >No=34</a></div>\n<div ><a rel=\"\" > </a></div>\n<div ><a rel=\"\" >Remote=FALSE</a></div>\n<div ><a rel=\"\" > </a></div>\n<div ><a rel=\"\" > </a></div>\n<div ><a rel=\"\" > </a></div>\n<div ><a rel=\"\" >[Zone_30]</a></div>\n<div ><a rel=\"\" > </a></div>\n<div ><a rel=\"\" >No=35</a></div>\n<div ><a rel=\"\" > </a></div>\n<div ><a rel=\"\" >Remote=FALSE</a></div>\n<div ><a rel=\"\" > </a></div>\n<div ><a rel=\"\" > </a></div>\n<div ><a rel=\"\" > </a></div>\n<div ><a rel=\"\" >[Zone_31]</a></div>\n<div ><a rel=\"\" > </a></div>\n<div ><a rel=\"\" >No=36</a></div>\n<div ><a rel=\"\" > </a></div>\n<div ><a rel=\"\" >Remote=FALSE</a></div>\n<div ><a rel=\"\" > </a></div>\n<div ><a rel=\"\" > </a></div>\n<div ><a rel=\"\" > </a></div>\n<div ><a rel=\"\" >[Zone_32]</a></div>\n<div ><a rel=\"\" > </a></div>\n<div ><a rel=\"\" >No=37</a></div>\n<div ><a rel=\"\" > </a></div>\n<div ><a rel=\"\" >Remote=FALSE</a></div>\n<div ><a rel=\"\" > </a></div>\n<div ><a rel=\"\" > </a></div>\n<div ><a rel=\"\" > </a></div>\n<div ><a rel=\"\" >[Zone_33]</a></div>\n<div ><a rel=\"\" > </a></div>\n<div ><a rel=\"\" >No=38</a></div>\n<div ><a rel=\"\" > </a></div>\n<div ><a rel=\"\" >Remote=FALSE</a></div>\n<div ><a rel=\"\" > </a></div>\n<div ><a rel=\"\" > </a></div>\n<div ><a rel=\"\" > </a></div>\n<div ><a rel=\"\" >[Zone_34]</a></div>\n<div ><a rel=\"\" > </a></div>\n<div ><a rel=\"\" >No=39</a></div>\n<div ><a rel=\"\" > </a></div>\n<div ><a rel=\"\" >Remote=FALSE</a></div>\n<div ><a rel=\"\" > </a></div>\n<div ><a rel=\"\" > </a></div>\n<div ><a rel=\"\" > </a></div>\n<div ><a rel=\"\" >[Zone_35]</a></div>\n<div ><a rel=\"\" > </a></div>\n<div ><a rel=\"\" >No=40</a></div>\n<div ><a rel=\"\" > </a></div>\n<div ><a rel=\"\" >Remote=FALSE</a></div>\n<div ><a rel=\"\" > </a></div>\n<div ><a rel=\"\" > </a></div>\n<div ><a rel=\"\" >[Zone_36]</a></div>\n<div ><a rel=\"\" > </a></div>\n<div ><a rel=\"\" >No=26</a></div>\n<div ><a rel=\"\" > </a></div>\n<div ><a rel=\"\" >Remote=FALSE</a></div>\n<div ><a rel=\"\" > </a></div>\n<div ><a rel=\"\" > </a></div>\n<div ><a rel=\"\" >[Zone_37]</a></div>\n<div ><a rel=\"\" > </a></div>\n<div ><a rel=\"\" >No=27</a></div>\n<div ><a rel=\"\" > </a></div>\n<div ><a rel=\"\" >Remote=FALSE</a></div>\n<div ><a rel=\"\" > </a></div>\n<div ><a rel=\"\" > </a></div>\n<div ><a rel=\"\" >[Zone_38]</a></div>\n<div ><a rel=\"\" > </a></div>\n<div ><a rel=\"\" >No=28</a></div>\n<div ><a rel=\"\" > </a></div>\n<div ><a rel=\"\" >Remote=FALSE</a></div>\n<div ><a rel=\"\" > </a></div>\n<div ><a rel=\"\" > </a></div>\n<div ><a rel=\"\" >[Zone_39]</a></div>\n<div ><a rel=\"\" > </a></div>\n<div ><a rel=\"\" >No=16</a></div>\n<div ><a rel=\"\" > </a></div>\n<div ><a rel=\"\" >Remote=FALSE</a></div>\n<div ><a rel=\"\" > </a></div>\n</div>\n<p ><a rel=\"\" > </a></p>\n<p ><a rel=\"\" >LoginServer:</a></p>\n<p ><a rel=\"\" > </a></p>\n<div ><a rel=\"\" >[server]</a></div>\n<div ><a rel=\"\" >No=2</a></div>\n<div ><a rel=\"\" >IP=myip</a></div>\n<div ><a rel=\"\" >Port=4001</a></div>\n<div ><a rel=\"\" >AllowExternalIP=TRUE</a></div>\n<div ><a rel=\"\" > </a></div>\n<div ><a rel=\"\" >[user DB]</a></div>\n<div ><a rel=\"\" >IP=127.0.0.1</a></div>\n<div ><a rel=\"\" >DBName=newproject_db_auth</a></div>\n<div ><a rel=\"\" >User=root</a></div>\n<div ><a rel=\"\" >Password=</a></div>\n<div ><a rel=\"\" > </a></div>\n<div ><a rel=\"\" >[Data DB]</a></div>\n<div ><a rel=\"\" >IP=127.0.0.1</a></div>\n<div ><a rel=\"\" >DBName=newproject_data</a></div>\n<div ><a rel=\"\" >User=root</a></div>\n<div ><a rel=\"\" >Password=</a></div>\n<div ><a rel=\"\" > </a></div>\n<div ><a rel=\"\" >[Auth DB]</a></div>\n<div ><a rel=\"\" >IP=127.0.0.1</a></div>\n<div ><a rel=\"\" >DBName=newproject_db_auth</a></div>\n<div ><a rel=\"\" >User=root</a></div>\n<div ><a rel=\"\" >Password=</a></div>\n<div ><a rel=\"\" > </a></div>\n<div ><a rel=\"\" >[Messenger Server]</a></div>\n<div ><a rel=\"\" >IP=myip</a></div>\n<div ><a rel=\"\" >Port=50500</a></div>\n<div ><a rel=\"\" > </a></div>\n<div ><a rel=\"\" >[Connector Server]</a></div>\n<div ><a rel=\"\" >Count=1</a></div>\n<div ><a rel=\"\" > </a></div>\n<div ><a rel=\"\" >[Connector_0]</a></div>\n<div ><a rel=\"\" >Number=2</a></div>\n<div ><a rel=\"\" >MaxSubNumber=5</a></div>\n<div ><a rel=\"\" >IP=myip</a></div>\n<div ><a rel=\"\" >Port=50200</a></div>\n<div ><a rel=\"\" > </a></div>\n<div ><a rel=\"\" >[Auto Block]</a></div>\n<div ><a rel=\"\" >Refresh=2</a></div>\n<div ><a rel=\"\" >MaxTry=7</a></div>\n<div ><a rel=\"\" > </a></div>\n<div ><a rel=\"\" >[sHA256]</a></div>\n<div ><a rel=\"\" >Salt=phoohie1yaihooyaequae7PuiWoeNgahjieth3ru3yeeghaepahb7aeYaipe2we6zii6mai6uweig8siasheinoungeoyeiLohShi2xoh2xi8ooxee9ahpiehahc9Phe</a></div>\n"
        },
        {
            "id": 82788,
            "timestamp": 1374818855,
            "author": {
                "id": 17582,
                "name": "CDWriter",
                "image": null
            },
            "comment": "\n<p >Wow ...told you before what was wrong ....</p>\n<p > </p>\n<p ><a href=\"http://toxic-l33t.ddns.net/forum/index.php?/topic/10759-complete-database-v7-by-cdwriter/page-2&do=findComment&comment=82726\" rel=\"external nofollow\" >http://toxic-l33t.ddns.net/forum/index.php?/topic/10759-complete-database-v7-by-cdwriter/page-2&do=findComment&comment=82726</a></p>\n<p > </p>\n<p >if you cant get it then start again download the server from my V7 all you need to do is change IPS all should connect....</p>\n"
        },
        {
            "id": 82797,
            "timestamp": 1374827700,
            "author": {
                "id": 7263,
                "name": "SibaN",
                "image": null
            },
            "comment": "\n<p >why you change 1 to 2  in youre server </p>\n<p > </p>\n<p style=\"color:rgb(40,40,40);font-family:arial, helvetica, clean, sans-serif;\" ><span style=\"color:#008000;\" >Connector:</span></p>\n<p style=\"color:rgb(40,40,40);font-family:arial, helvetica, clean, sans-serif;\" > </p>\n<div style=\"margin:0px;color:rgb(40,40,40);font-family:arial, helvetica, clean, sans-serif;\" >[server]</div>\n<div style=\"margin:0px;color:rgb(40,40,40);font-family:arial, helvetica, clean, sans-serif;\" >Number=<span style=\"color:#ff0000;\" >2 </span><span style=\"color:rgb(255,0,0);\" ><-------- </span><span style=\"color:#008000;\" >1                  change 2 to 1</span>\n</div>\n<div style=\"margin:0px;color:rgb(40,40,40);font-family:arial, helvetica, clean, sans-serif;\" > </div>\n<div style=\"margin:0px;color:rgb(40,40,40);font-family:arial, helvetica, clean, sans-serif;\" ><span style=\"color:#008000;\" >GameServer:</span></div>\n<div style=\"margin:0px;color:rgb(40,40,40);font-family:arial, helvetica, clean, sans-serif;\" > </div>\n<div style=\"margin:0px;font-family:arial, helvetica, clean, sans-serif;\" >\n<div style=\"color:rgb(40,40,40);margin:0px;\" >[server]</div>\n<div style=\"color:rgb(40,40,40);margin:0px;\" >Number=<span style=\"color:#ff0000;\" >2 </span><span style=\"color:rgb(255,0,0);\" ><--------  </span><span style=\"color:rgb(0,128,0);\" >1                  change 2 to 1</span>\n</div>\n<div style=\"color:rgb(40,40,40);margin:0px;\" >SubNumber=1</div>\n<div style=\"color:rgb(40,40,40);margin:0px;\" >IP=myip</div>\n<div style=\"color:rgb(40,40,40);margin:0px;\" >Port=4101</div>\n<div style=\"color:rgb(40,40,40);margin:0px;\" >AllowExternalIP=TRUE</div>\n<div style=\"color:rgb(40,40,40);margin:0px;\" > </div>\n<div style=\"color:rgb(40,40,40);margin:0px;\" > </div>\n<div style=\"margin:0px;\" >\n<p style=\"color:rgb(40,40,40);\" ><span style=\"color:#008000;\" >LoginServer:</span></p>\n<p style=\"color:rgb(40,40,40);\" > </p>\n<div style=\"color:rgb(40,40,40);margin:0px;\" >[server]</div>\n<div style=\"color:rgb(40,40,40);margin:0px;\" >No=<span style=\"color:#ff0000;\" >2 </span><span style=\"color:rgb(255,0,0);\" ><--------    </span><span style=\"color:rgb(0,128,0);\" >1                  change 2 to 1</span>\n</div>\n<div style=\"color:rgb(40,40,40);margin:0px;\" >IP=myip</div>\n<div style=\"color:rgb(40,40,40);margin:0px;\" >Port=4001</div>\n<div style=\"color:rgb(40,40,40);margin:0px;\" >AllowExternalIP=TRUE</div>\n<div style=\"color:rgb(40,40,40);margin:0px;\" > </div>\n<div style=\"margin:0px;\" >\n<div style=\"color:rgb(40,40,40);margin:0px;\" >[Connector Server]</div>\n<div style=\"color:rgb(40,40,40);margin:0px;\" >Count=<span style=\"color:#008000;\" >1 <-------- </span><span style=\"color:#ff0000;\" >                                                      </span>\n</div>\n<div style=\"color:rgb(40,40,40);margin:0px;\" > </div>\n<div style=\"color:rgb(40,40,40);margin:0px;\" >[Connector_0]</div>\n<div style=\"color:rgb(40,40,40);margin:0px;\" >Number=<span style=\"color:#ff0000;\" >2 </span><span style=\"color:rgb(255,0,0);\" ><--------  </span><span style=\"color:rgb(0,128,0);\" >1                  change 2 to 1</span><span style=\"color:rgb(255,0,0);\" >                                                  </span><span style=\"font-size:18px;\" ><span style=\"color:#ff0000;\" > here is error             </span></span>\n</div>\n<div style=\"color:rgb(40,40,40);margin:0px;\" >MaxSubNumber=5</div>\n<div style=\"color:rgb(40,40,40);margin:0px;\" >IP=myip</div>\n<div style=\"color:rgb(40,40,40);margin:0px;\" >Port=50200</div>\n<div style=\"color:rgb(40,40,40);margin:0px;\" > </div>\n<div style=\"color:rgb(40,40,40);margin:0px;\" >and you dont get any probleme any mor</div>\n<div style=\"color:rgb(40,40,40);margin:0px;\" > </div>\n<div style=\"color:rgb(40,40,40);margin:0px;\" > </div>\n<div style=\"margin:0px;\" > </div>\n</div>\n<div style=\"color:rgb(40,40,40);margin:0px;\" > </div>\n</div>\n</div>\n\n\n\t\t\t\n\t\t\t\t\n\n<span class=\"ipsType_reset ipsType_medium ipsType_light\" data-excludequote=\"None\" >\n\t<strong >Edited <time datetime=\"2013-07-26T09:17:43Z\" title=\"07/26/2013 09:17  AM\" data-short=\"7 yr\" >July 26, 2013</time> by sibastient</strong>\n\t\n\t\n</span>\n\t\t\t\n\t\t</div>"
        },
        {
            "id": 82950,
            "timestamp": 1374885866,
            "author": {
                "id": 9121,
                "name": "03101997",
                "image": null
            },
            "comment": "<p >@<a contenteditable=\"false\" rel=\"\" ></a> im testing...</p>"
        },
        {
            "id": 82952,
            "timestamp": 1374886531,
            "author": {
                "id": 9121,
                "name": "03101997",
                "image": null
            },
            "comment": "<p >@<a contenteditable=\"false\" rel=\"\" ></a> i get timed out error :(</p>"
        },
        {
            "id": 82954,
            "timestamp": 1374886634,
            "author": {
                "id": 9121,
                "name": "03101997",
                "image": null
            },
            "comment": "<p >Im use hamachi , What will be the problem and hamachi?</p>"
        },
        {
            "id": 82955,
            "timestamp": 1374886829,
            "author": {
                "id": 17148,
                "name": "WorldOfWars",
                "image": null
            },
            "comment": "<p >upgrade hamachi to priority connection or remove fire wall</p>"
        },
        {
            "id": 82956,
            "timestamp": 1374886892,
            "author": {
                "id": 6038,
                "name": "RomainLastChaos",
                "image": null
            },
            "comment": "\n<p >are you sure the config of hamachi are good</p>\n<p > </p>\n<p >are you sure you are login in on hamachi into the virtual machine and your compunter</p>\n<p > </p>\n<p >also are you sure firewall are disable</p>\n<p > </p>\n<p >you need look everything about the connection setting and also are you sure your connection from your compunter is allowed to connect to the vmware ?</p>\n"
        },
        {
            "id": 82968,
            "timestamp": 1374895269,
            "author": {
                "id": 9121,
                "name": "03101997",
                "image": null
            },
            "comment": "<p >@<a contenteditable=\"false\" rel=\"\" ></a> Yesterday I was playing normally, today began to appear such problems</p>"
        },
        {
            "id": 82971,
            "timestamp": 1374899230,
            "author": {
                "id": 6038,
                "name": "RomainLastChaos",
                "image": null
            },
            "comment": "<p >maybe because your vmware ip have changed connection or hamachi ip have changed ip ?</p>"
        },
        {
            "id": 82973,
            "timestamp": 1374902120,
            "author": {
                "id": 9121,
                "name": "03101997",
                "image": null
            },
            "comment": "<p >   @<a contenteditable=\"false\" rel=\"\" ></a> Here in my house, I changed the hamachi, not over it in vm</p>"
        },
        {
            "id": 82974,
            "timestamp": 1374903249,
            "author": {
                "id": 9121,
                "name": "03101997",
                "image": null
            },
            "comment": "\n<p >@<a contenteditable=\"false\" rel=\"\" ></a> look for new error.</p>\n<p > </p>\n<p > </p>\n<p ><img alt=\"ywr7.jpg\" src=\"https://img266.imageshack.us/img266/931/ywr7.jpg\" /></p>\n"
        },
        {
            "id": 82976,
            "timestamp": 1374904840,
            "author": {
                "id": 6038,
                "name": "RomainLastChaos",
                "image": null
            },
            "comment": "<p >that is the problem of t_character use other t_character not empty and u will see it will working or maybe because some missing colum i cant give you the right t_characters atm im not in my pc</p>"
        },
        {
            "id": 82982,
            "timestamp": 1374905839,
            "author": {
                "id": 17582,
                "name": "CDWriter",
                "image": null
            },
            "comment": "<p >@<a contenteditable=\"false\" data-ipshover=\"\" href=\"https://lckb.dev/forum/index.php?/profile/9121-03101997/\" data-ipshover-target=\"https://lckb.dev/forum/index.php?/profile/9121-03101997/&do=hovercard\" data-mentionid=\"9121\" rel=\"\" >@03101997</a> keep to this topic please do not post in release topic on this same thing over and over again ... If you cant understand how to connect this server your self then ..you dont have the Skill too run one ...Give you and stop posting ..... I figured your going to be rude and start this topic in 5 different other topics ill come here and tell you the Truth ...Your not Able to run a server .....end of story...</p>\n\n\t\t\t\n\t\t\t\t\n\n<span class=\"ipsType_reset ipsType_medium ipsType_light\" data-excludequote=\"None\" >\n\t<strong >Edited <time datetime=\"2013-07-27T06:19:22Z\" title=\"07/27/2013 06:19  AM\" data-short=\"7 yr\" >July 27, 2013</time> by CDWriter</strong>\n\t\n\t\n</span>\n\t\t\t\n\t\t</div>"
        },
        {
            "id": 82986,
            "timestamp": 1374906692,
            "author": {
                "id": 6038,
                "name": "RomainLastChaos",
                "image": null
            },
            "comment": "<p >you are right CDWriter that question about this problem has been already asked</p>"
        },
        {
            "id": 83000,
            "timestamp": 1374959253,
            "author": {
                "id": 9121,
                "name": "03101997",
                "image": null
            },
            "comment": "<p >Ok SOLVED</p>"
        },
        {
            "id": 82737,
            "timestamp": 1374788653,
            "author": {
                "id": 9121,
                "name": "03101997",
                "image": null
            },
            "comment": "\n<p ><img alt=\"deuf.png\" src=\"https://img24.imageshack.us/img24/7500/deuf.png\" /></p>\n<p > </p>\n<p > </p>\n<p ><img alt=\"fjjt.jpg\" src=\"https://imageshack.us/a/img837/1300/fjjt.jpg\" /></p>\n<p > </p>\n<p > </p>\n<p > </p>\n<p >Please guys , help me :(</p>\n"
        },
        {
            "id": 83002,
            "timestamp": 1374959885,
            "author": {
                "id": 17432,
                "name": "Nymphetamine",
                "image": null
            },
            "comment": "<p >Mark the topic as solved so a mod can move it into Solved section</p>"
        },
        {
            "id": 86074,
            "timestamp": 1378029074,
            "author": {
                "id": null,
                "name": "Guest Johnny5",
                "image": null
            },
            "comment": "<p >Topic Closed by a moderator. The reason why: Question/Problem Solved</p>"
        }
    ]
}