{
    "meta": {
        "threadId": 10779,
        "threadName": "User Editor",
        "dateCreated": "2013-07-26T04:59:32+0000",
        "datePublished": "2013-07-26T04:59:32+0000",
        "pageCount": 1,
        "originalUrl": "https://lckb.dev/forum/index.php?/topic/10779-user-editor/",
        "authorId": 625,
        "position": [
            {
                "@type": "ListItem",
                "position": 1,
                "item": {
                    "@id": "https://lckb.dev/forum/index.php?/forum/258-release-zone/",
                    "name": "Release Zone"
                }
            },
            {
                "@type": "ListItem",
                "position": 2,
                "item": {
                    "@id": "https://lckb.dev/forum/index.php?/forum/336-general-releases/",
                    "name": "General Releases"
                }
            },
            {
                "@type": "ListItem",
                "position": 3,
                "item": {
                    "@id": "https://lckb.dev/forum/index.php?/forum/282-general-tools-releases/",
                    "name": "General Tools Releases"
                }
            }
        ]
    },
    "commentData": [
        {
            "id": 82784,
            "timestamp": 1374814772,
            "author": {
                "id": 625,
                "name": "Evanpp7",
                "image": null
            },
            "comment": "\n<p ><strong >Function: </strong>Add, edit accounts from database</p>\n<p > </p>\n<p ><strong >Features:</strong></p>\n<p >- Loads all accounts</p>\n<p >- Loads all chatacters on account</p>\n<p >- Allows enable and disable of account and chararcter</p>\n<p >- Can add, delete, and update account</p>\n<p >- Can delete character and update</p>\n<p > </p>\n<p >- Passwords are hashed</p>\n<p > </p>\n<p ><strong >Works on: </strong>Any version</p>\n<p > </p>\n<p ><strong >Author: </strong>Evanpp7</p>\n<p > </p>\n<p ><strong >Download: </strong><a href=\"http://lckb.downloadsbgg.com/tools/multi/User%20Editor.zip\" rel=\"external nofollow\" >Download</a></p>\n<p style=\"text-align:center;\" > </p>\n<p ><strong >Images:</strong></p>\n<p > </p>\n<p style=\"text-align:center;\" ><img alt=\"Capture-4.png\" src=\"https://i305.photobucket.com/albums/nn224/chrispp7/Capture-4.png\" /></p>\n"
        },
        {
            "id": 82792,
            "timestamp": 1374822501,
            "author": {
                "id": 588,
                "name": "Natzn",
                "image": null
            },
            "comment": "<p >Looks great :)</p>"
        },
        {
            "id": 82817,
            "timestamp": 1374840502,
            "author": {
                "id": 7695,
                "name": "CyberClaus",
                "image": null
            },
            "comment": "\n<blockquote data-ipsquote=\"\" class=\"ipsQuote\" data-ipsquote-contentcommentid=\"82784\" data-ipsquote-contentapp=\"forums\" data-ipsquote-contenttype=\"forums\" data-ipsquote-contentclass=\"forums_Topic\" data-ipsquote-contentid=\"10779\" data-ipsquote-username=\"Evanpp7\" data-cite=\"Evanpp7\" data-ipsquote-timestamp=\"1374814772\" ><div ><div >\n<p ><img alt=\"Capture-4.png\" src=\"https://i305.photobucket.com/albums/nn224/chrispp7/Capture-4.png\" /></p>\n<p >Features:</p>\n<p >Loads all accounts</p>\n<p >loads all chatacters on account</p>\n<p >allows enable and disable of account and chararcter</p>\n<p >can add, delete, and update account</p>\n<p >can delete character and update</p>\n<p >passwords are hashed</p>\n<p > </p>\n<p >---><a href=\"https://www.mediafire.com/?6cj3tcajzq48e8s\" rel=\"external nofollow\" >Download</a><---</p>\n<p > </p>\n<p >will be adding more. Have any ideas let me know ill try to add them.</p>\n</div></div></blockquote>\n<p > </p>\n<p >Looks nice, clean and professional. Gratz for it! Now its the worse part, to listen to the testers XD</p>\n"
        },
        {
            "id": 82849,
            "timestamp": 1374855048,
            "author": {
                "id": 1503,
                "name": "Paramount",
                "image": null
            },
            "comment": "<p >No idea why it doesnt show me the info of the user.</p>"
        },
        {
            "id": 82966,
            "timestamp": 1374893497,
            "author": {
                "id": 17582,
                "name": "CDWriter",
                "image": null
            },
            "comment": "<p >TY</p>"
        },
        {
            "id": 84193,
            "timestamp": 1375860396,
            "author": {
                "id": 16692,
                "name": "maks242",
                "image": null
            },
            "comment": "<p >Nice!</p>"
        },
        {
            "id": 84195,
            "timestamp": 1375862972,
            "author": {
                "id": 16931,
                "name": "Walletman987",
                "image": null
            },
            "comment": "<p >Thanks frend</p>"
        },
        {
            "id": 84199,
            "timestamp": 1375867802,
            "author": {
                "id": 17577,
                "name": "misternonut",
                "image": null
            },
            "comment": "<p >i would say add a ban button and reason why 4 the ban</p>"
        },
        {
            "id": 84269,
            "timestamp": 1375946705,
            "author": {
                "id": 18312,
                "name": "Assasin",
                "image": null
            },
            "comment": "<p >Not open in XP</p>"
        },
        {
            "id": 84540,
            "timestamp": 1376624382,
            "author": {
                "id": 625,
                "name": "Evanpp7",
                "image": null
            },
            "comment": "\n<p >@Assasin</p>\n<p >I made one the runs in java you can try.</p>\n<p > </p>\n<p >Java UserEditor</p>\n<p ><a href=\"https://www.mediafire.com/download/ltnol3970p68ty5/UserEditor.zip\" rel=\"external nofollow\" >----->Download<-----</a></p>\n"
        }
    ]
}