{
    "meta": {
        "threadId": 10786,
        "threadName": "PonyChaos Hassle-free Starter Pack (CentOS 64bit) | 1-Click-Install",
        "dateCreated": "2013-07-26T12:31:38+0000",
        "datePublished": "2013-07-26T12:31:38+0000",
        "pageCount": 4,
        "originalUrl": "https://lckb.dev/forum/index.php?/topic/10786-ponychaos-hassle-free-starter-pack-centos-64bit-1-click-install/",
        "authorId": 18563,
        "position": [
            {
                "@type": "ListItem",
                "position": 1,
                "item": {
                    "@id": "https://lckb.dev/forum/index.php?/forum/258-release-zone/",
                    "name": "Release Zone"
                }
            },
            {
                "@type": "ListItem",
                "position": 2,
                "item": {
                    "@id": "https://lckb.dev/forum/index.php?/forum/325-episode-2-releases/",
                    "name": "Episode 2 Releases"
                }
            },
            {
                "@type": "ListItem",
                "position": 3,
                "item": {
                    "@id": "https://lckb.dev/forum/index.php?/forum/125-server-side/",
                    "name": "Server Side"
                }
            }
        ]
    },
    "commentData": [
        {
            "id": 82819,
            "timestamp": 1374841898,
            "author": {
                "id": 18563,
                "name": "ChaosPony",
                "image": null
            },
            "comment": "\n<p >Hello all,</p>\n<p > </p>\n<p >Ive been browsing this forum (also with another account) quite a lot and there always seem to be people who struggle with setting up the actual server and client, often because they dont know how to properly use linux.</p>\n<p > </p>\n<p >Thats why I created this <em >starterpack</em>.</p>\n<p > </p>\n<p > </p>\n<p ><strong >It features:</strong></p>\n<ul ><li >\n<span style=\"color:#ff0000;\" ><strong >Hassle-free installation</strong></span>: Only import VM into VirtualBox, and press START, no need to mess around with Apache, MySQL, config files, terminal or gameserver, cashserver, mono etc. Everything setup, you only need to click one button to start or one button to stop</li>\n<li >\n<strong ><span style=\"color:#ff0000;\" >IP TOOL</span></strong>: automatically get your local IP from the server. No need to run ifconfig. Automatically puts your IP into ALL! config files. No need to mess around with newStobm.bin or cashserver.ini</li>\n<li >\n<span style=\"color:#ff0000;\" ><strong >Hamachi </strong></span>already built in, no need to set up manually (also with GUI to easily connect to a network) --> no need for Linux-terminal</li>\n<li >Featuring <span style=\"color:#ff0000;\" ><strong >latest </strong></span>GameServer, Database and Fixes (<strong ><span style=\"color:#ff0000;\" >V6 by CDWriter</span></strong> + Zone 12 fix) and other (LoginServer, Helper etc.)</li>\n<li >Featuring <strong ><span style=\"color:#ff0000;\" >latest CentOS 6.4</span></strong> (64bit version, so you can use more than 4GB RAM), with all yum updates and security updates</li>\n<li >Featuring included <span style=\"color:#ff0000;\" ><strong >phpmyadmin </strong></span>and <strong ><span style=\"color:#ff0000;\" >registration page</span></strong>\n</li>\n<li >\n<span style=\"color:#ff0000;\" ><strong >CashServer </strong></span>already set up and running (including mono)</li>\n<li >USA <span style=\"color:#ff0000;\" ><strong >Client </strong></span>which is <span style=\"color:#ff0000;\" ><strong >updated </strong></span>to the latest version and then <strong ><span style=\"color:#ff0000;\" >patched</span></strong>. Also includes Nksp-Start-Script. You dont need to patch anything! (Unless you want custom stuff of course) The only thing you need to do is change the IP from sl.dta. Editor for that included as well of course</li>\n<li >Virtualbox file is <span style=\"color:#ff0000;\" ><strong >only 1.8GB</strong></span> (regular CentOS is more than 3.4GB), because I removed all useless ***** from CentOS. Now there are only the things necessary for running the server!</li>\n</ul>Completely <em >NOOB-READY</em>. No linux knowledge required!<p > </p>\n<p >If you still seem to have problems, here is a quick set-up-guide:</p>\n<p > </p>\n<p > </p>\n<div class=\"ipsSpoiler\" data-ipsspoiler=\"\" >\n<div class=\"ipsSpoiler_header\" ><span ></span></div>\n<div class=\"ipsSpoiler_contents\" >\n<p > </p>\n<p >1. Download VirtualBox latest version (should work on older versions, too though Im not entirely sure)</p>\n<p >2. Download the Server Files, unpack them</p>\n<p >3. Import the VM appliance:</p>\n<div class=\"ipsSpoiler\" data-ipsspoiler=\"\" >\n<div class=\"ipsSpoiler_header\" ><span ></span></div>\n<div class=\"ipsSpoiler_contents\" >\n<p > </p>\n<p ><img alt=\"efSqdR8.png\" src=\"https://i.imgur.com/efSqdR8.png\" /><img alt=\"Y5FoaLc.png\" src=\"https://i.imgur.com/Y5FoaLc.png\" /></p>\n</div>\n</div>\n<p > </p>\n<p >4. You should be able to keep all the settings and dont need to change anything. You can change the path of the file to another folder/harddrive/etc. if you want. </p>\n<div class=\"ipsSpoiler\" data-ipsspoiler=\"\" >\n<div class=\"ipsSpoiler_header\" ><span ></span></div>\n<div class=\"ipsSpoiler_contents\" ><p ><img alt=\"sgJI9g2.png\" src=\"https://i.imgur.com/sgJI9g2.png\" /></p></div>\n</div>\n<p > </p>\n<p >If you get an error like this, dont worry. Just download the VirtualBox extension package. See downloads section at the end of this thread. </p>\n<div class=\"ipsSpoiler\" data-ipsspoiler=\"\" >\n<div class=\"ipsSpoiler_header\" ><span ></span></div>\n<div class=\"ipsSpoiler_contents\" ><p ><img alt=\"Rjb0iXi.png\" src=\"https://i.imgur.com/Rjb0iXi.png\" /></p></div>\n</div>\n<p > </p>\n<p >5. Start the virtual machine. Log in to \"lastchaos\" with the credentials provided at the end of this thread.</p>\n<p >6. For the initial setup, run the \"LastChaos IP + Config tool\". It should automatically detect your internal IP. (In our case 192.168.2.113).</p>\n<p > </p>\n<div class=\"ipsSpoiler\" data-ipsspoiler=\"\" >\n<div class=\"ipsSpoiler_header\" ><span ></span></div>\n<div class=\"ipsSpoiler_contents\" ><p ><img alt=\"08zz3kk.png\" src=\"https://i.imgur.com/08zz3kk.png\" /></p></div>\n</div>\n<p > </p>\n<p >7. Click \"Apply this ip to LC server configuration\". This will change all the config files accordingly to your IP. If you want to use Hamachi, read the Hamachi Setup-Guide.</p>\n<p >8. Unpack the Client. Open the client folder and open the \"PonyChaos Editor\":</p>\n<p > </p>\n<div class=\"ipsSpoiler\" data-ipsspoiler=\"\" >\n<div class=\"ipsSpoiler_header\" ><span ></span></div>\n<div class=\"ipsSpoiler_contents\" ><p ><img alt=\"lpdXu8F.png\" src=\"https://i.imgur.com/lpdXu8F.png\" /></p></div>\n</div>\n<p > </p>\n<p >9. Click \"Current directory\". For Login-Server you enter the IP we just saw from the IP-tool (192.168.2.113). No need to change anything else. Click \"SAVE\".</p>\n<p >10. Now youre ready to start your servers! Go to your VM and open the \"LastChaos server start\" program. Enter your root password and go!</p>\n<p > </p>\n<div class=\"ipsSpoiler\" data-ipsspoiler=\"\" >\n<div class=\"ipsSpoiler_header\" ><span ></span></div>\n<div class=\"ipsSpoiler_contents\" ><p ><img alt=\"mNTvSyAh.png\" src=\"https://i.imgur.com/mNTvSyAh.png\" /></p></div>\n</div>\n<p > </p>\n<p >10. Now start your client using \"START LAST CHAOS.bat\".</p>\n<p >11. Create a new account using the registration page or use the default account.</p>\n<p >12. To stop the server, first properly shutdown the Gameserver (Login as a GM/Admin, enter <em >/shutdown [time in sec.] [reason]</em>. For example <em >/shutdown 10 Server Maintainance</em>). This will help prevent any data loss etc. THEN use the \"LastChaos Server Stop\" tool.</p>\n<p >13. Youre ready to use your server and do whatever you like. See below for a quick hamachi tutorial if you want to play with your friends, but dont know any port forwarding.</p>\n<p > </p>\n</div>\n</div>\n<p > </p>\n<p > </p>\n<p >Hamachi Setup-Guide</p>\n<p > </p>\n<div class=\"ipsSpoiler\" data-ipsspoiler=\"\" >\n<div class=\"ipsSpoiler_header\" ><span ></span></div>\n<div class=\"ipsSpoiler_contents\" >\n<p > </p>\n<p >1. Open the \"Hamachi\" tool in your VM.</p>\n<p > </p>\n<div class=\"ipsSpoiler\" data-ipsspoiler=\"\" >\n<div class=\"ipsSpoiler_header\" ><span ></span></div>\n<div class=\"ipsSpoiler_contents\" ><p ><img alt=\"6uee3kc.png\" src=\"https://i.imgur.com/6uee3kc.png\" /></p></div>\n</div>\n<p > </p>\n<p >2. First you need to use \"Hamachi Login\". If you dont need hamachi anymore, use \"Hamachi Logout\" (obviously)</p>\n<p >3. Press \"Hamachi Information\" to get your Hamachi IP. Important! Write it down!</p>\n<p >4. Open the \"LastChaos IP + config tool\" and enter the IP to \"OTHER IP HERE\", then press \"Apply different IP\"</p>\n<p >5. Open your LC Client folder and use the PonyChaos Editor (or any other sl.dta editor you like) and apply the same IP there!</p>\n<p >6. Unfortunately you cant CREATE Hamachi networks with this tool (yet). So just create a network on any Windows computer, and join the network by entering the name and password and click \"Join Network\" (pretty self explanatory). To leave a network, just enter name and password again and press \"Leave Network\".</p>\n<p >7. Any of your friends using hamachi must be connected to the same Hamachi network (obviously) and also do step 5.</p>\n<p >8. Have fun playing together.</p>\n<p > </p>\n</div>\n</div>\n<p > </p>\n<p > </p>\n<p >Downloads:</p>\n<p > </p>\n<p ><strong ><span style=\"color:#ff0000;\" >VirtualBox extensions:</span></strong></p>\n<p > </p>\n<div class=\"ipsSpoiler\" data-ipsspoiler=\"\" >\n<div class=\"ipsSpoiler_header\" ><span ></span></div>\n<div class=\"ipsSpoiler_contents\" >\n<p > </p>\n<p >All downloads can be found here: <a href=\"https://www.virtualbox.org/wiki/Downloads\" rel=\"external nofollow\" >https://www.virtualbox.org/wiki/Downloads</a></p>\n<p > </p>\n<p >Extensions for Version 4.2.16 (latest): <a href=\"https://download.virtualbox.org/virtualbox/4.2.16/Oracle_VM_VirtualBox_Extension_Pack-4.2.16-86992.vbox-extpack\" rel=\"external nofollow\" >http://download.virtualbox.org/virtualbox/4.2.16/Oracle_VM_VirtualBox_Extension_Pack-4.2.16-86992.vbox-extpack</a></p>\n<p >Extensions for Version 4.1.26: <a href=\"https://download.virtualbox.org/virtualbox/4.1.26/Oracle_VM_VirtualBox_Extension_Pack-4.1.26-84997.vbox-extpack\" rel=\"external nofollow\" >http://download.virtualbox.org/virtualbox/4.1.26/Oracle_VM_VirtualBox_Extension_Pack-4.1.26-84997.vbox-extpack</a></p>\n<p >Extensions for Version 4.0.18: <a href=\"https://download.virtualbox.org/virtualbox/4.0.18/Oracle_VM_VirtualBox_Extension_Pack-4.0.18-82821.vbox-extpack\" rel=\"external nofollow\" >http://download.virtualbox.org/virtualbox/4.0.18/Oracle_VM_VirtualBox_Extension_Pack-4.0.18-82821.vbox-extpack</a></p>\n<p > </p>\n<p >If you have another version, search for the extension files here: <a href=\"https://www.virtualbox.org/wiki/Download_Old_Builds\" rel=\"external nofollow\" >https://www.virtualbox.org/wiki/Download_Old_Builds</a></p>\n<p > </p>\n</div>\n</div>\n<p > </p>\n<p > </p>\n<p ><strong ><span style=\"color:#ff0000;\" >Server VM:</span></strong></p>\n<p > </p>\n<div class=\"ipsSpoiler\" data-ipsspoiler=\"\" >\n<div class=\"ipsSpoiler_header\" ><span ></span></div>\n<div class=\"ipsSpoiler_contents\" >\n<p > </p>\n<p ><a href=\"https://www.mediafire.com/download/e92w751nq91wvyp/PonyChaos.7z.001\" rel=\"external nofollow\" >http://www.mediafire.com/download/e92w751nq91wvyp/PonyChaos.7z.001</a></p>\n<p ><a href=\"https://www.mediafire.com/download/td38ux6wova3qb1/PonyChaos.7z.002\" rel=\"external nofollow\" >http://www.mediafire.com/download/td38ux6wova3qb1/PonyChaos.7z.002</a></p>\n<p ><a href=\"https://www.mediafire.com/download/a7ibbdwitbg2643/PonyChaos.7z.003\" rel=\"external nofollow\" >http://www.mediafire.com/download/a7ibbdwitbg2643/PonyChaos.7z.003</a></p>\n<p ><a href=\"https://www.mediafire.com/download/73r3xqe79oqrtyv/PonyChaos.7z.004\" rel=\"external nofollow\" >http://www.mediafire.com/download/73r3xqe79oqrtyv/PonyChaos.7z.004</a></p>\n<p ><a href=\"https://www.mediafire.com/download/545l3gg73tfmluj/PonyChaos.7z.005\" rel=\"external nofollow\" >http://www.mediafire.com/download/545l3gg73tfmluj/PonyChaos.7z.005</a></p>\n<p ><a href=\"https://www.mediafire.com/download/sx81336ibsebel4/PonyChaos.7z.006\" rel=\"external nofollow\" >http://www.mediafire.com/download/sx81336ibsebel4/PonyChaos.7z.006</a></p>\n<p ><a href=\"https://www.mediafire.com/download/r848ce0yojj8qqa/PonyChaos.7z.007\" rel=\"external nofollow\" >http://www.mediafire.com/download/r848ce0yojj8qqa/PonyChaos.7z.007</a></p>\n<p ><a href=\"https://mega.co.nz/#\" rel=\"external nofollow\" >https://mega.co.nz/#</a>!c9YHxBgZ!U7KoiXS_WlQJXAPiv4FiRyN6dMtBHZqPeeqy7pqUKPE (this is part 8, mediafire wouldnt take it idk why)</p>\n<p ><a href=\"https://www.mediafire.com/download/xdwx58wkyb5gixe/PonyChaos.7z.009\" rel=\"external nofollow\" >http://www.mediafire.com/download/xdwx58wkyb5gixe/PonyChaos.7z.009</a></p>\n<p > </p>\n</div>\n</div>\n<p > </p>\n<p > </p>\n<p ><span style=\"color:#ff0000;\" ><strong >Client:</strong></span></p>\n<p > </p>\n<div class=\"ipsSpoiler\" data-ipsspoiler=\"\" >\n<div class=\"ipsSpoiler_header\" ><span ></span></div>\n<div class=\"ipsSpoiler_contents\" >\n<p > </p>\n<p >(Sorry for mixing up Mega and Mediafire, but I started with Mega but it was too slow imho)</p>\n<p > </p>\n<p >Part 1: <a href=\"https://mega.co.nz/#\" rel=\"external nofollow\" >https://mega.co.nz/#</a>!BgZhyZbQ!bKWiqjoHSvuFpZLadjOllDMZdR8n7e-t-CUtT0-R7w8</p>\n<p >Part 2: <a href=\"https://mega.co.nz/#\" rel=\"external nofollow\" >https://mega.co.nz/#</a>!0txRkaYb!fkAomy4xezDARXJzUHXrvUae-lclunNd3fvJ4DkZVVU</p>\n<p >Part 3: <a href=\"https://mega.co.nz/#\" rel=\"external nofollow\" >https://mega.co.nz/#</a>!01IRDCqB!ZqOgUhjWF1xLiJypgRT2XCJ-zWAUt2cvWiHNVdMTGEw</p>\n<p >Part 4: <a href=\"https://www.mediafire.com/download/4552f1xpidyysfx/LCClient.rar.004\" rel=\"external nofollow\" >http://www.mediafire.com/download/4552f1xpidyysfx/LCClient.rar.004</a></p>\n<p >Part 5: <a href=\"https://www.mediafire.com/download/ep7s1e8yvjamtsf/LCClient.rar.005\" rel=\"external nofollow\" >http://www.mediafire.com/download/ep7s1e8yvjamtsf/LCClient.rar.005</a></p>\n<p >Part 6: <a href=\"https://www.mediafire.com/download/gvgsx10x681bl42/LCClient.rar.006\" rel=\"external nofollow\" >http://www.mediafire.com/download/gvgsx10x681bl42/LCClient.rar.006</a></p>\n<p >Part 7: <a href=\"https://www.mediafire.com/download/3z74lwqoytnx2oo/LCClient.rar.007\" rel=\"external nofollow\" >http://www.mediafire.com/download/3z74lwqoytnx2oo/LCClient.rar.007</a></p>\n<p >Part 8: <a href=\"https://www.mediafire.com/download/c3l2ht6grgg4sk7/LCClient.rar.008\" rel=\"external nofollow\" >http://www.mediafire.com/download/c3l2ht6grgg4sk7/LCClient.rar.008</a></p>\n<p > </p>\n<p >-------</p>\n<p > </p>\n<p >If you want to update/patch the client manually, do the following:</p>\n<p > </p>\n<div class=\"ipsSpoiler\" data-ipsspoiler=\"\" >\n<div class=\"ipsSpoiler_header\" ><span ></span></div>\n<div class=\"ipsSpoiler_contents\" >\n<p >Download the original USA client:</p>\n<p ><a href=\"https://mega.co.nz/#\" rel=\"external nofollow\" >https://mega.co.nz/#</a>!TFhyEKAQ!W8fP7kVb7U_1TXQwQZlFCA5amSt2_FqxoMJFuTa6YMU</p>\n<p > </p>\n<p >Then download the Patched Files from here:</p>\n<p ><a href=\"https://www.mediafire.com/download/khhidosg9h1otl3/USA_Files.7z\" rel=\"external nofollow\" >http://www.mediafire.com/download/khhidosg9h1otl3/USA_Files.7z</a></p>\n<p >and extract them to your client folder. If asked, replace any files.</p>\n<p > </p>\n<p >PonyChaos IP Editor can be downloaded from here:</p>\n<p ><a href=\"https://www.mediafire.com/download/3a71ccjkw370flw/PonyChaos_Editor.exe\" rel=\"external nofollow\" >http://www.mediafire.com/download/3a71ccjkw370flw/PonyChaos_Editor.exe</a></p>\n<p >Put it in your Client folder then and then proceed with the instructions. You can use the included one (CheckTool.exe) as well!</p>\n<p > </p>\n</div>\n</div>\n<p > </p>\n</div>\n</div>\n<p > </p>\n<p > </p>\n<p ><span style=\"color:#008000;\" ><strong >Passwords and Links:</strong></span></p>\n<p > </p>\n<div class=\"ipsSpoiler\" data-ipsspoiler=\"\" >\n<div class=\"ipsSpoiler_header\" ><span ></span></div>\n<div class=\"ipsSpoiler_contents\" >\n<p > </p>\n<p >Password for user lastchaos:</p>\n<p ></p>\n<pre class=\"ipsCode prettyprint lang-auto\" >spike\n</pre>ROOT password:<p ></p>\n<pre class=\"ipsCode prettyprint lang-auto\" >applejack\n</pre>PHPmyadmin:<p ></p>\n<pre class=\"ipsCode prettyprint lang-auto\" >http://YOURIPHERE/phpmyadmin\nUser: monty\nPassword: trixie\n</pre>Remote SQL (e.g. HeidiSQL, Navicat, MySQL Workbench etc.)<p ></p>\n<pre class=\"ipsCode prettyprint lang-auto\" >IP: YOURIPHERE\nPort: Standard port\nUser: celestia\nPassword: luna\n</pre>\n</div>\n</div>\n<p > </p>\n<p > </p>\n<p ><span style=\"color:#ff0000;\" ><strong >Thank you and credits to:</strong></span></p>\n<p > </p>\n<div class=\"ipsSpoiler\" data-ipsspoiler=\"\" >\n<div class=\"ipsSpoiler_header\" ><span ></span></div>\n<div class=\"ipsSpoiler_contents\" >\n<p > </p>\n<p >- The person to distribute the Server Files for EP2/EP3</p>\n<p >- CDWriter for his slightly modified server files, the DATABASE!! and the patched files for the Client!</p>\n<p >- wizatek for his registration page and the CashServer</p>\n<p >- if I forgot anybody, please mention I do not want to steal work from anyone which is not mine, you all did a great job!</p>\n<p > </p>\n</div>\n</div>\n<p > </p>\n<p > </p>\n<p ><span style=\"color:#ff0000;\" ><strong >If you have any QUESTIONS, SUGGESTIONS, PROBLEMS, COMPLAINTS etc. please feel free to write them down here!</strong></span></p>\n<p > </p>\n<p ><span style=\"color:#ff0000;\" ><strong >If I will do updates for the server then Ill provide simple files which you can download with the built-in Firefox and just run, I will not upload the whole thing again if it is only slightly modified!</strong></span></p>\n<p > </p>\n<p ><span style=\"color:#ff0000;\" ><strong >Please feel free to share, modify and reupload this if you want, only remember to give credits! (I think its called Creative Commons or something lol)</strong></span></p>\n<p > </p>\n<p > </p>\n<p ><span style=\"font-size:18px;\" ><span style=\"font-family:georgia, serif;\" ><em ><span style=\"color:#ff0000;\" ><strong >Have Fun!</strong></span></em></span></span></p>\n<p > </p>\n<p >PS: this is a follow up to the preview I posted here: <a href=\"http://toxic-l33t.ddns.net/forum/index.php?/topic/10728-preview-hassle-free-starter-pack-set-up-in-1-minute-ponychaos/\" rel=\"external nofollow\" >http://toxic-l33t.ddns.net/forum/index.php?/topic/10728-preview-hassle-free-starter-pack-set-up-in-1-minute-ponychaos/</a> If not needed anymore, just any mod/admin remove this topic.</p>\n\n\n\t\t\t\n\t\t\t\t\n\n<span class=\"ipsType_reset ipsType_medium ipsType_light\" data-excludequote=\"None\" >\n\t<strong >Edited <time datetime=\"2013-07-28T13:02:24Z\" title=\"07/28/2013 01:02  PM\" data-short=\"7 yr\" >July 28, 2013</time> by ChaosPony</strong>\n\t\n\t\n</span>\n\t\t\t\n\t\t</div>"
        },
        {
            "id": 82824,
            "timestamp": 1374843877,
            "author": {
                "id": 7695,
                "name": "CyberClaus",
                "image": null
            },
            "comment": "<p >You have put some effort on this, congratz</p>"
        },
        {
            "id": 82850,
            "timestamp": 1374855178,
            "author": {
                "id": 12111,
                "name": "ocnaiblack",
                "image": null
            },
            "comment": "<p >thx good work</p>"
        },
        {
            "id": 83071,
            "timestamp": 1374994491,
            "author": {
                "id": 7482,
                "name": "Creep",
                "image": null
            },
            "comment": "\n<p >when starting up the VM, it tell me It would need a 64 bit CPU, what I got...</p>\n<p > </p>\n<p > </p>\n<p >#Fixed using VMware..</p>\n\n\n\t\t\t\n\t\t\t\t\n\n<span class=\"ipsType_reset ipsType_medium ipsType_light\" data-excludequote=\"None\" >\n\t<strong >Edited <time datetime=\"2013-07-28T09:10:03Z\" title=\"07/28/2013 09:10  AM\" data-short=\"7 yr\" >July 28, 2013</time> by Creep</strong>\n\t\n\t\n</span>\n\t\t\t\n\t\t</div>"
        },
        {
            "id": 83078,
            "timestamp": 1374998428,
            "author": {
                "id": 16954,
                "name": "spadge88",
                "image": null
            },
            "comment": "<p >Wow this really good</p>"
        },
        {
            "id": 83324,
            "timestamp": 1375099240,
            "author": {
                "id": 10315,
                "name": "MrFunny",
                "image": null
            },
            "comment": "<p >Thx :clapping:  But use only on Virtual box? or on VMware Workstation to?</p>"
        },
        {
            "id": 83362,
            "timestamp": 1375116422,
            "author": {
                "id": 7482,
                "name": "Creep",
                "image": null
            },
            "comment": "<p >extract it using virtual box and import the vmdks into vmware manually</p>"
        },
        {
            "id": 83400,
            "timestamp": 1375130297,
            "author": {
                "id": 17991,
                "name": "iSixxer",
                "image": null
            },
            "comment": "\n<p >Its very fine...</p>\n<p >But reupload Part 8 ...</p>\n<p ><span ><span >Not all</span> <span >goes</span> <span >mega ;Thanks</span></span></p>\n"
        },
        {
            "id": 83453,
            "timestamp": 1375177684,
            "author": {
                "id": 628,
                "name": "FilinRus",
                "image": null
            },
            "comment": "<p >archives dont work -_-</p>"
        },
        {
            "id": 83565,
            "timestamp": 1375242937,
            "author": {
                "id": 205,
                "name": "tommzy09",
                "image": null
            },
            "comment": "<p >yeah archives dont open -.-</p>"
        },
        {
            "id": 83730,
            "timestamp": 1375363854,
            "author": {
                "id": 549,
                "name": "kimpobin02",
                "image": null
            },
            "comment": "\n<p >i can not open <span style=\"color:rgb(40,40,40);font-family:arial, helvetica, clean, sans-serif;\" >LastChaos IP + Config tool in VMware </span></p>\n<p ><span style=\"color:rgb(40,40,40);font-family:arial, helvetica, clean, sans-serif;\" >How to fixed?</span></p>\n"
        },
        {
            "id": 83776,
            "timestamp": 1375396638,
            "author": {
                "id": 3302,
                "name": "Someguy123",
                "image": null
            },
            "comment": "\n<blockquote data-ipsquote=\"\" class=\"ipsQuote\" data-ipsquote-contentcommentid=\"83730\" data-ipsquote-contentapp=\"forums\" data-ipsquote-contenttype=\"forums\" data-ipsquote-contentclass=\"forums_Topic\" data-ipsquote-contentid=\"10786\" data-ipsquote-username=\"kimpobin02\" data-cite=\"kimpobin02\" data-ipsquote-timestamp=\"1375363854\" ><div ><div >\n<p >i can not open <span style=\"color:rgb(40,40,40);font-family:arial, helvetica, clean, sans-serif;\" >LastChaos IP + Config tool in VMware </span></p>\n<p ><span style=\"color:rgb(40,40,40);font-family:arial, helvetica, clean, sans-serif;\" >How to fixed?</span></p>\n</div></div></blockquote>\n<p >Use VirtualBox? I didnt try, but you can clearly read that he wrote \"VirtualBox\" and not VMWare... They may be interchangable, but apparently not everything works.</p>\n<p > </p>\n<p >I never quite understood why people rely on VMWare (for private usage). Virtual Box is free and open-source</p>\n"
        },
        {
            "id": 83784,
            "timestamp": 1375408810,
            "author": {
                "id": 549,
                "name": "kimpobin02",
                "image": null
            },
            "comment": "\n<blockquote data-ipsquote=\"\" class=\"ipsQuote\" data-ipsquote-contentcommentid=\"83730\" data-ipsquote-contentapp=\"forums\" data-ipsquote-contenttype=\"forums\" data-ipsquote-contentclass=\"forums_Topic\" data-ipsquote-contentid=\"10786\" data-ipsquote-username=\"kimpobin02\" data-cite=\"kimpobin02\" data-ipsquote-timestamp=\"1375363854\" ><div ><div >\n<p >i can not open <span style=\"color:rgb(40,40,40);font-family:arial, helvetica, clean, sans-serif;\" >LastChaos IP + Config tool in VMware </span></p>\n<p ><span style=\"color:rgb(40,40,40);font-family:arial, helvetica, clean, sans-serif;\" >How to fixed?</span></p>\n</div></div></blockquote>\n<p >I fixed Thank Good Work</p>\n"
        },
        {
            "id": 84211,
            "timestamp": 1375878451,
            "author": {
                "id": 13764,
                "name": "MrBuSta",
                "image": null
            },
            "comment": "<p >Thanks Good Files :)</p>\n\n\t\t\t\n\t\t\t\t\n\n<span class=\"ipsType_reset ipsType_medium ipsType_light\" data-excludequote=\"None\" >\n\t<strong >Edited <time datetime=\"2013-08-07T12:34:30Z\" title=\"08/07/2013 12:34  PM\" data-short=\"7 yr\" >August 7, 2013</time> by Adam1998i</strong>\n\t\n\t\n</span>\n\t\t\t\n\t\t</div>"
        },
        {
            "id": 84265,
            "timestamp": 1375944370,
            "author": {
                "id": 16344,
                "name": "Ilosia",
                "image": null
            },
            "comment": "<p >cannot open ip tool and hamachi</p>"
        },
        {
            "id": 84296,
            "timestamp": 1375987564,
            "author": {
                "id": 4544,
                "name": "franlunac",
                "image": null
            },
            "comment": "<p >all ok but when i go into game i go to teleporter eteal and nothing happen.. how can i fix it?</p>\n\n\t\t\t\n\t\t\t\t\n\n<span class=\"ipsType_reset ipsType_medium ipsType_light\" data-excludequote=\"None\" >\n\t<strong >Edited <time datetime=\"2013-08-08T22:30:57Z\" title=\"08/08/2013 10:30  PM\" data-short=\"7 yr\" >August 8, 2013</time> by franlunac</strong>\n\t\n\t\n</span>\n\t\t\t\n\t\t</div>"
        },
        {
            "id": 84330,
            "timestamp": 1376027817,
            "author": {
                "id": 16344,
                "name": "Ilosia",
                "image": null
            },
            "comment": "<p >why i cant open ipconfig and hamachi?</p>"
        },
        {
            "id": 84380,
            "timestamp": 1376083999,
            "author": {
                "id": 18707,
                "name": "maicon157",
                "image": null
            },
            "comment": "<p >This file does not have a program associated with it for performing of this action install a program or there is a chance already installed crei one association in Default Programs control panel</p>"
        },
        {
            "id": 84383,
            "timestamp": 1376084431,
            "author": {
                "id": 18707,
                "name": "maicon157",
                "image": null
            },
            "comment": "<p >can someone help me?</p>"
        },
        {
            "id": 84395,
            "timestamp": 1376507965,
            "author": {
                "id": 7482,
                "name": "Creep",
                "image": null
            },
            "comment": "\n<p >There is one thing you really need to change!</p>\n<p >I just downloaded it to see how you managed the hamachi connection, after a few minutes I noticed, the hamachi IP is also \"preinstalled\"</p>\n<p >it would be better if you add an reinstaller for hamachi or and ipchanger for it, otherwise many will have the problem to connect to another loginserver having issuees with thats or even steal the database by connecting to the hamachi ip</p>\n"
        },
        {
            "id": 85039,
            "timestamp": 1376923991,
            "author": {
                "id": 549,
                "name": "kimpobin02",
                "image": null
            },
            "comment": "<p >How to Change Hamachi IP?</p>"
        },
        {
            "id": 85085,
            "timestamp": 1376977414,
            "author": {
                "id": 13352,
                "name": "jordan",
                "image": null
            },
            "comment": "<p >Ok... Honestly what the heck. I downloaded all these files and for 1 none of them were extractable because there was stuff after the .rar ... So i figured that out and went forward and tryed Extracting them... Well the first client one worked but all the other files i downloaded from this said there was nothing in it... So honestly this is not hassle free.... I have no idea what to do all i know is i downloaded all these files and it took forever and it sucks because i really wanted them to work....</p>"
        },
        {
            "id": 85411,
            "timestamp": 1377282844,
            "author": {
                "id": 7482,
                "name": "Creep",
                "image": null
            },
            "comment": "\n<p >Dunno what ya talkin bout.. they are clearly extractable.. normaly as I downloaded em they were ziped and u just needed to extract the file in the first one if u got all zips in one folder</p>\n<p > </p>\n<p >after that you will just need to enable hardware virtualization and import the VM with another network interface...</p>\n<p > </p>\n<p >At all hamachi su*ks for this version cuz you cant change the ip</p>\n"
        },
        {
            "id": 85620,
            "timestamp": 1377539885,
            "author": {
                "id": 18794,
                "name": "Rush",
                "image": null
            },
            "comment": "\n<p >hey, guys.</p>\n<p > </p>\n<p >I have an error after my VM loads your Config:</p>\n<p ><img alt=\"9nwo.png\" src=\"https://img196.imageshack.us/img196/6346/9nwo.png\" /></p>\n"
        },
        {
            "id": 85724,
            "timestamp": 1377623530,
            "author": {
                "id": 18794,
                "name": "Rush",
                "image": null
            },
            "comment": "<p >pls help me</p>"
        },
        {
            "id": 86530,
            "timestamp": 1378582417,
            "author": {
                "id": 2888,
                "name": "BaZZtian",
                "image": null
            },
            "comment": "\n<p >Hey im using VMworkstation is there any different ?</p>\n<p > </p>\n<p ><img alt=\"03907-e967b7c3-cb33-4626-826e-267f6d5dc7\" src=\"http://grabilla.com/03907-e967b7c3-cb33-4626-826e-267f6d5dc736.png\" /></p>\n"
        },
        {
            "id": 88782,
            "timestamp": 1382301996,
            "author": {
                "id": 9569,
                "name": "LegendOfChaos",
                "image": null
            },
            "comment": "\n<p >Die Appliance <b >C:\\Users\\ASUS\\Desktop\\server\\PonyChaos.ova</b> konnte nicht importiert werden.</p>\n<p >Error reading \"C:\\Users\\ASUS\\Desktop\\server\\PonyChaos.ova\": element \"Section\" has no \"type\" attribute, line 18.</p>\t\t\t\tFehlercode:\t\t\t\t\t\t\tVBOX_E_FILE_ERROR (0x80BB0004)\t\t\t\t\t\tKomponente:\t\t\t\t\t\t\tAppliance\t\t\t\t\t\tInterface:\t\t\t\t\t\t\tIAppliance {3059cf9e-25c7-4f0b-9fa5-3c42e441670b}\t\t<p > </p>\n"
        },
        {
            "id": 88794,
            "timestamp": 1382305017,
            "author": {
                "id": 2888,
                "name": "BaZZtian",
                "image": null
            },
            "comment": "\n<p >when im join a network on my linux the hamachi freeze ... and now ?</p>\n<p > </p>\n<p ># ok fixed!!!</p>\n"
        },
        {
            "id": 88805,
            "timestamp": 1382343818,
            "author": {
                "id": 2888,
                "name": "BaZZtian",
                "image": null
            },
            "comment": "\n<p >is it posible to update the v6 to v13 ?</p>\n<p > </p>\n<p >ok found the place home ... can i replace the GS, Helper, connector and others without any problems with the v13 ones or need i do anything to get them worked ?</p>\n"
        },
        {
            "id": 88824,
            "timestamp": 1382366360,
            "author": {
                "id": 7482,
                "name": "Creep",
                "image": null
            },
            "comment": "<p >you can exchange the serverfiles itself w/o any problems, you need to edit the database to get the TD working well</p>"
        },
        {
            "id": 88834,
            "timestamp": 1382374528,
            "author": {
                "id": 2888,
                "name": "BaZZtian",
                "image": null
            },
            "comment": "<p >i cant import TD v13 Server files .... i imported _data already .... but files dont work ...</p>"
        },
        {
            "id": 88843,
            "timestamp": 1382384386,
            "author": {
                "id": 2888,
                "name": "BaZZtian",
                "image": null
            },
            "comment": "\n<p ><img alt=\"03a15-651697bb-414c-4114-9f30-b3bc504102\" src=\"http://grabilla.com/03a15-651697bb-414c-4114-9f30-b3bc5041027a.png\" /></p>\n<p > </p>\n<p > </p>\n<p >I cant install it</p>\n"
        },
        {
            "id": 88848,
            "timestamp": 1382387237,
            "author": {
                "id": 7482,
                "name": "Creep",
                "image": null
            },
            "comment": "<p >Dunno about that, though I have installed it in VMstation</p>"
        },
        {
            "id": 89003,
            "timestamp": 1382698844,
            "author": {
                "id": 18905,
                "name": "M3L3P3RD",
                "image": null
            },
            "comment": "\n<p >Please help me.</p>\n<p >Problem -> Failed to login to connect...</p>\n<p >Nat and hamachi not work...</p>\n<p ><span ><span >I have</span> <span >Team</span> <span >Viewer</span> <span >if</span> <span >i</span> <span >can help.</span><br /><span >Thank you very much</span><span >.</span></span></p>\n"
        },
        {
            "id": 89041,
            "timestamp": 1382731756,
            "author": {
                "id": 7482,
                "name": "Creep",
                "image": null
            },
            "comment": "<p >You nede to set it to a bridged connection</p>"
        },
        {
            "id": 89058,
            "timestamp": 1382770565,
            "author": {
                "id": 18905,
                "name": "M3L3P3RD",
                "image": null
            },
            "comment": "\n<blockquote data-ipsquote=\"\" class=\"ipsQuote\" data-ipsquote-contentcommentid=\"89041\" data-ipsquote-contentapp=\"forums\" data-ipsquote-contenttype=\"forums\" data-ipsquote-contentclass=\"forums_Topic\" data-ipsquote-contentid=\"10786\" data-ipsquote-username=\"Creep\" data-cite=\"Creep\" data-ipsquote-timestamp=\"1382731756\" ><div ><div ><p >You nede to set it to a bridged connection</p></div></div></blockquote>\n<p ><span ><span >And</span> <span >as i do?</span><span >.</span></span></p>\n"
        },
        {
            "id": 89060,
            "timestamp": 1382775624,
            "author": {
                "id": 7482,
                "name": "Creep",
                "image": null
            },
            "comment": "<p >formulate ure question abit more clearly</p>"
        },
        {
            "id": 89066,
            "timestamp": 1382780057,
            "author": {
                "id": 18905,
                "name": "M3L3P3RD",
                "image": null
            },
            "comment": "<p ><span ><span >That</span> i <span >can</span> <span >fix it</span> <span >as</span> <span >you said</span> <span >your</span> <span >upper like the</span> <span >bridged</span></span>.</p>"
        },
        {
            "id": 89090,
            "timestamp": 1382797076,
            "author": {
                "id": 7482,
                "name": "Creep",
                "image": null
            },
            "comment": "<p >yeah instead of setting it to NAT you need to selcet bridged or in german Netzwerkbr\u00c3\u0192\u00c2\u00bccke then you will get another ip over ifconfig which u need to set in the newstobm off Gameserver and Loginserver </p>"
        },
        {
            "id": 89093,
            "timestamp": 1382800444,
            "author": {
                "id": 18905,
                "name": "M3L3P3RD",
                "image": null
            },
            "comment": "\n<p >Not working.</p>\n<p ><span ><span >Adapter 1 -> Bridged.</span></span></p>\n<p ><span ><span >Adapter 2 -> </span></span>Nat</p>\n<p >And.</p>\n<p >Adapter 1 -> Nat</p>\n<p >Adapter 2 -> Bridged.</p>\n"
        },
        {
            "id": 89865,
            "timestamp": 1384161424,
            "author": {
                "id": 19369,
                "name": "MattiaPooh",
                "image": null
            },
            "comment": "<p >Thanks =) Ill Try it now</p>"
        },
        {
            "id": 90074,
            "timestamp": 1384515001,
            "author": {
                "id": 19335,
                "name": "akimbonanoz",
                "image": null
            },
            "comment": "\n<blockquote data-ipsquote=\"\" class=\"ipsQuote\" data-ipsquote-contentcommentid=\"88843\" data-ipsquote-contentapp=\"forums\" data-ipsquote-contenttype=\"forums\" data-ipsquote-contentclass=\"forums_Topic\" data-ipsquote-contentid=\"10786\" data-ipsquote-username=\"BaZZtian\" data-cite=\"BaZZtian\" data-ipsquote-timestamp=\"1382384386\" ><div ><div >\n<p ><img alt=\"03a15-651697bb-414c-4114-9f30-b3bc504102\" src=\"http://grabilla.com/03a15-651697bb-414c-4114-9f30-b3bc5041027a.png\" /></p>\n<p > </p>\n<p > </p>\n<p >I cant install it</p>\n</div></div></blockquote>\n<p >I have the same problem, someone knows how to solve?</p>\n"
        },
        {
            "id": 90807,
            "timestamp": 1385483641,
            "author": {
                "id": 10350,
                "name": "MrBeaN",
                "image": null
            },
            "comment": "\n<p >Pls someone can help me i can play on my server with and without hamachi but my friends cant they has Invalid Version or Failed to connect LoginServer</p>\n<p >?</p>\n<p >I modifify newStobm of GS and LoginServer ip by my hamachi ip but not work too someone can help me ?</p>\n"
        },
        {
            "id": 90809,
            "timestamp": 1385483811,
            "author": {
                "id": 17432,
                "name": "Nymphetamine",
                "image": null
            },
            "comment": "\n<blockquote data-ipsquote=\"\" class=\"ipsQuote\" data-ipsquote-contentcommentid=\"90807\" data-ipsquote-contentapp=\"forums\" data-ipsquote-contenttype=\"forums\" data-ipsquote-contentclass=\"forums_Topic\" data-ipsquote-contentid=\"10786\" data-ipsquote-username=\"MrBeaN\" data-cite=\"MrBeaN\" data-ipsquote-timestamp=\"1385483641\" ><div ><div >\n<p >Pls someone can help me i can play on my server with and without hamachi but my friends cant they has Invalid Version or Failed to connect LoginServer</p>\n<p >?</p>\n<p >I modifify newStobm of GS and LoginServer ip by my hamachi ip but not work too someone can help me ?</p>\n</div></div></blockquote>\n<p >Open a topic in right section.</p>\n<p >Its not a topic where you can ask help.</p>\n<p >Regards,</p>\n<p >Nymphetamine.</p>\n"
        },
        {
            "id": 91308,
            "timestamp": 1386150669,
            "author": {
                "id": 19406,
                "name": "Chrisyo",
                "image": null
            },
            "comment": "\n<blockquote data-ipsquote=\"\" class=\"ipsQuote\" data-ipsquote-contentcommentid=\"88843\" data-ipsquote-contentapp=\"forums\" data-ipsquote-contenttype=\"forums\" data-ipsquote-contentclass=\"forums_Topic\" data-ipsquote-contentid=\"10786\" data-ipsquote-username=\"BaZZtian\" data-cite=\"BaZZtian\" data-ipsquote-timestamp=\"1382384386\" ><div ><div >\n<p ><img alt=\"03a15-651697bb-414c-4114-9f30-b3bc504102\" src=\"http://grabilla.com/03a15-651697bb-414c-4114-9f30-b3bc5041027a.png\" /></p>\n<p > </p>\n<p > </p>\n<p >I cant install it</p>\n</div></div></blockquote>\n<p >The Problem here is that the newest VirtualBox Version isnt compatible with the Appliance from his Version.</p>\n<p >Download an older Version like this one:</p>\n<p ><a href=\"https://download.virtualbox.org/virtualbox/4.2.16/\" rel=\"external nofollow\" >http://download.virtualbox.org/virtualbox/4.2.16/</a> (Scroll a bit down to see the .exe Version) </p>\n<p >Install it, and it should work fine then.</p>\n"
        },
        {
            "id": 92235,
            "timestamp": 1386924665,
            "author": {
                "id": 19515,
                "name": "DarkSong",
                "image": null
            },
            "comment": "<p >\"11. Create a new account using the registration page or use the default account.\" How am i able to find the registration page or find out what default is? im unable to log in... any1 able to help</p>"
        },
        {
            "id": 92266,
            "timestamp": 1386939800,
            "author": {
                "id": 19216,
                "name": "kriksu",
                "image": null
            },
            "comment": "<p >cant i use this guide for ep3 server ? just by replacing the files ?</p>"
        },
        {
            "id": 92849,
            "timestamp": 1387152171,
            "author": {
                "id": 10350,
                "name": "MrBeaN",
                "image": null
            },
            "comment": "<p >Can we change lvl cap to 200 for player and gm ? And finaly how ?</p>"
        },
        {
            "id": 92901,
            "timestamp": 1387201066,
            "author": {
                "id": 19549,
                "name": "smokemon3",
                "image": null
            },
            "comment": "<p >Everybody who have an error need the right VirtualBox!! And pls reupload the client :)</p>"
        },
        {
            "id": 92930,
            "timestamp": 1387209993,
            "author": {
                "id": 19549,
                "name": "smokemon3",
                "image": null
            },
            "comment": "<p >If i want to play with hamachi i get \"failed to loginserver\" pls help</p>"
        },
        {
            "id": 92981,
            "timestamp": 1387231004,
            "author": {
                "id": 10350,
                "name": "MrBeaN",
                "image": null
            },
            "comment": "<p >Me i dont have this problem but my friend have :/</p>"
        },
        {
            "id": 92997,
            "timestamp": 1387259156,
            "author": {
                "id": 19549,
                "name": "smokemon3",
                "image": null
            },
            "comment": "<p >Really bad starter cause of lots of  backdoors</p>"
        },
        {
            "id": 94110,
            "timestamp": 1388191899,
            "author": {
                "id": 15940,
                "name": "trasher398",
                "image": null
            },
            "comment": "<p ><span style=\"color:rgb(0,0,0);font-family:arial, verdana, sans-serif;background-color:rgb(206,226,241);\" >archives dont open can you help my ?</span></p>"
        },
        {
            "id": 94768,
            "timestamp": 1388839776,
            "author": {
                "id": 7482,
                "name": "Creep",
                "image": null
            },
            "comment": "\n<p >been working around with it a bit...</p>\n<p > </p>\n<p ><a href=\"http://community.logmein.com/t5/Hamachi/change-hamachi-ip/td-p/62048\" rel=\"external nofollow\" >http://community.logmein.com/t5/Hamachi/change-hamachi-ip/td-p/62048<br /><br /><br />this should help ;)</a></p>\n"
        },
        {
            "id": 95120,
            "timestamp": 1389276184,
            "author": {
                "id": 1503,
                "name": "Paramount",
                "image": null
            },
            "comment": "\n<blockquote data-ipsquote=\"\" class=\"ipsQuote\" data-ipsquote-contentcommentid=\"92997\" data-ipsquote-contentapp=\"forums\" data-ipsquote-contenttype=\"forums\" data-ipsquote-contentclass=\"forums_Topic\" data-ipsquote-contentid=\"10786\" data-ipsquote-username=\"smokemon3\" data-cite=\"smokemon3\" data-ipsquote-timestamp=\"1387259156\" ><div ><div ><p >Really bad starter cause of lots of backdoors</p></div></div></blockquote>\n<p >You would be better off if you give a proof at least of one of them. </p>\n"
        },
        {
            "id": 95131,
            "timestamp": 1389282575,
            "author": {
                "id": 7482,
                "name": "Creep",
                "image": null
            },
            "comment": "<p >my post fixes thoose backdoors, the problem was the any machine was running on the same hamachi configuration, in that way on the same hamachi ip, so u could connect to any VM that was online in hamchi</p>"
        },
        {
            "id": 95389,
            "timestamp": 1389506458,
            "author": {
                "id": 14423,
                "name": "nicolasg",
                "image": null
            },
            "comment": "<p >solved</p>\n\n\t\t\t\n\t\t\t\t\n\n<span class=\"ipsType_reset ipsType_medium ipsType_light\" data-excludequote=\"None\" >\n\t<strong >Edited <time datetime=\"2014-01-12T06:02:48Z\" title=\"01/12/2014 06:02  AM\" data-short=\"6 yr\" >January 12, 2014</time> by nicolasg</strong>\n\t\n\t\n</span>\n\t\t\t\n\t\t</div>"
        },
        {
            "id": 95445,
            "timestamp": 1389551731,
            "author": {
                "id": 3403,
                "name": "rioking",
                "image": null
            },
            "comment": "\n<p >How needs to do for Errors vAMD x86 x64 cpu</p>\n<p >Just simple: If you have AMD CPU go to your BIOS settings and find AMD Virtualization menu and change it to Enabled</p>\n"
        },
        {
            "id": 95446,
            "timestamp": 1389551966,
            "author": {
                "id": 3403,
                "name": "rioking",
                "image": null
            },
            "comment": "\n<p >What need to do For vAMD x86 x64 CPU errors</p>\n<p >If you have AMD CPU go to your BIOS settings and find there AMD virtualization then change to Enabled</p>\n<p >If you have Intel CPU Just find \"Intel Virtualization Techlology\" in your BIOS settings and change it to Enabled.</p>\n<p >_________</p>\n<p >P.S.If your CPU is supported</p>\n\n\n\t\t\t\n\t\t\t\t\n\n<span class=\"ipsType_reset ipsType_medium ipsType_light\" data-excludequote=\"None\" >\n\t<strong >Edited <time datetime=\"2014-01-12T18:40:23Z\" title=\"01/12/2014 06:40  PM\" data-short=\"6 yr\" >January 12, 2014</time> by rioking</strong>\n\t\n\t\n</span>\n\t\t\t\n\t\t</div>"
        },
        {
            "id": 96028,
            "timestamp": 1390166006,
            "author": {
                "id": 9569,
                "name": "LegendOfChaos",
                "image": null
            },
            "comment": "<p >I Cant Open the IP Tool, how i fix it</p>"
        },
        {
            "id": 96035,
            "timestamp": 1390176431,
            "author": {
                "id": 15372,
                "name": "bazzarro",
                "image": null
            },
            "comment": "<p >after i download VM and i try to extract it says file is corrupt?</p>"
        },
        {
            "id": 96513,
            "timestamp": 1390855575,
            "author": {
                "id": 19241,
                "name": "llMrSworDll",
                "image": null
            },
            "comment": "<p ><span style=\"color:#ff0000;\" >nice, good work</span></p>"
        },
        {
            "id": 96869,
            "timestamp": 1391368468,
            "author": {
                "id": 19856,
                "name": "MattyBitx",
                "image": null
            },
            "comment": "\n<p >Failed to import appliance <b >C:\\Users\\*****\\Downloads\\PonyChaos\\PonyChaos.ova</b>.</p>\n<p >Error reading \"C:\\Users\\*****\\Downloads\\PonyChaos\\PonyChaos.ova\": element \"Section\" has no \"type\" attribute, line 18.</p>\t\t\t\tResult Code:\t\t\t\t\t\t\tVBOX_E_FILE_ERROR (0x80BB0004)\t\t\t\t\t\tComponent:\t\t\t\t\t\t\tAppliance\t\t\t\t\t\tInterface:\t\t\t\t\t\t\tIAppliance {3059cf9e-25c7-4f0b-9fa5-3c42e441670b}\t\t<p > </p>\n"
        },
        {
            "id": 97294,
            "timestamp": 1391970518,
            "author": {
                "id": 19863,
                "name": "MaxCold",
                "image": null
            },
            "comment": "\n<p ><span style=\"color:rgb(0,0,0);font-family:Arial, sans-serif;font-size:13px;background-color:rgb(255,255,255);\" >Hi, Help! many times tried still gives an error</span></p>\n<p ><span style=\"color:rgb(0,0,0);font-family:Arial, sans-serif;font-size:13px;background-color:rgb(255,255,255);\" ><img alt=\"IYOp.png\" src=\"http://imgdisk.ru/images/IYOp.png\" /></span></p>\n"
        },
        {
            "id": 97365,
            "timestamp": 1392047632,
            "author": {
                "id": 19889,
                "name": "Ravenkore",
                "image": null
            },
            "comment": "<p ><span style=\"color:rgb(128,128,128);font-family:arial, verdana, sans-serif;font-size:12px;background-color:rgb(18,18,18);\" >\u00c3\u00c2\u00a1\u00c3\u00c2\u00bf\u00c3\u00c2\u00b0\u00c3\u2018\u00c2\u00c3\u00c2\u00b8\u00c3\u00c2\u00b1\u00c3\u00c2\u00be, \u00c3\u00c2\u00a5\u00c3\u00c2\u00be\u00c3\u2018\u00e2\u201a\u00ac\u00c3\u00c2\u00be\u00c3\u2018\u00cb\u2020\u00c3\u00c2\u00b8\u00c3\u00c2\u00b9 \u00c3\u00c2\u00a4\u00c3\u00c2\u00b0\u00c3\u00c2\u00b9\u00c3\u00c2\u00bb\u00c3\u2018\u00e2\u20ac\u00b9 </span></p>"
        },
        {
            "id": 97366,
            "timestamp": 1392048366,
            "author": {
                "id": 19462,
                "name": "xMeowx3",
                "image": null
            },
            "comment": "\n<blockquote data-ipsquote=\"\" class=\"ipsQuote\" data-ipsquote-contentcommentid=\"97365\" data-ipsquote-contentapp=\"forums\" data-ipsquote-contenttype=\"forums\" data-ipsquote-contentclass=\"forums_Topic\" data-ipsquote-contentid=\"10786\" data-ipsquote-username=\"Ravenkore\" data-cite=\"Ravenkore\" data-ipsquote-timestamp=\"1392047632\" ><div ><div ><p ><span style=\"color:rgb(128,128,128);font-family:arial, verdana, sans-serif;background-color:rgb(18,18,18);\" >\u00c3\u00c2\u00a1\u00c3\u00c2\u00bf\u00c3\u00c2\u00b0\u00c3\u2018\u00c2\u00c3\u00c2\u00b8\u00c3\u00c2\u00b1\u00c3\u00c2\u00be, \u00c3\u00c2\u00a5\u00c3\u00c2\u00be\u00c3\u2018\u00e2\u201a\u00ac\u00c3\u00c2\u00be\u00c3\u2018\u00cb\u2020\u00c3\u00c2\u00b8\u00c3\u00c2\u00b9 \u00c3\u00c2\u00a4\u00c3\u00c2\u00b0\u00c3\u00c2\u00b9\u00c3\u00c2\u00bb\u00c3\u2018\u00e2\u20ac\u00b9 </span></p></div></div></blockquote>\n<p >translated to \"Thank you, good files\" according to translator, but any ways please read the board rules.</p>\n<p ><span style=\"color:rgb(40,40,40);font-family:arial, helvetica, clean, sans-serif;\" >- Keep it </span><strong >English</strong><span style=\"color:rgb(40,40,40);font-family:arial, helvetica, clean, sans-serif;\" > in the public forum, taken from </span><a href=\"http://toxic-l33t.ddns.net/forum/index.php?showtopic=7399\" rel=\"external nofollow\" >http://toxic-l33t.ddns.net/forum/index.php?showtopic=7399</a></p>\n<p ><span style=\"color:rgb(40,40,40);font-family:arial, helvetica, clean, sans-serif;\" >Consider this a warning, next time will be a real warning.</span></p>\n\n\n\t\t\t\n\t\t\t\t\n\n<span class=\"ipsType_reset ipsType_medium ipsType_light\" data-excludequote=\"None\" >\n\t<strong >Edited <time datetime=\"2014-02-10T16:06:23Z\" title=\"02/10/2014 04:06  PM\" data-short=\"6 yr\" >February 10, 2014</time> by xMeowx3</strong>\n\t\n\t\n</span>\n\t\t\t\n\t\t</div>"
        },
        {
            "id": 97912,
            "timestamp": 1393046402,
            "author": {
                "id": 15732,
                "name": "domingo",
                "image": null
            },
            "comment": "<p >hey can you add me pls in skype raspido1</p>"
        },
        {
            "id": 98977,
            "timestamp": 1395078883,
            "author": {
                "id": 17909,
                "name": "zodiak116",
                "image": null
            },
            "comment": "<p >What could be the problem does not connect with the login server as it solve?<br /><br /><a href=\"http://prntscr.com/31o52i\" rel=\"external nofollow\" >http://prntscr.com/31o52i</a></p>"
        },
        {
            "id": 99053,
            "timestamp": 1395329113,
            "author": {
                "id": 19241,
                "name": "llMrSworDll",
                "image": null
            },
            "comment": "<p ><span style=\"color:#ff0000;\" ><span ><span >some friends</span> <span >gives them</span> <span >a problem that</span> <span >every 1</span> <span >or 3 hours</span> <span >they</span> <span >returned</span> <span >to the old</span> <span >db</span>, <span >anyone know</span> <span >what would be the</span> <span >possible solution</span> <span >to this?</span></span></span></p>"
        },
        {
            "id": 99088,
            "timestamp": 1395477343,
            "author": {
                "id": 17909,
                "name": "zodiak116",
                "image": null
            },
            "comment": "\n<blockquote data-ipsquote=\"\" class=\"ipsQuote\" data-ipsquote-contentcommentid=\"99053\" data-ipsquote-contentapp=\"forums\" data-ipsquote-contenttype=\"forums\" data-ipsquote-contentclass=\"forums_Topic\" data-ipsquote-contentid=\"10786\" data-ipsquote-username=\"llMrSworDll\" data-cite=\"llMrSworDll\" data-ipsquote-timestamp=\"1395329113\" ><div ><div ><p ><span style=\"color:#ff0000;\" >some friends gives them a problem that every 1 or 3 hours they returned to the old db, anyone know what would be the possible solution to this?</span></p></div></div></blockquote>\n<p >the same problem</p>\n"
        },
        {
            "id": 99206,
            "timestamp": 1403579805,
            "author": {
                "id": 2782,
                "name": "tijntje96",
                "image": null
            },
            "comment": "\n<p >Heey,</p>\n<p > </p>\n<p >i've followed the tutorial really closely but after 1 minute of playing it gives me a disconnected message..</p>\n<p > </p>\n<p >any idea how i can see what's wrong or any idea what i did wrong?</p>\n<p > </p>\n<p >Thanks in advice</p>\n"
        },
        {
            "id": 99207,
            "timestamp": 1403591121,
            "author": {
                "id": 7695,
                "name": "CyberClaus",
                "image": null
            },
            "comment": "<p >If you get disconnected message is because client cant comunicate with server. check the conections and configurations</p>"
        },
        {
            "id": 99219,
            "timestamp": 1403629093,
            "author": {
                "id": 2782,
                "name": "tijntje96",
                "image": null
            },
            "comment": "\n<p >Ok maybe this is the wrong thread but i dont know where to put it..</p>\n<p > </p>\n<p >I want to play with friend and hamachi just sucks XD</p>\n<p > </p>\n<p >i've done some port forwarding and i understand why i need to put the network connection of the VM on bridged</p>\n<p >But all the ports im using aren't open. Using the local ip i can just play normally but when i use the extern ip of the VM as \"custom ip\" nothing seems to work... Anything i could have missed?? or anyplace i can get the information im looking for?</p>\n"
        },
        {
            "id": 99220,
            "timestamp": 1403631418,
            "author": {
                "id": 7695,
                "name": "CyberClaus",
                "image": null
            },
            "comment": "<p >you use adsl or cable? if adsl forget it, cause you need 2 external ips, if cable you have luck. just look in google how to configure vm to have cable external ip.</p>"
        },
        {
            "id": 99223,
            "timestamp": 1403633969,
            "author": {
                "id": 2782,
                "name": "tijntje96",
                "image": null
            },
            "comment": "<p >It is not possible strictly using wireless? Thanks anyways!</p>"
        },
        {
            "id": 99226,
            "timestamp": 1403639634,
            "author": {
                "id": 16756,
                "name": "Titanjaeger",
                "image": null
            },
            "comment": "<p >Is it possible to use a DNS Server for a all-the-time same IP? MY English isn'T so good ;) I can't use my public IP, so can i use a DNS-Service?</p>"
        },
        {
            "id": 99227,
            "timestamp": 1403643504,
            "author": {
                "id": 7695,
                "name": "CyberClaus",
                "image": null
            },
            "comment": "<p >no, you need IP address. A domain will not work</p>"
        },
        {
            "id": 99232,
            "timestamp": 1403685332,
            "author": {
                "id": 267,
                "name": "SutWick",
                "image": null
            },
            "comment": "\n<blockquote data-ipsquote=\"\" class=\"ipsQuote\" data-ipsquote-contentcommentid=\"99226\" data-ipsquote-contentapp=\"forums\" data-ipsquote-contenttype=\"forums\" data-ipsquote-contentclass=\"forums_Topic\" data-ipsquote-contentid=\"10786\" data-ipsquote-username=\"Titanjaeger\" data-cite=\"Titanjaeger\" data-ipsquote-timestamp=\"1403639634\" ><div ><p >Is it possible to use a DNS Server for a all-the-time same IP? MY English isn'T so good ;) I can't use my public IP, so can i use a DNS-Service?</p></div></blockquote>\n<p >\nYou can use a dns address in the client then just get a dns updater on your host to keep the dns updated :)</p>\n"
        },
        {
            "id": 103024,
            "timestamp": 1415970342,
            "author": {
                "id": 20605,
                "name": "MathewByte",
                "image": null
            },
            "comment": "<p >I Cant open the 7z files</p>"
        },
        {
            "id": 108500,
            "timestamp": 1450624178,
            "author": {
                "id": 21265,
                "name": "lewus",
                "image": null
            },
            "comment": "<p >Reupload links:0</p>"
        }
    ]
}