{
    "meta": {
        "threadId": 10796,
        "threadName": "[CommunityKnowledgeCollection]Dupes and their fixes",
        "dateCreated": "2013-07-26T19:33:56+0000",
        "datePublished": "2013-07-26T19:33:56+0000",
        "pageCount": 1,
        "originalUrl": "https://lckb.dev/forum/index.php?/topic/10796-communityknowledgecollectiondupes-and-their-fixes/",
        "authorId": 7482,
        "position": [
            {
                "@type": "ListItem",
                "position": 1,
                "item": {
                    "@id": "https://lckb.dev/forum/index.php?/forum/271-general-section/",
                    "name": "General Section"
                }
            },
            {
                "@type": "ListItem",
                "position": 2,
                "item": {
                    "@id": "https://lckb.dev/forum/index.php?/forum/259-general-discussion/",
                    "name": "General Discussion"
                }
            }
        ]
    },
    "commentData": [
        {
            "id": 82900,
            "timestamp": 1374867236,
            "author": {
                "id": 7482,
                "name": "Creep",
                "image": null
            },
            "comment": "\n<p >Hey Community,</p>\n<p >I know this thread wont be liked by everyone cuz of the private fixxes may included here.</p>\n<p > </p>\n<p >mainly this is a collection of all my knowledge of the dupes and their fixes</p>\n<p > </p>\n<p >!!!Important!!!</p>\n<p >I wont explain how to them as I dunno how to do each of them!</p>\n<p > </p>\n<p >The Dupes will be listed like that:</p>\n<p > </p>\n<p >Dupe: </p>\n<p > </p>\n<p > </p>\n<p >Fix:</p>\n<p > </p>\n<p > </p>\n<p >Anyways, my fixes arent made in source of the gameserver or anything like that, they are mainly about to bridge over the dupes can be done ingame.</p>\n<p >I cant help anyone about the dupetools wich are gettin more and more \"public\".. because of leaching people :P (what a shame)</p>\n<p > </p>\n<p >So feel free to share your knowledge to even get a bit better experience for the player that are playin like they should!</p>\n<p >This is also not to understand as a possibility to get the players to donate more cuz they cant dupe it anymore, you should all think about ure cashprizes, cuz they are mainly the reason for dupes!</p>\n<p > </p>\n<p > </p>\n<p > </p>\n<p > </p>\n<p >Lets start as I only got some ( I will add as many as I remember)</p>\n<p > </p>\n<p >Dupe: P2Mount Crash (P2Crash)</p>\n<p >Extra Info: Can (only) be done with mounts</p>\n<p >Fix: disable all Mount P2s or delete the stage of Mount evelope</p>\n<p > </p>\n<p > </p>\n<p >Dupe: Guild Storage duplicating</p>\n<p >Fix: Disable and delte all entryies of the guildstorage NPC in the database (also spawn)</p>\n<p > </p>\n<p > </p>\n<p >Dupe: Cover Crash (C1)</p>\n<p >Fix: Change all covers to C2 so they can be still used as such</p>\n<p > </p>\n<p > </p>\n<p >Dupe: Loyality Crash</p>\n<p >Fix: Disable all NPCs (f.e. Magical Shop Trader same like the guild storage and replace them with normal shops to keep the traders) meight fully disable the guardiansystem, by removing the action.</p>\n<p > </p>\n<p > </p>\n<p >Exploit: +66353 weapon /armor ( dunno the + excatly anymore)</p>\n<p >Fix: It can be fixes by changing offsets.. unfortunatly I dont got em :P</p>\n<p >Bad ways to fix it: disable all PRS with time on or disable their time</p>\n<p >disable all PRS over +5 and turn the upgraderate of HS RUNES AND KS! to a value it can get - to +6/7</p>\n<p > </p>\n<p > </p>\n<p > </p>\n<p >Dupe: Droppable Gold Bug/CashItem dropable cuz Merchantskill</p>\n<p >Fix: disable dropability for Gold/ proof that the droppability for Cashitems is disabled/Change still dropable Cashitems to normal Items wich arent tradeable</p>\n<p > </p>\n<p > </p>\n<p >Dupe: P2 Crash at all (dunno if its really still there?)</p>\n<p >Fix: I guess to disable all P2 Pets isnt the Solution for this, since idk how the crash excatly works, I havent got something else to say</p>\n<p > </p>\n<p >Dupe: Tarian/Nairat NPC Dupes (only some NPCs)</p>\n<p >Fix: I guess its a Flagfault so look at all NPC/Mobflags if there is a special one wich isnt like f.e. like the NPCs in Juno change them</p>\n<p > </p>\n<p > </p>\n<p > </p>\n<p > </p>\n<p >Thats all I know atm Iam still searching, I allready know more dupes then that, just not the bridges for it</p>\n<p > </p>\n<p > </p>\n<p >I hope some Members wich got some more knowledge in GS offsetiings could help me and the rest of the community to \"finish\" the list</p>\n<p > </p>\n<p > </p>\n<p >Thanks Creep</p>\n<p > </p>\n<p > </p>\n<p > </p>\n<p >Special Thanks to:</p>\n<p >Jaiz</p>\n\n\n\t\t\t\n\t\t\t\t\n\n<span class=\"ipsType_reset ipsType_medium ipsType_light\" data-excludequote=\"None\" >\n\t<strong >Edited <time datetime=\"2013-07-28T09:59:30Z\" title=\"07/28/2013 09:59  AM\" data-short=\"7 yr\" >July 28, 2013</time> by Creep</strong>\n\t\n\t\n</span>\n\t\t\t\n\t\t</div>"
        },
        {
            "id": 82901,
            "timestamp": 1374867782,
            "author": {
                "id": 16983,
                "name": "Jaiz",
                "image": null
            },
            "comment": "<p >You forgot some dupes. If you want know the other ones pm me :D</p>\n\n\t\t\t\n\t\t\t\t\n\n<span class=\"ipsType_reset ipsType_medium ipsType_light\" data-excludequote=\"None\" >\n\t<strong >Edited <time datetime=\"2013-07-26T19:43:41Z\" title=\"07/26/2013 07:43  PM\" data-short=\"7 yr\" >July 26, 2013</time> by Jaiz</strong>\n\t\n\t\n</span>\n\t\t\t\n\t\t</div>"
        },
        {
            "id": 82904,
            "timestamp": 1374868620,
            "author": {
                "id": 161,
                "name": "Koko",
                "image": null
            },
            "comment": "\n<p >Welcome to LC servers world.</p>\n<p > </p>\n<p >Dupe: the game itself is full of dupes</p>\n<p >Fix: just turn everything off...</p>\n<p > </p>\n<p >Anyway, nice list, thanks!</p>\n"
        },
        {
            "id": 82905,
            "timestamp": 1374868745,
            "author": {
                "id": 7482,
                "name": "Creep",
                "image": null
            },
            "comment": "<p >Its worth a try xD</p>"
        },
        {
            "id": 82920,
            "timestamp": 1374871682,
            "author": {
                "id": 17432,
                "name": "Nymphetamine",
                "image": null
            },
            "comment": "\n<p >Well delete a thing is not a fix.</p>\n<p >Is delete a thing.</p>\n<p >Its like when u have an infected leg and u cut it. U dont solve the problem,u just avoid more damages.</p>\n"
        },
        {
            "id": 82927,
            "timestamp": 1374874014,
            "author": {
                "id": 7482,
                "name": "Creep",
                "image": null
            },
            "comment": "<p >Thats what I tryed to say..</p>"
        },
        {
            "id": 82930,
            "timestamp": 1374874987,
            "author": {
                "id": 2,
                "name": "Wizatek",
                "image": null
            },
            "comment": "<p >In some cases its better to put a bandaid to prevent a infection :)</p>"
        },
        {
            "id": 82989,
            "timestamp": 1374909146,
            "author": {
                "id": 7482,
                "name": "Creep",
                "image": null
            },
            "comment": "\n<p >yep well thats what Iam tryin but my knowledge about it has still got some limits ;)</p>\n<p >Therefore I asked all of you to help me maybe ^^</p>\n"
        },
        {
            "id": 83089,
            "timestamp": 1375005640,
            "author": {
                "id": 7482,
                "name": "Creep",
                "image": null
            },
            "comment": "<p >List updated, hope I will get some highranked help, cuz Serverfights should be in Content not in Dupefixes..</p>"
        },
        {
            "id": 83090,
            "timestamp": 1375007179,
            "author": {
                "id": 7482,
                "name": "Creep",
                "image": null
            },
            "comment": "\n<blockquote data-ipsquote=\"\" class=\"ipsQuote\" data-ipsquote-contentcommentid=\"82930\" data-ipsquote-contentapp=\"forums\" data-ipsquote-contenttype=\"forums\" data-ipsquote-contentclass=\"forums_Topic\" data-ipsquote-contentid=\"10796\" data-ipsquote-username=\"Wizatek\" data-cite=\"Wizatek\" data-ipsquote-timestamp=\"1374874987\" ><div ><div ><p >In some cases its better to put a bandaid to prevent a infection :)</p></div></div></blockquote>\n<p > tell me how to bandage and I will do it ;)</p>\n"
        },
        {
            "id": 83217,
            "timestamp": 1375043320,
            "author": {
                "id": 2041,
                "name": "HateMe",
                "image": null
            },
            "comment": "<p >best fix is disable LC :D</p>"
        },
        {
            "id": 83305,
            "timestamp": 1375083698,
            "author": {
                "id": 7482,
                "name": "Creep",
                "image": null
            },
            "comment": "<p >COuld you please stop to post thoose pointless answers..</p>"
        },
        {
            "id": 83306,
            "timestamp": 1375083909,
            "author": {
                "id": 18520,
                "name": "Julia",
                "image": null
            },
            "comment": "<p >sell gold last chaos destiny duped in massed and lot of dual 180+965 xd</p>"
        },
        {
            "id": 83308,
            "timestamp": 1375084107,
            "author": {
                "id": 18520,
                "name": "Julia",
                "image": null
            },
            "comment": "<p >whit roolback you can dupe xd too</p>"
        },
        {
            "id": 83317,
            "timestamp": 1375091326,
            "author": {
                "id": 7482,
                "name": "Creep",
                "image": null
            },
            "comment": "<p >you cant dupe with rollback, if u knwo what yar doin.., the dual thing in destiny is a shame I guess.. such messed up quests..</p>"
        },
        {
            "id": 83473,
            "timestamp": 1375185746,
            "author": {
                "id": 16954,
                "name": "spadge88",
                "image": null
            },
            "comment": "\n<blockquote data-ipsquote=\"\" class=\"ipsQuote\" data-ipsquote-contentcommentid=\"83306\" data-ipsquote-contentapp=\"forums\" data-ipsquote-contenttype=\"forums\" data-ipsquote-contentclass=\"forums_Topic\" data-ipsquote-contentid=\"10796\" data-ipsquote-username=\"Julia\" data-cite=\"Julia\" data-ipsquote-timestamp=\"1375083909\" ><div ><p >sell gold last chaos destiny duped in massed and lot of dual 180+965 xd</p></div></blockquote>Whats the point of duping it just ruins the game and its pathetic <p >Furthermore , thanks for the list creep</p>\n"
        },
        {
            "id": 83503,
            "timestamp": 1375202298,
            "author": {
                "id": 7482,
                "name": "Creep",
                "image": null
            },
            "comment": "<p >No Problem dude, You said the reason y Iam doin this</p>"
        }
    ]
}