{
    "meta": {
        "threadId": 10802,
        "threadName": "How do i get the navigation menu to go to the top of the table",
        "dateCreated": "2013-07-27T01:07:40+0000",
        "datePublished": "2013-07-27T01:07:40+0000",
        "pageCount": 1,
        "originalUrl": "https://lckb.dev/forum/index.php?/topic/10802-how-do-i-get-the-navigation-menu-to-go-to-the-top-of-the-table/",
        "authorId": 15794,
        "position": [
            {
                "@type": "ListItem",
                "position": 1,
                "item": {
                    "@id": "https://lckb.dev/forum/index.php?/forum/40-website-scripting-security/",
                    "name": "Website Scripting &amp; Security"
                }
            },
            {
                "@type": "ListItem",
                "position": 2,
                "item": {
                    "@id": "https://lckb.dev/forum/index.php?/forum/117-webmasters-help-talk/",
                    "name": "Webmasters Help &amp; Talk"
                }
            },
            {
                "@type": "ListItem",
                "position": 3,
                "item": {
                    "@id": "https://lckb.dev/forum/index.php?/forum/188-help-requests/",
                    "name": "Help &amp; Requests"
                }
            }
        ]
    },
    "commentData": [
        {
            "id": 82958,
            "timestamp": 1374887260,
            "author": {
                "id": 15794,
                "name": "Sutton",
                "image": null
            },
            "comment": "\n<p >Hey LCKB Community,</p>\n<p >I have been trying for a few hours on how to get my navigation menu to go to the top of the table because I need it at the top of the table for the design to work.</p>\n<p > </p>\n<p >This is a major problem because if anything is out of place then the whole design will just collapse.</p>\n<p >I have give you a image showing where I need the navigation menu. </p>\n<p >I have tried <td valign=\"top\" > but that did not work.</td></p>\n<p > </p>\n<p >Thanks in advanced </p>\n<p > </p>\n<p >Unique<a class=\"ipsAttachLink ipsAttachLink_image\" href=\"https://lckb.dev/forum/uploads/monthly_07_2013/post-15794-0-48582200-1374887250.png\" data-fileid=\"123\" data-fileext=\"png\" rel=\"\" ><img data-fileid=\"123\" class=\"ipsImage ipsImage_thumbnailed\" alt=\"post-15794-0-48582200-1374887250_thumb.png\" src=\"https://lckb.dev/forum/uploads/monthly_07_2013/post-15794-0-48582200-1374887250_thumb.png\" ></img></a></p>\n"
        },
        {
            "id": 83369,
            "timestamp": 1375119171,
            "author": {
                "id": 7695,
                "name": "CyberClaus",
                "image": null
            },
            "comment": "\n<p >In the header use something like this :</p>\n<pre class=\"ipsCode prettyprint\" >#header #headerleft{\n    display: block;\n    float: left;\n    width: 620px;\n    padding-top: 6px;\n</pre>\n<p ><span style=\"font-family:arial, helvetica, sans-serif;\" >Add also a <span style=\"color:rgb(0,0,0);font-size:13px;\" >text-align: center; And remember that if your width is too big it will unplace it</span></span></p>\n"
        },
        {
            "id": 83426,
            "timestamp": 1375142261,
            "author": {
                "id": 15794,
                "name": "Sutton",
                "image": null
            },
            "comment": "<p >Okay thanks CyberClause</p>"
        }
    ]
}