{
    "meta": {
        "threadId": 10816,
        "threadName": "Shops loading error",
        "dateCreated": "2013-07-28T10:48:08+0000",
        "datePublished": "2013-07-28T10:48:08+0000",
        "pageCount": 1,
        "originalUrl": "https://lckb.dev/forum/index.php?/topic/10816-shops-loading-error/",
        "authorId": 16983,
        "position": [
            {
                "@type": "ListItem",
                "position": 1,
                "item": {
                    "@id": "https://lckb.dev/forum/index.php?/forum/272-programmers-gateway/",
                    "name": "Programmers Gateway"
                }
            },
            {
                "@type": "ListItem",
                "position": 2,
                "item": {
                    "@id": "https://lckb.dev/forum/index.php?/forum/79-coders-talk/",
                    "name": "Coders Talk"
                }
            }
        ]
    },
    "commentData": [
        {
            "id": 83091,
            "timestamp": 1375008488,
            "author": {
                "id": 16983,
                "name": "Jaiz",
                "image": null
            },
            "comment": "\n<p ><img alt=\"j5xwzo.png\" src=\"http://i39.tinypic.com/j5xwzo.png\" /></p>\n<pre class=\"ipsCode prettyprint\" > MySqlConnectionStringBuilder mySqlConnectionStringBuilder = new MySqlConnectionStringBuilder();\n            mySqlConnectionStringBuilder.Server = this.textBox_host.Text;\n            mySqlConnectionStringBuilder.UserID = this.textBox_user.Text;\n            mySqlConnectionStringBuilder.Database = this.textBox_db.Text;\n            mySqlConnectionStringBuilder.Password = this.textBox_password.Text;\n            MySqlConnection mySqlConnection = new MySqlConnection(mySqlConnectionStringBuilder.ConnectionString);\n            MySqlConnection mySqlConnection2 = new MySqlConnection(mySqlConnectionStringBuilder.ConnectionString);\n            mySqlConnection2.Open();\n            MySqlCommand mySqlCommand = new MySqlCommand();\n            mySqlCommand.Connection = mySqlConnection;\n\n            {\n                try\n                {\n                    mySqlConnection.Open();\n                    MySqlCommand MySqlCommand = new MySqlCommand();\n                    MySqlCommand.Connection = mySqlConnection;\n                    string text = this.Shops.SelectedItem.ToString();\n                    MySqlCommand.CommandText = string.Concat(new string[]\n\t\t\t{\n\t\t\t\t\"select * from `\",\n\t\t\t\ttextBox_db.Text,\n\t\t\t\t\"`.`t_shop` where a_keeper_idx=\",\n\t\t\t\ttext,\n\t\t\t\t\";\"\n\t\t\t});\n                    this.Reader = MySqlCommand.ExecuteReader();\n                    this.Reader.Read();\n                    this.textBox_name.Text = this.Reader[\"a_keeper_idx\"].ToString();  \n                    this.Reader.Dispose();\n                }\n                catch (MySqlException ex)\n                {\n                    MessageBox.Show(\"Error:\\n\" + ex.Message);\n                }\n                finally\n                {\n                    if (this.Reader != null)\n                    {\n                        this.Reader.Dispose();\n                    }\n                    if (mySqlConnection != null)\n                    {\n                        mySqlConnection.Close();\n                        mySqlConnection.Dispose();\n                    }\n                }\n            }\n</pre>\n<p >My Code. I want if i click on this name that this displays on the textBox_name. How i can do that? Hope of help</p>\n<p > </p>\n<p >Regards Jaiz</p>\n"
        },
        {
            "id": 83099,
            "timestamp": 1375011514,
            "author": {
                "id": 919,
                "name": "someone",
                "image": null
            },
            "comment": "\n<p >Problem here:</p>\n<pre class=\"ipsCode prettyprint\" > this.Reader = MySqlCommand.ExecuteReader();\n this.Reader.Read();\n this.textBox_name.Text = this.Reader[\"a_keeper_idx\"].ToString(); \n</pre>\n<p >if there are no  rows  from the reader  it will return false, if it will try to read the a_keeprer_idx from the reader, it will throw an exception.</p>\n<p > </p>\n<p >Try something like this</p>\n<pre class=\"ipsCode prettyprint\" >this.Reader = MySqlCommand.ExecuteReader();\nif(this.Reader.Read()){\n   this.textBox_name.Text = this.Reader[\"a_keeper_idx\"].ToString();\n}\nthis.Reader.Close();</pre>\n<p >Try to use <span >this</span><span >.</span><span >Reader</span><span >.</span><span >Close</span><span >();</span> before <span >this</span><span >.</span><span >Reader</span><span >.</span><span >Dispose</span><span >();</span></p>\n<p > </p>\n<p ><span >Another problem is this:</span></p>\n<pre class=\"ipsCode prettyprint\" >string text = this.Shops.SelectedItem.ToString();\nMySqlCommand.CommandText = string.Concat(new string[]\n            {\n                \"select * from `\",\n                textBox_db.Text,\n                \"`.`t_shop` where a_keeper_idx=\",\n                text,\n                \";\"\n            });</pre>\n<p >this.Shops.SelectedItem.ToString() is a string not a index where in your query you look for a index:</p>\n<pre class=\"ipsCode prettyprint\" >\"select * from `t_shop` where a_keeper_idx=Master of Monster Combo;\"</pre>\n<p >Which it should be something like this(123 is the ID of the NPC):</p>\n<pre class=\"ipsCode prettyprint\" >\"select * from `t_shop` where a_keeper_idx=123;\"</pre>\n<p ><span >Why are you opening so many connections?</span></p>\n"
        },
        {
            "id": 83108,
            "timestamp": 1375013180,
            "author": {
                "id": 16983,
                "name": "Jaiz",
                "image": null
            },
            "comment": "\n<p >Well now there isnt any error but this dont display the keeper idx on the textBox_name. </p>\n<p > </p>\n<p >And yes i have many connections i havent cleaned up it yet xD</p>\n"
        },
        {
            "id": 83109,
            "timestamp": 1375013598,
            "author": {
                "id": 13172,
                "name": "soryjero",
                "image": null
            },
            "comment": "\n<blockquote data-ipsquote=\"\" class=\"ipsQuote\" data-ipsquote-contentcommentid=\"83108\" data-ipsquote-contentapp=\"forums\" data-ipsquote-contenttype=\"forums\" data-ipsquote-contentclass=\"forums_Topic\" data-ipsquote-contentid=\"10816\" data-ipsquote-username=\"Jaiz\" data-cite=\"Jaiz\" data-ipsquote-timestamp=\"1375013180\" ><div ><div >\n<p >Well now there isnt any error but this dont display the keeper idx on the textBox_name. </p>\n<p > </p>\n<p >And yes i have many connections i havent cleaned up it yet xD</p>\n</div></div></blockquote>\n<p > </p>\n<p >you have to double click on listbox and in the new event, you write what you want to see when you click on an element of the list.</p>\n<p > </p>\n<p >i hope you understand me.</p>\n"
        },
        {
            "id": 83110,
            "timestamp": 1375014102,
            "author": {
                "id": 919,
                "name": "someone",
                "image": null
            },
            "comment": "\n<p >try this as references</p>\n<p ><a href=\"http://toxic-l33t.ddns.net/forum/index.php?/topic/10680-c-import-list-of-the-characters-in-db-to-listbox/\" rel=\"external nofollow\" >http://toxic-l33t.ddns.net/forum/index.php?/topic/10680-c-import-list-of-the-characters-in-db-to-listbox/</a></p>\n<pre class=\"ipsCode prettyprint\" >DataTable dt = new DataTable();\ndt.Load(dbreader);\nlistBox1.DataSource =dt;\nlistBox1.DisplayMember = \"test_column\";\n</pre>\n<p >On Click event:</p>\n<pre class=\"ipsCode prettyprint\" >DataTable dt = listBox1.DataSource\nthis.textBox_name = dt.rows[listBox1.selectedIndex][\"Column_name\"];</pre>\n"
        },
        {
            "id": 83111,
            "timestamp": 1375014301,
            "author": {
                "id": 16983,
                "name": "Jaiz",
                "image": null
            },
            "comment": "\n<blockquote data-ipsquote=\"\" class=\"ipsQuote\" data-ipsquote-contentcommentid=\"83109\" data-ipsquote-contentapp=\"forums\" data-ipsquote-contenttype=\"forums\" data-ipsquote-contentclass=\"forums_Topic\" data-ipsquote-contentid=\"10816\" data-ipsquote-username=\"soryjero\" data-cite=\"soryjero\" data-ipsquote-timestamp=\"1375013598\" ><div ><div >\n<p >you have to double click on listbox and in the new event, you write what you want to see when you click on an element of the list.</p>\n<p > </p>\n<p >i hope you understand me.</p>\n</div></div></blockquote>\n<p >yes and there is my problem.</p>\n<p > </p>\n<p >Error: </p>\n<p ><span >dt</span><span style=\"color:rgb(102,102,0);\" >.</span><span style=\"color:rgb(102,0,102);\" >Load</span><span style=\"color:rgb(102,102,0);\" >(</span><span >dbreader</span><span style=\"color:rgb(102,102,0);\" >);</span></p>\n\n\n\t\t\t\n\t\t\t\t\n\n<span class=\"ipsType_reset ipsType_medium ipsType_light\" data-excludequote=\"None\" >\n\t<strong >Edited <time datetime=\"2013-07-28T12:41:51Z\" title=\"07/28/2013 12:41  PM\" data-short=\"7 yr\" >July 28, 2013</time> by Jaiz</strong>\n\t\n\t\n</span>\n\t\t\t\n\t\t</div>"
        },
        {
            "id": 83115,
            "timestamp": 1375016301,
            "author": {
                "id": 16983,
                "name": "Jaiz",
                "image": null
            },
            "comment": "\n<pre class=\"ipsCode prettyprint\" >DataTable dt = listBox1.DataSource </pre>\n<p ><span style=\"color:rgb(102,0,102);\" >This code shows me a error too</span></p>\n\n\n\t\t\t\n\t\t\t\t\n\n<span class=\"ipsType_reset ipsType_medium ipsType_light\" data-excludequote=\"None\" >\n\t<strong >Edited <time datetime=\"2013-07-28T12:58:47Z\" title=\"07/28/2013 12:58  PM\" data-short=\"7 yr\" >July 28, 2013</time> by Jaiz</strong>\n\t\n\t\n</span>\n\t\t\t\n\t\t</div>"
        },
        {
            "id": 83145,
            "timestamp": 1375023683,
            "author": {
                "id": 919,
                "name": "someone",
                "image": null
            },
            "comment": "\n<p >How hard is it:</p>\n<pre class=\"ipsCode prettyprint\" >private MySqlConnection dbCon = new MySqlConnection();\nprivate void btnLoad_Click(object sender, EventArgs e)\n{\n    try{\n        //get data from the table\n        MySqlCommand dbCmd = new MySqlCommand(\"SELECT * FROM test_table \", dbCon);\n        MySqlDataReader dbReader = dbCmd.ExecuteReader();\n        DataTable dt = new DataTable();\n        dt.Load(dbReader);\n\n        //add it to the listbox\n        listBox1.DataSource = dt;\n        listBox1.DisplayMember = \"test_column2\";\n\n        //close the reader\n        dbReader.Close();\n        dbCmd.Dispose();\n    }catch(Exception ex){\n        MessageBox.Show(ex.Message);\n    }\n}\n\nprivate void listBox1_SelectedIndexChanged(object sender, EventArgs e)\n{\n    //check if the selected row is  less then 0\n    int row = listBox1.SelectedIndex;\n    if (row < 0) return;\n\n    // get the data from the list\n    DataTable dt =(DataTable) listBox1.DataSource;\n    textBox1.Text = dt.Rows[row][\"test_column3\"].ToString();\n}\n\nprivate void btnSave_Click(object sender, EventArgs e)\n{\n    //saving the  data\n    //check if the selected row is  less then 0\n    int row = listBox1.SelectedIndex;\n    if (row < 0) return;\n\n    // get the data from the list\n    DataTable dt = (DataTable)listBox1.DataSource;\n    dt.Rows[row][\"test_column3\"] = textBox1.Text;\n    MySqlCommand dbCmd = new MySqlCommand(\"Update test_table SET test_column3=\" + textBox1.Text + \"WHERE test_column1 =\" + dt.Rows[row][\"test_column1\"] + \";\", dbCon);\n    try{\n        dbCmd.ExecuteNonQuery();\n        dbCmd.Dispose();\n    }catch (Exception ex){\n        MessageBox.Show(ex.Message);\n    }\n}\n\nprivate void Form1_Load(object sender, EventArgs e)\n{\n    //make a SQLConnection\n    string strConnection = @\"server=127.0.0.1;database=testdb;uid=root;password=test\";\n    dbCon.ConnectionString = strConnection;\n    try{\n        dbCon.Open();\n    }catch (Exception ex){\n        MessageBox.Show(ex.Message);\n    }\n}</pre>\n"
        },
        {
            "id": 83174,
            "timestamp": 1375029713,
            "author": {
                "id": 16983,
                "name": "Jaiz",
                "image": null
            },
            "comment": "\n<p >Thank you very much someone. But 1 question i have. The dbCon i cant make it change able?</p>\n<pre class=\"ipsCode prettyprint\" >/make a SQLConnection\n    string strConnection = @\"server=127.0.0.1;database=testdb;uid=root;password=test\";\n    dbCon.ConnectionString = strConnection;\n    try{\n        dbCon.Open();\n    }catch (Exception ex){\n        MessageBox.Show(ex.Message);\n    }\n</pre>\n<p >here server=textBox_host.Text thats work or? I want make it change able per textBox :P</p>\n\n\n\t\t\t\n\t\t\t\t\n\n<span class=\"ipsType_reset ipsType_medium ipsType_light\" data-excludequote=\"None\" >\n\t<strong >Edited <time datetime=\"2013-07-28T16:42:09Z\" title=\"07/28/2013 04:42  PM\" data-short=\"7 yr\" >July 28, 2013</time> by Jaiz</strong>\n\t\n\t\n</span>\n\t\t\t\n\t\t</div>"
        },
        {
            "id": 83176,
            "timestamp": 1375031262,
            "author": {
                "id": 919,
                "name": "someone",
                "image": null
            },
            "comment": "\n<p >You first need to close the connection to change it and then reopen it.</p>\n<p >More info read this thread:</p>\n<p ><a href=\"http://toxic-l33t.ddns.net/forum/index.php?/topic/10432-question-about-mysql-and-c/\" rel=\"external nofollow\" >http://toxic-l33t.ddns.net/forum/index.php?/topic/10432-question-about-mysql-and-c/</a></p>\n"
        },
        {
            "id": 83181,
            "timestamp": 1375032959,
            "author": {
                "id": 16983,
                "name": "Jaiz",
                "image": null
            },
            "comment": "\n<p >The last question and all done. Thank you very much @<a contenteditable=\"false\" data-ipshover=\"\" href=\"https://lckb.dev/forum/index.php?/profile/919-someone/\" data-ipshover-target=\"https://lckb.dev/forum/index.php?/profile/919-someone/&do=hovercard\" data-mentionid=\"919\" rel=\"\" >@someone</a> :) Also here: </p>\n<pre class=\"ipsCode prettyprint\" > MySqlCommand dbCmd = new MySqlCommand(\"Update test_table SET test_column3=\" + textBox1.Text + \"WHERE test_column1 =\" + dt.Rows[row][\"test_column1\"] + \";\", dbCon);\n\n\n</pre>\n<p >i want update the table: t_shop -> a_keeper_idx</p>\n<p >This code where i write </p>\n<pre class=\"ipsCode prettyprint\" > MySqlCommand dbCmd = new MySqlCommand(\"Update t_shop SET a_keeper_idx=\" + textBox_id.Text+ \"WHERE (IDK what here) =\" + dt.Rows[row][\"(idk what here)\"] + \";\", dbCon);\n</pre>\n<p >What is the column 1? </p>\n"
        },
        {
            "id": 83361,
            "timestamp": 1375116001,
            "author": {
                "id": 919,
                "name": "someone",
                "image": null
            },
            "comment": "\n<p >you need the condition to which  row to apply it:</p>\n<p ><span >Update t_shop SET a_keeper_idx=New ID </span><span >WHERE </span><span >a_keeper_idx</span><span > =Old ID</span><span >;\"</span></p>\n"
        },
        {
            "id": 83364,
            "timestamp": 1375116749,
            "author": {
                "id": 16983,
                "name": "Jaiz",
                "image": null
            },
            "comment": "<p >The Update code seems to dont work. Its update it but if i reload the listBox i see my old ID.</p>"
        },
        {
            "id": 83414,
            "timestamp": 1375136793,
            "author": {
                "id": 13172,
                "name": "soryjero",
                "image": null
            },
            "comment": "\n<blockquote data-ipsquote=\"\" class=\"ipsQuote\" data-ipsquote-contentcommentid=\"83364\" data-ipsquote-contentapp=\"forums\" data-ipsquote-contenttype=\"forums\" data-ipsquote-contentclass=\"forums_Topic\" data-ipsquote-contentid=\"10816\" data-ipsquote-username=\"Jaiz\" data-cite=\"Jaiz\" data-ipsquote-timestamp=\"1375116749\" ><div ><div ><p >The Update code seems to dont work. Its update it but if i reload the listBox i see my old ID.</p></div></div></blockquote>\n<p > </p>\n<p >you see your old list because you have to erase listbox before reload it</p>\n"
        },
        {
            "id": 83537,
            "timestamp": 1375209830,
            "author": {
                "id": 16983,
                "name": "Jaiz",
                "image": null
            },
            "comment": "\n<p >You mean i have to erase it? How to do? (sorry im noob on listbox with mysql config, im trying to learn it)</p>\n<p > </p>\n<p >Regards Jaiz</p>\n"
        },
        {
            "id": 83559,
            "timestamp": 1375223697,
            "author": {
                "id": 13172,
                "name": "soryjero",
                "image": null
            },
            "comment": "\n<blockquote data-ipsquote=\"\" class=\"ipsQuote\" data-ipsquote-contentcommentid=\"83537\" data-ipsquote-contentapp=\"forums\" data-ipsquote-contenttype=\"forums\" data-ipsquote-contentclass=\"forums_Topic\" data-ipsquote-contentid=\"10816\" data-ipsquote-username=\"Jaiz\" data-cite=\"Jaiz\" data-ipsquote-timestamp=\"1375209830\" ><div ><div >\n<p >You mean i have to erase it? How to do? (sorry im noob on listbox with mysql config, im trying to learn it)</p>\n<p > </p>\n<p >Regards Jaiz</p>\n</div></div></blockquote>\n<p > </p>\n<p >before add items in listbox, you have to do:</p>\n<pre class=\"ipsCode prettyprint\" >listBox1.Items.Clear();\n</pre>\n"
        },
        {
            "id": 83601,
            "timestamp": 1375275664,
            "author": {
                "id": 16983,
                "name": "Jaiz",
                "image": null
            },
            "comment": "\n<pre class=\"ipsCode prettyprint\" >listBox1.Items.Clear();</pre>\n<p >After adding and reloading error.</p>\n"
        },
        {
            "id": 83676,
            "timestamp": 1375307954,
            "author": {
                "id": 13172,
                "name": "soryjero",
                "image": null
            },
            "comment": "<p >when you write what i have posted, you have to reload npcs before select some of them.</p>\n\n\t\t\t\n\t\t\t\t\n\n<span class=\"ipsType_reset ipsType_medium ipsType_light\" data-excludequote=\"None\" >\n\t<strong >Edited <time datetime=\"2013-08-01T13:01:26Z\" title=\"08/01/2013 01:01  PM\" data-short=\"7 yr\" >August 1, 2013</time> by soryjero</strong>\n\t\n\t\n</span>\n\t\t\t\n\t\t</div>"
        }
    ]
}