{
    "meta": {
        "threadId": 10841,
        "threadName": "EP1 Eternia Client",
        "dateCreated": "2013-07-28T23:52:48+0000",
        "datePublished": "2013-07-28T23:52:48+0000",
        "pageCount": 1,
        "originalUrl": "https://lckb.dev/forum/index.php?/topic/10841-ep1-eternia-client/",
        "authorId": 12148,
        "position": [
            {
                "@type": "ListItem",
                "position": 1,
                "item": {
                    "@id": "https://lckb.dev/forum/index.php?/forum/258-release-zone/",
                    "name": "Release Zone"
                }
            },
            {
                "@type": "ListItem",
                "position": 2,
                "item": {
                    "@id": "https://lckb.dev/forum/index.php?/forum/324-episode-1-releases/",
                    "name": "Episode 1 Releases"
                }
            },
            {
                "@type": "ListItem",
                "position": 3,
                "item": {
                    "@id": "https://lckb.dev/forum/index.php?/forum/42-client-side/",
                    "name": "Client Side"
                }
            }
        ]
    },
    "commentData": [
        {
            "id": 83256,
            "timestamp": 1375055568,
            "author": {
                "id": 12148,
                "name": "extreme",
                "image": null
            },
            "comment": "\n<pre class=\"ipsCode prettyprint\" >http://www.mediafire.com/download/k5zuoiku2yd/Eternia-LastChaos.exe\n\n</pre>\n<p >This is public link (one of the few still working) of the Eternia Client EP1.</p>\n<p >Unfortunately i dont know if it contains some virus because i cant check and see in this moment im little busy. But i think no because while ago i downloaded and was without virus.</p>\n<p >Is a original client without  any changes.</p>\n<p >Nothing special, but I saw that many ppl request it, for this i  decided to post.</p>\n<p >it is not my client i dont assume any responsibility to all files that include the client.</p>\n<p >Well, Good Luck.</p>\n<pre class=\"ipsCode prettyprint\" >File size: 619.21 MB\nUploaded: 2010-02-26 04:29:04\n</pre>\n\n\n\t\t\t\n\t\t\t\t\n\n<span class=\"ipsType_reset ipsType_medium ipsType_light\" data-excludequote=\"None\" >\n\t<strong >Edited <time datetime=\"2013-07-29T00:54:38Z\" title=\"07/29/2013 12:54  AM\" data-short=\"7 yr\" >July 29, 2013</time> by extreme</strong>\n\t\n\t\n</span>\n\t\t\t\n\t\t</div>"
        },
        {
            "id": 83258,
            "timestamp": 1375056727,
            "author": {
                "id": null,
                "name": "Guest SmoGG",
                "image": null
            },
            "comment": "\n<p >Approved.</p>\n<p > </p>\n<p >& thanks for share :-)</p>\n"
        },
        {
            "id": 83259,
            "timestamp": 1375056792,
            "author": {
                "id": 2835,
                "name": "halohalo",
                "image": null
            },
            "comment": "<p >Thank you^^</p>"
        },
        {
            "id": 83264,
            "timestamp": 1375059318,
            "author": {
                "id": 18617,
                "name": "WiZ",
                "image": null
            },
            "comment": "<p >Nice, thanks !</p>"
        },
        {
            "id": 97929,
            "timestamp": 1393085141,
            "author": {
                "id": 19291,
                "name": "123456789",
                "image": null
            },
            "comment": "<p >Il est no bug .??</p>"
        }
    ]
}