{
    "meta": {
        "threadId": 1084,
        "threadName": "About ExtremeLC ...",
        "dateCreated": "2011-10-19T02:39:18+0000",
        "datePublished": "2011-10-19T02:39:18+0000",
        "pageCount": 1,
        "originalUrl": "https://lckb.dev/forum/index.php?/topic/1084-about-extremelc/",
        "authorId": null,
        "position": [
            {
                "@type": "ListItem",
                "position": 1,
                "item": {
                    "@id": "https://lckb.dev/forum/index.php?/forum/271-general-section/",
                    "name": "General Section"
                }
            },
            {
                "@type": "ListItem",
                "position": 2,
                "item": {
                    "@id": "https://lckb.dev/forum/index.php?/forum/259-general-discussion/",
                    "name": "General Discussion"
                }
            }
        ]
    },
    "commentData": [
        {
            "id": 8834,
            "timestamp": 1318991958,
            "author": {
                "id": null,
                "name": "Guest BouletteBill",
                "image": null
            },
            "comment": "\n<p >Hello</p>\n<p > </p>\n<p >As many of you play Last Chaos, Im almost certain that one or more members know one of the ExtremeLC administrators .</p>\n<p > </p>\n<p >I play on this server from its start on the web, and I have four lvl 165 char.</p>\n<p > </p>\n<p >On the older version of their forum, I devoted myself to helping people by answering their questions and I sent many videos of cheaters in the hope of one day becoming GM.</p>\n<p > </p>\n<p >I think there should be a GM presence on the server. I have often tried to contact the admin about my desire to be part of their team, without receiving any response...</p>\n<p > </p>\n<p >I am a father of three children, Im 31 years old, and I spend between 8-10 hours a day on the web. I really want to help this server by bringing my ideas, my knowledge and my time as GA or GM to help players, and to remind these players that they have a great importance on the server, even if only to play with them in arena.</p>\n<p > </p>\n<p >If someone would pass the word to the admin of ExtremeLC, I would be very grateful...</p>\n<p > </p>\n<p >I know very well that server, and I believe a continuous GM presence would greatly increase the reputation of the server.</p>\n<p > </p>\n<p > </p>\n<p > </p>\n<p >Thanks to all you for reading.</p>\n"
        },
        {
            "id": 8837,
            "timestamp": 1319001594,
            "author": {
                "id": 161,
                "name": "Koko",
                "image": null
            },
            "comment": "\n<p >Even if Wiz works for xlc :</p>\n<p > </p>\n<p >1 - Wrong forum</p>\n<p >2 - Hes not the admin</p>\n<p > </p>\n<p >I suppose we can close this thread?</p>\n"
        }
    ]
}