{
    "meta": {
        "threadId": 10877,
        "threadName": "Complete DataBase V8b by CDWriter",
        "dateCreated": "2013-07-31T04:08:15+0000",
        "datePublished": "2013-07-31T04:08:15+0000",
        "pageCount": 4,
        "originalUrl": "https://lckb.dev/forum/index.php?/topic/10877-complete-database-v8b-by-cdwriter/",
        "authorId": 17582,
        "position": [
            {
                "@type": "ListItem",
                "position": 1,
                "item": {
                    "@id": "https://lckb.dev/forum/index.php?/forum/258-release-zone/",
                    "name": "Release Zone"
                }
            },
            {
                "@type": "ListItem",
                "position": 2,
                "item": {
                    "@id": "https://lckb.dev/forum/index.php?/forum/325-episode-2-releases/",
                    "name": "Episode 2 Releases"
                }
            },
            {
                "@type": "ListItem",
                "position": 3,
                "item": {
                    "@id": "https://lckb.dev/forum/index.php?/forum/125-server-side/",
                    "name": "Server Side"
                }
            }
        ]
    },
    "commentData": [
        {
            "id": 83566,
            "timestamp": 1375243695,
            "author": {
                "id": 17582,
                "name": "CDWriter",
                "image": null
            },
            "comment": "\n<p ><span style=\"color:rgb(0,0,0);font-family:Verdana, Arial;font-size:12px;\" >V8</span><br /><span style=\"color:rgb(0,0,0);font-family:Verdana, Arial;font-size:12px;\" >**</span><br /><br /><span style=\"color:rgb(0,0,0);font-family:Verdana, Arial;font-size:12px;\" >Hello community</span><br /><br /><span style=\"color:rgb(0,0,0);font-family:Verdana, Arial;font-size:12px;\" >Here i release another complete sql release COMPLETE meaning with client data files to match.</span><br /><span style=\"color:rgb(0,0,0);font-family:Verdana, Arial;font-size:12px;\" >These files are for the Centos USA last chaos release and should be compatible to gamegos release..</span><br /><br /><span style=\"color:rgb(0,0,0);font-family:Verdana, Arial;font-size:12px;\" >** </span><br /><span style=\"color:rgb(0,0,0);font-family:Verdana, Arial;font-size:12px;\" >There will be 1 account for this last release, by now you all know how to add a account... also at this point you need to either delete the account steve and start with your own our leave steve there to get started.</span><br /><span style=\"color:rgb(0,0,0);font-family:Verdana, Arial;font-size:12px;\" >ill add LastChaos Password Hasher (by fabi202cool) a file needed to create one and get you started..</span><br /><br /><br /><br /><span style=\"color:rgb(0,0,0);font-family:Verdana, Arial;font-size:12px;\" >-- English </span><br /><span style=\"color:rgb(0,0,0);font-family:Verdana, Arial;font-size:12px;\" >Today I give you V8, Now this is still work in Progress and if you do not report errors i cant fix them for next release ..</span><br /><span style=\"color:rgb(0,0,0);font-family:Verdana, Arial;font-size:12px;\" >Please report Errors </span><br /><br /><span style=\"color:rgb(0,0,0);font-family:Verdana, Arial;font-size:12px;\" >-- Deutsch</span><br /><span style=\"color:rgb(0,0,0);font-family:Verdana, Arial;font-size:12px;\" >Heute gebe ich euch V8, Nun ist dies immer noch in Arbeit, und wenn Sie nicht melden Fehler i cant l\u00c3\u0192\u00c2\u00b6sen f\u00c3\u0192\u00c2\u00bcr n\u00c3\u0192\u00c2\u00a4chste Release ..</span><br /><span style=\"color:rgb(0,0,0);font-family:Verdana, Arial;font-size:12px;\" >Bitte melden Sie Fehler</span><br /><br /><span style=\"color:rgb(0,0,0);font-family:Verdana, Arial;font-size:12px;\" >-- \u00c3\u00c2\u00bd\u00c3\u00c2\u00b5\u00c3\u00c2\u00bc\u00c3\u00c2\u00b5\u00c3\u2018\u00e2\u20ac \u00c3\u00c2\u00ba\u00c3\u00c2\u00b8\u00c3\u00c2\u00b9</span><br /><span style=\"color:rgb(0,0,0);font-family:Verdana, Arial;font-size:12px;\" >\u00c3\u00c2\u00a1\u00c3\u00c2\u00b5\u00c3\u00c2\u00b3\u00c3\u00c2\u00be\u00c3\u00c2\u00b4\u00c3\u00c2\u00bd\u00c3\u2018\u00c2 \u00c3\u2018\u00c2 \u00c3\u00c2\u00b4\u00c3\u00c2\u00b0\u00c3\u2018\u00c5\u00bd \u00c3\u00c2\u00b2\u00c3\u00c2\u00b0\u00c3\u00c2\u00bc V8, \u00c3\u2018\u00c2\u00c3\u00c2\u00b5\u00c3\u00c2\u00b9\u00c3\u2018\u00e2\u20ac\u00a1\u00c3\u00c2\u00b0\u00c3\u2018\u00c2 \u00c3\u2018\u00c2\u00c3\u2018\u00e2\u20ac\u0161\u00c3\u00c2\u00be \u00c3\u00c2\u00b2\u00c3\u2018\u00c2\u00c3\u00c2\u00b5 \u00c3\u00c2\u00b5\u00c3\u2018\u00e2\u20ac\u00b0\u00c3\u00c2\u00b5 \u00c3\u00c2\u00bd\u00c3\u00c2\u00b5\u00c3\u00c2\u00b7\u00c3\u00c2\u00b0\u00c3\u00c2\u00b2\u00c3\u00c2\u00b5\u00c3\u2018\u00e2\u201a\u00ac\u00c3\u2018\u00cb\u2020\u00c3\u00c2\u00b5\u00c3\u00c2\u00bd\u00c3\u00c2\u00bd\u00c3\u00c2\u00be\u00c3\u00c2\u00b5 \u00c3\u00c2\u00bf\u00c3\u2018\u00e2\u201a\u00ac\u00c3\u00c2\u00be\u00c3\u00c2\u00b8\u00c3\u00c2\u00b7\u00c3\u00c2\u00b2\u00c3\u00c2\u00be\u00c3\u00c2\u00b4\u00c3\u2018\u00c2\u00c3\u2018\u00e2\u20ac\u0161\u00c3\u00c2\u00b2\u00c3\u00c2\u00be \u00c3\u00c2\u00b8 \u00c3\u00c2\u00b5\u00c3\u2018\u00c2\u00c3\u00c2\u00bb\u00c3\u00c2\u00b8 \u00c3\u00c2\u00b2\u00c3\u2018\u00e2\u20ac\u00b9 \u00c3\u00c2\u00bd\u00c3\u00c2\u00b5 \u00c3\u2018\u00c2\u00c3\u00c2\u00be\u00c3\u00c2\u00be\u00c3\u00c2\u00b1\u00c3\u2018\u00e2\u20ac\u00b0\u00c3\u00c2\u00b0\u00c3\u2018\u00e2\u20ac\u0161\u00c3\u2018\u00c5\u2019 \u00c3\u00c2\u00be\u00c3\u00c2\u00b1 \u00c3\u00c2\u00be\u00c3\u2018\u00cb\u2020\u00c3\u00c2\u00b8\u00c3\u00c2\u00b1\u00c3\u00c2\u00ba\u00c3\u00c2\u00b0\u00c3\u2018\u00e2\u20ac\u00a6 \u00c3\u2018\u00c2 \u00c3\u00c2\u00bd\u00c3\u00c2\u00b5 \u00c3\u00c2\u00bc\u00c3\u00c2\u00be\u00c3\u00c2\u00b3\u00c3\u2018\u00c6\u2019 \u00c3\u00c2\u00b8\u00c3\u2018\u00c2\u00c3\u00c2\u00bf\u00c3\u2018\u00e2\u201a\u00ac\u00c3\u00c2\u00b0\u00c3\u00c2\u00b2\u00c3\u00c2\u00b8\u00c3\u2018\u00e2\u20ac\u0161\u00c3\u2018\u00c5\u2019 \u00c3\u00c2\u00b8\u00c3\u2018\u00e2\u20ac\u00a6 \u00c3\u00c2\u00b4\u00c3\u00c2\u00bb\u00c3\u2018\u00c2 \u00c3\u2018\u00c2\u00c3\u00c2\u00bb\u00c3\u00c2\u00b5\u00c3\u00c2\u00b4\u00c3\u2018\u00c6\u2019\u00c3\u2018\u00c5\u00bd\u00c3\u2018\u00e2\u20ac\u00b0\u00c3\u00c2\u00b5\u00c3\u00c2\u00b3\u00c3\u00c2\u00be \u00c3\u2018\u00e2\u201a\u00ac\u00c3\u00c2\u00b5\u00c3\u00c2\u00bb\u00c3\u00c2\u00b8\u00c3\u00c2\u00b7\u00c3\u00c2\u00b0 ..</span><br /><span style=\"color:rgb(0,0,0);font-family:Verdana, Arial;font-size:12px;\" >\u00c3\u00c5\u00b8\u00c3\u00c2\u00be\u00c3\u00c2\u00b6\u00c3\u00c2\u00b0\u00c3\u00c2\u00bb\u00c3\u2018\u00c6\u2019\u00c3\u00c2\u00b9\u00c3\u2018\u00c2\u00c3\u2018\u00e2\u20ac\u0161\u00c3\u00c2\u00b0, \u00c3\u2018\u00c2\u00c3\u00c2\u00be\u00c3\u00c2\u00be\u00c3\u00c2\u00b1\u00c3\u2018\u00e2\u20ac\u00b0\u00c3\u00c2\u00b0\u00c3\u00c2\u00b9\u00c3\u2018\u00e2\u20ac\u0161\u00c3\u00c2\u00b5 \u00c3\u00c2\u00be\u00c3\u00c2\u00b1 \u00c3\u00c2\u00be\u00c3\u2018\u00cb\u2020\u00c3\u00c2\u00b8\u00c3\u00c2\u00b1\u00c3\u00c2\u00ba\u00c3\u00c2\u00b0\u00c3\u2018\u00e2\u20ac\u00a6</span><br /><br /><br /><span style=\"color:rgb(0,0,0);font-family:Verdana, Arial;font-size:12px;\" >Thanks everyone who helped, and everyone who has release public tools, anything in this release has the Authors name of who gave it to me our from where i got it....</span><br /><span style=\"color:rgb(0,0,0);font-family:Verdana, Arial;font-size:12px;\" >Except for Me my name is only on the forum i will not add my name or anything to it ...</span><br /><br /><span style=\"color:rgb(0,0,0);font-family:Verdana, Arial;font-size:12px;\" >As for what was done this time.</span><br /><br /><span style=\"color:rgb(0,0,0);font-family:Verdana, Arial;font-size:12px;\" >RELEASE V8</span><br /><span style=\"color:rgb(0,0,0);font-family:Verdana, Arial;font-size:12px;\" >----------</span><br /><br /><span style=\"color:rgb(0,0,0);font-family:Verdana, Arial;font-size:12px;\" >Fixes</span><br /><span style=\"color:rgb(0,0,0);font-family:Verdana, Arial;font-size:12px;\" >any other errors reported to me.</span><br /><span style=\"color:rgb(0,0,0);font-family:Verdana, Arial;font-size:12px;\" >reward gift for finishing fellowship</span><br /><span style=\"color:rgb(0,0,0);font-family:Verdana, Arial;font-size:12px;\" >added elephant skills original Icons</span></p>\n<p >fixed the load setting error sorry all .......</p>\n<p >much more its just hard to remember what ive done.<br /><br /><span style=\"color:rgb(0,0,0);font-family:Verdana, Arial;font-size:12px;\" >If you see anything wrong with anything i might have done please let me now.</span><br /><br /><span style=\"color:rgb(0,0,0);font-family:Verdana, Arial;font-size:12px;\" >**Extras</span><br /><span style=\"color:rgb(0,0,0);font-family:Verdana, Arial;font-size:12px;\" >--------</span><br /><span style=\"color:rgb(0,0,0);font-family:Verdana, Arial;font-size:12px;\" >Time Stamp <-- Used to get a Correct Unix time for t_lc_time / Newproject_db needs to be there for Automation of Ranking list.</span><br /><span style=\"color:rgb(0,0,0);font-family:Verdana, Arial;font-size:12px;\" >GameServer_d(USA) Newer___My Gameserver Lvl 180 gm 186 <-- WHAT i use so i can level to 180.</span><br /><span style=\"color:rgb(0,0,0);font-family:Verdana, Arial;font-size:12px;\" >GameServer_d(USA) Newer.rar <-- Original release by blankname.</span><br /><span style=\"color:rgb(0,0,0);font-family:Verdana, Arial;font-size:12px;\" >Readme for GameServer_d(USA) Newer.txt <-- Explains all about the Rar file also has all the OFFSETS by Blankname and Buff Npc Offsets where given by Douglas Origens.</span><br /><br /><span style=\"color:rgb(0,0,0);font-family:Verdana, Arial;font-size:12px;\" >**Notes</span><br /><span style=\"color:rgb(0,0,0);font-family:Verdana, Arial;font-size:12px;\" >-------</span><br /><span style=\"color:rgb(0,0,0);font-family:Verdana, Arial;font-size:12px;\" >I will not add editors to this release. but i could give you a list of the public ones i used. </span><br /><br /><br /><span style=\"color:rgb(0,0,0);font-family:Verdana, Arial;font-size:12px;\" >Just remember i will reply to your post to understand the error better its not me attacking you in any way, Just need to understand how you worded the mistake...</span><br /><br /><span style=\"color:rgb(0,0,0);font-family:Verdana, Arial;font-size:12px;\" >Special thanks to Public Tool Designers, Wizatek, Hateme, Bash, Fillix, Falo, and all the others i might have missed...</span><br /><br /><span style=\"color:rgb(0,0,0);font-family:Verdana, Arial;font-size:12px;\" >As long as there error reports ill keep releasing these bases ...something simple ill add the sql fix to this topic..</span><br /><br /><br /><span style=\"color:rgb(0,0,0);font-family:Verdana, Arial;font-size:12px;\" >To DOWNLOAD this 8th release file go here:</span><br /><br /><a href=\"http://fbe.am/mpB\" rel=\"external nofollow\" >fbe.am/mptpB</a></p>\n<div > </div>\n<div >2nd download for 8th release </div>\n<div ><a href=\"https://mega.co.nz/#!RVx3EZIR!b54hCRyGgAzbHLcuw2mlIi-pYP9UQl_7-Yl-meZMgcs\" rel=\"external nofollow\" >https://mega.co.nz/#!RVx3EZIR!b54hCRyGgAzbHLcuw2mlIi-pUQl_7-Yl-meZMgcs</a></div>\n<p > </p>\n<p ><span style=\"color:rgb(0,0,0);font-family:Verdana, Arial;font-size:12px;\" >My Server Files:</span><br /><br /><a href=\"https://mega.co.nz/#!gBZUFBBT!R6gSSnIh1OA78ya7wSjCrVde8Yc4xG28F-Mf9Lw4wFI\" rel=\"external nofollow\" >My Server Files</a></p>\n<p > </p>\n<p >PASSWORD : cdwriter<br /><br /><br /><span style=\"color:rgb(0,0,0);font-family:Verdana, Arial;font-size:12px;\" >Simple WAY to get a client</span><br /><span style=\"color:rgb(0,0,0);font-family:Verdana, Arial;font-size:12px;\" >*********************************</span><br /><span style=\"color:rgb(0,0,0);font-family:Verdana, Arial;font-size:12px;\" >1. In Theory so far it looks like any USA client will work just update fully.</span><br /><br /><span style=\"color:rgb(0,0,0);font-family:Verdana, Arial;font-size:12px;\" >2. This UPDATED folder will be your NEW client..</span><br /><br /><span style=\"color:rgb(0,0,0);font-family:Verdana, Arial;font-size:12px;\" >3. Now Open my release u will see USA Files and Extras goto USA files copy the folders to the new client, BIN and DATA folders you must copy the content of each of them over into the same folders.</span><br /><br /><span style=\"color:rgb(0,0,0);font-family:Verdana, Arial;font-size:12px;\" >4. At this point you should be 100% compatible to my SQL. As long as you used the Extra folder and the GS in there. Steve account has 1 - 180 character and can support up to 8. if you can not get to this toon then you did not follow all what i put here in this new release... start again.</span><br /><br /><span style=\"color:rgb(0,0,0);font-family:Verdana, Arial;font-size:12px;\" >For every account you make you need to do the following to get the 8 character slot working. Lets get the 8 Character creation started ...Go into newproject_db find table t_extendcharslot and add in your char number (take from newproject_db_auth / bg_user - column user_code) date it starts and date it ends. I added my account name there for a reference.  (Temp for now till someone figures the in-game item out).</span><br /><br /><span style=\"color:rgb(0,0,0);font-family:Verdana, Arial;font-size:12px;\" >5 Why did i not think of this before, This way we are using USA last chaos download sites for our NEW client  and make it simple i always say.........</span><br /><br /><span style=\"color:rgb(0,0,0);font-family:Verdana, Arial;font-size:12px;\" >I have tested this myself and all works great, and still using it this way... any issues please let me now ...sorry for all the confusion before..</span><br /><br /><br /><span style=\"color:rgb(0,0,0);font-family:Verdana, Arial;font-size:12px;\" >Please REPORT ERRORS CANT fix what i dont know of....</span><br /><br /><span style=\"color:rgb(0,0,0);font-family:Verdana, Arial;font-size:12px;\" >If you have any issues getting it started or loading the database please post it in the help section.</span><br /><br /><span style=\"color:rgb(0,0,0);font-family:Verdana, Arial;font-size:12px;\" >Client</span><br /><span style=\"color:rgb(0,0,0);font-family:Verdana, Arial;font-size:12px;\" >*******</span><br /><a href=\"https://mega.co.nz/#!gcJFGToJ!Zudrqw3wLLTFsnUEz42WqhBZMalkd-fiqdaSru5ca-Q\" rel=\"external nofollow\" >Client Download</a><br /><span style=\"color:rgb(0,0,0);font-family:Verdana, Arial;font-size:12px;\" >Thanks to dethunter12 for this client upload..</span><br /><br /><br /><br /><span style=\"color:rgb(0,0,0);font-family:Verdana, Arial;font-size:12px;\" >CDWriter</span></p>\n\n\n\t\t\t\n\t\t\t\t\n\n<span class=\"ipsType_reset ipsType_medium ipsType_light\" data-excludequote=\"None\" >\n\t<strong >Edited <time datetime=\"2014-03-03T00:46:43Z\" title=\"03/03/2014 12:46  AM\" data-short=\"6 yr\" >March 3, 2014</time> by CDWriter</strong>\n\t\n\t\n</span>\n\t\t\t\n\t\t</div>"
        },
        {
            "id": 83571,
            "timestamp": 1375254079,
            "author": {
                "id": 15410,
                "name": "CrazyDeluxe",
                "image": null
            },
            "comment": "<p >Nice work but what is hte password for New_Usa_files.zip? </p>"
        },
        {
            "id": 83573,
            "timestamp": 1375254334,
            "author": {
                "id": 17582,
                "name": "CDWriter",
                "image": null
            },
            "comment": "<p >Password listed above sorry for got that after i posted it .....</p>\n\n\t\t\t\n\t\t\t\t\n\n<span class=\"ipsType_reset ipsType_medium ipsType_light\" data-excludequote=\"None\" >\n\t<strong >Edited <time datetime=\"2013-07-31T07:07:58Z\" title=\"07/31/2013 07:07  AM\" data-short=\"7 yr\" >July 31, 2013</time> by CDWriter</strong>\n\t\n\t\n</span>\n\t\t\t\n\t\t</div>"
        },
        {
            "id": 83600,
            "timestamp": 1375275364,
            "author": {
                "id": 1835,
                "name": "robino1996",
                "image": null
            },
            "comment": "\n<p >im getting a dc all time after 1 Minute</p>\n<p >gs: DISCONNECT > RogueMe : RogueMe : steve :<br />2013/07/31 05:55:17 :: PCMEM_CHECK_ERASE > ~Descriptor734869920<br /> </p>\n"
        },
        {
            "id": 83606,
            "timestamp": 1375277302,
            "author": {
                "id": 605,
                "name": "b4rr4cud4",
                "image": null
            },
            "comment": "<p >Thanks for the hard work. Nice to see that you got things worked out and back up :P .</p>"
        },
        {
            "id": 83607,
            "timestamp": 1375279019,
            "author": {
                "id": 18226,
                "name": "OldHM",
                "image": null
            },
            "comment": "\n<blockquote data-ipsquote=\"\" class=\"ipsQuote\" data-ipsquote-contentcommentid=\"83600\" data-ipsquote-contentapp=\"forums\" data-ipsquote-contenttype=\"forums\" data-ipsquote-contentclass=\"forums_Topic\" data-ipsquote-contentid=\"10877\" data-ipsquote-username=\"robino1996\" data-cite=\"robino1996\" data-ipsquote-timestamp=\"1375275364\" ><div ><div >\n<p >im getting a dc all time after 1 Minute</p>\n<p >gs: DISCONNECT > RogueMe : RogueMe : steve :</p>\n<p >2013/07/31 05:55:17 :: PCMEM_CHECK_ERASE > ~Descriptor734869920</p>\n<p > </p>\n</div></div></blockquote>\n<p > </p>\n<p >I get the same problem!</p>\n"
        },
        {
            "id": 83610,
            "timestamp": 1375279967,
            "author": {
                "id": 1835,
                "name": "robino1996",
                "image": null
            },
            "comment": "<p >help pls :D or you have a solution medozzza?</p>"
        },
        {
            "id": 83615,
            "timestamp": 1375282075,
            "author": {
                "id": 1835,
                "name": "robino1996",
                "image": null
            },
            "comment": "<p >and btw i just testet the keron scrolls. they dont affect anything.</p>"
        },
        {
            "id": 83632,
            "timestamp": 1375292027,
            "author": {
                "id": 17582,
                "name": "CDWriter",
                "image": null
            },
            "comment": "<p >@<a contenteditable=\"false\" data-ipshover=\"\" href=\"https://lckb.dev/forum/index.php?/profile/1835-robino1996/\" data-ipshover-target=\"https://lckb.dev/forum/index.php?/profile/1835-robino1996/&do=hovercard\" data-mentionid=\"1835\" rel=\"\" >@robino1996</a> first time i have heard of them ...will get on them right away</p>"
        },
        {
            "id": 83639,
            "timestamp": 1375294871,
            "author": {
                "id": 17474,
                "name": "kixtzz",
                "image": null
            },
            "comment": "<p >How i can use the message cube in juno</p>"
        },
        {
            "id": 83641,
            "timestamp": 1375295605,
            "author": {
                "id": 17582,
                "name": "CDWriter",
                "image": null
            },
            "comment": "<p >Message cube does not work as of now til we find a newer client... Iv thought about removing it ...but unsure yet </p>\n\n\t\t\t\n\t\t\t\t\n\n<span class=\"ipsType_reset ipsType_medium ipsType_light\" data-excludequote=\"None\" >\n\t<strong >Edited <time datetime=\"2013-07-31T18:34:32Z\" title=\"07/31/2013 06:34  PM\" data-short=\"7 yr\" >July 31, 2013</time> by CDWriter</strong>\n\t\n\t\n</span>\n\t\t\t\n\t\t</div>"
        },
        {
            "id": 83642,
            "timestamp": 1375297042,
            "author": {
                "id": 9121,
                "name": "03101997",
                "image": null
            },
            "comment": "\n<p >@<a contenteditable=\"false\" data-ipshover=\"\" href=\"https://lckb.dev/forum/index.php?/profile/17582-cdwriter/\" data-ipshover-target=\"https://lckb.dev/forum/index.php?/profile/17582-cdwriter/&do=hovercard\" data-mentionid=\"17582\" rel=\"\" >@CDWriter</a> look this error  \" 3 [3076] : client \"</p>\n<p > </p>\n<p ><img alt=\"ublc.jpg\" src=\"https://img833.imageshack.us/img833/6312/ublc.jpg\" /></p>\n"
        },
        {
            "id": 83643,
            "timestamp": 1375297456,
            "author": {
                "id": 17582,
                "name": "CDWriter",
                "image": null
            },
            "comment": "\n<p >Really you see that becuase your on GM charactor ...as normal user u will not see it ,.... wow you would see how it suppose to be 3 : (alt+3) i better tell you also you will see this in guild locations also .....most players dont see all locations only GM....</p>\n<p > </p>\n<p >but thanks for reporting it ...</p>\n\n\n\t\t\t\n\t\t\t\t\n\n<span class=\"ipsType_reset ipsType_medium ipsType_light\" data-excludequote=\"None\" >\n\t<strong >Edited <time datetime=\"2013-07-31T19:14:28Z\" title=\"07/31/2013 07:14  PM\" data-short=\"7 yr\" >July 31, 2013</time> by CDWriter</strong>\n\t\n\t\n</span>\n\t\t\t\n\t\t</div>"
        },
        {
            "id": 83645,
            "timestamp": 1375298540,
            "author": {
                "id": 9121,
                "name": "03101997",
                "image": null
            },
            "comment": "\n<p >@<a contenteditable=\"false\" data-ipshover=\"\" href=\"https://lckb.dev/forum/index.php?/profile/17582-cdwriter/\" data-ipshover-target=\"https://lckb.dev/forum/index.php?/profile/17582-cdwriter/&do=hovercard\" data-mentionid=\"17582\" rel=\"\" >@CDWriter</a> this character not is gm , and i gvie this bugg...</p>\n<p > </p>\n<p ><img alt=\"u0f3.jpg\" src=\"https://img5.imageshack.us/img5/7771/u0f3.jpg\" /></p>\n"
        },
        {
            "id": 83647,
            "timestamp": 1375298676,
            "author": {
                "id": 17582,
                "name": "CDWriter",
                "image": null
            },
            "comment": "\n<p >if you have GM level even if you do not do the command /whoami </p>\n<p >it still sees it as a GM character  .....ill test your theory here see what happens ...</p>\n<p > </p>\n<p > </p>\n<p >yep new use user and all is normal .....</p>\n\n\n\t\t\t\n\t\t\t\t\n\n<span class=\"ipsType_reset ipsType_medium ipsType_light\" data-excludequote=\"None\" >\n\t<strong >Edited <time datetime=\"2013-07-31T19:26:58Z\" title=\"07/31/2013 07:26  PM\" data-short=\"7 yr\" >July 31, 2013</time> by CDWriter</strong>\n\t\n\t\n</span>\n\t\t\t\n\t\t</div>"
        },
        {
            "id": 83648,
            "timestamp": 1375298956,
            "author": {
                "id": 18226,
                "name": "OldHM",
                "image": null
            },
            "comment": "\n<p >I cant get past this:</p>\n<pre class=\"ipsCode prettyprint\" >./startService.sh\nLoading Setting File...\n2013/07/31 21:07:01 :: SYSTEM > Finding Connection Limit\n2013/07/31 21:07:01 :: SYSTEM > Setting player limit to4091usingrlimit.\n2013/07/31 21:07:01 :: SYSTEM > Initialize Server Socket\n2013/07/31 21:07:01 :: SYSTEM > Binding only to IP address 127.0.0.1\n2013/07/31 21:07:01 :: SYSTEM > Entering Connector Loop\nLastChaos Connector Running... (Language:Korean)\n2013/07/31 21:07:01 :: MSG_BILLITEM_SERVERLIVE >\n\nlook at the time 21:07:01 now i have 21:28\n\n</pre>\n<p >Can you maybe post your Starscript?? Mine seems to be not very good..</p>\n\n\n\t\t\t\n\t\t\t\t\n\n<span class=\"ipsType_reset ipsType_medium ipsType_light\" data-excludequote=\"None\" >\n\t<strong >Edited <time datetime=\"2013-07-31T19:31:10Z\" title=\"07/31/2013 07:31  PM\" data-short=\"7 yr\" >July 31, 2013</time> by Mendozza</strong>\n\t\n\t\n</span>\n\t\t\t\n\t\t</div>"
        },
        {
            "id": 83649,
            "timestamp": 1375299042,
            "author": {
                "id": 9121,
                "name": "03101997",
                "image": null
            },
            "comment": "\n<p >@<a contenteditable=\"false\" data-ipshover=\"\" href=\"https://lckb.dev/forum/index.php?/profile/17582-cdwriter/\" data-ipshover-target=\"https://lckb.dev/forum/index.php?/profile/17582-cdwriter/&do=hovercard\" data-mentionid=\"17582\" rel=\"\" >@CDWriter</a> other account without gm comand ....</p>\n<p > </p>\n<p ><img alt=\"y63h.jpg\" src=\"https://img23.imageshack.us/img23/355/y63h.jpg\" /></p>\n"
        },
        {
            "id": 83651,
            "timestamp": 1375299114,
            "author": {
                "id": 17582,
                "name": "CDWriter",
                "image": null
            },
            "comment": "<p >@<a contenteditable=\"false\" rel=\"\" ></a> unix time code ? sorry i dont follow >?</p>"
        },
        {
            "id": 83653,
            "timestamp": 1375299279,
            "author": {
                "id": 17582,
                "name": "CDWriter",
                "image": null
            },
            "comment": "\n<p >@<a contenteditable=\"false\" data-ipshover=\"\" href=\"https://lckb.dev/forum/index.php?/profile/9121-03101997/\" data-ipshover-target=\"https://lckb.dev/forum/index.php?/profile/9121-03101997/&do=hovercard\" data-mentionid=\"9121\" rel=\"\" >@03101997</a>  not sure maybe ask in help </p>\n<p > </p>\n<p >new toon ......</p>\n<p > </p>\n<p ><img alt=\"qlyg.jpg\" src=\"https://img856.imageshack.us/img856/4228/qlyg.jpg\" /></p>\n"
        },
        {
            "id": 83655,
            "timestamp": 1375299355,
            "author": {
                "id": 18226,
                "name": "OldHM",
                "image": null
            },
            "comment": "<p >unix time code?? ehm whaaaat? hehe did i miss something?</p>"
        },
        {
            "id": 83656,
            "timestamp": 1375299557,
            "author": {
                "id": 9121,
                "name": "03101997",
                "image": null
            },
            "comment": "<p >@<a contenteditable=\"false\" data-ipshover=\"\" href=\"https://lckb.dev/forum/index.php?/profile/17582-cdwriter/\" data-ipshover-target=\"https://lckb.dev/forum/index.php?/profile/17582-cdwriter/&do=hovercard\" data-mentionid=\"17582\" rel=\"\" >@CDWriter</a> What client is the one you are using?</p>"
        },
        {
            "id": 83658,
            "timestamp": 1375300032,
            "author": {
                "id": 18226,
                "name": "OldHM",
                "image": null
            },
            "comment": "<p >Aah, I set the Time now in db_auth and db in t_lc_time but still get the error..</p>"
        },
        {
            "id": 83664,
            "timestamp": 1375303932,
            "author": {
                "id": 1835,
                "name": "robino1996",
                "image": null
            },
            "comment": "\n<p >is it only me or does keron scrolls and titles don0t work? D;</p>\n<p >\nvery cool release btw</p>\n"
        },
        {
            "id": 83690,
            "timestamp": 1375335692,
            "author": {
                "id": 17582,
                "name": "CDWriter",
                "image": null
            },
            "comment": "\n<p ><a href=\"http://filebeam.com/54c46623e6b08c0f5985c4f283e57d39\" rel=\"external nofollow\" >http://filebeam.com/54c46623e6b08c0f5985c4f283e57d39</a></p>\n<p > </p>\n<p ><span style=\"color:rgb(40,40,40);font-family:arial, helvetica, clean, sans-serif;\" >keron scrolls fixes</span></p>\n"
        },
        {
            "id": 83696,
            "timestamp": 1375343053,
            "author": {
                "id": 14022,
                "name": "zdanuxiz",
                "image": null
            },
            "comment": "<p >file not found</p>"
        },
        {
            "id": 83701,
            "timestamp": 1375344693,
            "author": {
                "id": 17582,
                "name": "CDWriter",
                "image": null
            },
            "comment": "<p >Not down filebeam is flaky tonight </p>"
        },
        {
            "id": 83703,
            "timestamp": 1375346334,
            "author": {
                "id": 1503,
                "name": "Paramount",
                "image": null
            },
            "comment": "<p >Reupload pls.</p>"
        },
        {
            "id": 83704,
            "timestamp": 1375348354,
            "author": {
                "id": 18031,
                "name": "Nitrobit1337",
                "image": null
            },
            "comment": "<p >Nice work man, I love your releases and Ill always be using them :)<br /><br />//Edit: @robino1996 Some titles are bugged, heres the sql fix + matching titletool.lod for you :)<br /><br /><a href=\"https://www.mediafire.com/?rrrxz9xh8duknul\" rel=\"external nofollow\" >http://www.mediafire.com/?rrrxz9xh8duknul</a></p>\n\n\t\t\t\n\t\t\t\t\n\n<span class=\"ipsType_reset ipsType_medium ipsType_light\" data-excludequote=\"None\" >\n\t<strong >Edited <time datetime=\"2013-08-01T11:55:49Z\" title=\"08/01/2013 11:55  AM\" data-short=\"7 yr\" >August 1, 2013</time> by Nitrobit1337</strong>\n\t\n\t\n</span>\n\t\t\t\n\t\t</div>"
        },
        {
            "id": 83710,
            "timestamp": 1375350820,
            "author": {
                "id": 18226,
                "name": "OldHM",
                "image": null
            },
            "comment": "<p >still the problem with the server starting :/</p>"
        },
        {
            "id": 83721,
            "timestamp": 1375357910,
            "author": {
                "id": 18031,
                "name": "Nitrobit1337",
                "image": null
            },
            "comment": "\n<blockquote data-ipsquote=\"\" class=\"ipsQuote\" data-ipsquote-contentcommentid=\"83710\" data-ipsquote-contentapp=\"forums\" data-ipsquote-contenttype=\"forums\" data-ipsquote-contentclass=\"forums_Topic\" data-ipsquote-contentid=\"10877\" data-ipsquote-username=\"Mendozza\" data-cite=\"Mendozza\" data-ipsquote-timestamp=\"1375350820\" ><div ><div ><p >still the problem with the server starting :/</p></div></div></blockquote>\n<p >I guess you have the problem that the GameServer crashes @ loading castlewar time data? Had the same, backup all Users / Chars / Inventorys and other tables of characters into a .sql file, clean all databases and execute a fresh one from this release. Then re-input the Users and Chars you backed up, should work by then.</p>\n<p > </p>\n<p >P.s: This happens when some tables are damaged. You could actually just wipe the t_castle(...) tables and then restart the GameServer, but then you probably have an inventory bug. Try this first, but if you get the bug of empty inventorys, do as I said above :)</p>\n\n\n\t\t\t\n\t\t\t\t\n\n<span class=\"ipsType_reset ipsType_medium ipsType_light\" data-excludequote=\"None\" >\n\t<strong >Edited <time datetime=\"2013-08-01T11:54:34Z\" title=\"08/01/2013 11:54  AM\" data-short=\"7 yr\" >August 1, 2013</time> by Nitrobit1337</strong>\n\t\n\t\n</span>\n\t\t\t\n\t\t</div>"
        },
        {
            "id": 83722,
            "timestamp": 1375358204,
            "author": {
                "id": 1835,
                "name": "robino1996",
                "image": null
            },
            "comment": "\n<blockquote data-ipsquote=\"\" class=\"ipsQuote\" data-ipsquote-contentcommentid=\"83721\" data-ipsquote-contentapp=\"forums\" data-ipsquote-contenttype=\"forums\" data-ipsquote-contentclass=\"forums_Topic\" data-ipsquote-contentid=\"10877\" data-ipsquote-username=\"Nitrobit1337\" data-cite=\"Nitrobit1337\" data-ipsquote-timestamp=\"1375357910\" ><div >\n<p >I guess you have the problem that the GameServer crashes @ loading castlewar time data? Had the same, backup all Users / Chars / Inventorys and other tables of characters into a .sql file, clean all databases and execute a fresh one from this release. Then re-input the Users and Chars you backed up, should work by then.</p>\n<p > </p>\n<p >\nP.s: This happens when some tables are damaged. You could actually just wipe the t_castle(...) tables and then restart the GameServer, but then you probably have an inventory bug. Try this first, but if you get the bug of empty inventorys, do as I said above :)</p>\n</div></blockquote>do you guy have the same Problem? i cant activate title and also if i click ingame on the title con it dont open the window lol"
        },
        {
            "id": 83723,
            "timestamp": 1375359432,
            "author": {
                "id": 18226,
                "name": "OldHM",
                "image": null
            },
            "comment": "\n<p >It just stops running at this line:</p>\n<pre class=\"ipsCode prettyprint\" >\nLastChaos Connector Running... (Language:Korean)\n2013/08/01 14:16:17 :: MSG_BILLITEM_SERVERLIVE >\n\n</pre>\n"
        },
        {
            "id": 83724,
            "timestamp": 1375359704,
            "author": {
                "id": 18031,
                "name": "Nitrobit1337",
                "image": null
            },
            "comment": "\n<blockquote data-ipsquote=\"\" class=\"ipsQuote\" data-ipsquote-contentcommentid=\"83723\" data-ipsquote-contentapp=\"forums\" data-ipsquote-contenttype=\"forums\" data-ipsquote-contentclass=\"forums_Topic\" data-ipsquote-contentid=\"10877\" data-ipsquote-username=\"Mendozza\" data-cite=\"Mendozza\" data-ipsquote-timestamp=\"1375359432\" ><div ><div >\n<p > </p>\n<p >It just stops running at this line:</p>\n<pre class=\"ipsCode prettyprint\" >\nLastChaos Connector Running... (Language:Korean)\n2013/08/01 14:16:17 :: MSG_BILLITEM_SERVERLIVE >\n\n</pre>\n</div></div></blockquote>\n<p >Thats normal, lol</p>\n"
        },
        {
            "id": 83725,
            "timestamp": 1375360461,
            "author": {
                "id": 18226,
                "name": "OldHM",
                "image": null
            },
            "comment": "\n<blockquote data-ipsquote=\"\" class=\"ipsQuote\" data-ipsquote-contentcommentid=\"83724\" data-ipsquote-contentapp=\"forums\" data-ipsquote-contenttype=\"forums\" data-ipsquote-contentclass=\"forums_Topic\" data-ipsquote-contentid=\"10877\" data-ipsquote-username=\"Nitrobit1337\" data-cite=\"Nitrobit1337\" data-ipsquote-timestamp=\"1375359704\" ><div ><div ><p >Thats normal, lol</p></div></div></blockquote>\n<p > </p>\n<p >Nope its not...</p>\n<p > </p>\n<p >After this there happens nothing...</p>\n<p > </p>\n<p >i waited 30mins but nothing happened</p>\n<p > </p>\n<p >EDIT: I need an working Start Script for the Following directorys:</p>\n<p > </p>\n<p >/home/HELLO/Connector/Connector</p>\n<p >/home/HELLO/GameServer/GameServer</p>\n<p >/home/HELLO/Helper/Helper</p>\n<p >/home/HELLO/LoginServer/LoginServer</p>\n<p >/home/HELLO/Messenger/Messenger</p>\n<p >/home/HELLO/SubHelper/SubHelper</p>\n<p > </p>\n<p >Can someone help me with it?</p>\n\n\n\t\t\t\n\t\t\t\t\n\n<span class=\"ipsType_reset ipsType_medium ipsType_light\" data-excludequote=\"None\" >\n\t<strong >Edited <time datetime=\"2013-08-01T13:18:08Z\" title=\"08/01/2013 01:18  PM\" data-short=\"7 yr\" >August 1, 2013</time> by Mendozza</strong>\n\t\n\t\n</span>\n\t\t\t\n\t\t</div>"
        },
        {
            "id": 83731,
            "timestamp": 1375363869,
            "author": {
                "id": 7482,
                "name": "Creep",
                "image": null
            },
            "comment": "\n<p >dude it is normal ...</p>\n<p >you just added the Folder Logfiles.. (rofl)</p>\n"
        },
        {
            "id": 83742,
            "timestamp": 1375368599,
            "author": {
                "id": 18226,
                "name": "OldHM",
                "image": null
            },
            "comment": "\n<blockquote data-ipsquote=\"\" class=\"ipsQuote\" data-ipsquote-contentcommentid=\"83731\" data-ipsquote-contentapp=\"forums\" data-ipsquote-contenttype=\"forums\" data-ipsquote-contentclass=\"forums_Topic\" data-ipsquote-contentid=\"10877\" data-ipsquote-username=\"Creep\" data-cite=\"Creep\" data-ipsquote-timestamp=\"1375363869\" ><div ><div >\n<p >dude it is normal ...</p>\n<p >you just added the Folder Logfiles.. (rofl)</p>\n</div></div></blockquote>\n<p > </p>\n<p >Doesnt help</p>\n"
        },
        {
            "id": 83744,
            "timestamp": 1375370696,
            "author": {
                "id": 18031,
                "name": "Nitrobit1337",
                "image": null
            },
            "comment": "\n<blockquote data-ipsquote=\"\" class=\"ipsQuote\" data-ipsquote-contentcommentid=\"83742\" data-ipsquote-contentapp=\"forums\" data-ipsquote-contenttype=\"forums\" data-ipsquote-contentclass=\"forums_Topic\" data-ipsquote-contentid=\"10877\" data-ipsquote-username=\"Mendozza\" data-cite=\"Mendozza\" data-ipsquote-timestamp=\"1375368599\" ><div ><div ><p >Doesnt help</p></div></div></blockquote>\n<p >Why dont you just start them seperately?</p>\n"
        },
        {
            "id": 83746,
            "timestamp": 1375371320,
            "author": {
                "id": 18226,
                "name": "OldHM",
                "image": null
            },
            "comment": "<p >I dont want to start them seperately every time</p>"
        },
        {
            "id": 83751,
            "timestamp": 1375376693,
            "author": {
                "id": 17582,
                "name": "CDWriter",
                "image": null
            },
            "comment": "\n<p >@<a contenteditable=\"false\" data-ipshover=\"\" href=\"https://lckb.dev/forum/index.php?/profile/18031-nitrobit1337/\" data-ipshover-target=\"https://lckb.dev/forum/index.php?/profile/18031-nitrobit1337/&do=hovercard\" data-mentionid=\"18031\" rel=\"\" >@Nitrobit1337</a>  what titles are not working ? iam glade your helping and fixing thing but i wish you would tell me what is bad before saying there wrong on my database......Since you are using half my database and not all of it so you dont lose your toons and accounts are you sure its my titles that are bad >?</p>\n<p > </p>\n<p > </p>\n<p >@<a contenteditable=\"false\" rel=\"\" ></a> to turn off that ...outside your server folders you will see a Logfile folder change the name to Logfile_off</p>\n<p > </p>\n<p >this will remove all loging to text and put it back in the window...</p>\n<p > </p>\n<p >and using his title lod and sql could compromise my database ...because he has a bad lod file.  </p>\n\n\n\t\t\t\n\t\t\t\t\n\n<span class=\"ipsType_reset ipsType_medium ipsType_light\" data-excludequote=\"None\" >\n\t<strong >Edited <time datetime=\"2013-08-01T17:12:42Z\" title=\"08/01/2013 05:12  PM\" data-short=\"7 yr\" >August 1, 2013</time> by CDWriter</strong>\n\t\n\t\n</span>\n\t\t\t\n\t\t</div>"
        },
        {
            "id": 83755,
            "timestamp": 1375378276,
            "author": {
                "id": 18226,
                "name": "OldHM",
                "image": null
            },
            "comment": "<p >@<a contenteditable=\"false\" data-ipshover=\"\" href=\"https://lckb.dev/forum/index.php?/profile/17582-cdwriter/\" data-ipshover-target=\"https://lckb.dev/forum/index.php?/profile/17582-cdwriter/&do=hovercard\" data-mentionid=\"17582\" rel=\"\" >@CDWriter</a> I already did everything to off so that cant be the problem i think</p>"
        },
        {
            "id": 83756,
            "timestamp": 1375378480,
            "author": {
                "id": 18031,
                "name": "Nitrobit1337",
                "image": null
            },
            "comment": "\n<blockquote data-ipsquote=\"\" class=\"ipsQuote\" data-ipsquote-contentcommentid=\"83751\" data-ipsquote-contentapp=\"forums\" data-ipsquote-contenttype=\"forums\" data-ipsquote-contentclass=\"forums_Topic\" data-ipsquote-contentid=\"10877\" data-ipsquote-username=\"CDWriter\" data-cite=\"CDWriter\" data-ipsquote-timestamp=\"1375376693\" ><div ><div >\n<p >@<a contenteditable=\"false\" data-ipshover=\"\" href=\"https://lckb.dev/forum/index.php?/profile/18031-nitrobit1337/\" data-ipshover-target=\"https://lckb.dev/forum/index.php?/profile/18031-nitrobit1337/&do=hovercard\" data-mentionid=\"18031\" rel=\"\" >@Nitrobit1337</a>  what titles are not working ? iam glade your helping and fixing thing but i wish you would tell me what is bad before saying there wrong on my database......Since you are using half my database and not all of it so you dont lose your toons and accounts are you sure its my titles that are bad >?</p>\n<p > </p>\n<p > </p>\n<p >@<a contenteditable=\"false\" rel=\"\" ></a> to turn off that ...outside your server folders you will see a Logfile folder change the name to Logfile_off</p>\n<p > </p>\n<p >this will remove all loging to text and put it back in the window...</p>\n<p > </p>\n<p >and using his title lod and sql could compromise my database ...because he has a bad lod file.  </p>\n</div></div></blockquote>\n<p >Okay, next time(s) I will just PM you :) At newproject_data, t_title you can see for example title \"Game Master of Last Chaos\" with item ID \"8177\" which in the original USA Client is \"Black Tyrant\" and Black Tyrant has ID \"9060\" which is the item ID for Game Master title. I just matched the item IDs in t_title and titletool.lod for the client/server to work, so there should be no issues with your DB :o</p>\n<p > </p>\n<p >P.s: For matching the IDs I used HateMes Titletool Editor, Database IDs written by hand</p>\n\n\n\t\t\t\n\t\t\t\t\n\n<span class=\"ipsType_reset ipsType_medium ipsType_light\" data-excludequote=\"None\" >\n\t<strong >Edited <time datetime=\"2013-08-01T17:37:36Z\" title=\"08/01/2013 05:37  PM\" data-short=\"7 yr\" >August 1, 2013</time> by Nitrobit1337</strong>\n\t\n\t\n</span>\n\t\t\t\n\t\t</div>"
        },
        {
            "id": 83761,
            "timestamp": 1375380858,
            "author": {
                "id": 18226,
                "name": "OldHM",
                "image": null
            },
            "comment": "\n<p >@<a contenteditable=\"false\" data-ipshover=\"\" href=\"https://lckb.dev/forum/index.php?/profile/17582-cdwriter/\" data-ipshover-target=\"https://lckb.dev/forum/index.php?/profile/17582-cdwriter/&do=hovercard\" data-mentionid=\"17582\" rel=\"\" >@CDWriter</a> I have a new report: :D</p>\n<p > </p>\n<p >If i start Connector its stuck at SubHelper can you maybe help me via skype?</p>\n"
        },
        {
            "id": 83762,
            "timestamp": 1375381471,
            "author": {
                "id": 17582,
                "name": "CDWriter",
                "image": null
            },
            "comment": "<p >@<a contenteditable=\"false\" data-ipshover=\"\" href=\"https://lckb.dev/forum/index.php?/profile/18031-nitrobit1337/\" data-ipshover-target=\"https://lckb.dev/forum/index.php?/profile/18031-nitrobit1337/&do=hovercard\" data-mentionid=\"18031\" rel=\"\" >@Nitrobit1337</a>  Very good thanks ......+1  this info you gave me also pointed me to check them all ....there is others in there that are not correct....</p>\n\n\t\t\t\n\t\t\t\t\n\n<span class=\"ipsType_reset ipsType_medium ipsType_light\" data-excludequote=\"None\" >\n\t<strong >Edited <time datetime=\"2013-08-01T18:26:46Z\" title=\"08/01/2013 06:26  PM\" data-short=\"7 yr\" >August 1, 2013</time> by CDWriter</strong>\n\t\n\t\n</span>\n\t\t\t\n\t\t</div>"
        },
        {
            "id": 83763,
            "timestamp": 1375381679,
            "author": {
                "id": 1835,
                "name": "robino1996",
                "image": null
            },
            "comment": "<p >fix the titles pls</p>"
        },
        {
            "id": 83764,
            "timestamp": 1375382316,
            "author": {
                "id": 18031,
                "name": "Nitrobit1337",
                "image": null
            },
            "comment": "\n<blockquote data-ipsquote=\"\" class=\"ipsQuote\" data-ipsquote-contentcommentid=\"83762\" data-ipsquote-contentapp=\"forums\" data-ipsquote-contenttype=\"forums\" data-ipsquote-contentclass=\"forums_Topic\" data-ipsquote-contentid=\"10877\" data-ipsquote-username=\"CDWriter\" data-cite=\"CDWriter\" data-ipsquote-timestamp=\"1375381471\" ><div ><div ><p >@<a contenteditable=\"false\" data-ipshover=\"\" href=\"https://lckb.dev/forum/index.php?/profile/18031-nitrobit1337/\" data-ipshover-target=\"https://lckb.dev/forum/index.php?/profile/18031-nitrobit1337/&do=hovercard\" data-mentionid=\"18031\" rel=\"\" >@Nitrobit1337</a>  Very good thanks ......+1  this info you gave me also pointed me to check them all ....there is others in there that are not correct....</p></div></div></blockquote>\n<p >Right, you dont have to worry about that. All fixed in my upload :)</p>\n"
        },
        {
            "id": 83765,
            "timestamp": 1375383808,
            "author": {
                "id": 17582,
                "name": "CDWriter",
                "image": null
            },
            "comment": "<p >thanks all. i have not checked your work @<a contenteditable=\"false\" data-ipshover=\"\" href=\"https://lckb.dev/forum/index.php?/profile/18031-nitrobit1337/\" data-ipshover-target=\"https://lckb.dev/forum/index.php?/profile/18031-nitrobit1337/&do=hovercard\" data-mentionid=\"18031\" rel=\"\" >@Nitrobit1337</a> but you do have things still wrong in there. ill have them in v9</p>\n\n\t\t\t\n\t\t\t\t\n\n<span class=\"ipsType_reset ipsType_medium ipsType_light\" data-excludequote=\"None\" >\n\t<strong >Edited <time datetime=\"2013-08-01T19:06:38Z\" title=\"08/01/2013 07:06  PM\" data-short=\"7 yr\" >August 1, 2013</time> by CDWriter</strong>\n\t\n\t\n</span>\n\t\t\t\n\t\t</div>"
        },
        {
            "id": 83767,
            "timestamp": 1375384905,
            "author": {
                "id": 18031,
                "name": "Nitrobit1337",
                "image": null
            },
            "comment": "\n<blockquote data-ipsquote=\"\" class=\"ipsQuote\" data-ipsquote-contentcommentid=\"83765\" data-ipsquote-contentapp=\"forums\" data-ipsquote-contenttype=\"forums\" data-ipsquote-contentclass=\"forums_Topic\" data-ipsquote-contentid=\"10877\" data-ipsquote-username=\"CDWriter\" data-cite=\"CDWriter\" data-ipsquote-timestamp=\"1375383808\" ><div ><div ><p >thanks all. i have not checked your work @<a contenteditable=\"false\" data-ipshover=\"\" href=\"https://lckb.dev/forum/index.php?/profile/18031-nitrobit1337/\" data-ipshover-target=\"https://lckb.dev/forum/index.php?/profile/18031-nitrobit1337/&do=hovercard\" data-mentionid=\"18031\" rel=\"\" >@Nitrobit1337</a> but you do have things still wrong in there. ill have them in v9</p></div></div></blockquote>\n<p >Strange, for me everything works fine. Nvm, lets wait for V9 :)</p>\n"
        },
        {
            "id": 83768,
            "timestamp": 1375387703,
            "author": {
                "id": 18226,
                "name": "OldHM",
                "image": null
            },
            "comment": "<p >@<a contenteditable=\"false\" data-ipshover=\"\" href=\"https://lckb.dev/forum/index.php?/profile/18031-nitrobit1337/\" data-ipshover-target=\"https://lckb.dev/forum/index.php?/profile/18031-nitrobit1337/&do=hovercard\" data-mentionid=\"18031\" rel=\"\" >@Nitrobit1337</a> you have skype? To help me?? If you have PM please</p>"
        },
        {
            "id": 83774,
            "timestamp": 1375395258,
            "author": {
                "id": 18226,
                "name": "OldHM",
                "image": null
            },
            "comment": "\n<p >Last Error:</p>\n<p > </p>\n<blockquote data-ipsquote=\"\" class=\"ipsQuote\" ><div >\n<p > </p>\n<p >bc-2.12.so<br />b75d3000-b75d4000 rw-p 00192000 00:19 73013451                           /lib/li                                                                             bc-2.12.so<br />b75d4000-b75d7000 rw-p 00000000 00:00 0<br />b75d8000-b75f5000 r-xp 00000000 00:19 73013422                           /lib/li                                                                             bgcc_s-4.4.7-20120601.so.1<br />b75f5000-b75f6000 rw-p 0001d000 00:19 73013422                           /lib/li                                                                             bgcc_s-4.4.7-20120601.so.1<br />b75f8000-b7620000 r-xp 00000000 00:19 73013350                           /lib/li                                                                             bm-2.12.so<br />b7620000-b7621000 r--p 00027000 00:19 73013350                           /lib/li                                                                             bm-2.12.so<br />b7621000-b7622000 rw-p 00028000 00:19 73013350                           /lib/li                                                                             bm-2.12.so<br />b7628000-b7707000 r-xp 00000000 00:19 75112155                           /usr/li                                                                             b/libstdc++.so.6.0.13<br />b7707000-b770b000 r--p 000de000 00:19 75112155                           /usr/li                                                                             b/libstdc++.so.6.0.13<br />b770b000-b770c000 rw-p 000e2000 00:19 75112155                           /usr/li                                                                             b/libstdc++.so.6.0.13<br />b770c000-b7713000 rw-p 00000000 00:00 0<br />b7718000-b771b000 r-xp 00000000 00:19 73013459                           /lib/li                                                                             bdl-2.12.so<br />b771b000-b771c000 r--p 00002000 00:19 73013459                           /lib/li                                                                             bdl-2.12.so<br />b771c000-b771d000 rw-p 00003000 00:19 73013459                           /lib/li                                                                             bdl-2.12.so<br />b7720000-b7732000 r-xp 00000000 00:19 73013389                           /lib/li                                                                             bz.so.1.2.3<br />b7732000-b7733000 r--p 00011000 00:19 73013389                           /lib/li                                                                             bz.so.1.2.3<br />b7733000-b7734000 rw-p 00012000 00:19 73013389                           /lib/li                                                                             bz.so.1.2.3<br />b7738000-b775b000 r-xp 00000000 00:19 75108264                           /usr/li                                                                             b/libmysqlclient.so.12<br />b775b000-b776e000 rw-p 00022000 00:19 75108264                           /usr/li                                                                             b/libmysqlclient.so.12<br />b776e000-b776f000 rw-p 00000000 00:00 0<br />b7770000-b7787000 r-xp 00000000 00:19 73013408                           /lib/li                                                                             bpthread-2.12.so<br />b7787000-b7788000 r--p 00016000 00:19 73013408                           /lib/li                                                                             bpthread-2.12.so<br />b7788000-b7789000 rw-p 00017000 00:19 73013408                           /lib/li                                                                             bpthread-2.12.so<br />b7789000-b778b000 rw-p 00000000 00:00 0<br />b778f000-b7790000 rw-p 00000000 00:00 0<br />b7797000-b7798000 rw-p 00000000 00:00 0<br />b7798000-b77b6000 r-xp 00000000 00:19 73013466                           /lib/ld                                                                             -2.12.so<br />b77b6000-b77b7000 r--p 0001d000 00:19 73013466                           /lib/ld                                                                             -2.12.so<br />b77b7000-b77b8000 rw-p 0001e000 00:19 73013466                           /lib/ld                                                                             -2.12.so<br />b77b8000-b77bd000 rw-p 00000000 00:00 0<br />b77bd000-b77be000 r-xp 00000000 00:00 0                                  [vdso]<br />bfec2000-bfed6000 rwxp 00000000 00:00 0                                  [stack]<br />bfed6000-bfed7000 rw-p 00000000 00:00 0<br />Abgebrochen<br /> </p>\n</div></blockquote>\n<p > </p>\n"
        },
        {
            "id": 83785,
            "timestamp": 1375420359,
            "author": {
                "id": 17582,
                "name": "CDWriter",
                "image": null
            },
            "comment": "\n<p >@<a contenteditable=\"false\" rel=\"\" ></a> this is not the help get your server issues Topic ...please goto HELP topic .....</p>\n<p > </p>\n<p >what is up with filebeam??? </p>\n\n\n\t\t\t\n\t\t\t\t\n\n<span class=\"ipsType_reset ipsType_medium ipsType_light\" data-excludequote=\"None\" >\n\t<strong >Edited <time datetime=\"2013-08-02T05:14:57Z\" title=\"08/02/2013 05:14  AM\" data-short=\"7 yr\" >August 2, 2013</time> by CDWriter</strong>\n\t\n\t\n</span>\n\t\t\t\n\t\t</div>"
        },
        {
            "id": 83800,
            "timestamp": 1375452972,
            "author": {
                "id": 18031,
                "name": "Nitrobit1337",
                "image": null
            },
            "comment": "\n<blockquote data-ipsquote=\"\" class=\"ipsQuote\" data-ipsquote-contentcommentid=\"83774\" data-ipsquote-contentapp=\"forums\" data-ipsquote-contenttype=\"forums\" data-ipsquote-contentclass=\"forums_Topic\" data-ipsquote-contentid=\"10877\" data-ipsquote-username=\"Mendozza\" data-cite=\"Mendozza\" data-ipsquote-timestamp=\"1375395258\" ><div ><div ><p >Last Error:</p></div></div></blockquote>\n<p >Fixed.</p>\n"
        },
        {
            "id": 83803,
            "timestamp": 1375455671,
            "author": {
                "id": 2016,
                "name": "pwesty",
                "image": null
            },
            "comment": "\n<blockquote data-ipsquote=\"\" class=\"ipsQuote\" data-ipsquote-contentcommentid=\"83774\" data-ipsquote-contentapp=\"forums\" data-ipsquote-contenttype=\"forums\" data-ipsquote-contentclass=\"forums_Topic\" data-ipsquote-contentid=\"10877\" data-ipsquote-username=\"Mendozza\" data-cite=\"Mendozza\" data-ipsquote-timestamp=\"1375395258\" ><div ><div ><p >Last Error:</p></div></div></blockquote>\n<p >that shows us nothing, the actual error is above that please copy what is above this, its more than likely something wrong via newStobm.bin or via database issue..</p>\n"
        },
        {
            "id": 83815,
            "timestamp": 1375461490,
            "author": {
                "id": 12565,
                "name": "ambassadorbk",
                "image": null
            },
            "comment": "\n<p >about white yellow, green and blue seals theres a small bug needed to be fixed</p>\n<p ><img alt=\"vtxs.jpg\" src=\"https://imageshack.com/scaled/large/18/vtxs.jpg\" /></p>\n<p >also white and blue but i screenshotted those two</p>\n<p > </p>\n"
        },
        {
            "id": 83818,
            "timestamp": 1375464806,
            "author": {
                "id": 17582,
                "name": "CDWriter",
                "image": null
            },
            "comment": "<p >@<a contenteditable=\"false\" data-ipshover=\"\" href=\"https://lckb.dev/forum/index.php?/profile/12565-ambassadorbk/\" data-ipshover-target=\"https://lckb.dev/forum/index.php?/profile/12565-ambassadorbk/&do=hovercard\" data-mentionid=\"12565\" rel=\"\" >@ambassadorbk</a>   fixed in v9</p>"
        },
        {
            "id": 83820,
            "timestamp": 1375465693,
            "author": {
                "id": 17582,
                "name": "CDWriter",
                "image": null
            },
            "comment": "<p >new download link add to first post ...</p>"
        },
        {
            "id": 83821,
            "timestamp": 1375465866,
            "author": {
                "id": 6038,
                "name": "RomainLastChaos",
                "image": null
            },
            "comment": "<p >that just for know you will make v1 to v100 ? or you will add some news into your last update on the v9  or small at every v9 /v10 etc xD ?</p>"
        },
        {
            "id": 83839,
            "timestamp": 1375507225,
            "author": {
                "id": 17582,
                "name": "CDWriter",
                "image": null
            },
            "comment": "\n<p >@<a contenteditable=\"false\" rel=\"\" ></a> if thats what it takes ...since MAYBE 2 to 5 People on here reported errors and then i find them my self ......This only works if others as your self report errors so i can fix them for last Version ....be it be 1 or 100 ....unless you can offer the fix in sql format .....to help everyone who is here i release version when there is major issues .....the way some are here 1 little box error is a major issue and then i get some posting fixes with my work ...not helping me any way or helping others ..... since i have no idea what they may have done ...either correctly or \"Just the way they think it should be in there own MIND\"  I do release to Match last chaos USA so everyone can have a base line to start with .......after that i dont care....</p>\n<p > </p>\n<p >I did so many different things in v8 i could not remember them all .....so i listed the big stuff......</p>\n<p > </p>\n<p >CDWriter</p>\n"
        },
        {
            "id": 83854,
            "timestamp": 1375529077,
            "author": {
                "id": 6063,
                "name": "tiago",
                "image": null
            },
            "comment": "<p >all pets run 9</p>"
        },
        {
            "id": 83861,
            "timestamp": 1375531693,
            "author": {
                "id": 7482,
                "name": "Creep",
                "image": null
            },
            "comment": "<p >gonna upload the serverfiles to my VM today so Iam able to help ya a bit ;)</p>"
        },
        {
            "id": 83877,
            "timestamp": 1375551607,
            "author": {
                "id": 17582,
                "name": "CDWriter",
                "image": null
            },
            "comment": "<p >@<a contenteditable=\"false\" data-ipshover=\"\" href=\"https://lckb.dev/forum/index.php?/profile/6063-tiago/\" data-ipshover-target=\"https://lckb.dev/forum/index.php?/profile/6063-tiago/&do=hovercard\" data-mentionid=\"6063\" rel=\"\" >@tiago</a>  all pets do not run 9 .....all horses do ?  so if there a error here please explain ?></p>"
        },
        {
            "id": 83878,
            "timestamp": 1375552768,
            "author": {
                "id": 17474,
                "name": "kixtzz",
                "image": null
            },
            "comment": "\n<p >this commands doesnt work </p>\n<ol ><li >\t<div style=\"color:rgb(0,0,0);margin:0px 0px 0px;background-color:rgb(255,255,255);\" >/shutdown</div>\t</li>\n<li >\t<div style=\"color:rgb(0,0,0);margin:0px 0px 0px;background-color:rgb(255,255,255);\" >/reboot</div>\t</li>\t<li >/endgame</li>\n</ol><p style=\"color:rgb(0,0,0);margin:0px 0px 0px;background-color:rgb(255,255,255);\" >?</p>\n"
        },
        {
            "id": 83899,
            "timestamp": 1375560788,
            "author": {
                "id": 1835,
                "name": "robino1996",
                "image": null
            },
            "comment": "<p >yes and all titles are bugged u cant activate them</p>"
        },
        {
            "id": 83901,
            "timestamp": 1375561831,
            "author": {
                "id": 6063,
                "name": "tiago",
                "image": null
            },
            "comment": "\n<blockquote data-ipsquote=\"\" class=\"ipsQuote\" data-ipsquote-contentcommentid=\"83877\" data-ipsquote-contentapp=\"forums\" data-ipsquote-contenttype=\"forums\" data-ipsquote-contentclass=\"forums_Topic\" data-ipsquote-contentid=\"10877\" data-ipsquote-username=\"CDWriter\" data-cite=\"CDWriter\" data-ipsquote-timestamp=\"1375551607\" ><div ><div ><p >@<a contenteditable=\"false\" data-ipshover=\"\" href=\"https://lckb.dev/forum/index.php?/profile/6063-tiago/\" data-ipshover-target=\"https://lckb.dev/forum/index.php?/profile/6063-tiago/&do=hovercard\" data-mentionid=\"6063\" rel=\"\" >@tiago</a>  all pets do not run 9 .....all horses do ?  so if there a error here please explain ?></p></div></div></blockquote>\n<p ><img alt=\"nua4.jpg\" src=\"https://imageshack.us/a/img841/1676/nua4.jpg\" /></p>\n<p >for mount speed bad</p>\n\n\n\t\t\t\n\t\t\t\t\n\n<span class=\"ipsType_reset ipsType_medium ipsType_light\" data-excludequote=\"None\" >\n\t<strong >Edited <time datetime=\"2013-08-03T20:31:24Z\" title=\"08/03/2013 08:31  PM\" data-short=\"7 yr\" >August 3, 2013</time> by tiago</strong>\n\t\n\t\n</span>\n\t\t\t\n\t\t</div>"
        },
        {
            "id": 83906,
            "timestamp": 1375563375,
            "author": {
                "id": 6063,
                "name": "tiago",
                "image": null
            },
            "comment": "\n<p >buff knight</p>\n<p ><img alt=\"eesd.jpg\" src=\"https://imageshack.us/a/img28/5333/eesd.jpg\" /><br /><img alt=\"mowq.jpg\" src=\"https://imageshack.us/a/img842/1041/mowq.jpg\" /></p>\n<p >and others skill lvl 180 <span ><span >are not available</span></span></p>\n<p >and elemeltal summons have much attack (sorcerer summons)</p>\n\n\n\t\t\t\n\t\t\t\t\n\n<span class=\"ipsType_reset ipsType_medium ipsType_light\" data-excludequote=\"None\" >\n\t<strong >Edited <time datetime=\"2013-08-03T21:04:40Z\" title=\"08/03/2013 09:04  PM\" data-short=\"7 yr\" >August 3, 2013</time> by tiago</strong>\n\t\n\t\n</span>\n\t\t\t\n\t\t</div>"
        },
        {
            "id": 83907,
            "timestamp": 1375564604,
            "author": {
                "id": 17474,
                "name": "kixtzz",
                "image": null
            },
            "comment": "<p >i cant attack someone in sieges, only if i turn pvp on</p>"
        },
        {
            "id": 83927,
            "timestamp": 1375586369,
            "author": {
                "id": 17582,
                "name": "CDWriter",
                "image": null
            },
            "comment": "\n<p >@<a contenteditable=\"false\" data-ipshover=\"\" href=\"https://lckb.dev/forum/index.php?/profile/6063-tiago/\" data-ipshover-target=\"https://lckb.dev/forum/index.php?/profile/6063-tiago/&do=hovercard\" data-mentionid=\"6063\" rel=\"\" >@tiago</a> to fix your buff knight you need to load up Wizateks skill editor and add in level 5 to skill level </p>\n<p > </p>\n<p >as for 180 skills do you have a site where it shows what skills goto what class to 180 ?? </p>\n"
        },
        {
            "id": 83928,
            "timestamp": 1375586429,
            "author": {
                "id": 17582,
                "name": "CDWriter",
                "image": null
            },
            "comment": "<p >@<a contenteditable=\"false\" data-ipshover=\"\" href=\"https://lckb.dev/forum/index.php?/profile/17474-kixtzz/\" data-ipshover-target=\"https://lckb.dev/forum/index.php?/profile/17474-kixtzz/&do=hovercard\" data-mentionid=\"17474\" rel=\"\" >@kixtzz</a> is that normal ? someone please comment on this.......</p>"
        },
        {
            "id": 83929,
            "timestamp": 1375586655,
            "author": {
                "id": 17474,
                "name": "kixtzz",
                "image": null
            },
            "comment": "\n<blockquote data-ipsquote=\"\" class=\"ipsQuote\" data-ipsquote-contentcommentid=\"83928\" data-ipsquote-contentapp=\"forums\" data-ipsquote-contenttype=\"forums\" data-ipsquote-contentclass=\"forums_Topic\" data-ipsquote-contentid=\"10877\" data-ipsquote-username=\"CDWriter\" data-cite=\"CDWriter\" data-ipsquote-timestamp=\"1375586429\" ><div ><div ><p >@<a contenteditable=\"false\" data-ipshover=\"\" href=\"https://lckb.dev/forum/index.php?/profile/17474-kixtzz/\" data-ipshover-target=\"https://lckb.dev/forum/index.php?/profile/17474-kixtzz/&do=hovercard\" data-mentionid=\"17474\" rel=\"\" >@kixtzz</a> is that normal ? someone please comment on this.......</p></div></div></blockquote>\n<p >only in merac</p>\n"
        },
        {
            "id": 83930,
            "timestamp": 1375586820,
            "author": {
                "id": 2230,
                "name": "netoforlan",
                "image": null
            },
            "comment": "<p >database V8B help all mobs do not attack the chapel also has no movements</p>"
        },
        {
            "id": 83932,
            "timestamp": 1375590634,
            "author": {
                "id": 16931,
                "name": "Walletman987",
                "image": null
            },
            "comment": "\n<blockquote data-ipsquote=\"\" class=\"ipsQuote\" data-ipsquote-contentcommentid=\"83930\" data-ipsquote-contentapp=\"forums\" data-ipsquote-contenttype=\"forums\" data-ipsquote-contentclass=\"forums_Topic\" data-ipsquote-contentid=\"10877\" data-ipsquote-username=\"netoforlan\" data-cite=\"netoforlan\" data-ipsquote-timestamp=\"1375586820\" ><div ><div ><p >database V8B help all mobs do not attack the chapel also has no movements</p></div></div></blockquote>\n<p >Am I the only one who doesnt get this problem? 0.o  wtf are you guys doin lol</p>\n"
        },
        {
            "id": 83933,
            "timestamp": 1375594569,
            "author": {
                "id": 17582,
                "name": "CDWriter",
                "image": null
            },
            "comment": "<p >@<a contenteditable=\"false\" data-ipshover=\"\" href=\"https://lckb.dev/forum/index.php?/profile/16931-walletman987/\" data-ipshover-target=\"https://lckb.dev/forum/index.php?/profile/16931-walletman987/&do=hovercard\" data-mentionid=\"16931\" rel=\"\" >@Walletman987</a> i dont have it eather</p>"
        },
        {
            "id": 83936,
            "timestamp": 1375596495,
            "author": {
                "id": 17474,
                "name": "kixtzz",
                "image": null
            },
            "comment": "\n<p >How i can solve these problems with the guild ?</p>\n<p > </p>\n<p >* Here the npc doesnt show the same options for the players in same guild (options for the castles armor)</p>\n<p ><img alt=\"ev9apf.jpg\" src=\"http://i42.tinypic.com/ev9apf.jpg\" /></p>\n<p > </p>\n<p >* I cant change the guilds leader</p>\n<p ><img alt=\"b69c84.jpg\" src=\"http://i42.tinypic.com/b69c84.jpg\" /></p>\n<p > </p>\n<p >* I cant set the war time</p>\n<p > </p>\n<p ><img alt=\"288vc0g.jpg\" src=\"http://i42.tinypic.com/288vc0g.jpg\" /></p>\n\n\n\t\t\t\n\t\t\t\t\n\n<span class=\"ipsType_reset ipsType_medium ipsType_light\" data-excludequote=\"None\" >\n\t<strong >Edited <time datetime=\"2013-08-04T06:10:11Z\" title=\"08/04/2013 06:10  AM\" data-short=\"7 yr\" >August 4, 2013</time> by kixtzz</strong>\n\t\n\t\n</span>\n\t\t\t\n\t\t</div>"
        },
        {
            "id": 83941,
            "timestamp": 1375600203,
            "author": {
                "id": 12456,
                "name": "gallito",
                "image": null
            },
            "comment": "\n<p style=\"color:rgb(40,40,40);font-family:arial, helvetica, clean, sans-serif;\" >\u00c3\u201a\u00c2\u00bfC\u00c3\u0192\u00c2\u00b3mo puedo resolver estos problemas con la Alianza?</p>\n<br /><p style=\"color:rgb(40,40,40);font-family:arial, helvetica, clean, sans-serif;\" > </p>\n<br /><p style=\"color:rgb(40,40,40);font-family:arial, helvetica, clean, sans-serif;\" >* Aqu\u00c3\u0192\u00c2\u00ad el npc no muestra las mismas opciones para los jugadores en el mismo gremio (opciones para la armadura del castillo)</p>\n<br /><p style=\"color:rgb(40,40,40);font-family:arial, helvetica, clean, sans-serif;\" ><span ><img alt=\"ev9apf.jpg\" src=\"http://i42.tinypic.com/ev9apf.jpg\" /></span></p>\n<br /><p style=\"color:rgb(40,40,40);font-family:arial, helvetica, clean, sans-serif;\" > </p>\n<br /><p style=\"color:rgb(40,40,40);font-family:arial, helvetica, clean, sans-serif;\" >* No puedo cambiar el l\u00c3\u0192\u00c2\u00adder de la alianza</p>\n<br /><p style=\"color:rgb(40,40,40);font-family:arial, helvetica, clean, sans-serif;\" ><span ><img alt=\"b69c84.jpg\" src=\"http://i42.tinypic.com/b69c84.jpg\" /></span></p>\n<br /><p style=\"color:rgb(40,40,40);font-family:arial, helvetica, clean, sans-serif;\" > </p>\n<br /><p style=\"color:rgb(40,40,40);font-family:arial, helvetica, clean, sans-serif;\" >* No puedo ajustar el tiempo de la guerra</p>\n<br /><p style=\"color:rgb(40,40,40);font-family:arial, helvetica, clean, sans-serif;\" > </p>\n<br /><p style=\"color:rgb(40,40,40);font-family:arial, helvetica, clean, sans-serif;\" ><span ><img alt=\"288vc0g.jpg\" src=\"http://i42.tinypic.com/288vc0g.jpg\" /></span></p>\n<br /><div > </div>\n<br /><div >try changing the name of Helper_ to Helper.</div>\n<br />"
        },
        {
            "id": 83945,
            "timestamp": 1375602514,
            "author": {
                "id": 17582,
                "name": "CDWriter",
                "image": null
            },
            "comment": "<p >@<a contenteditable=\"false\" data-ipshover=\"\" href=\"https://lckb.dev/forum/index.php?/profile/17474-kixtzz/\" data-ipshover-target=\"https://lckb.dev/forum/index.php?/profile/17474-kixtzz/&do=hovercard\" data-mentionid=\"17474\" rel=\"\" >@kixtzz</a>  why do you use part of my release and then come here and report things are wrong.... This is not the help Topic nore is it the solve your [CeNsOrEd] ups becuase you like to match and mix things ..............   Helper_   was changed in my fist release............. NEXT time goto the correct topic and not reply in the release section...........</p>"
        },
        {
            "id": 84004,
            "timestamp": 1375659683,
            "author": {
                "id": 17474,
                "name": "kixtzz",
                "image": null
            },
            "comment": "\n<p >Ok now i use all your files in V8b but doesnt work </p>\n<p > </p>\n<p >* I can get the armors and title only with members and not with guild master</p>\n<p ><img alt=\"72u7vl.jpg\" src=\"http://i44.tinypic.com/72u7vl.jpg\" /></p>\n"
        },
        {
            "id": 84005,
            "timestamp": 1375660657,
            "author": {
                "id": 17582,
                "name": "CDWriter",
                "image": null
            },
            "comment": "\n<p >you cant just install the data base and then set all the sql to your character and have it all work 100% you have to actually win a siege so it sets it all correct ...  but what are you showing me here that i am suppose to see thats not here?</p>\n<p > </p>\n<p >I went off from this page</p>\n<p > </p>\n<p ><a href=\"https://www.aeriagames.com/forums/en/viewtopic.php?p=838280\" rel=\"external nofollow\" >http://www.aeriagames.com/forums/en/viewtopic.php?p=838280</a></p>\n\n\n\t\t\t\n\t\t\t\t\n\n<span class=\"ipsType_reset ipsType_medium ipsType_light\" data-excludequote=\"None\" >\n\t<strong >Edited <time datetime=\"2013-08-05T00:23:45Z\" title=\"08/05/2013 12:23  AM\" data-short=\"7 yr\" >August 5, 2013</time> by CDWriter</strong>\n\t\n\t\n</span>\n\t\t\t\n\t\t</div>"
        },
        {
            "id": 84021,
            "timestamp": 1375673658,
            "author": {
                "id": 17582,
                "name": "CDWriter",
                "image": null
            },
            "comment": "\n<p >@<a contenteditable=\"false\" data-ipshover=\"\" href=\"https://lckb.dev/forum/index.php?/profile/17474-kixtzz/\" data-ipshover-target=\"https://lckb.dev/forum/index.php?/profile/17474-kixtzz/&do=hovercard\" data-mentionid=\"17474\" rel=\"\" >@kixtzz</a> Like i said you need to run to siege starter guy to claim your castle after you set it in db.. And you can only have 1 for a owner.. you can not claim 2 castles ....as i said v8b </p>\n<p > </p>\n<p ><img alt=\"zyck.jpg\" src=\"https://img845.imageshack.us/img845/4728/zyck.jpg\" /></p>\n<p > </p>\n<p >Armor set + Title</p>\n\n\n\t\t\t\n\t\t\t\t\n\n<span class=\"ipsType_reset ipsType_medium ipsType_light\" data-excludequote=\"None\" >\n\t<strong >Edited <time datetime=\"2013-08-05T03:34:48Z\" title=\"08/05/2013 03:34  AM\" data-short=\"7 yr\" >August 5, 2013</time> by CDWriter</strong>\n\t\n\t\n</span>\n\t\t\t\n\t\t</div>"
        },
        {
            "id": 84022,
            "timestamp": 1375676953,
            "author": {
                "id": 17474,
                "name": "kixtzz",
                "image": null
            },
            "comment": "<p >now its work, because i was trying to get the armors(castle owner) and title in juno. Im sorry to bother you.</p>"
        },
        {
            "id": 84024,
            "timestamp": 1375686762,
            "author": {
                "id": 17582,
                "name": "CDWriter",
                "image": null
            },
            "comment": "\n<p >@<a contenteditable=\"false\" data-ipshover=\"\" href=\"https://lckb.dev/forum/index.php?/profile/17474-kixtzz/\" data-ipshover-target=\"https://lckb.dev/forum/index.php?/profile/17474-kixtzz/&do=hovercard\" data-mentionid=\"17474\" rel=\"\" >@kixtzz</a>  its all good .....please report things off my versions and not mixed......</p>\n<p > </p>\n<p > </p>\n<p >No worries...:)</p>\n"
        },
        {
            "id": 84048,
            "timestamp": 1375714187,
            "author": {
                "id": 6063,
                "name": "tiago",
                "image": null
            },
            "comment": "\n<p >@<span ><a href=\"http://toxic-l33t.ddns.net/forum/index.php?/user/17582-cdwriter/\" title=\"\" rel=\"external nofollow\" ><span >CDWriter</span></a></span></p>\n<p >expired key of pastor evil spirit in kapelle</p>\n<p ><img alt=\"3y9w.jpg\" src=\"https://imageshack.us/a/img27/3764/3y9w.jpg\" /></p>\n<p >akan drop others box (itens lvl 155-165)</p>\n"
        },
        {
            "id": 84086,
            "timestamp": 1375728434,
            "author": {
                "id": 14022,
                "name": "zdanuxiz",
                "image": null
            },
            "comment": "\n<blockquote data-ipsquote=\"\" class=\"ipsQuote\" data-ipsquote-contentcommentid=\"84021\" data-ipsquote-contentapp=\"forums\" data-ipsquote-contenttype=\"forums\" data-ipsquote-contentclass=\"forums_Topic\" data-ipsquote-contentid=\"10877\" data-ipsquote-username=\"CDWriter\" data-cite=\"CDWriter\" data-ipsquote-timestamp=\"1375673658\" ><div ><div >\n<p >@<a contenteditable=\"false\" data-ipshover=\"\" href=\"https://lckb.dev/forum/index.php?/profile/17474-kixtzz/\" data-ipshover-target=\"https://lckb.dev/forum/index.php?/profile/17474-kixtzz/&do=hovercard\" data-mentionid=\"17474\" rel=\"\" >@kixtzz</a> Like i said you need to run to siege starter guy to claim your castle after you set it in db.. And you can only have 1 for a owner.. you can not claim 2 castles ....as i said v8b</p>\n<p > </p>\n<p ><img alt=\"zyck.jpg\" src=\"https://img845.imageshack.us/img845/4728/zyck.jpg\" /></p>\n<p > </p>\n<p >Armor set + Title</p>\n</div></div></blockquote>\n<p > </p>\n<p >i win the dcs with one account and next mcs with one account but when i go with master for recieve gifts i dont see option for get them</p>\n<p >why is happening that i use all your files (server + db)</p>\n"
        },
        {
            "id": 84087,
            "timestamp": 1375728607,
            "author": {
                "id": 17474,
                "name": "kixtzz",
                "image": null
            },
            "comment": "<p >go to dratan</p>"
        },
        {
            "id": 84228,
            "timestamp": 1375899944,
            "author": {
                "id": 17582,
                "name": "CDWriter",
                "image": null
            },
            "comment": "\n<p >Almost ready to release v9 ...... heres what will be fixed and added to v9 </p>\n<p > </p>\n<p ><span style=\"color:rgb(0,0,0);font-family:Verdana, Arial;font-size:12px;\" >keron scrolls did not work</span><br /><span style=\"color:rgb(0,0,0);font-family:Verdana, Arial;font-size:12px;\" >titles fixed 100% ...</span><br /><span style=\"color:rgb(0,0,0);font-family:Verdana, Arial;font-size:12px;\" >Fixed more  </span>itemALL_usa.lod<span style=\"color:rgb(0,0,0);font-family:Verdana, Arial;font-size:12px;\" > classes, flags ...</span><br /><span style=\"color:rgb(0,0,0);font-family:Verdana, Arial;font-size:12px;\" >Skill Fixes </span>and there levels </p>\n<p ><span style=\"color:rgb(0,0,0);font-family:Verdana, Arial;font-size:12px;\" >Small Fixes for pets speed ...</span></p>\n<p ><span style=\"color:rgb(0,0,0);font-family:Verdana, Arial;font-size:12px;\" >fixed a missing pet table...</span></p>\n<p >fixed some magic skills and there levels </p>\n<p > </p>\n<p >CDWriter</p>\n<p > </p>\n<p >Please close this topic</p>\n"
        }
    ]
}