{
    "meta": {
        "threadId": 10878,
        "threadName": "p2 pet movement speed",
        "dateCreated": "2013-07-31T06:03:01+0000",
        "datePublished": "2013-07-31T06:03:01+0000",
        "pageCount": 1,
        "originalUrl": "https://lckb.dev/forum/index.php?/topic/10878-p2-pet-movement-speed/",
        "authorId": 7750,
        "position": [
            {
                "@type": "ListItem",
                "position": 1,
                "item": {
                    "@id": "https://lckb.dev/forum/index.php?/forum/100-guides-help-section/",
                    "name": "Guides &amp; Help Section"
                }
            },
            {
                "@type": "ListItem",
                "position": 2,
                "item": {
                    "@id": "https://lckb.dev/forum/index.php?/forum/335-help-support/",
                    "name": "Help &amp; Support"
                }
            },
            {
                "@type": "ListItem",
                "position": 3,
                "item": {
                    "@id": "https://lckb.dev/forum/index.php?/forum/120-ep2-support/",
                    "name": "Ep2 Support"
                }
            },
            {
                "@type": "ListItem",
                "position": 4,
                "item": {
                    "@id": "https://lckb.dev/forum/index.php?/forum/134-solved-topics/",
                    "name": "Solved Topics"
                }
            }
        ]
    },
    "commentData": [
        {
            "id": 83567,
            "timestamp": 1375250581,
            "author": {
                "id": 7750,
                "name": "camaro2683",
                "image": null
            },
            "comment": "\n<p >hi community i was wondering how to change a p2 movement speed can someone tell me how i would go about changing it </p>\n<p > </p>\n<p >thank you</p>\n\n\n\t\t\t\n\t\t\t\t\n\n<span class=\"ipsType_reset ipsType_medium ipsType_light\" data-excludequote=\"None\" >\n\t<strong >Edited <time datetime=\"2013-07-31T07:35:00Z\" title=\"07/31/2013 07:35  AM\" data-short=\"7 yr\" >July 31, 2013</time> by camaro2683</strong>\n\t\n\t\n</span>\n\t\t\t\n\t\t</div>"
        },
        {
            "id": 83568,
            "timestamp": 1375252729,
            "author": {
                "id": 17582,
                "name": "CDWriter",
                "image": null
            },
            "comment": "<p >goto table t_attack_pet ...then column a_speed1   if the pet changes into something then a_speed2 also </p>"
        },
        {
            "id": 83569,
            "timestamp": 1375253718,
            "author": {
                "id": 7750,
                "name": "camaro2683",
                "image": null
            },
            "comment": "<p >@<a contenteditable=\"false\" data-ipshover=\"\" href=\"https://lckb.dev/forum/index.php?/profile/17582-cdwriter/\" data-ipshover-target=\"https://lckb.dev/forum/index.php?/profile/17582-cdwriter/&do=hovercard\" data-mentionid=\"17582\" rel=\"\" >@CDWriter</a> thank you i will try that :)</p>"
        },
        {
            "id": 83576,
            "timestamp": 1375256083,
            "author": {
                "id": 7750,
                "name": "camaro2683",
                "image": null
            },
            "comment": "<p >topic is solved please move this to solved <a href=\"/cdn-cgi/l/email-protection\" class=\"__cf_email__\" data-cfemail=\"75061016011c1a1b5b5b5b5b5b5b5b35\" >[email protected]</a><a contenteditable=\"false\" data-ipshover=\"\" href=\"https://lckb.dev/forum/index.php?/profile/17582-cdwriter/\" data-ipshover-target=\"https://lckb.dev/forum/index.php?/profile/17582-cdwriter/&do=hovercard\" data-mentionid=\"17582\" rel=\"\" >@CDWriter</a> thank you once again for your help :)</p>"
        }
    ]
}