{
    "meta": {
        "threadId": 10889,
        "threadName": "Unblocking a IP in IP Tables.",
        "dateCreated": "2013-07-31T23:12:33+0000",
        "datePublished": "2013-07-31T23:12:33+0000",
        "pageCount": 1,
        "originalUrl": "https://lckb.dev/forum/index.php?/topic/10889-unblocking-a-ip-in-ip-tables/",
        "authorId": 16931,
        "position": [
            {
                "@type": "ListItem",
                "position": 1,
                "item": {
                    "@id": "https://lckb.dev/forum/index.php?/forum/100-guides-help-section/",
                    "name": "Guides &amp; Help Section"
                }
            },
            {
                "@type": "ListItem",
                "position": 2,
                "item": {
                    "@id": "https://lckb.dev/forum/index.php?/forum/335-help-support/",
                    "name": "Help &amp; Support"
                }
            },
            {
                "@type": "ListItem",
                "position": 3,
                "item": {
                    "@id": "https://lckb.dev/forum/index.php?/forum/120-ep2-support/",
                    "name": "Ep2 Support"
                }
            },
            {
                "@type": "ListItem",
                "position": 4,
                "item": {
                    "@id": "https://lckb.dev/forum/index.php?/forum/134-solved-topics/",
                    "name": "Solved Topics"
                }
            }
        ]
    },
    "commentData": [
        {
            "id": 83679,
            "timestamp": 1375312353,
            "author": {
                "id": 16931,
                "name": "Walletman987",
                "image": null
            },
            "comment": "\n<p >I tested blocking someone in IP tables but now I need to remove them, can someone tell me how to do it? </p>\n<p >I did this:</p>\n<p ><span style=\"color:rgb(17,17,17);font-family:Consolas, 'Andale Mono', Monaco, Courier, 'Courier New', Verdana, sans-serif;font-size:12px;background-color:rgb(238,238,238);\" ># iptables -D INPUT -s PersonsIP</span><span style=\"background-color:rgb(238,238,238);\" > </span><span style=\"background-color:rgb(238,238,238);color:rgb(17,17,17);font-family:Consolas, 'Andale Mono', Monaco, Courier, 'Courier New', Verdana, sans-serif;font-size:12px;\" >-j DROP</span></p>\n\n\n\t\t\t\n\t\t\t\t\n\n<span class=\"ipsType_reset ipsType_medium ipsType_light\" data-excludequote=\"None\" >\n\t<strong >Edited <time datetime=\"2013-07-31T23:21:54Z\" title=\"07/31/2013 11:21  PM\" data-short=\"7 yr\" >July 31, 2013</time> by Walletman987</strong>\n\t\n\t\n</span>\n\t\t\t\n\t\t</div>"
        },
        {
            "id": 83681,
            "timestamp": 1375312869,
            "author": {
                "id": 16931,
                "name": "Walletman987",
                "image": null
            },
            "comment": "<p ><span style=\"color:rgb(17,17,17);font-family:Consolas, 'Andale Mono', Monaco, Courier, 'Courier New', Verdana, sans-serif;font-size:12px;background-color:rgb(238,238,238);\" ># iptables -D INPUT -s PersonsIP</span><span style=\"color:rgb(40,40,40);font-family:arial, helvetica, clean, sans-serif;background-color:rgb(238,238,238);\" > </span><span style=\"background-color:rgb(238,238,238);color:rgb(17,17,17);font-family:Consolas, 'Andale Mono', Monaco, Courier, 'Courier New', Verdana, sans-serif;font-size:12px;\" >-j DROP did work actually, sorry for the useless post, someone delete it or move it to solved please.</span></p>"
        },
        {
            "id": 83691,
            "timestamp": 1375340311,
            "author": {
                "id": 2,
                "name": "Wizatek",
                "image": null
            },
            "comment": "\n<p >Thats why i prefer to not use \"live commands\" but to just edit the /etc/sysconfig/iptables file and restart iptables.</p>\n<p >\nThis way if u want to undo something u just remove the line from the file.</p>\n<p >\nAnd its easy for people that forget a lot, like me..</p>\n"
        },
        {
            "id": 83694,
            "timestamp": 1375342699,
            "author": {
                "id": 16931,
                "name": "Walletman987",
                "image": null
            },
            "comment": "\n<blockquote data-ipsquote=\"\" class=\"ipsQuote\" data-ipsquote-contentcommentid=\"83691\" data-ipsquote-contentapp=\"forums\" data-ipsquote-contenttype=\"forums\" data-ipsquote-contentclass=\"forums_Topic\" data-ipsquote-contentid=\"10889\" data-ipsquote-username=\"Wizatek\" data-cite=\"Wizatek\" data-ipsquote-timestamp=\"1375340311\" ><div ><div >\n<p >Thats why i prefer to not use \"live commands\" but to just edit the /etc/sysconfig/iptables file and restart iptables.</p>\n<p >This way if u want to undo something u just remove the line from the file.</p>\n<p >And its easy for people that forget a lot, like me..</p>\n</div></div></blockquote>\n<p >Sounds much easier, Ill probably do this too.</p>\n"
        }
    ]
}