{
    "meta": {
        "threadId": 10926,
        "threadName": "Quest O.o",
        "dateCreated": "2013-08-04T01:42:08+0000",
        "datePublished": "2013-08-04T01:42:08+0000",
        "pageCount": 1,
        "originalUrl": "https://lckb.dev/forum/index.php?/topic/10926-quest-oo/",
        "authorId": null,
        "position": [
            {
                "@type": "ListItem",
                "position": 1,
                "item": {
                    "@id": "https://lckb.dev/forum/index.php?/forum/100-guides-help-section/",
                    "name": "Guides &amp; Help Section"
                }
            },
            {
                "@type": "ListItem",
                "position": 2,
                "item": {
                    "@id": "https://lckb.dev/forum/index.php?/forum/335-help-support/",
                    "name": "Help &amp; Support"
                }
            },
            {
                "@type": "ListItem",
                "position": 3,
                "item": {
                    "@id": "https://lckb.dev/forum/index.php?/forum/120-ep2-support/",
                    "name": "Ep2 Support"
                }
            },
            {
                "@type": "ListItem",
                "position": 4,
                "item": {
                    "@id": "https://lckb.dev/forum/index.php?/forum/134-solved-topics/",
                    "name": "Solved Topics"
                }
            }
        ]
    },
    "commentData": [
        {
            "id": 83923,
            "timestamp": 1375580528,
            "author": {
                "id": null,
                "name": "Guest SmoGG",
                "image": null
            },
            "comment": "\n<p >Dear Community, </p>\n<p > </p>\n<p >I wanna make a starter quest (accept - talk & finish on the same NPC).</p>\n<p >I can accept them and talk with the NPC but i cant finish the quest...</p>\n<p >If I click on \"Connfirm\", nothing happen >.></p>\n<p > </p>\n<p >Hope anyone can help me (:</p>\n"
        },
        {
            "id": 84010,
            "timestamp": 1375661470,
            "author": {
                "id": 2835,
                "name": "halohalo",
                "image": null
            },
            "comment": "\n<p >Had the same problem, change the questAll_usa.lod of your client for another one.</p>\n<p > </p>\n<p >(What you got its a bugged questAll_usa.lod file)</p>\n"
        },
        {
            "id": 84036,
            "timestamp": 1375698982,
            "author": {
                "id": 2069,
                "name": "LikeToMove",
                "image": null
            },
            "comment": "<p >Tagged as solved, please let know us how you solve it ;)</p>"
        },
        {
            "id": 84038,
            "timestamp": 1375700384,
            "author": {
                "id": 16983,
                "name": "Jaiz",
                "image": null
            },
            "comment": "\n<p >If you made a own quest it its dont work then you do a mistake. And if you cant finish the normal quests without a edit its a Client File Problem. Change it with a other QuestAll....lod</p>\n<p >If you need Help with Quest creating, just pm me. :)</p>\n<p > </p>\n<p > </p>\n<p >Regards Jaiz</p>\n\n\n\t\t\t\n\t\t\t\t\n\n<span class=\"ipsType_reset ipsType_medium ipsType_light\" data-excludequote=\"None\" >\n\t<strong >Edited <time datetime=\"2013-08-05T11:00:46Z\" title=\"08/05/2013 11:00  AM\" data-short=\"7 yr\" >August 5, 2013</time> by Jaiz</strong>\n\t\n\t\n</span>\n\t\t\t\n\t\t</div>"
        }
    ]
}