{
    "meta": {
        "threadId": 10921,
        "threadName": "MySQL Syntax Error",
        "dateCreated": "2013-08-03T18:55:18+0000",
        "datePublished": "2013-08-03T18:55:18+0000",
        "pageCount": 1,
        "originalUrl": "https://lckb.dev/forum/index.php?/topic/10921-mysql-syntax-error/",
        "authorId": 1503,
        "position": [
            {
                "@type": "ListItem",
                "position": 1,
                "item": {
                    "@id": "https://lckb.dev/forum/index.php?/forum/272-programmers-gateway/",
                    "name": "Programmers Gateway"
                }
            },
            {
                "@type": "ListItem",
                "position": 2,
                "item": {
                    "@id": "https://lckb.dev/forum/index.php?/forum/79-coders-talk/",
                    "name": "Coders Talk"
                }
            }
        ]
    },
    "commentData": [
        {
            "id": 83886,
            "timestamp": 1375556118,
            "author": {
                "id": 1503,
                "name": "Paramount",
                "image": null
            },
            "comment": "\n<p >Hello guys! Look at my code:</p>\n<p > </p>\n<pre class=\"ipsCode prettyprint\" >{\n  \"UPDATE bg_user SET user_id=\",\n  this.textBox36.Text,\n  \", passwd=\",\n  this.textBox37.Text,\n  \", cash=\",\n  this.textBox45.Text,\n  \", email=\",\n  this.textBox42.Text,\n  \" WHERE user_code=\",\n   this.textBox43.Text,\n }</pre>\n<p > </p>\n<p >It says me  You have an error in your SQL syntax; check the manual that corresponds to your MySQL server version for the right syntax to use near , passwd=*******, cash=0, email=***@***.com WHERE user_co at line 1</p>\n<p > </p>\n<p >Any idea how to fix it?</p>\n<p >Thanks in advanced.</p>\n"
        },
        {
            "id": 83895,
            "timestamp": 1375559815,
            "author": {
                "id": 307,
                "name": "ReturnKratos",
                "image": null
            },
            "comment": "\n<p >can work like that ? </p>\n<pre class=\"ipsCode prettyprint\" >{\n  \"UPDATE bg_user SET user_id=\" & this.textBox36.Text & \", passwd=\" & this.textBox37.Text & \", cash=\" & this.textBox45.Text & \", email=\",this.textBox42.Text & \" WHERE user_code=\" & this.textBox43.Text & \";\"\n }\n</pre>\n"
        },
        {
            "id": 83898,
            "timestamp": 1375560443,
            "author": {
                "id": 919,
                "name": "someone",
                "image": null
            },
            "comment": "\n<pre class=\"ipsCode prettyprint\" >\"UPDATE bg_user SET user_id=\",    // missing  after  user_id=\n  this.textBox36.Text,\n  \", passwd=\",\n  this.textBox37.Text,\n  \", cash=\",\n  this.textBox45.Text,\n  \", email=\",\n  this.textBox42.Text,\n  \" WHERE user_code=\",  // error missing \n   this.textBox43.Text, //an array does not end with ,\n</pre>\n<p >The result would be something like this :</p>\n<pre class=\"ipsCode prettyprint\" >UPDATE bg_user SET user_id=, passwd=, cash=, email= WHERE user_code=</pre>\n<p >Instead of using string.concat  i suggest concatenating strings with + because 1 its much easier to use and is less memory usage(if the application were to execute a query every  second it will allocate a lot of uses memory in a short time.)</p>\n<p > </p>\n<p >A proper way to write it is simple:</p>\n<pre class=\"ipsCode prettyprint\" >string query = \"UPDATE bg_user SET \" + \n                   \"user_id=\" + this.textBox36.Text + \",\" +\n                   \"passwd=\" + this.textBox37.Text + \",\" +\n                   \"cash=\" + this.textBox45.Text + \",\" +\n                   \"email=\" + this.textBox42.Text + \" \" +\n               \"WHERE user_code=\" + this.textBox43.Text + \"\";</pre>\n<p >@ReturnKratos</p>\n<p >The operator & is the string concatenation for visual basic, it  will not work in the other .net languages, instead of the operator & I suggest using the operator4 +, since it works in VB and other .net languages language, even outside .net like java or  javascript, or python, etc</p>\n"
        },
        {
            "id": 83912,
            "timestamp": 1375569657,
            "author": {
                "id": 1503,
                "name": "Paramount",
                "image": null
            },
            "comment": "<p >Fixed! Thanks someone and ReturnKratos for you help!!!</p>"
        },
        {
            "id": 83984,
            "timestamp": 1375632582,
            "author": {
                "id": 2,
                "name": "Wizatek",
                "image": null
            },
            "comment": "\n<pre class=\"ipsCode prettyprint lang-auto linenums:0\" ><br >\nMySqlCommand cmd = new MySqlCommand(\"UPDATE bg_user SET user_id = @uname, passwd = @pwd, cash = @cash, email = @email WHERE user_code = @uid\", sqlcon);<br >\ncmd.Prepare();<br ><br >\ncmd.Parameters.AddWithvalue(\"@uname\", textBox36.Text);<br >\ncmd.Parameters.AddWithvalue(\"@passwd\", textBox37.Text);<br >\n// etc etc etc<br ><br >\ncmd.ExecuteNonQuery();<br ></br></br></br></br></br></br></br></br></br></pre>This way your strings will get escaped automatically, and its also mysql injection safe for how far thats needed"
        },
        {
            "id": 83988,
            "timestamp": 1375636896,
            "author": {
                "id": 307,
                "name": "ReturnKratos",
                "image": null
            },
            "comment": "\n<blockquote data-ipsquote=\"\" class=\"ipsQuote\" data-ipsquote-contentcommentid=\"83898\" data-ipsquote-contentapp=\"forums\" data-ipsquote-contenttype=\"forums\" data-ipsquote-contentclass=\"forums_Topic\" data-ipsquote-contentid=\"10921\" data-ipsquote-username=\"someone\" data-cite=\"someone\" data-ipsquote-timestamp=\"1375560443\" ><div ><div >\n<pre class=\"ipsCode prettyprint\" >\"UPDATE bg_user SET user_id=\",    // missing  after  user_id=\n  this.textBox36.Text,\n  \", passwd=\",\n  this.textBox37.Text,\n  \", cash=\",\n  this.textBox45.Text,\n  \", email=\",\n  this.textBox42.Text,\n  \" WHERE user_code=\",  // error missing \n   this.textBox43.Text, //an array does not end with ,\n</pre>\n<p >The result would be something like this :</p>\n<pre class=\"ipsCode prettyprint\" >UPDATE bg_user SET user_id=, passwd=, cash=, email= WHERE user_code=</pre>\n<p >Instead of using string.concat  i suggest concatenating strings with + because 1 its much easier to use and is less memory usage(if the application were to execute a query every  second it will allocate a lot of uses memory in a short time.)</p>\n<p > </p>\n<p >A proper way to write it is simple:</p>\n<pre class=\"ipsCode prettyprint\" >string query = \"UPDATE bg_user SET \" + \n                   \"user_id=\" + this.textBox36.Text + \",\" +\n                   \"passwd=\" + this.textBox37.Text + \",\" +\n                   \"cash=\" + this.textBox45.Text + \",\" +\n                   \"email=\" + this.textBox42.Text + \" \" +\n               \"WHERE user_code=\" + this.textBox43.Text + \"\";</pre>\n<p >@ReturnKratos</p>\n<p >The operator & is the string concatenation for visual basic, it  will not work in the other .net languages, instead of the operator & I suggest using the operator4 +, since it works in VB and other .net languages language, even outside .net like java or  javascript, or python, etc</p>\n<p > </p>\n</div></div></blockquote>\n<p > </p>\n<p >Ok thanks for the info.</p>\n\n\n\t\t\t\n\t\t\t\t\n\n<span class=\"ipsType_reset ipsType_medium ipsType_light\" data-excludequote=\"None\" >\n\t<strong >Edited <time datetime=\"2013-08-04T17:22:02Z\" title=\"08/04/2013 05:22  PM\" data-short=\"7 yr\" >August 4, 2013</time> by ReturnKratos</strong>\n\t\n\t\n</span>\n\t\t\t\n\t\t</div>"
        }
    ]
}