{
    "meta": {
        "threadId": 1093,
        "threadName": "Need commands help",
        "dateCreated": "2011-10-19T20:29:45+0000",
        "datePublished": "2011-10-19T20:29:45+0000",
        "pageCount": 1,
        "originalUrl": "https://lckb.dev/forum/index.php?/topic/1093-need-commands-help/",
        "authorId": 3911,
        "position": [
            {
                "@type": "ListItem",
                "position": 1,
                "item": {
                    "@id": "https://lckb.dev/forum/index.php?/forum/271-general-section/",
                    "name": "General Section"
                }
            },
            {
                "@type": "ListItem",
                "position": 2,
                "item": {
                    "@id": "https://lckb.dev/forum/index.php?/forum/259-general-discussion/",
                    "name": "General Discussion"
                }
            }
        ]
    },
    "commentData": [
        {
            "id": 8881,
            "timestamp": 1319056185,
            "author": {
                "id": 3911,
                "name": "roseon",
                "image": null
            },
            "comment": "\n<p >hey i need help to turn of pandora box event and start other any knows the commands to turn off pandora box event on ep1 server here a picture of the database</p>\n<p > </p>\n<p ><img alt=\"db.png\" src=\"http://wng.sytes.net/db.png\" /></p>\n"
        }
    ]
}