{
    "meta": {
        "threadId": 10944,
        "threadName": "Unable to convert MySQL date/time value to System.DateTime",
        "dateCreated": "2013-08-05T14:57:10+0000",
        "datePublished": "2013-08-05T14:57:10+0000",
        "pageCount": 1,
        "originalUrl": "https://lckb.dev/forum/index.php?/topic/10944-unable-to-convert-mysql-datetime-value-to-systemdatetime/",
        "authorId": 1503,
        "position": [
            {
                "@type": "ListItem",
                "position": 1,
                "item": {
                    "@id": "https://lckb.dev/forum/index.php?/forum/272-programmers-gateway/",
                    "name": "Programmers Gateway"
                }
            },
            {
                "@type": "ListItem",
                "position": 2,
                "item": {
                    "@id": "https://lckb.dev/forum/index.php?/forum/79-coders-talk/",
                    "name": "Coders Talk"
                }
            }
        ]
    },
    "commentData": [
        {
            "id": 84050,
            "timestamp": 1375714630,
            "author": {
                "id": 1503,
                "name": "Paramount",
                "image": null
            },
            "comment": "\n<p >Hello! This is mine code:</p>\n<p > </p>\n<pre class=\"ipsCode prettyprint\" >                    {\n                       \"server=\",\n                       this.textBox_host.Text,\n                       \";User id=\",\n                       this.textBox_user.Text,\n                       \";Password=\",\n                       this.textBox_password.Text,\n                       \";database=\" ,\n                       this.textBox_db3.Text\n                     });\n</pre>\n<p > </p>\n<p >I guess the problem could be in createtime table, because it has datatime is null (0000-00-00 00:00)</p>\n<p > </p>\n<p >Any idea how to fix this problem?</p>\n"
        },
        {
            "id": 84052,
            "timestamp": 1375714875,
            "author": {
                "id": 2,
                "name": "Wizatek",
                "image": null
            },
            "comment": "\n<p >Yes that is a problem, and there isnt much u can do about this because the mysql connector recognises this as invalid and will throw a exception.</p>\n<p >\nThe only thing u can do is change the database to have a valid datetime in thet field</p>\n"
        },
        {
            "id": 84054,
            "timestamp": 1375714980,
            "author": {
                "id": 1503,
                "name": "Paramount",
                "image": null
            },
            "comment": "\n<p >Yep, but I have found something:</p>\n<p > </p>\n<pre class=\"ipsCode prettyprint\" >convert zero datetime=True</pre>\n<p > </p>\n<p ><span >Do you know where to paste it, and is it possible? </span></p>\n<p ><span >Thanks in advanced!</span></p>\n"
        }
    ]
}