{
    "meta": {
        "threadId": 10955,
        "threadName": "Question about Unixtime to Timestamp",
        "dateCreated": "2013-08-05T23:08:02+0000",
        "datePublished": "2013-08-05T23:08:02+0000",
        "pageCount": 1,
        "originalUrl": "https://lckb.dev/forum/index.php?/topic/10955-question-about-unixtime-to-timestamp/",
        "authorId": 16983,
        "position": [
            {
                "@type": "ListItem",
                "position": 1,
                "item": {
                    "@id": "https://lckb.dev/forum/index.php?/forum/272-programmers-gateway/",
                    "name": "Programmers Gateway"
                }
            },
            {
                "@type": "ListItem",
                "position": 2,
                "item": {
                    "@id": "https://lckb.dev/forum/index.php?/forum/79-coders-talk/",
                    "name": "Coders Talk"
                }
            }
        ]
    },
    "commentData": [
        {
            "id": 84113,
            "timestamp": 1375744082,
            "author": {
                "id": 16983,
                "name": "Jaiz",
                "image": null
            },
            "comment": "\n<p >Im very interessted how to make a datetime to unixtime timestamp. It is difficult or? Can somebody tell me more about it? Because i want to create some the unix timestamp for dcs or mcs etc. But i havent a idea how :). </p>\n<p >Maybe i want get this to work: <a href=\"http://prntscr.com/1jm5x9\" rel=\"external nofollow\" >http://prntscr.com/1jm5x9</a> </p>\n<p >but how i telled now idea. I hope somebody can help me with it </p>\n<p > </p>\n<p >Regards Jaiz :)</p>\n\n\n\t\t\t\n\t\t\t\t\n\n<span class=\"ipsType_reset ipsType_medium ipsType_light\" data-excludequote=\"None\" >\n\t<strong >Edited <time datetime=\"2013-08-05T23:19:41Z\" title=\"08/05/2013 11:19  PM\" data-short=\"7 yr\" >August 5, 2013</time> by Jaiz</strong>\n\t\n\t\n</span>\n\t\t\t\n\t\t</div>"
        },
        {
            "id": 84121,
            "timestamp": 1375756203,
            "author": {
                "id": 18226,
                "name": "OldHM",
                "image": null
            },
            "comment": "\n<p >Just get the \"utc\" tool its an unix timecode tool</p>\n<p >:)</p>\n<p >If you can find ill upload</p>\n"
        },
        {
            "id": 84126,
            "timestamp": 1375772839,
            "author": {
                "id": 1503,
                "name": "Paramount",
                "image": null
            },
            "comment": "\n<p >What about:</p>\n<p > </p>\n<pre class=\"ipsCode prettyprint\" >private static readonly DateTime UnixEpoch =\nnew DateTime(1970, 1, 1, 0, 0, 0, DateTimeKind.Utc);\n\npublic static long GetCurrentUnixTimestampMillis()\n{\nreturn (long) (DateTime.UtcNow - UnixEpoch).TotalMilliseconds;\n}\n\npublic static DateTime DateTimeFromUnixTimestampMillis(long millis)\n{\nreturn UnixEpoch.AddMilliseconds(millis);\n}\n\npublic static long GetCurrentUnixTimestampSeconds()\n{\nreturn (long) (DateTime.UtcNow - UnixEpoch).TotalSeconds;\n}\n\npublic static DateTime DateTimeFromUnixTimestampSeconds(long seconds)\n{\nreturn UnixEpoch.AddSeconds(seconds);\n}\n</pre>\n"
        },
        {
            "id": 84133,
            "timestamp": 1375781908,
            "author": {
                "id": 16983,
                "name": "Jaiz",
                "image": null
            },
            "comment": "\n<blockquote data-ipsquote=\"\" class=\"ipsQuote\" data-ipsquote-contentcommentid=\"84121\" data-ipsquote-contentapp=\"forums\" data-ipsquote-contenttype=\"forums\" data-ipsquote-contentclass=\"forums_Topic\" data-ipsquote-contentid=\"10955\" data-ipsquote-username=\"Mendozza\" data-cite=\"Mendozza\" data-ipsquote-timestamp=\"1375756203\" ><div ><div >\n<p >Just get the \"utc\" tool its an unix timecode tool</p>\n<p > :)</p>\n<p >If you can find ill upload</p>\n</div></div></blockquote>\n<p >I dont want use this utc tool. I want my own one for me </p>\n"
        },
        {
            "id": 84148,
            "timestamp": 1375803469,
            "author": {
                "id": 2041,
                "name": "HateMe",
                "image": null
            },
            "comment": "\n<p >i did poste already the functions for this but here its again</p>\n<p > </p>\n<p > </p>\n<p > </p>\n<pre class=\"ipsCode prettyprint\" >public static class DateTimeExtender\n    {\n        #region Functions\n        /// <summary >\n        /// Methods to convert DateTime to Unix time stamp\n        /// </summary>\n        /// <param name=\"_UnixTimeStamp\" >Unix time stamp to convert</param>\n        /// <returns >Return Unix time stamp as long type</returns>\n        public static double ToUnixTimestamp(this DateTime thisDateTime)\n        {\n            TimeSpan _UnixTimeSpan = (thisDateTime - new DateTime(1970, 1, 1, 0, 0, 0, DateTimeKind.Utc));\n            return (double)_UnixTimeSpan.TotalSeconds;\n        }\n        \n        #endregion\n    }\n \npublic partial class Form1 : Form\n    {\npublic static DateTime UnixTimeStampToDateTime(double unixTimeStamp)\n        {   // Unix timestamp is seconds past epoch\n            System.DateTime dtDateTime = new DateTime(1970, 1, 1, 0, 0, 0, DateTimeKind.Utc);\n            dtDateTime = dtDateTime.AddSeconds(unixTimeStamp).ToLocalTime();\n            DateTime localTime = TimeZoneInfo.ConvertTime(dtDateTime, TimeZoneInfo.Utc);\n            return localTime;\n        }\n \nprivate void button_unix_tonormal_Click(object sender, EventArgs e)\n        {\n            string format = \"dd.MM.yyyy HH:mm:ss\";\n            dateTimePicker_date_time.Text = UnixTimeStampToDateTime(double.Parse(textBox_unixtime.Text)).ToString(format);\n        }\n \nprivate void button_normal_to_unix_Click(object sender, EventArgs e)\n        {\n            // dd.MM.yyyy hh:mm:ss\n\n            string picker = dateTimePicker_date_time.Text;\n            string[] split_date_time = picker.Split( );\n            string[] split_date = split_date_time[0].Split(.);\n            string[] split_time = split_date_time[1].Split(:);\n\n            int year = int.Parse(split_date[2]);\n            int month = int.Parse(split_date[1]);\n            int day = int.Parse(split_date[0]);\n\n            int hours = int.Parse(split_time[0]);\n            int minutes = int.Parse(split_time[1]);\n            int seconds = int.Parse(split_time[2]);\n            \n            DateTime dt = new DateTime(year, month, day, hours, minutes, seconds, DateTimeKind.Utc);\n            textBox_unixtime.Text = dt.ToUnixTimestamp().ToString();\n \n            // or\n            // textBox_unixtime.Text = DateTime.UtcNow.ToUnixTimestamp().ToString();\n        }\n \n}\n</pre>\n"
        }
    ]
}