{
    "meta": {
        "threadId": 1096,
        "threadName": "last chaos ep1",
        "dateCreated": "2011-10-20T07:37:53+0000",
        "datePublished": "2011-10-20T07:37:53+0000",
        "pageCount": 1,
        "originalUrl": "https://lckb.dev/forum/index.php?/topic/1096-last-chaos-ep1/",
        "authorId": 628,
        "position": [
            {
                "@type": "ListItem",
                "position": 1,
                "item": {
                    "@id": "https://lckb.dev/forum/index.php?/forum/271-general-section/",
                    "name": "General Section"
                }
            },
            {
                "@type": "ListItem",
                "position": 2,
                "item": {
                    "@id": "https://lckb.dev/forum/index.php?/forum/259-general-discussion/",
                    "name": "General Discussion"
                }
            }
        ]
    },
    "commentData": [
        {
            "id": 8894,
            "timestamp": 1319096273,
            "author": {
                "id": 628,
                "name": "FilinRus",
                "image": null
            },
            "comment": "<p >Hi all! Who can lay out the server with all completions that now is? (Them I can not establish, it is impossible)sry my bad English:)</p>"
        },
        {
            "id": 8895,
            "timestamp": 1319096709,
            "author": {
                "id": 770,
                "name": "zhuk",
                "image": null
            },
            "comment": "\n<p >First go to Multilangue section</p>\n<p >Second learn English</p>\n<p >Third no one neven give you theyself own server</p>\n"
        }
    ]
}