{
    "meta": {
        "threadId": 10982,
        "threadName": "Mistake at server start",
        "dateCreated": "2013-08-08T01:42:04+0000",
        "datePublished": "2013-08-08T01:42:04+0000",
        "pageCount": 1,
        "originalUrl": "https://lckb.dev/forum/index.php?/topic/10982-mistake-at-server-start/",
        "authorId": 15376,
        "position": [
            {
                "@type": "ListItem",
                "position": 1,
                "item": {
                    "@id": "https://lckb.dev/forum/index.php?/forum/100-guides-help-section/",
                    "name": "Guides &amp; Help Section"
                }
            },
            {
                "@type": "ListItem",
                "position": 2,
                "item": {
                    "@id": "https://lckb.dev/forum/index.php?/forum/335-help-support/",
                    "name": "Help &amp; Support"
                }
            },
            {
                "@type": "ListItem",
                "position": 3,
                "item": {
                    "@id": "https://lckb.dev/forum/index.php?/forum/120-ep2-support/",
                    "name": "Ep2 Support"
                }
            },
            {
                "@type": "ListItem",
                "position": 4,
                "item": {
                    "@id": "https://lckb.dev/forum/index.php?/forum/134-solved-topics/",
                    "name": "Solved Topics"
                }
            }
        ]
    },
    "commentData": [
        {
            "id": 84257,
            "timestamp": 1375926124,
            "author": {
                "id": 15376,
                "name": "\u00e2\u02dc\u00a3 WARFACE \u00e2\u02dc\u00a3",
                "image": null
            },
            "comment": "\n<p >Friends to all hello I will tell at once I looked at all subjects at a forum I couldnt find the decision here in general a problem</p>\n<p > </p>\n<p ><strong >Connector :</strong></p>\n<div ><pre class=\"ipsCode prettyprint\" >[Thread debugging using libthread_db enabled]\nLoading Setting File...\n2013/08/08 05:37:59 :: SYS_ERR > Connect DB\n\n\nProgram exited normally.\n\"-------------------------------------------\"\"error--------------------------------------\"\"-------------------------------------------\"cmd:6: Error in sourced command file:\nNo thread selected</pre></div>\n<p ><strong >Helper :</strong></p>\n<div >\n<pre class=\"ipsCode prettyprint\" >[Thread debugging using libthread_db enabled]\nLoad setting file....\nCannot Connect DB!!\n\n\nProgram exited normally.\n\"-------------------------------------------\"\"error--------------------------------------\"\"-------------------------------------------\"cmd:6: Error in sourced command file:\nNo thread selected\n</pre>\n<p ><strong >SubHelper :</strong></p>\n<div ><pre class=\"ipsCode prettyprint\" >[Thread debugging using libthread_db enabled]\nLoad setting file....\nCannot Connect DB!!\n\n\nProgram exited normally.\n\"-------------------------------------------\"\"error--------------------------------------\"\"-------------------------------------------\"cmd:6: Error in sourced command file:\nNo thread selected</pre></div>\n<div >and other servers as remove such mistakes checked login and the password everything normally as before, ( User = l<a href=\"/cdn-cgi/l/email-protection\" class=\"__cf_email__\" data-cfemail=\"e1828a83a1d0d3d6cfd1cfd1cfd0\" >[email protected]</a> ) the password didnt establish was started suddenly ceased to work after <strong >MySQL</strong> reinstallation earlier what I not so do? prompt please</div>\n</div>\n<p > </p>\n"
        },
        {
            "id": 84258,
            "timestamp": 1375929996,
            "author": {
                "id": 8720,
                "name": "Rezq",
                "image": null
            },
            "comment": "\n<p >The Same Problem Guys .... </p>\n<p >When im trying</p>\n<p >cd /home/lastchaos/Connector/Connector</p>\n<p >./run</p>\n<p > </p>\n<div >2013/08/08 06:40:20 :: SYS_ERR > Connect DB</div>\n<div >Loading Setting File...</div>\n<div >2013/08/08 06:40:22 :: SYS_ERR > Connect DB</div>\n<div >Loading Setting File...</div>\n<div >2013/08/08 06:40:24 :: SYS_ERR > Connect DB</div>\n"
        },
        {
            "id": 84274,
            "timestamp": 1375955103,
            "author": {
                "id": 15376,
                "name": "\u00e2\u02dc\u00a3 WARFACE \u00e2\u02dc\u00a3",
                "image": null
            },
            "comment": "<p >=\\</p>"
        },
        {
            "id": 84285,
            "timestamp": 1375968026,
            "author": {
                "id": 15376,
                "name": "\u00e2\u02dc\u00a3 WARFACE \u00e2\u02dc\u00a3",
                "image": null
            },
            "comment": "<p >Close </p>"
        },
        {
            "id": 84763,
            "timestamp": 1376749193,
            "author": {
                "id": 1503,
                "name": "Paramount",
                "image": null
            },
            "comment": "\n<p >Next time tell how you got it fixed.</p>\n<p > </p>\n<p >// Marked as solved & moved</p>\n"
        }
    ]
}