{
    "meta": {
        "threadId": 10983,
        "threadName": "Cant run GameServer",
        "dateCreated": "2013-08-08T05:08:40+0000",
        "datePublished": "2013-08-08T05:08:40+0000",
        "pageCount": 1,
        "originalUrl": "https://lckb.dev/forum/index.php?/topic/10983-cant-run-gameserver/",
        "authorId": 8720,
        "position": [
            {
                "@type": "ListItem",
                "position": 1,
                "item": {
                    "@id": "https://lckb.dev/forum/index.php?/forum/100-guides-help-section/",
                    "name": "Guides &amp; Help Section"
                }
            },
            {
                "@type": "ListItem",
                "position": 2,
                "item": {
                    "@id": "https://lckb.dev/forum/index.php?/forum/335-help-support/",
                    "name": "Help &amp; Support"
                }
            },
            {
                "@type": "ListItem",
                "position": 3,
                "item": {
                    "@id": "https://lckb.dev/forum/index.php?/forum/120-ep2-support/",
                    "name": "Ep2 Support"
                }
            },
            {
                "@type": "ListItem",
                "position": 4,
                "item": {
                    "@id": "https://lckb.dev/forum/index.php?/forum/134-solved-topics/",
                    "name": "Solved Topics"
                }
            }
        ]
    },
    "commentData": [
        {
            "id": 84260,
            "timestamp": 1375938520,
            "author": {
                "id": 8720,
                "name": "Rezq",
                "image": null
            },
            "comment": "\n<div >Hi </div>\n<br /><div > when im trying cd /home/lastchaos/GameServer/GameServer1 </div>\n<br /><div >and writing ./run</div>\n<br /><div > this is what i get </div>\n<br /><div > </div>\n<br /><div >2013/08/08 08:58:06 :: SYS_ERR > Cant Create Item Index69954 : 0 : 0 : 1</div>\n<br /><div >2013/08/08 08:58:06 :: SYSTEM > Apet Loading...</div>\n<br /><div >2013/08/08 08:58:06 :: SYSTEM > Skill Loading...</div>\n<br /><div >MagicProtoList Load Error</div>\n<br /><div >2013/08/08 08:58:06 :: Setting Error!! ></div>\n<br /><div >Setting Error!!</div>\n<br /><div > </div>\n<br /><div > </div>\n<br /><div >i have tried to rename t_skill and t_magiclevel To low capital and nothing has changed .. </div>\n<br /><div > </div>\n<br />"
        },
        {
            "id": 84263,
            "timestamp": 1375943372,
            "author": {
                "id": 17582,
                "name": "CDWriter",
                "image": null
            },
            "comment": "<p >use my database ..simple fix</p>"
        },
        {
            "id": 84278,
            "timestamp": 1375958212,
            "author": {
                "id": 8720,
                "name": "Rezq",
                "image": null
            },
            "comment": "\n<p >Its working now i have change t_skilllevel to Capital( t_skillLevel) also t_magiclevel To t_magicLevel</p>\n<p >Now its working For Your databas i really want to use but i have one of a friend kingdom last chaos if u every hear about it </p>\n<p >now i have another problem i just need a good client ep 2 without and do u have any idea to run nksp without start the launcher ? because i have tried the client of genericlc ep2 and i have put the new sl.dta but i cant open nksp also i start from the launcher it will crash ... U know</p>\n<p >Sorry For My bad english ... </p>\n"
        },
        {
            "id": 84284,
            "timestamp": 1375965242,
            "author": {
                "id": 17432,
                "name": "Nymphetamine",
                "image": null
            },
            "comment": "\n<p >Go in bin and drag engine.dll onto Nksp.exe..</p>\n<p >U avoid launcher.</p>\n<p >If u want a simple multi client then copy Nksp two times and drag engine first on the copy and then on the original one.</p>\n<p >Simple multiclient/launcher avoider..</p>\n"
        },
        {
            "id": 84306,
            "timestamp": 1375998599,
            "author": {
                "id": 8720,
                "name": "Rezq",
                "image": null
            },
            "comment": "<p >its not working ... can you please give a dl of any good client of episode 2 ? </p>"
        },
        {
            "id": 84307,
            "timestamp": 1375998723,
            "author": {
                "id": 17432,
                "name": "Nymphetamine",
                "image": null
            },
            "comment": "\n<blockquote data-ipsquote=\"\" class=\"ipsQuote\" data-ipsquote-contentcommentid=\"84306\" data-ipsquote-contentapp=\"forums\" data-ipsquote-contenttype=\"forums\" data-ipsquote-contentclass=\"forums_Topic\" data-ipsquote-contentid=\"10983\" data-ipsquote-username=\"Rezq\" data-cite=\"Rezq\" data-ipsquote-timestamp=\"1375998599\" ><div ><div ><p >its not working ... can you please give a dl of any good client of episode 2 ? </p></div></div></blockquote>\n<p >Problem is not dll,i think the function is disabled on EP2,not sure.</p>\n<p >Download it:</p>\n<p ><a href=\"http://linoskoczek.eu/files/multi.exe\" rel=\"external nofollow\" >http://linoskoczek.eu/files/multi.exe</a></p>\n<p >This is a tool by Linoskoczek ,just open the LC folder,and it will create a shortcut on your desktop for run multiclient avoiding launcher.</p>\n"
        },
        {
            "id": 84310,
            "timestamp": 1376003234,
            "author": {
                "id": 14022,
                "name": "zdanuxiz",
                "image": null
            },
            "comment": "\n<p >or do shortcut for nksp and next go in propieties and in description in the line pulse space button and next type 4022 and put apply and you have your nksp multiclient :<a href=\"http://www.imagebanana.com/view/14bfaytr/xd.PNG\" rel=\"external nofollow\" >http://www.imagebanana.com/view/14bfaytr/xd.PNG</a></p>\n<p ><img alt=\"03808-6c601883-108c-4a96-8c7e-14c1ce823c\" src=\"http://grabilla.com/03808-6c601883-108c-4a96-8c7e-14c1ce823cb8.png\" /></p>\n"
        },
        {
            "id": 84321,
            "timestamp": 1376015193,
            "author": {
                "id": 8720,
                "name": "Rezq",
                "image": null
            },
            "comment": "\n<p >Topic Solved </p>\n<p >Closed ! </p>\n"
        }
    ]
}