{
    "meta": {
        "threadId": 10986,
        "threadName": "problem with float numbers",
        "dateCreated": "2013-08-08T11:45:27+0000",
        "datePublished": "2013-08-08T11:45:27+0000",
        "pageCount": 1,
        "originalUrl": "https://lckb.dev/forum/index.php?/topic/10986-problem-with-float-numbers/",
        "authorId": 13172,
        "position": [
            {
                "@type": "ListItem",
                "position": 1,
                "item": {
                    "@id": "https://lckb.dev/forum/index.php?/forum/272-programmers-gateway/",
                    "name": "Programmers Gateway"
                }
            },
            {
                "@type": "ListItem",
                "position": 2,
                "item": {
                    "@id": "https://lckb.dev/forum/index.php?/forum/79-coders-talk/",
                    "name": "Coders Talk"
                }
            }
        ]
    },
    "commentData": [
        {
            "id": 84282,
            "timestamp": 1375962327,
            "author": {
                "id": 13172,
                "name": "soryjero",
                "image": null
            },
            "comment": "\n<p >hello, i am updating db but it doesnt update correctly.</p>\n<p > </p>\n<p >i have a datagridview where i get values from db.</p>\n<p > </p>\n<p ><a href=\"http://grabilla.com/03808-1442abc6-235a-499c-a89c-53cdbe759b82.html#\" rel=\"external nofollow\" >http://grabilla.com/03808-1442abc6-235a-499c-a89c-53cdbe759b82.html</a></p>\n<p > </p>\n<p >when i try to update it to db, in db only appears the int part of the number in the col Probability.</p>\n<p > </p>\n<p >i use this record to update:</p>\n<p > </p>\n<blockquote data-ipsquote=\"\" class=\"ipsQuote\" ><div >\n<p > </p>\n<p >record = \"INSERT INTO t_moonstone_reward (a_type, a_index, a_giftindex, a_giftcount, a_giftprob, a_giftflag) VALUES ( 2545, \" + dataGridView1[0, i].Value + \", \" + dataGridView1[1, i].Value + \", \" + dataGridView1[2, i].Value + \", \" + dataGridView1[3, i].Value + \", \" + dataGridView1[4, i].Value + \" ) ON DUPLICATE KEY UPDATE a_index = \" + dataGridView1[0, i].Value + \", a_giftindex = \" + dataGridView1[1, i].Value + \", a_giftcount = \" + dataGridView1[2, i].Value + \", a_giftprob = \" + Convert.ToDecimal(dataGridView1[3, i].Value) + \", a_giftflag = \" + dataGridView1[4, i].Value + \" ;\";</p>\n</div></blockquote>\n<p > </p>\n<p >and when i run this sentence, update well but field a_giftprob updates bad because it only updates int part of the number (in this case number is 0,5 and only appears 0).</p>\n<p > </p>\n<p >could anyone help me?</p>\n<p > </p>\n<p >thanks in advance.</p>\n\n\n\t\t\t\n\t\t\t\t\n\n<span class=\"ipsType_reset ipsType_medium ipsType_light\" data-excludequote=\"None\" >\n\t<strong >Edited <time datetime=\"2013-08-09T10:02:32Z\" title=\"08/09/2013 10:02  AM\" data-short=\"7 yr\" >August 9, 2013</time> by soryjero</strong>\n\t\n\t\n</span>\n\t\t\t\n\t\t</div>"
        },
        {
            "id": 84293,
            "timestamp": 1375982897,
            "author": {
                "id": 919,
                "name": "someone",
                "image": null
            },
            "comment": "\n<pre class=\"ipsCode prettyprint\" >Convert.ToDecimal(dataGridView1[3, i].Value)</pre>\n<p >You can simply usa  dataGridView1[3, i].Value.ToString(), since its in that format(be sure it contains. and not ,), check the table if the column is FLOAT or DOUBLE.</p>\t "
        },
        {
            "id": 84303,
            "timestamp": 1375997714,
            "author": {
                "id": 13172,
                "name": "soryjero",
                "image": null
            },
            "comment": "\n<blockquote data-ipsquote=\"\" class=\"ipsQuote\" data-ipsquote-contentcommentid=\"84293\" data-ipsquote-contentapp=\"forums\" data-ipsquote-contenttype=\"forums\" data-ipsquote-contentclass=\"forums_Topic\" data-ipsquote-contentid=\"10986\" data-ipsquote-username=\"someone\" data-cite=\"someone\" data-ipsquote-timestamp=\"1375982897\" ><div ><div >\n<pre class=\"ipsCode prettyprint\" >Convert.ToDecimal(dataGridView1[3, i].Value)</pre>\n<p >You can simply usa  dataGridView1[3, i].Value.ToString(), since its in that format(be sure it contains. and not ,), check the table if the column is FLOAT or DOUBLE.</p> <p > </p>\n</div></div></blockquote>\n<p > </p>\n<p >table column is float and my value contains ,</p>\n<p > </p>\n<p >do i need to use that sentence or i need another?</p>\n\n\n\t\t\t\n\t\t\t\t\n\n<span class=\"ipsType_reset ipsType_medium ipsType_light\" data-excludequote=\"None\" >\n\t<strong >Edited <time datetime=\"2013-08-08T21:35:21Z\" title=\"08/08/2013 09:35  PM\" data-short=\"7 yr\" >August 8, 2013</time> by soryjero</strong>\n\t\n\t\n</span>\n\t\t\t\n\t\t</div>"
        },
        {
            "id": 84338,
            "timestamp": 1376039800,
            "author": {
                "id": 2041,
                "name": "HateMe",
                "image": null
            },
            "comment": "\n<p >you also can use the \"Replace\" function</p>\n<p > </p>\n<p > </p>\n<pre class=\"ipsCode prettyprint\" >dataGridView1[3, i].Value.ToString().Replace( \",\", \".\" );\n</pre>\n"
        },
        {
            "id": 84339,
            "timestamp": 1376040749,
            "author": {
                "id": 13172,
                "name": "soryjero",
                "image": null
            },
            "comment": "\n<blockquote data-ipsquote=\"\" class=\"ipsQuote\" data-ipsquote-contentcommentid=\"84338\" data-ipsquote-contentapp=\"forums\" data-ipsquote-contenttype=\"forums\" data-ipsquote-contentclass=\"forums_Topic\" data-ipsquote-contentid=\"10986\" data-ipsquote-username=\"HateMe\" data-cite=\"HateMe\" data-ipsquote-timestamp=\"1376039800\" ><div ><div >\n<p > </p>\n<p >you also can use the \"Replace\" function</p>\n<pre class=\"ipsCode prettyprint\" >dataGridView1[3, i].Value.ToString().Replace( \",\", \".\" );\n</pre>\n</div></div></blockquote>\n<p > </p>\n<p >yes, but in db also appear , and if i try to put . i cant</p>\n"
        },
        {
            "id": 84342,
            "timestamp": 1376041716,
            "author": {
                "id": 13172,
                "name": "soryjero",
                "image": null
            },
            "comment": "\n<p >Fixed with this:</p>\n<p > </p>\n<blockquote data-ipsquote=\"\" class=\"ipsQuote\" data-ipsquote-contentcommentid=\"84338\" data-ipsquote-contentapp=\"forums\" data-ipsquote-contenttype=\"forums\" data-ipsquote-contentclass=\"forums_Topic\" data-ipsquote-contentid=\"10986\" data-ipsquote-username=\"HateMe\" data-cite=\"HateMe\" data-ipsquote-timestamp=\"1376039800\" ><div ><div >\n<p > </p>\n<p >you also can use the \"Replace\" function</p>\n<pre class=\"ipsCode prettyprint\" >dataGridView1[3, i].Value.ToString().Replace( \",\", \".\" );\n</pre>\n</div></div></blockquote>\n<p > </p>\n<p >in db appears , but if i write . also works and in db appears like , so its ok.</p>\n<p > </p>\n<p >thanks all.</p>\n\n\n\t\t\t\n\t\t\t\t\n\n<span class=\"ipsType_reset ipsType_medium ipsType_light\" data-excludequote=\"None\" >\n\t<strong >Edited <time datetime=\"2013-08-09T10:02:44Z\" title=\"08/09/2013 10:02  AM\" data-short=\"7 yr\" >August 9, 2013</time> by soryjero</strong>\n\t\n\t\n</span>\n\t\t\t\n\t\t</div>"
        }
    ]
}