{
    "meta": {
        "threadId": 10995,
        "threadName": "Complete DataBase v9 by CDWriter",
        "dateCreated": "2013-08-09T06:00:27+0000",
        "datePublished": "2013-08-09T06:00:27+0000",
        "pageCount": 1,
        "originalUrl": "https://lckb.dev/forum/index.php?/topic/10995-complete-database-v9-by-cdwriter/",
        "authorId": 17582,
        "position": [
            {
                "@type": "ListItem",
                "position": 1,
                "item": {
                    "@id": "https://lckb.dev/forum/index.php?/forum/258-release-zone/",
                    "name": "Release Zone"
                }
            },
            {
                "@type": "ListItem",
                "position": 2,
                "item": {
                    "@id": "https://lckb.dev/forum/index.php?/forum/325-episode-2-releases/",
                    "name": "Episode 2 Releases"
                }
            },
            {
                "@type": "ListItem",
                "position": 3,
                "item": {
                    "@id": "https://lckb.dev/forum/index.php?/forum/125-server-side/",
                    "name": "Server Side"
                }
            }
        ]
    },
    "commentData": [
        {
            "id": 84331,
            "timestamp": 1376028027,
            "author": {
                "id": 17582,
                "name": "CDWriter",
                "image": null
            },
            "comment": "\n<p ><span style=\"color:rgb(0,0,0);font-family:Verdana, Arial;font-size:12px;\" >V9</span><br /><span style=\"color:rgb(0,0,0);font-family:Verdana, Arial;font-size:12px;\" >**</span><br /><br /><span style=\"color:rgb(0,0,0);font-family:Verdana, Arial;font-size:12px;\" >Hello community</span><br /><br /><span style=\"color:rgb(0,0,0);font-family:Verdana, Arial;font-size:12px;\" >Here i release another complete sql release COMPLETE meaning with client data files to match.</span><br /><span style=\"color:rgb(0,0,0);font-family:Verdana, Arial;font-size:12px;\" >These files are for the Centos USA last chaos release and should be compatible to gamegos release..</span><br /><br /><span style=\"color:rgb(0,0,0);font-family:Verdana, Arial;font-size:12px;\" >** </span><br /><span style=\"font-size:12px;\" >There will be 1 account for this release, by now you all know how to add a account... also at this point you need to either delete the account steve and start with your own our leave steve there to get started. If you do Delete steve make sure you clean all references including inventory...etc..... </span><br /><span style=\"color:rgb(0,0,0);font-family:Verdana, Arial;font-size:12px;\" >ill add LastChaos Password Hasher (by fabi202cool) a file needed to create one and get you started..</span><br /><br /><span style=\"color:rgb(0,0,0);font-family:Verdana, Arial;font-size:12px;\" >Thanks everyone who helped, and everyone who has release public tools, anything in this release has the Authors name of who gave it to me our from where i got it.... I created a database forum if you like the info pm me...with issues, </span><span style=\"color:rgb(0,0,0);font-family:Verdana, Arial;font-size:12px;\" >Except for Me my name is only on the forum i will not add my name or anything to it ...</span><br /><br /><span style=\"color:rgb(0,0,0);font-family:Verdana, Arial;font-size:12px;\" >As for what was done this time.</span><br /><br /><span style=\"color:rgb(0,0,0);font-family:Verdana, Arial;font-size:12px;\" >RELEASE v9</span><br /><span style=\"color:rgb(0,0,0);font-family:Verdana, Arial;font-size:12px;\" >----------</span><br /><br /><span style=\"color:rgb(0,0,0);font-family:Verdana, Arial;font-size:12px;\" >This time i did not delete my account out toons ....feel free to change the pass</span><br /><span style=\"color:rgb(0,0,0);font-family:Verdana, Arial;font-size:12px;\" >removed mail box Npc out of Juno.</span><br /><span style=\"color:rgb(0,0,0);font-family:Verdana, Arial;font-size:12px;\" >keron scrolls fixed </span><br /><span style=\"color:rgb(0,0,0);font-family:Verdana, Arial;font-size:12px;\" >titles fixed 100% ...</span><br /><span style=\"margin:0px;font-size:10pt;color:rgb(0,0,0);font-family:Verdana, Arial;\" >Fixed most of the items there  classes, and anything related i could find</span><br /><span style=\"color:rgb(0,0,0);font-family:Verdana, Arial;font-size:12px;\" >Skills and Magic, skill levels and magic levels</span><br /><span style=\"color:rgb(0,0,0);font-family:Verdana, Arial;font-size:12px;\" >pets speed checked and changed to correct speed</span><br /><span style=\"color:rgb(0,0,0);font-family:Verdana, Arial;font-size:12px;\" >Check castle siege rewards.</span><br /><br /><span style=\"color:rgb(0,0,0);font-family:Verdana, Arial;font-size:12px;\" >If you see anything wrong with anything i might have done please let me now.</span><br /><br /><span style=\"color:rgb(0,0,0);font-family:Verdana, Arial;font-size:12px;\" >**Extras</span><br /><span style=\"color:rgb(0,0,0);font-family:Verdana, Arial;font-size:12px;\" >--------</span><br /><span style=\"color:rgb(0,0,0);font-family:Verdana, Arial;font-size:12px;\" >Time Stamp <-- Used to get a Correct Unix time for t_lc_time / Newproject_db needs to be there for Automation of Ranking list.</span><br /><span style=\"color:rgb(0,0,0);font-family:Verdana, Arial;font-size:12px;\" >GameServer_d(USA) Newer___My Gameserver Lvl 180 gm 186 <-- WHAT i use so i can level to 180.</span><br /><span style=\"color:rgb(0,0,0);font-family:Verdana, Arial;font-size:12px;\" >GameServer_d(USA) Newer.rar <-- Original release by blankname.</span><br /><span style=\"color:rgb(0,0,0);font-family:Verdana, Arial;font-size:12px;\" >Readme for GameServer_d(USA) Newer.txt <-- Explains all about the Rar file also has all the OFFSETS by Blankname and Buff Npc Offsets where given by Douglas Origens.</span><br /><br /><span style=\"color:rgb(0,0,0);font-family:Verdana, Arial;font-size:12px;\" >**Notes</span><br /><span style=\"color:rgb(0,0,0);font-family:Verdana, Arial;font-size:12px;\" >-------</span><br /><span style=\"color:rgb(0,0,0);font-family:Verdana, Arial;font-size:12px;\" >I will not add editors to this release. but i could give you a list of the public ones i used. </span><br /><br /><br /><span style=\"color:rgb(0,0,0);font-family:Verdana, Arial;font-size:12px;\" >Just remember i will reply to your post to understand the error better its not me attacking you in any way, Just need to understand how you worded the mistake...</span><br /><br /><span style=\"color:rgb(0,0,0);font-family:Verdana, Arial;font-size:12px;\" >Special thanks to Public Tool Designers, Wizatek, Hateme, Bash, Fillix, Falo, and all the others i might have missed...</span><br /><br /><span style=\"color:rgb(0,0,0);font-family:Verdana, Arial;font-size:12px;\" >As long as there error reports ill keep releasing these bases ...something simple ill add the sql fix to this topic..</span><br /><br />Data files added ..<br /><span style=\"color:rgb(0,0,0);font-family:Verdana, Arial;font-size:12px;\" >To DOWNLOAD this 9th release file go here:</span></p>\n<p ><a href=\"https://mega.co.nz/#!JZBBWBrY!NhmMJXzttxLBKb2mwBVD2zWxY6EqPc9R-kipTe96C54\" rel=\"external nofollow\" ><span style=\"color:rgb(0,0,0);font-family:Verdana, Arial;font-size:12px;\" >https://mega.co.nz/#!JZBBWBrY!NhmMJXzttxLBKb2mwBVD2zWxY6EqPc9R-kipTe96C54</span></a><br /><br /><br /><span style=\"color:rgb(0,0,0);font-family:Verdana, Arial;font-size:12px;\" >My Server Files:</span></p>\n<p > </p>\n<p ><a href=\"https://mega.co.nz/#!gBZUFBBT!R6gSSnIh1OA78ya7wSjCrVde8Yc4xG28F-Mf9Lw4wFI\" rel=\"external nofollow\" >http://mega.co.nz/#!gBZUFBBT!R6gSSnIh1OA78ya7wSjCre8Yc4xG28F-Mf9Lw4wFI</a><br /><br /><br /><span style=\"color:rgb(0,0,0);font-family:Verdana, Arial;font-size:12px;\" >Simple WAY to get a client</span><br /><span style=\"color:rgb(0,0,0);font-family:Verdana, Arial;font-size:12px;\" >*********************************</span><br /><span style=\"color:rgb(0,0,0);font-family:Verdana, Arial;font-size:12px;\" >1. In Theory so far it looks like any USA client will work just update fully.</span><br /><br /><span style=\"color:rgb(0,0,0);font-family:Verdana, Arial;font-size:12px;\" >2. This UPDATED folder will be your NEW client..</span><br /><br /><span style=\"color:rgb(0,0,0);font-family:Verdana, Arial;font-size:12px;\" >3. Now Open my release u will see USA Files and Extras goto USA files copy the folders to the new client, BIN and DATA folders you must copy the content of each of them over into the same folders.</span><br /><br /><span style=\"color:rgb(0,0,0);font-family:Verdana, Arial;font-size:12px;\" >4. At this point you should be 100% compatible to my SQL. As long as you used the Extra folder and the GS in there. Steve account has 1 - 180 character and can support up to 8. if you can not get to this toon then you did not follow all what i put here in this new release... start again.</span><br /><br /><span style=\"color:rgb(0,0,0);font-family:Verdana, Arial;font-size:12px;\" >For every account you make you need to do the following to get the 8 character slot working. Lets get the 8 Character creation started ...Go into newproject_db find table t_extendcharslot and add in your char number (take from newproject_db_auth / bg_user - column user_code) date it starts and date it ends. I added my account name there for a reference. (Temp for now till someone figures the in-game item out).</span><br /><br /><span style=\"color:rgb(0,0,0);font-family:Verdana, Arial;font-size:12px;\" >5 Why did i not think of this before, This way we are using USA last chaos download sites for our NEW client and make it simple i always say.........</span><br /><br /><span style=\"color:rgb(0,0,0);font-family:Verdana, Arial;font-size:12px;\" >I have tested this myself and all works great, and still using it this way... any issues please let me now ...sorry for all the confusion before..</span><br /><br /><br /><span style=\"color:rgb(0,0,0);font-family:Verdana, Arial;font-size:12px;\" >Please REPORT ERRORS CANT fix what i dont know of....</span><br /><br /><span style=\"color:rgb(0,0,0);font-family:Verdana, Arial;font-size:12px;\" >If you have any issues getting it started or loading the database please post it in the help section.</span><br /><br /><span style=\"color:rgb(0,0,0);font-family:Verdana, Arial;font-size:12px;\" >Client</span><br /><span style=\"color:rgb(0,0,0);font-family:Verdana, Arial;font-size:12px;\" >*******</span></p>\n<p ><a href=\"https://mega.co.nz/#!gcJFGToJ!Zudrqw3wLLTFsnUEz42WqhBZMalkd-fiqdaSru5ca-Q\" rel=\"external nofollow\" >http://mega.co.nz/#!gcJFGToJ!Zudrqw3wLLTFsnUEz42WqhBZMalkd-fdaSru5ca-Q</a></p>\n<p ><span style=\"color:rgb(0,0,0);font-family:Verdana, Arial;font-size:12px;\" >Thanks to dethunter12 for this client upload..</span><br /><br /><br /><br /><span style=\"color:rgb(0,0,0);font-family:Verdana, Arial;font-size:12px;\" >CDWriter</span></p>\n\n\n\t\t\t\n\t\t\t\t\n\n<span class=\"ipsType_reset ipsType_medium ipsType_light\" data-excludequote=\"None\" >\n\t<strong >Edited <time datetime=\"2014-03-03T00:45:58Z\" title=\"03/03/2014 12:45  AM\" data-short=\"6 yr\" >March 3, 2014</time> by CDWriter</strong>\n\t\n\t\n</span>\n\t\t\t\n\t\t</div>"
        },
        {
            "id": 84333,
            "timestamp": 1376031311,
            "author": {
                "id": 7263,
                "name": "SibaN",
                "image": null
            },
            "comment": "\n<p >nice</p>\n<p >can you please upload data files from client</p>\n"
        },
        {
            "id": 84334,
            "timestamp": 1376032694,
            "author": {
                "id": 16931,
                "name": "Walletman987",
                "image": null
            },
            "comment": "<p >Cant be  Th4g lyf3 if you aint got no data files!</p>"
        },
        {
            "id": 84348,
            "timestamp": 1376043528,
            "author": {
                "id": 16983,
                "name": "Jaiz",
                "image": null
            },
            "comment": "\n<blockquote data-ipsquote=\"\" class=\"ipsQuote\" data-ipsquote-contentcommentid=\"84334\" data-ipsquote-contentapp=\"forums\" data-ipsquote-contenttype=\"forums\" data-ipsquote-contentclass=\"forums_Topic\" data-ipsquote-contentid=\"10995\" data-ipsquote-username=\"Walletman987\" data-cite=\"Walletman987\" data-ipsquote-timestamp=\"1376032694\" ><div ><div ><p >Cant be  Th4g lyf3 if you aint got no data files!</p></div></div></blockquote>\n<p >Walletman987 you write only [CeNsOrEd]. Please go to somewhere to spam but not on a release section.</p>\n"
        },
        {
            "id": 84353,
            "timestamp": 1376054971,
            "author": {
                "id": 17582,
                "name": "CDWriter",
                "image": null
            },
            "comment": "<p >Data files added above sorry all late night at work .....</p>\n\n\t\t\t\n\t\t\t\t\n\n<span class=\"ipsType_reset ipsType_medium ipsType_light\" data-excludequote=\"None\" >\n\t<strong >Edited <time datetime=\"2013-08-09T13:38:07Z\" title=\"08/09/2013 01:38  PM\" data-short=\"7 yr\" >August 9, 2013</time> by CDWriter</strong>\n\t\n\t\n</span>\n\t\t\t\n\t\t</div>"
        },
        {
            "id": 84358,
            "timestamp": 1376062129,
            "author": {
                "id": 10637,
                "name": "redbull",
                "image": null
            },
            "comment": "<p >SubHelper here is fix? i have v8 and some times SubHelper cloused</p>"
        },
        {
            "id": 84483,
            "timestamp": 1376571208,
            "author": {
                "id": 1835,
                "name": "robino1996",
                "image": null
            },
            "comment": "<p >full of bugs nothing works. titles neither</p>"
        },
        {
            "id": 84484,
            "timestamp": 1376572362,
            "author": {
                "id": 2167,
                "name": "dethunter12",
                "image": null
            },
            "comment": "<p >full of bugs i doubt it hes worked hard to make everything work use his full database before complaining about stuff not working</p>"
        },
        {
            "id": 84505,
            "timestamp": 1376583353,
            "author": {
                "id": 605,
                "name": "b4rr4cud4",
                "image": null
            },
            "comment": "<p >Nice to see the site back up, thanks for the hard work CDWriter</p>"
        },
        {
            "id": 84667,
            "timestamp": 1376710288,
            "author": {
                "id": 2167,
                "name": "dethunter12",
                "image": null
            },
            "comment": "<p >@<a contenteditable=\"false\" data-ipshover=\"\" href=\"https://lckb.dev/forum/index.php?/profile/1835-robino1996/\" data-ipshover-target=\"https://lckb.dev/forum/index.php?/profile/1835-robino1996/&do=hovercard\" data-mentionid=\"1835\" rel=\"\" >@robino1996</a> the titles not working is due to the subhelper not being turned out you must logout and log  back in</p>"
        },
        {
            "id": 84674,
            "timestamp": 1376717510,
            "author": {
                "id": 17582,
                "name": "CDWriter",
                "image": null
            },
            "comment": "\n<p >Invis Bug fix ......Opps </p>\n<p > </p>\n<p ><span style=\"color:rgb(0,0,0);font-family:Verdana, Arial;font-size:13px;\" >Invis skill fixed...</span><br /><span style=\"color:rgb(0,0,0);font-family:Verdana, Arial;font-size:13px;\" > Magic ID : 165</span><br /><span style=\"color:rgb(0,0,0);font-family:Verdana, Arial;font-size:13px;\" >Name : Invis</span><br /><span style=\"color:rgb(0,0,0);font-family:Verdana, Arial;font-size:13px;\" >Max Level : 5</span><br /><span style=\"color:rgb(0,0,0);font-family:Verdana, Arial;font-size:13px;\" >Type : 2</span><br /><span style=\"color:rgb(0,0,0);font-family:Verdana, Arial;font-size:13px;\" >Sub Type : 15</span><br /><span style=\"color:rgb(0,0,0);font-family:Verdana, Arial;font-size:13px;\" >0</span><br /><span style=\"color:rgb(0,0,0);font-family:Verdana, Arial;font-size:13px;\" >0</span><br /><span style=\"color:rgb(0,0,0);font-family:Verdana, Arial;font-size:13px;\" >0</span><br /><span style=\"color:rgb(0,0,0);font-family:Verdana, Arial;font-size:13px;\" >0</span><br /><span style=\"color:rgb(0,0,0);font-family:Verdana, Arial;font-size:13px;\" >0</span><br /><span style=\"color:rgb(0,0,0);font-family:Verdana, Arial;font-size:13px;\" >0</span><br /><span style=\"color:rgb(0,0,0);font-family:Verdana, Arial;font-size:13px;\" >0</span><br /><span style=\"color:rgb(0,0,0);font-family:Verdana, Arial;font-size:13px;\" >0</span></p>\n"
        },
        {
            "id": 84677,
            "timestamp": 1376718742,
            "author": {
                "id": 16931,
                "name": "Walletman987",
                "image": null
            },
            "comment": "\n<blockquote data-ipsquote=\"\" class=\"ipsQuote\" data-ipsquote-contentcommentid=\"84348\" data-ipsquote-contentapp=\"forums\" data-ipsquote-contenttype=\"forums\" data-ipsquote-contentclass=\"forums_Topic\" data-ipsquote-contentid=\"10995\" data-ipsquote-username=\"Jaiz\" data-cite=\"Jaiz\" data-ipsquote-timestamp=\"1376043528\" ><div ><div ><p >Walletman987 you write only *****. Please go to somewhere to spam but not on a release section.</p></div></div></blockquote>\n<p >I appreciate his release, always have.  I was just making a joke, loosen up a little lol.</p>\n"
        },
        {
            "id": 84679,
            "timestamp": 1376718908,
            "author": {
                "id": 17582,
                "name": "CDWriter",
                "image": null
            },
            "comment": "\n<p >BIG change coming in V10 </p>\n<p > </p>\n<p ><img alt=\"7gzl.jpg\" src=\"https://img853.imageshack.us/img853/3061/7gzl.jpg\" /></p>\n<p > </p>\n<p >Look at Affinity and the elephant Icon ...:)</p>\n"
        },
        {
            "id": 84683,
            "timestamp": 1376722916,
            "author": {
                "id": 16931,
                "name": "Walletman987",
                "image": null
            },
            "comment": "\n<blockquote data-ipsquote=\"\" class=\"ipsQuote\" data-ipsquote-contentcommentid=\"84679\" data-ipsquote-contentapp=\"forums\" data-ipsquote-contenttype=\"forums\" data-ipsquote-contentclass=\"forums_Topic\" data-ipsquote-contentid=\"10995\" data-ipsquote-username=\"CDWriter\" data-cite=\"CDWriter\" data-ipsquote-timestamp=\"1376718908\" ><div ><div >\n<p >BIG change coming in V10 </p>\n<p > </p>\n<p ><img alt=\"7gzl.jpg\" src=\"https://img853.imageshack.us/img853/3061/7gzl.jpg\" /></p>\n<p > </p>\n<p >Look at Affinity and the elephant Icon ... :)</p>\n</div></div></blockquote>\n<p >Good job, but didnt your v8 release have the elephant icon already? 0.o  Or am I seeing things.</p>\n"
        },
        {
            "id": 84688,
            "timestamp": 1376725788,
            "author": {
                "id": 17582,
                "name": "CDWriter",
                "image": null
            },
            "comment": "<p >it had a icon yes but it was not the correct icon ...most client we have only load in ItemBtn16.tex when there is 19 of them from official starting with ItemBtn0.tex...</p>"
        },
        {
            "id": 84834,
            "timestamp": 1376775391,
            "author": {
                "id": 18226,
                "name": "OldHM",
                "image": null
            },
            "comment": "<p >Did you fix the 7 Days Ele? (HP Boosts etc) It just is for one day but says 7 days</p>"
        },
        {
            "id": 84862,
            "timestamp": 1376797803,
            "author": {
                "id": 17582,
                "name": "CDWriter",
                "image": null
            },
            "comment": "<p >@<a contenteditable=\"false\" rel=\"\" ></a>  Not sure could you make it more clearly ,....what potion ?</p>"
        },
        {
            "id": 84863,
            "timestamp": 1376798122,
            "author": {
                "id": 18226,
                "name": "OldHM",
                "image": null
            },
            "comment": "\n<blockquote data-ipsquote=\"\" class=\"ipsQuote\" data-ipsquote-contentcommentid=\"84862\" data-ipsquote-contentapp=\"forums\" data-ipsquote-contenttype=\"forums\" data-ipsquote-contentclass=\"forums_Topic\" data-ipsquote-contentid=\"10995\" data-ipsquote-username=\"CDWriter\" data-cite=\"CDWriter\" data-ipsquote-timestamp=\"1376797803\" ><div ><div ><p >@<a contenteditable=\"false\" rel=\"\" ></a>  Not sure could you make it more clearly ,....what potion ?</p></div></div></blockquote>\n<p > </p>\n<p >Greatest HP & MP Boost Potions all dont work all 7 days 30 days and 3 hours 7 hours are just 1hour not 7hours or something</p>\n"
        },
        {
            "id": 84872,
            "timestamp": 1376806047,
            "author": {
                "id": 17582,
                "name": "CDWriter",
                "image": null
            },
            "comment": "<p >Yes i fixed that ....was reported so i looked into it a lot more and the issue is thay changed the subtype in the newer version so all is fixed using 12 for HP and 13 for MP ... But like always ill recheck to make sure..... and theres no 7 day our 30 day hpmp booster?</p>\n\n\t\t\t\n\t\t\t\t\n\n<span class=\"ipsType_reset ipsType_medium ipsType_light\" data-excludequote=\"None\" >\n\t<strong >Edited <time datetime=\"2013-08-18T06:19:31Z\" title=\"08/18/2013 06:19  AM\" data-short=\"7 yr\" >August 18, 2013</time> by CDWriter</strong>\n\t\n\t\n</span>\n\t\t\t\n\t\t</div>"
        },
        {
            "id": 84883,
            "timestamp": 1376819387,
            "author": {
                "id": 16274,
                "name": "Shayna",
                "image": null
            },
            "comment": "<p >Could you release the fix now mister CDWriter for the Potions?</p>"
        },
        {
            "id": 98408,
            "timestamp": 1394131014,
            "author": {
                "id": 14925,
                "name": "xbutzix",
                "image": null
            },
            "comment": "\n<p >Where have the files and database\u00c3\u201a\u00c2\u00b4s ? please give me ,</p>\n<p > </p>\n<p >Thanks</p>\n"
        },
        {
            "id": 98410,
            "timestamp": 1394131673,
            "author": {
                "id": 19462,
                "name": "xMeowx3",
                "image": null
            },
            "comment": "\n<p >All of CDWriters Database links are down, but if you really want a re upload try commenting in his latest release database v15.</p>\n<p >Closing this one as its old, he has much more latest releases than v9.</p>\n"
        }
    ]
}