{
    "meta": {
        "threadId": 11004,
        "threadName": "Special Juno [under DEVELOPMENT] (Housing System)",
        "dateCreated": "2013-08-09T23:33:34+0000",
        "datePublished": "2013-08-09T23:33:34+0000",
        "pageCount": 1,
        "originalUrl": "https://lckb.dev/forum/index.php?/topic/11004-special-juno-under-development-housing-system/",
        "authorId": 17613,
        "position": [
            {
                "@type": "ListItem",
                "position": 1,
                "item": {
                    "@id": "https://lckb.dev/forum/index.php?/forum/271-general-section/",
                    "name": "General Section"
                }
            },
            {
                "@type": "ListItem",
                "position": 2,
                "item": {
                    "@id": "https://lckb.dev/forum/index.php?/forum/43-development-showroom/",
                    "name": "Development Showroom"
                }
            }
        ]
    },
    "commentData": [
        {
            "id": 84388,
            "timestamp": 1376091214,
            "author": {
                "id": 17613,
                "name": "ZaTii",
                "image": null
            },
            "comment": "\n<p >Hey Guys</p>\n<p > </p>\n<p > </p>\n<p >I rebuild the Juno City a little and added 2 houses with a housing system like Aion. Maybe u have some ideas or suggestion what i can add / change.</p>\n<p > </p>\n<p > </p>\n<p ><a href=\"https://www.youtube.com/watch?v=PJYi99tAlKs\" rel=\"external nofollow\" >http://www.youtube.com/watch?v=PJYi99tAlKs</a></p>\n\n\n\t\t\t\n\t\t\t\t\n\n<span class=\"ipsType_reset ipsType_medium ipsType_light\" data-excludequote=\"None\" >\n\t<strong >Edited <time datetime=\"2013-08-09T23:34:19Z\" title=\"08/09/2013 11:34  PM\" data-short=\"7 yr\" >August 9, 2013</time> by ZaTii</strong>\n\t\n\t\n</span>\n\t\t\t\n\t\t</div>"
        },
        {
            "id": 84392,
            "timestamp": 1376507361,
            "author": {
                "id": 6038,
                "name": "RomainLastChaos",
                "image": null
            },
            "comment": "<p >very nice can you try if  when place npcs into the house like aion if it work to see if is a good idea to have this house.</p>"
        },
        {
            "id": 84393,
            "timestamp": 1376507707,
            "author": {
                "id": 7482,
                "name": "Creep",
                "image": null
            },
            "comment": "\n<p >I know its hard but possible..</p>\n<p > </p>\n<p >do a Trigger event wich allows you to open the door to such an house by a special item (key)</p>\n<p > </p>\n<p >;)</p>\n<p > </p>\n<p >Have fun xD</p>\n"
        },
        {
            "id": 84397,
            "timestamp": 1376509677,
            "author": {
                "id": 10456,
                "name": "Tarissuis",
                "image": null
            },
            "comment": "\n<blockquote data-ipsquote=\"\" class=\"ipsQuote\" data-ipsquote-contentcommentid=\"84393\" data-ipsquote-contentapp=\"forums\" data-ipsquote-contenttype=\"forums\" data-ipsquote-contentclass=\"forums_Topic\" data-ipsquote-contentid=\"11004\" data-ipsquote-username=\"Creep\" data-cite=\"Creep\" data-ipsquote-timestamp=\"1376507707\" ><div ><div >\n<p >I know its hard but possible..</p>\n<p > </p>\n<p >do a Trigger event wich allows you to open the door to such an house by a special item (key)</p>\n<p > </p>\n<p > ;)</p>\n<p > </p>\n<p >Have fun xD</p>\n</div></div></blockquote>\n<p > </p>\n<p >Impossible for public places, only available in raids and therefore useless for juno.</p>\n"
        },
        {
            "id": 84398,
            "timestamp": 1376510187,
            "author": {
                "id": 15306,
                "name": "Noizy",
                "image": null
            },
            "comment": "<p >Awesome,  keep it up :)</p>"
        },
        {
            "id": 84434,
            "timestamp": 1376521881,
            "author": {
                "id": 11986,
                "name": "SnowFox",
                "image": null
            },
            "comment": "<p >Awesome job </p>\n\n\t\t\t\n\t\t\t\t\n\n<span class=\"ipsType_reset ipsType_medium ipsType_light\" data-excludequote=\"None\" >\n\t<strong >Edited <time datetime=\"2013-08-14T23:12:00Z\" title=\"08/14/2013 11:12  PM\" data-short=\"7 yr\" >August 14, 2013</time> by ArrowOfDead</strong>\n\t\n\t\n</span>\n\t\t\t\n\t\t</div>"
        },
        {
            "id": 84440,
            "timestamp": 1376525836,
            "author": {
                "id": 13172,
                "name": "soryjero",
                "image": null
            },
            "comment": "<p >nice job!</p>"
        },
        {
            "id": 84446,
            "timestamp": 1376534536,
            "author": {
                "id": 15998,
                "name": "crankchaos",
                "image": null
            },
            "comment": "<p >nice</p>"
        },
        {
            "id": 84451,
            "timestamp": 1376557740,
            "author": {
                "id": 17432,
                "name": "Nymphetamine",
                "image": null
            },
            "comment": "\n<p >Changed Prefix into the right one.</p>\n<p > </p>\n<p >From Request to General.</p>\n"
        },
        {
            "id": 84458,
            "timestamp": 1376562349,
            "author": {
                "id": 14922,
                "name": "ren0d1",
                "image": null
            },
            "comment": "<p >amazing :D</p>"
        },
        {
            "id": 84937,
            "timestamp": 1376848068,
            "author": {
                "id": 17613,
                "name": "ZaTii",
                "image": null
            },
            "comment": "\n<p >Thx Guys.</p>\n<p > </p>\n<p >=) </p>\n<p > </p>\n<p >And yes its possible to add a npc in the house.</p>\n<p > </p>\n<p >Did someone have some things that i can add ?</p>\n<p > </p>\n<p > </p>\n<p > </p>\n<p > </p>\n<p ><span style=\"color:#ff8c00;\" ><span style=\"font-size:14px;\" >#ADDED</span></span></p>\n<p > </p>\n<p > </p>\n<div class=\"ipsSpoiler\" data-ipsspoiler=\"\" >\n<div class=\"ipsSpoiler_header\" ><span ></span></div>\n<div class=\"ipsSpoiler_contents\" >\n<p > </p>\n<p ><img alt=\"03812-a47ff0a7-c927-481e-9076-16a89881a4\" src=\"http://grabilla.com/03812-a47ff0a7-c927-481e-9076-16a89881a495.png\" /></p>\n<p > </p>\n<p >NPC in the Houses works now!</p>\n<p > </p>\n<p > </p>\n<p ><img alt=\"03812-4d77ee27-5076-4769-82d8-d7f65f729e\" src=\"http://grabilla.com/03812-4d77ee27-5076-4769-82d8-d7f65f729e10.png\" /></p>\n<p > </p>\n<p >New Teleporter to Tomb!</p>\n<p > </p>\n<p ><img alt=\"03812-45485534-930d-4256-8f9f-2daeed63d6\" src=\"http://grabilla.com/03812-45485534-930d-4256-8f9f-2daeed63d61c.png\" /></p>\n<p > </p>\n<p >New House in Town! (Not possible to go in it)</p>\n<p > </p>\n<p > </p>\n</div>\n</div>\n<p > </p>\n<p > </p>\n<p > </p>\n<p > </p>\n<p ><span style=\"color:#00ffff;\" ><span style=\"font-size:14px;\" >Thanks to : </span></span></p>\n<p > </p>\n<p >Specially = Tari (without u i couldnt come this far with the Editor. U helped me a lot =) Thanks for that =)</p>\n\n\n\t\t\t\n\t\t\t\t\n\n<span class=\"ipsType_reset ipsType_medium ipsType_light\" data-excludequote=\"None\" >\n\t<strong >Edited <time datetime=\"2013-08-18T20:35:46Z\" title=\"08/18/2013 08:35  PM\" data-short=\"7 yr\" >August 18, 2013</time> by ZaTii</strong>\n\t\n\t\n</span>\n\t\t\t\n\t\t</div>"
        },
        {
            "id": 85115,
            "timestamp": 1377005082,
            "author": {
                "id": 15369,
                "name": "DieYoung",
                "image": null
            },
            "comment": "<p >omg this is so perfect, great jobbb!</p>"
        },
        {
            "id": 85472,
            "timestamp": 1377362201,
            "author": {
                "id": 17432,
                "name": "Nymphetamine",
                "image": null
            },
            "comment": "<p >Looks awesomeness :)</p>"
        },
        {
            "id": 85474,
            "timestamp": 1377362548,
            "author": {
                "id": 11986,
                "name": "SnowFox",
                "image": null
            },
            "comment": "<p >Looks really nice nice job getting those npc in the houses</p>"
        },
        {
            "id": 85524,
            "timestamp": 1377449345,
            "author": {
                "id": 267,
                "name": "SutWick",
                "image": null
            },
            "comment": "\n<p >Nice work, an it still feels LC I quite like it.</p>\n<p >An your using my UI skin </p>\n"
        },
        {
            "id": 85630,
            "timestamp": 1377542732,
            "author": {
                "id": 17613,
                "name": "ZaTii",
                "image": null
            },
            "comment": "\n<blockquote data-ipsquote=\"\" class=\"ipsQuote\" data-ipsquote-contentcommentid=\"85524\" data-ipsquote-contentapp=\"forums\" data-ipsquote-contenttype=\"forums\" data-ipsquote-contentclass=\"forums_Topic\" data-ipsquote-contentid=\"11004\" data-ipsquote-username=\"MaX\" data-cite=\"MaX\" data-ipsquote-timestamp=\"1377449345\" ><div ><div >\n<p >Nice work, an it still feels LC I quite like it.</p>\n<p >An your using my UI skin <3 lol</p>\n</div></div></blockquote>\n<p >Thanks alot :D</p>\n<p > </p>\n<p >Its Rama & Krosent starterpack^^ . i only downloaded the client for testing :D nothing else =) </p>\n<p > </p>\n<p >Do u have any suggestions ?</p>\n"
        },
        {
            "id": 85666,
            "timestamp": 1377576177,
            "author": {
                "id": 267,
                "name": "SutWick",
                "image": null
            },
            "comment": "\n<p >Got a link to the client? or to the thread?</p>\n<p >\nOr could you zip the \"Data\\Interface\" folder an upload it for me :)</p>\n<p >\nI dont have a copy of this UI an I want it back :)</p>\n"
        }
    ]
}