{
    "meta": {
        "threadId": 11006,
        "threadName": "GER Nation code",
        "dateCreated": "2013-08-14T19:15:53+0000",
        "datePublished": "2013-08-14T19:15:53+0000",
        "pageCount": 1,
        "originalUrl": "https://lckb.dev/forum/index.php?/topic/11006-ger-nation-code/",
        "authorId": 15376,
        "position": [
            {
                "@type": "ListItem",
                "position": 1,
                "item": {
                    "@id": "https://lckb.dev/forum/index.php?/forum/100-guides-help-section/",
                    "name": "Guides &amp; Help Section"
                }
            },
            {
                "@type": "ListItem",
                "position": 2,
                "item": {
                    "@id": "https://lckb.dev/forum/index.php?/forum/335-help-support/",
                    "name": "Help &amp; Support"
                }
            },
            {
                "@type": "ListItem",
                "position": 3,
                "item": {
                    "@id": "https://lckb.dev/forum/index.php?/forum/120-ep2-support/",
                    "name": "Ep2 Support"
                }
            },
            {
                "@type": "ListItem",
                "position": 4,
                "item": {
                    "@id": "https://lckb.dev/forum/index.php?/forum/134-solved-topics/",
                    "name": "Solved Topics"
                }
            }
        ]
    },
    "commentData": [
        {
            "id": 84394,
            "timestamp": 1376507753,
            "author": {
                "id": 15376,
                "name": "\u00e2\u02dc\u00a3 WARFACE \u00e2\u02dc\u00a3",
                "image": null
            },
            "comment": "<p >Friends all hello, I would like to ask in general to me it is necessary to know nation code for the German server who knows it tell please to me it I will be very grateful to you for the help.</p>"
        },
        {
            "id": 84426,
            "timestamp": 1376516701,
            "author": {
                "id": 13172,
                "name": "soryjero",
                "image": null
            },
            "comment": "<p >nation for ger files is number 13</p>\n\n\t\t\t\n\t\t\t\t\n\n<span class=\"ipsType_reset ipsType_medium ipsType_light\" data-excludequote=\"None\" >\n\t<strong >Edited <time datetime=\"2013-08-14T21:45:12Z\" title=\"08/14/2013 09:45  PM\" data-short=\"7 yr\" >August 14, 2013</time> by soryjero</strong>\n\t\n\t\n</span>\n\t\t\t\n\t\t</div>"
        },
        {
            "id": 84427,
            "timestamp": 1376516872,
            "author": {
                "id": 1503,
                "name": "Paramount",
                "image": null
            },
            "comment": "<p >Oh I been noticed that the nation for ger is 07..</p>"
        },
        {
            "id": 84429,
            "timestamp": 1376519261,
            "author": {
                "id": 13172,
                "name": "soryjero",
                "image": null
            },
            "comment": "<p >i think that is wrong. i have test a ger client which has been personalized and translated to spanish and i had to write number 13 to can play with ger client.</p>"
        },
        {
            "id": 84435,
            "timestamp": 1376523764,
            "author": {
                "id": 15376,
                "name": "\u00e2\u02dc\u00a3 WARFACE \u00e2\u02dc\u00a3",
                "image": null
            },
            "comment": "<p >Friends who can share offset? I cant find it</p>"
        },
        {
            "id": 84439,
            "timestamp": 1376525755,
            "author": {
                "id": 13172,
                "name": "soryjero",
                "image": null
            },
            "comment": "<p >GameServer: 0x0018BB9A<br /><br />LoginServer: 0x000113BC</p>"
        },
        {
            "id": 84448,
            "timestamp": 1376552949,
            "author": {
                "id": 15376,
                "name": "\u00e2\u02dc\u00a3 WARFACE \u00e2\u02dc\u00a3",
                "image": null
            },
            "comment": "\n<blockquote data-ipsquote=\"\" class=\"ipsQuote\" data-ipsquote-contentcommentid=\"84439\" data-ipsquote-contentapp=\"forums\" data-ipsquote-contenttype=\"forums\" data-ipsquote-contentclass=\"forums_Topic\" data-ipsquote-contentid=\"11006\" data-ipsquote-username=\"soryjero\" data-cite=\"soryjero\" data-ipsquote-timestamp=\"1376525755\" ><div ><div >\n<p >GameServer: 0x0018BB9A</p>\n<p > </p>\n<p >LoginServer: 0x000113BC</p>\n</div></div></blockquote>\n<p >Offsets USA I look for for Ger</p>\n"
        },
        {
            "id": 84450,
            "timestamp": 1376554953,
            "author": {
                "id": 565,
                "name": "viktor145",
                "image": null
            },
            "comment": "\n<blockquote data-ipsquote=\"\" class=\"ipsQuote\" data-ipsquote-contentcommentid=\"84448\" data-ipsquote-contentapp=\"forums\" data-ipsquote-contenttype=\"forums\" data-ipsquote-contentclass=\"forums_Topic\" data-ipsquote-contentid=\"11006\" data-ipsquote-username=\"Warface\" data-cite=\"Warface\" data-ipsquote-timestamp=\"1376552949\" ><div ><div ><p >Offsets USA I look for for Ger</p></div></div></blockquote>\n<p >it work ger perfect :) (\u00c3\u00c2\u00a1\u00c3\u00c2\u00b0\u00c3\u00c2\u00bd\u00c3\u2018\u00c5\u2019, \u00c3\u00c2\u00bb\u00c3\u00c2\u00b8\u00c3\u2018\u00e2\u20ac\u00a1\u00c3\u00c2\u00bd\u00c3\u00c2\u00be \u00c3\u2018\u00e2\u20ac\u0161\u00c3\u00c2\u00b5\u00c3\u2018\u00c2\u00c3\u2018\u00e2\u20ac\u0161\u00c3\u00c2\u00b8\u00c3\u00c2\u00bb, \u00c3\u2018\u00e2\u201a\u00ac\u00c3\u00c2\u00b0\u00c3\u00c2\u00b1\u00c3\u00c2\u00be\u00c3\u2018\u00e2\u20ac\u0161\u00c3\u00c2\u00b0\u00c3\u00c2\u00b5\u00c3\u2018\u00e2\u20ac\u0161)</p>\n"
        },
        {
            "id": 84454,
            "timestamp": 1376560019,
            "author": {
                "id": 1503,
                "name": "Paramount",
                "image": null
            },
            "comment": "\n<blockquote data-ipsquote=\"\" class=\"ipsQuote\" data-ipsquote-contentcommentid=\"84448\" data-ipsquote-contentapp=\"forums\" data-ipsquote-contenttype=\"forums\" data-ipsquote-contentclass=\"forums_Topic\" data-ipsquote-contentid=\"11006\" data-ipsquote-username=\"Warface\" data-cite=\"Warface\" data-ipsquote-timestamp=\"1376552949\" ><div ><div ><p >Offsets USA I look for for Ger</p></div></div></blockquote>\n<p >There are the same offsets, be sure.</p>\n"
        },
        {
            "id": 84480,
            "timestamp": 1376570107,
            "author": {
                "id": 15376,
                "name": "\u00e2\u02dc\u00a3 WARFACE \u00e2\u02dc\u00a3",
                "image": null
            },
            "comment": "<p >Close thx Cyber</p>"
        },
        {
            "id": 84481,
            "timestamp": 1376570566,
            "author": {
                "id": 17432,
                "name": "Nymphetamine",
                "image": null
            },
            "comment": "<p >Marked as solved and moved into Solved topics.</p>"
        },
        {
            "id": 84482,
            "timestamp": 1376570577,
            "author": {
                "id": null,
                "name": "Guest Johnny5",
                "image": null
            },
            "comment": "<p >Topic Closed by a moderator. The reason why: Solved</p>"
        }
    ]
}