{
    "meta": {
        "threadId": 11000,
        "threadName": "Probleme with new acc ...",
        "dateCreated": "2013-08-09T15:42:23+0000",
        "datePublished": "2013-08-09T15:42:23+0000",
        "pageCount": 1,
        "originalUrl": "https://lckb.dev/forum/index.php?/topic/11000-probleme-with-new-acc/",
        "authorId": 12565,
        "position": [
            {
                "@type": "ListItem",
                "position": 1,
                "item": {
                    "@id": "https://lckb.dev/forum/index.php?/forum/100-guides-help-section/",
                    "name": "Guides &amp; Help Section"
                }
            },
            {
                "@type": "ListItem",
                "position": 2,
                "item": {
                    "@id": "https://lckb.dev/forum/index.php?/forum/335-help-support/",
                    "name": "Help &amp; Support"
                }
            },
            {
                "@type": "ListItem",
                "position": 3,
                "item": {
                    "@id": "https://lckb.dev/forum/index.php?/forum/120-ep2-support/",
                    "name": "Ep2 Support"
                }
            },
            {
                "@type": "ListItem",
                "position": 4,
                "item": {
                    "@id": "https://lckb.dev/forum/index.php?/forum/134-solved-topics/",
                    "name": "Solved Topics"
                }
            }
        ]
    },
    "commentData": [
        {
            "id": 84359,
            "timestamp": 1376062943,
            "author": {
                "id": 12565,
                "name": "ambassadorbk",
                "image": null
            },
            "comment": "\n<p >hey guys ...</p>\n<p >i just made a new acc but i got a small error</p>\n<p ><img alt=\"zndp.jpg\" src=\"https://imageshack.com/scaled/large/153/zndp.jpg\" /></p>\n<p >and theres the itemall pic of it</p>\n<p ><img alt=\"4l93.jpg\" src=\"https://imageshack.com/scaled/large/35/4l93.jpg\" /></p>\n<p >so tell me what am i missing guys...</p>\n<p >and thanks in advance</p>\n"
        },
        {
            "id": 84362,
            "timestamp": 1376067864,
            "author": {
                "id": 13172,
                "name": "soryjero",
                "image": null
            },
            "comment": "<p >you have to modify in t_item table, field a_level2 to level max you can use it (if you want all char can use it set it to 999)</p>\n\n\t\t\t\n\t\t\t\t\n\n<span class=\"ipsType_reset ipsType_medium ipsType_light\" data-excludequote=\"None\" >\n\t<strong >Edited <time datetime=\"2013-08-09T17:04:44Z\" title=\"08/09/2013 05:04  PM\" data-short=\"7 yr\" >August 9, 2013</time> by soryjero</strong>\n\t\n\t\n</span>\n\t\t\t\n\t\t</div>"
        },
        {
            "id": 84368,
            "timestamp": 1376069918,
            "author": {
                "id": 12565,
                "name": "ambassadorbk",
                "image": null
            },
            "comment": "\n<p >i can place the acc in the socket but when i do put it in the magnifying glass and press it gives you are wrong level to use this equip</p>\n<p >.....</p>\n"
        },
        {
            "id": 84381,
            "timestamp": 1376084030,
            "author": {
                "id": 13172,
                "name": "soryjero",
                "image": null
            },
            "comment": "\n<blockquote data-ipsquote=\"\" class=\"ipsQuote\" data-ipsquote-contentcommentid=\"84368\" data-ipsquote-contentapp=\"forums\" data-ipsquote-contenttype=\"forums\" data-ipsquote-contentclass=\"forums_Topic\" data-ipsquote-contentid=\"11000\" data-ipsquote-username=\"ambassadorbk\" data-cite=\"ambassadorbk\" data-ipsquote-timestamp=\"1376069918\" ><div ><div >\n<p >i can place the acc in the socket but when i do put it in the magnifying glass and press it gives you are wrong level to use this equip</p>\n<p >.....</p>\n</div></div></blockquote>\n<p > </p>\n<p >have you tried to change a_level2 for this item?</p>\n"
        },
        {
            "id": 84384,
            "timestamp": 1376087447,
            "author": {
                "id": 12565,
                "name": "ambassadorbk",
                "image": null
            },
            "comment": "<p >yeah sure thing and still when i place it in the magnifying glass when place yes i get this error youre wrong level to use this equip</p>"
        },
        {
            "id": 84416,
            "timestamp": 1376514847,
            "author": {
                "id": 12565,
                "name": "ambassadorbk",
                "image": null
            },
            "comment": "<p >case solved :D</p>"
        },
        {
            "id": 84419,
            "timestamp": 1376515231,
            "author": {
                "id": 17432,
                "name": "Nymphetamine",
                "image": null
            },
            "comment": "\n<p >Perfect,topic marked as solved and moved into solved section then.</p>\n<p >Also next time write in what way you solved your problem so you can be helpfull.</p>\n"
        },
        {
            "id": 84420,
            "timestamp": 1376515239,
            "author": {
                "id": null,
                "name": "Guest Johnny5",
                "image": null
            },
            "comment": "<p >Topic Closed by a moderator. The reason why: Solved</p>"
        }
    ]
}