{
    "meta": {
        "threadId": 11014,
        "threadName": "[RELEASE] New Juno Arena",
        "dateCreated": "2013-08-15T00:49:07+0000",
        "datePublished": "2013-08-15T00:49:07+0000",
        "pageCount": 1,
        "originalUrl": "https://lckb.dev/forum/index.php?/topic/11014-release-new-juno-arena/",
        "authorId": 2016,
        "position": [
            {
                "@type": "ListItem",
                "position": 1,
                "item": {
                    "@id": "https://lckb.dev/forum/index.php?/forum/258-release-zone/",
                    "name": "Release Zone"
                }
            },
            {
                "@type": "ListItem",
                "position": 2,
                "item": {
                    "@id": "https://lckb.dev/forum/index.php?/forum/336-general-releases/",
                    "name": "General Releases"
                }
            },
            {
                "@type": "ListItem",
                "position": 3,
                "item": {
                    "@id": "https://lckb.dev/forum/index.php?/forum/288-general-client-releases/",
                    "name": "General Client Releases"
                }
            }
        ]
    },
    "commentData": [
        {
            "id": 84442,
            "timestamp": 1376527747,
            "author": {
                "id": 2016,
                "name": "pwesty",
                "image": null
            },
            "comment": "\n<p >WELL toxic-l33t.ddns.net IS BACK SO I WANTED TO RELEASE SOMETHING I MADE FOR IT COMING BACK..Forever Pwesty!!!</p>\n<p > </p>\n<p > </p>\n<p >here is an arena i designed/made  thought id show it off and release it if someone wants it.. there is a safe zone on the front of arena, i didnt mark it..also i made it to where EVERYONE can pvp</p>\n<p >including people in your guild...SO GET KILLING!! enjoy. Thank you</p>\n<p > </p>\n<p > </p>\n<p > </p>\n<p ><a href=\"http://prntscr.com/1lb6x4\" rel=\"external nofollow\" >http://prntscr.com/1lb6x4</a></p>\n<p ><a href=\"http://prntscr.com/1lb6qm\" rel=\"external nofollow\" >http://prntscr.com/1lb6qm</a></p>\n<p > </p>\n<p >[hide]</p>\n<p >inside startzone folder also has the gameserver files ^^</p>\n<p ><a href=\"http://www.lcdownloads.com/StartZone.7z\" rel=\"external nofollow\" >http://www.lcdownloads.com/StartZone.7z</a></p>\n<p >[/hide]</p>\n\n\n\t\t\t\n\t\t\t\t\n\n<span class=\"ipsType_reset ipsType_medium ipsType_light\" data-excludequote=\"None\" >\n\t<strong >Edited <time datetime=\"2014-12-10T01:28:03Z\" title=\"12/10/2014 01:28  AM\" data-short=\"6 yr\" >December 10, 2014</time> by pwesty</strong>\n\t\n\t\n</span>\n\t\t\t\n\t\t</div>"
        },
        {
            "id": 84453,
            "timestamp": 1376558536,
            "author": {
                "id": 17432,
                "name": "Nymphetamine",
                "image": null
            },
            "comment": "<p >Its nice but would be even nicer if there wouldnt be the small mountain inside :p</p>"
        },
        {
            "id": 84479,
            "timestamp": 1376568391,
            "author": {
                "id": 2167,
                "name": "dethunter12",
                "image": null
            },
            "comment": "<p >i think its nice but i agree with  nymphetamine whats up with the small mountain inside?</p>"
        },
        {
            "id": 84488,
            "timestamp": 1376574785,
            "author": {
                "id": 15998,
                "name": "crankchaos",
                "image": null
            },
            "comment": "<p >nice thx</p>"
        },
        {
            "id": 84536,
            "timestamp": 1376613003,
            "author": {
                "id": 2016,
                "name": "pwesty",
                "image": null
            },
            "comment": "<p >HAHA, i just wanted to add something different to it.. :-)</p>"
        },
        {
            "id": 86351,
            "timestamp": 1378372659,
            "author": {
                "id": 13529,
                "name": "DrGenius",
                "image": null
            },
            "comment": "<p >download link is down please re-upload it or we will closed the post.</p>"
        },
        {
            "id": 88398,
            "timestamp": 1381675486,
            "author": {
                "id": 13584,
                "name": "Slash",
                "image": null
            },
            "comment": "<p >The download link isnt down DrGenius ..</p>"
        },
        {
            "id": 88401,
            "timestamp": 1381679224,
            "author": {
                "id": 16931,
                "name": "Walletman987",
                "image": null
            },
            "comment": "<p >Yea, its fine lol</p>"
        },
        {
            "id": 90382,
            "timestamp": 1384843078,
            "author": {
                "id": 13529,
                "name": "DrGenius",
                "image": null
            },
            "comment": "<p >i get this error: <a href=\"http://grabilla.com/03b13-f6f79384-a170-4891-9e8d-746282523b46.html\" rel=\"external nofollow\" >http://grabilla.com/03b13-f6f79384-a170-4891-9e8d-746282523b46.html</a></p>"
        },
        {
            "id": 90403,
            "timestamp": 1384874031,
            "author": {
                "id": 17432,
                "name": "Nymphetamine",
                "image": null
            },
            "comment": "\n<blockquote data-ipsquote=\"\" class=\"ipsQuote\" data-ipsquote-contentcommentid=\"90382\" data-ipsquote-contentapp=\"forums\" data-ipsquote-contenttype=\"forums\" data-ipsquote-contentclass=\"forums_Topic\" data-ipsquote-contentid=\"11014\" data-ipsquote-username=\"DrGenius\" data-cite=\"DrGenius\" data-ipsquote-timestamp=\"1384843078\" ><div ><div ><p >i get this error: <a href=\"http://grabilla.com/03b13-f6f79384-a170-4891-9e8d-746282523b46.html\" rel=\"external nofollow\" >http://grabilla.com/03b13-f6f79384-a170-4891-9e8d-746282523b46.html</a></p></div></div></blockquote>\n<p ><a href=\"https://www.mediafire.com/download/r7f8jrx3fftwzwt/StartZone.7z\" rel=\"external nofollow\" >http://www.mediafire.com/download/r7f8jrx3fftwzwt/StartZone.7z</a></p>\n"
        },
        {
            "id": 100824,
            "timestamp": 1409094691,
            "author": {
                "id": 14900,
                "name": "arme38",
                "image": null
            },
            "comment": "<p >Have you thr t_zonedata please ?</p>"
        },
        {
            "id": 100827,
            "timestamp": 1409103897,
            "author": {
                "id": 2016,
                "name": "pwesty",
                "image": null
            },
            "comment": "<p >the t_zonedata info is the same as if it was ep3 juno</p>"
        },
        {
            "id": 100837,
            "timestamp": 1409133867,
            "author": {
                "id": 14900,
                "name": "arme38",
                "image": null
            },
            "comment": "<p >That ep3 is too small for this arena</p>"
        },
        {
            "id": 100859,
            "timestamp": 1409154920,
            "author": {
                "id": 20001,
                "name": "storyteller",
                "image": null
            },
            "comment": "<p >very nice arena  B)</p>"
        },
        {
            "id": 100920,
            "timestamp": 1409262277,
            "author": {
                "id": 16326,
                "name": "Vladislav",
                "image": null
            },
            "comment": "<p >nice arena </p>"
        },
        {
            "id": 100924,
            "timestamp": 1409279449,
            "author": {
                "id": 15369,
                "name": "DieYoung",
                "image": null
            },
            "comment": "<p >awww prestiges arena <3 <3 :)</p>"
        },
        {
            "id": 101229,
            "timestamp": 1410025402,
            "author": {
                "id": 549,
                "name": "kimpobin02",
                "image": null
            },
            "comment": "<p >Thank</p>"
        },
        {
            "id": 101486,
            "timestamp": 1411101931,
            "author": {
                "id": 20469,
                "name": "jesushp007",
                "image": null
            },
            "comment": "<p >exlente juno te lo agradesco</p>"
        },
        {
            "id": 101789,
            "timestamp": 1412522823,
            "author": {
                "id": 20120,
                "name": "Taump",
                "image": null
            },
            "comment": "<p >good</p>"
        },
        {
            "id": 101914,
            "timestamp": 1412993350,
            "author": {
                "id": 20501,
                "name": "Stormie78",
                "image": null
            },
            "comment": "<p >nice</p>\n\n\t\t\t\n\t\t\t\t\n\n<span class=\"ipsType_reset ipsType_medium ipsType_light\" data-excludequote=\"None\" >\n\t<strong >Edited <time datetime=\"2014-10-11T02:09:35Z\" title=\"10/11/2014 02:09  AM\" data-short=\"6 yr\" >October 11, 2014</time> by Stormie78</strong>\n\t\n\t\n</span>\n\t\t\t\n\t\t</div>"
        },
        {
            "id": 102223,
            "timestamp": 1413946038,
            "author": {
                "id": 19639,
                "name": "ivi1982",
                "image": null
            },
            "comment": "\n<p >thanks</p>\n<p > </p>\n"
        },
        {
            "id": 102259,
            "timestamp": 1414087910,
            "author": {
                "id": 20555,
                "name": "Bamboula",
                "image": null
            },
            "comment": "<p >nice</p>"
        },
        {
            "id": 102822,
            "timestamp": 1415442064,
            "author": {
                "id": 17706,
                "name": "sanchez",
                "image": null
            },
            "comment": "<p >Great, i like it</p>"
        }
    ]
}