{
    "meta": {
        "threadId": 11028,
        "threadName": "New Pet ???",
        "dateCreated": "2013-08-16T08:55:56+0000",
        "datePublished": "2013-08-16T08:55:56+0000",
        "pageCount": 1,
        "originalUrl": "https://lckb.dev/forum/index.php?/topic/11028-new-pet/",
        "authorId": 12565,
        "position": [
            {
                "@type": "ListItem",
                "position": 1,
                "item": {
                    "@id": "https://lckb.dev/forum/index.php?/forum/100-guides-help-section/",
                    "name": "Guides &amp; Help Section"
                }
            },
            {
                "@type": "ListItem",
                "position": 2,
                "item": {
                    "@id": "https://lckb.dev/forum/index.php?/forum/335-help-support/",
                    "name": "Help &amp; Support"
                }
            },
            {
                "@type": "ListItem",
                "position": 3,
                "item": {
                    "@id": "https://lckb.dev/forum/index.php?/forum/120-ep2-support/",
                    "name": "Ep2 Support"
                }
            },
            {
                "@type": "ListItem",
                "position": 4,
                "item": {
                    "@id": "https://lckb.dev/forum/index.php?/forum/134-solved-topics/",
                    "name": "Solved Topics"
                }
            }
        ]
    },
    "commentData": [
        {
            "id": 84555,
            "timestamp": 1376643356,
            "author": {
                "id": 12565,
                "name": "ambassadorbk",
                "image": null
            },
            "comment": "\n<p >hey guys...</p>\n<p >i wanted to make a new pet so i started the following made a bridle item in itemall </p>\n<p ><img alt=\"2av3.jpg\" src=\"https://imageshack.com/scaled/large/827/2av3.jpg\" /></p>\n<p >and then made the p2 white tiger in itemall and both items i copied them from diesel horse</p>\n<p >i edited the smc</p>\n<p ><img alt=\"xbmw.jpg\" src=\"https://imageshack.com/scaled/large/89/xbmw.jpg\" /></p>\n<p >and then added them as horse diesel into the smc.lod by smc editor by wizatek</p>\n<p ><img alt=\"vejn.jpg\" src=\"https://imageshack.com/scaled/large/706/vejn.jpg\" /></p>\n<p >and then created a new pet by big bet editor and updated the db of attack pet</p>\n<p ><img alt=\"y33g.jpg\" src=\"https://imageshack.com/scaled/large/825/y33g.jpg\" /></p>\n<p >and then made a quest like the horse diesel quest</p>\n<p ><img alt=\"crh3.jpg\" src=\"https://imageshack.com/scaled/large/854/crh3.jpg\" /></p>\n<p ><img alt=\"w96q.jpg\" src=\"https://imageshack.com/scaled/large/825/w96q.jpg\" /></p>\n<p ><img alt=\"nn48.jpg\" src=\"https://imageshack.com/scaled/large/404/nn48.jpg\" /></p>\n<p >and ive made the quest once you got the bridle you got to lorraine and then you accept the new quest to go animal trainer such as the horse diesel quest but in the end i got this error ....</p>\n<p ><img alt=\"ug0z.jpg\" src=\"https://imageshack.com/scaled/large/268/ug0z.jpg\" /></p>\n<p >theres something wrong or missing ....</p>\n\n\n\t\t\t\n\t\t\t\t\n\n<span class=\"ipsType_reset ipsType_medium ipsType_light\" data-excludequote=\"None\" >\n\t<strong >Edited <time datetime=\"2013-08-16T08:56:39Z\" title=\"08/16/2013 08:56  AM\" data-short=\"7 yr\" >August 16, 2013</time> by ambassadorbk</strong>\n\t\n\t\n</span>\n\t\t\t\n\t\t</div>"
        },
        {
            "id": 84560,
            "timestamp": 1376647377,
            "author": {
                "id": 14922,
                "name": "ren0d1",
                "image": null
            },
            "comment": "<p >Its have item not collect item I think.</p>"
        },
        {
            "id": 84563,
            "timestamp": 1376654624,
            "author": {
                "id": 12565,
                "name": "ambassadorbk",
                "image": null
            },
            "comment": "<p >problem solved, thanks @ren0d1</p>"
        },
        {
            "id": 84568,
            "timestamp": 1376655192,
            "author": {
                "id": 17432,
                "name": "Nymphetamine",
                "image": null
            },
            "comment": "<p >Closed and moved into solved section</p>"
        },
        {
            "id": 84569,
            "timestamp": 1376655200,
            "author": {
                "id": null,
                "name": "Guest Johnny5",
                "image": null
            },
            "comment": "<p >Topic Closed by a moderator. The reason why: Solved</p>"
        }
    ]
}