{
    "meta": {
        "threadId": 11055,
        "threadName": "searth good server hosting",
        "dateCreated": "2013-08-17T08:21:59+0000",
        "datePublished": "2013-08-17T08:21:59+0000",
        "pageCount": 1,
        "originalUrl": "https://lckb.dev/forum/index.php?/topic/11055-searth-good-server-hosting/",
        "authorId": 18639,
        "position": [
            {
                "@type": "ListItem",
                "position": 1,
                "item": {
                    "@id": "https://lckb.dev/forum/index.php?/forum/271-general-section/",
                    "name": "General Section"
                }
            },
            {
                "@type": "ListItem",
                "position": 2,
                "item": {
                    "@id": "https://lckb.dev/forum/index.php?/forum/259-general-discussion/",
                    "name": "General Discussion"
                }
            }
        ]
    },
    "commentData": [
        {
            "id": 84690,
            "timestamp": 1376727719,
            "author": {
                "id": 18639,
                "name": "ISamyVegasI",
                "image": null
            },
            "comment": "<p >Hay i searth a good hosting site pls tell me</p>"
        },
        {
            "id": 84692,
            "timestamp": 1376728070,
            "author": {
                "id": 2,
                "name": "Wizatek",
                "image": null
            },
            "comment": "\n<p >This is almost the same question like going to the paint store and ask for a good color.</p>\n<p > </p>\n<p >\nDefine what u are looking for and what u think is important to be included in the service</p>\n"
        },
        {
            "id": 84721,
            "timestamp": 1376733738,
            "author": {
                "id": 11986,
                "name": "SnowFox",
                "image": null
            },
            "comment": "<p ><a href=\"https://www.leaseweb.com\" rel=\"external nofollow\" >http://www.leaseweb.com</a><br /><br />Its a good one. But its what Wizatek says it all depends on what you are looking for.</p>"
        },
        {
            "id": 84722,
            "timestamp": 1376733819,
            "author": {
                "id": 17432,
                "name": "Nymphetamine",
                "image": null
            },
            "comment": "<p >Cloudflare is good also.</p>"
        },
        {
            "id": 84758,
            "timestamp": 1376748075,
            "author": {
                "id": 18639,
                "name": "ISamyVegasI",
                "image": null
            },
            "comment": "\n<blockquote data-ipsquote=\"\" class=\"ipsQuote\" data-ipsquote-contentcommentid=\"84722\" data-ipsquote-contentapp=\"forums\" data-ipsquote-contenttype=\"forums\" data-ipsquote-contentclass=\"forums_Topic\" data-ipsquote-contentid=\"11055\" data-ipsquote-username=\"Nymphetamine\" data-cite=\"Nymphetamine\" data-ipsquote-timestamp=\"1376733819\" ><div ><div ><p >Cloudflare is good also.</p></div></div></blockquote>\n<p > no my friend have it and all laggs</p>\n"
        },
        {
            "id": 84760,
            "timestamp": 1376748291,
            "author": {
                "id": 17432,
                "name": "Nymphetamine",
                "image": null
            },
            "comment": "\n<blockquote data-ipsquote=\"\" class=\"ipsQuote\" data-ipsquote-contentcommentid=\"84758\" data-ipsquote-contentapp=\"forums\" data-ipsquote-contenttype=\"forums\" data-ipsquote-contentclass=\"forums_Topic\" data-ipsquote-contentid=\"11055\" data-ipsquote-username=\"ISamyVegasI\" data-cite=\"ISamyVegasI\" data-ipsquote-timestamp=\"1376748075\" ><div ><p >no my friend have it and all laggs</p></div></blockquote>\n<p >LCKB laggs?</p>\n<p >Gamigo LC laggs? :o</p>\n"
        },
        {
            "id": 84762,
            "timestamp": 1376748694,
            "author": {
                "id": 1503,
                "name": "Paramount",
                "image": null
            },
            "comment": "\n<blockquote data-ipsquote=\"\" class=\"ipsQuote\" data-ipsquote-contentcommentid=\"84760\" data-ipsquote-contentapp=\"forums\" data-ipsquote-contenttype=\"forums\" data-ipsquote-contentclass=\"forums_Topic\" data-ipsquote-contentid=\"11055\" data-ipsquote-username=\"Nymphetamine\" data-cite=\"Nymphetamine\" data-ipsquote-timestamp=\"1376748291\" ><div ><div >\n<p >LCKB laggs?</p>\n<p >Gamigo LC laggs? :o</p>\n</div></div></blockquote>\n<p >Hush! Theyre searching for something incredible, but they dont know what exactly :)</p>\n<p >Yep I too advise Cloudflare.</p>\n"
        },
        {
            "id": 84894,
            "timestamp": 1376821230,
            "author": {
                "id": 11986,
                "name": "SnowFox",
                "image": null
            },
            "comment": "\n<p >Cloudflare is also good but the hosting company depends really on what you want.</p>\n<p > </p>\n<p >Look one says no lagg other says i got lagg it all depends on what you pay.<br />How more you pay how better it always is.<br /><br />Just go to several hosting companys and look to the prices and what you get for it.<br />Compare them is best advice i can say.</p>\n"
        },
        {
            "id": 84925,
            "timestamp": 1376837484,
            "author": {
                "id": 2,
                "name": "Wizatek",
                "image": null
            },
            "comment": "\n<p >Cloudflare sucks.</p>\n<p >\nI worked with it a lot of times but every time i ended up just disabling it.</p>\n<p >\nIf u have a good host u dont need cloudflare to boost your webserver.</p>\n"
        },
        {
            "id": 84928,
            "timestamp": 1376838550,
            "author": {
                "id": 17432,
                "name": "Nymphetamine",
                "image": null
            },
            "comment": "<p >Just wondering why gamigo uses it then</p>"
        },
        {
            "id": 84930,
            "timestamp": 1376841913,
            "author": {
                "id": 18526,
                "name": "Jim",
                "image": null
            },
            "comment": "<p >Webtropia , is a German hoster</p>"
        },
        {
            "id": 84980,
            "timestamp": 1376863029,
            "author": {
                "id": 18520,
                "name": "Julia",
                "image": null
            },
            "comment": "<p >webtropia or OVh</p>"
        },
        {
            "id": 84985,
            "timestamp": 1376883774,
            "author": {
                "id": 13529,
                "name": "DrGenius",
                "image": null
            },
            "comment": "<p >my ep1 was hosted on webtropia they are really good^^</p>"
        },
        {
            "id": 85001,
            "timestamp": 1376909358,
            "author": {
                "id": 1503,
                "name": "Paramount",
                "image": null
            },
            "comment": "\n<p >Also good hosting:</p>\n<p > </p>\n<pre class=\"ipsCode prettyprint\" >http://www.one.com/en/</pre>\n"
        },
        {
            "id": 85101,
            "timestamp": 1376993056,
            "author": {
                "id": 2041,
                "name": "HateMe",
                "image": null
            },
            "comment": "\n<blockquote data-ipsquote=\"\" class=\"ipsQuote\" data-ipsquote-contentcommentid=\"84980\" data-ipsquote-contentapp=\"forums\" data-ipsquote-contenttype=\"forums\" data-ipsquote-contentclass=\"forums_Topic\" data-ipsquote-contentid=\"11055\" data-ipsquote-username=\"Julia\" data-cite=\"Julia\" data-ipsquote-timestamp=\"1376863029\" ><div ><div ><p >webtropia or OVh</p></div></div></blockquote>\n<p > </p>\n<p >if u choose OVh you need to know how to change the kernel there ;) else the servers are buggy</p>\n"
        },
        {
            "id": 85102,
            "timestamp": 1376993516,
            "author": {
                "id": 17148,
                "name": "WorldOfWars",
                "image": null
            },
            "comment": "<p >What is the Kernel? </p>"
        },
        {
            "id": 85105,
            "timestamp": 1376994410,
            "author": {
                "id": 17432,
                "name": "Nymphetamine",
                "image": null
            },
            "comment": "\n<blockquote data-ipsquote=\"\" class=\"ipsQuote\" data-ipsquote-contentcommentid=\"85102\" data-ipsquote-contentapp=\"forums\" data-ipsquote-contenttype=\"forums\" data-ipsquote-contentclass=\"forums_Topic\" data-ipsquote-contentid=\"11055\" data-ipsquote-username=\"WorldOfWars\" data-cite=\"WorldOfWars\" data-ipsquote-timestamp=\"1376993516\" ><div ><div ><p >What is the Kernel? </p></div></div></blockquote>\n<p ><a href=\"https://en.wikipedia.org/wiki/Kernel_(computing)\" rel=\"external nofollow\" >http://en.wikipedia.org/wiki/Kernel_(computing)</a></p>\n"
        },
        {
            "id": 86152,
            "timestamp": 1378083302,
            "author": {
                "id": 18850,
                "name": "WeedyStar",
                "image": null
            },
            "comment": "\n<p >What you Search?</p>\n<p >Webserver oder hosting for Server?</p>\n<p > </p>\n<p >Websites:</p>\n<p >Cludflare or one</p>\n<p > </p>\n<p >Server:</p>\n<p >server4you<br /> </p>\n"
        },
        {
            "id": 86631,
            "timestamp": 1378726060,
            "author": {
                "id": 15327,
                "name": "Lolek1PL",
                "image": null
            },
            "comment": "<p >Webtropia, l use it and is very good.</p>"
        },
        {
            "id": 88835,
            "timestamp": 1382374616,
            "author": {
                "id": 19245,
                "name": "Kennx",
                "image": null
            },
            "comment": "<p >oke but i dont knew to become a root at cloudfire </p>"
        }
    ]
}