{
    "meta": {
        "threadId": 11069,
        "threadName": "Texture error",
        "dateCreated": "2013-08-17T17:59:09+0000",
        "datePublished": "2013-08-17T17:59:09+0000",
        "pageCount": 1,
        "originalUrl": "https://lckb.dev/forum/index.php?/topic/11069-texture-error/",
        "authorId": 676,
        "position": [
            {
                "@type": "ListItem",
                "position": 1,
                "item": {
                    "@id": "https://lckb.dev/forum/index.php?/forum/100-guides-help-section/",
                    "name": "Guides &amp; Help Section"
                }
            },
            {
                "@type": "ListItem",
                "position": 2,
                "item": {
                    "@id": "https://lckb.dev/forum/index.php?/forum/335-help-support/",
                    "name": "Help &amp; Support"
                }
            },
            {
                "@type": "ListItem",
                "position": 3,
                "item": {
                    "@id": "https://lckb.dev/forum/index.php?/forum/120-ep2-support/",
                    "name": "Ep2 Support"
                }
            },
            {
                "@type": "ListItem",
                "position": 4,
                "item": {
                    "@id": "https://lckb.dev/forum/index.php?/forum/134-solved-topics/",
                    "name": "Solved Topics"
                }
            }
        ]
    },
    "commentData": [
        {
            "id": 84795,
            "timestamp": 1376762349,
            "author": {
                "id": 676,
                "name": "xOutLawZ",
                "image": null
            },
            "comment": "<p ><img alt=\"wzem.jpg\" src=\"https://img266.imageshack.us/img266/1333/wzem.jpg\" /></p>"
        },
        {
            "id": 84806,
            "timestamp": 1376767630,
            "author": {
                "id": 1503,
                "name": "Paramount",
                "image": null
            },
            "comment": "\n<p >Maybe because path is /Data/npc and folder is called Npc from the capital N?</p>\n<p >Just a guess</p>\n"
        },
        {
            "id": 84821,
            "timestamp": 1376772337,
            "author": {
                "id": 676,
                "name": "xOutLawZ",
                "image": null
            },
            "comment": "\n<p >The .bm file is the problem but how can I fix that ?</p>\n<p > </p>\n<p > </p>\n<p > </p>\n<p ><img alt=\"nn1t.jpg\" src=\"https://img109.imageshack.us/img109/4761/nn1t.jpg\" /></p>\n"
        },
        {
            "id": 85858,
            "timestamp": 1377726803,
            "author": {
                "id": 2888,
                "name": "BaZZtian",
                "image": null
            },
            "comment": "\n<p >i fixxed it for you ^^</p>\n<p > </p>\n<p > </p>\n<p >/sloved</p>\n"
        },
        {
            "id": 85859,
            "timestamp": 1377727712,
            "author": {
                "id": 267,
                "name": "SutWick",
                "image": null
            },
            "comment": "\n<blockquote data-ipsquote=\"\" class=\"ipsQuote\" data-ipsquote-contentcommentid=\"85858\" data-ipsquote-contentapp=\"forums\" data-ipsquote-contenttype=\"forums\" data-ipsquote-contentclass=\"forums_Topic\" data-ipsquote-contentid=\"11069\" data-ipsquote-username=\"BaZZtian\" data-cite=\"BaZZtian\" data-ipsquote-timestamp=\"1377726803\" ><div >\n<p >i fixxed it for you ^^</p>\n<p >\n </p>\n<p >\n </p>\n<p >\n/sloved</p>\n</div></blockquote>\n<p >\nBe nice if you shared how you fixed it :)</p>\n"
        },
        {
            "id": 85860,
            "timestamp": 1377727737,
            "author": {
                "id": 5184,
                "name": "fonsy84",
                "image": null
            },
            "comment": "<p >u can say how fix it ?</p>"
        },
        {
            "id": 87056,
            "timestamp": 1379266813,
            "author": {
                "id": 1503,
                "name": "Paramount",
                "image": null
            },
            "comment": "<p >So as we didnt get any response from the author, topic is closed and moved.</p>"
        }
    ]
}