{
    "meta": {
        "threadId": 11067,
        "threadName": "[GM]Command for the Wars",
        "dateCreated": "2013-08-17T17:34:42+0000",
        "datePublished": "2013-08-17T17:34:42+0000",
        "pageCount": 1,
        "originalUrl": "https://lckb.dev/forum/index.php?/topic/11067-gmcommand-for-the-wars/",
        "authorId": 16274,
        "position": [
            {
                "@type": "ListItem",
                "position": 1,
                "item": {
                    "@id": "https://lckb.dev/forum/index.php?/forum/100-guides-help-section/",
                    "name": "Guides &amp; Help Section"
                }
            },
            {
                "@type": "ListItem",
                "position": 2,
                "item": {
                    "@id": "https://lckb.dev/forum/index.php?/forum/335-help-support/",
                    "name": "Help &amp; Support"
                }
            },
            {
                "@type": "ListItem",
                "position": 3,
                "item": {
                    "@id": "https://lckb.dev/forum/index.php?/forum/120-ep2-support/",
                    "name": "Ep2 Support"
                }
            },
            {
                "@type": "ListItem",
                "position": 4,
                "item": {
                    "@id": "https://lckb.dev/forum/index.php?/forum/134-solved-topics/",
                    "name": "Solved Topics"
                }
            }
        ]
    },
    "commentData": [
        {
            "id": 84790,
            "timestamp": 1376760882,
            "author": {
                "id": 16274,
                "name": "Shayna",
                "image": null
            },
            "comment": "\n<p >Hello i need the gm command to set the two wars, DCS and MCS, hope somebody can help me, it would be very nice.</p>\n<p > </p>\n<p >Thank you very much, sry if its the wrong section.</p>\n"
        },
        {
            "id": 84791,
            "timestamp": 1376761146,
            "author": {
                "id": 17432,
                "name": "Nymphetamine",
                "image": null
            },
            "comment": "\n<p >Dont use them from a lot but it should be:</p>\n<p > </p>\n<blockquote data-ipsquote=\"\" class=\"ipsQuote\" ><div >\n<p > </p>\n<p > </p>\n<span style=\"color:rgb(0,0,0);font-family:Verdana, Arial, Helvetica, sans-serif;background-color:rgb(237,237,237);\" >/setwartime {year (bigger than 1900)} {month} {day} {hour} {min}</span><br /><span style=\"color:rgb(0,0,0);font-family:Verdana, Arial, Helvetica, sans-serif;background-color:rgb(237,237,237);\" >/setwartime2 {year (bigger than 1900)} {month} {day} {hour} {min}</span>\n</div></blockquote>\n"
        },
        {
            "id": 84793,
            "timestamp": 1376761796,
            "author": {
                "id": 16274,
                "name": "Shayna",
                "image": null
            },
            "comment": "<p >Thank you</p>"
        },
        {
            "id": 84794,
            "timestamp": 1376761957,
            "author": {
                "id": 1503,
                "name": "Paramount",
                "image": null
            },
            "comment": "<p >Solved = closed and moved</p>"
        }
    ]
}