{
    "meta": {
        "threadId": 11092,
        "threadName": "How To Add Tarian Dungeon",
        "dateCreated": "2013-08-19T09:25:59+0000",
        "datePublished": "2013-08-19T09:25:59+0000",
        "pageCount": 1,
        "originalUrl": "https://lckb.dev/forum/index.php?/topic/11092-how-to-add-tarian-dungeon/",
        "authorId": 17432,
        "position": [
            {
                "@type": "ListItem",
                "position": 1,
                "item": {
                    "@id": "https://lckb.dev/forum/index.php?/forum/100-guides-help-section/",
                    "name": "Guides &amp; Help Section"
                }
            },
            {
                "@type": "ListItem",
                "position": 2,
                "item": {
                    "@id": "https://lckb.dev/forum/index.php?/forum/332-tutorials-guides/",
                    "name": "Tutorials &amp; Guides"
                }
            },
            {
                "@type": "ListItem",
                "position": 3,
                "item": {
                    "@id": "https://lckb.dev/forum/index.php?/forum/107-ep2-guides/",
                    "name": "Ep2 Guides"
                }
            }
        ]
    },
    "commentData": [
        {
            "id": 84994,
            "timestamp": 1376904359,
            "author": {
                "id": 17432,
                "name": "Nymphetamine",
                "image": null
            },
            "comment": "<p >Hi.<br />In this guide ill show u guys,in clear words how to add tarian dungeon.<br />First of all,i have to say,in this guide i wont show you how to add it,ill show you how to replace another dungeon[Velpist] with it.<br />This is pretty easy.<br /><br />DOWNLOAD: Link Temporary Removed[Thanks to Walletman]<br /><br />Put the server files into your game server folder replacing Velpist ones.<br />Client files into /Data/World, the files into that folder must be replaced with the Velpist ones.<br />Execute database files in _data replacing Velpist <br /><br />U cant add it as an indipendent map,but u are forced to replace Velpist with that files.<br />I didnt make it on How to add because i am not sure if it will work.<br />Version i saw working is LCGN02 one,that replaced Velpist and this is why i took this as example.<br />Now,the dungeon is setted up and working.<br />Go in game and type \"go_zone 1 0\" and then you will be into Tarian Dungeon</p>"
        },
        {
            "id": 86251,
            "timestamp": 1378208534,
            "author": {
                "id": 615,
                "name": "CookieZ",
                "image": null
            },
            "comment": "<p >send me link download? </p>"
        }
    ]
}