{
    "meta": {
        "threadId": 11093,
        "threadName": "How to know who is (D)DoSing you",
        "dateCreated": "2013-08-19T10:59:24+0000",
        "datePublished": "2013-08-19T10:59:24+0000",
        "pageCount": 1,
        "originalUrl": "https://lckb.dev/forum/index.php?/topic/11093-how-to-know-who-is-ddosing-you/",
        "authorId": 1503,
        "position": [
            {
                "@type": "ListItem",
                "position": 1,
                "item": {
                    "@id": "https://lckb.dev/forum/index.php?/forum/100-guides-help-section/",
                    "name": "Guides &amp; Help Section"
                }
            },
            {
                "@type": "ListItem",
                "position": 2,
                "item": {
                    "@id": "https://lckb.dev/forum/index.php?/forum/332-tutorials-guides/",
                    "name": "Tutorials &amp; Guides"
                }
            },
            {
                "@type": "ListItem",
                "position": 3,
                "item": {
                    "@id": "https://lckb.dev/forum/index.php?/forum/107-ep2-guides/",
                    "name": "Ep2 Guides"
                }
            }
        ]
    },
    "commentData": [
        {
            "id": 85002,
            "timestamp": 1376909964,
            "author": {
                "id": 1503,
                "name": "Paramount",
                "image": null
            },
            "comment": "\n<p ><strong >Description:</strong></p>\n<p ><strong ></strong></p>\n<p >This is a lightweight bash shell script designed to assist in the process of blocking a denial of service attack. It utilizes the command below to create a list of IP addresses connected to the server, along with their total number of connections. It is one of the simplest and easiest to install solutions at the software level.</p>\n<p > </p>\n<p ><strong >Installaton:</strong></p>\n<p ></p><hr /><pre class=\"ipsCode prettyprint\" >wget http://www.inetbase.com/scripts/ddos/install.sh\nchmod 0700 install.sh\n./install.sh\n</pre>\n<p ><strong >Guide:</strong></p>\n<p ></p><hr /><p >Use the ddos command. You will get something like that:</p>\n<p ><img alt=\"f3xyGAh.png\" src=\"https://i.imgur.com/f3xyGAh.png\" /></p>\n<p > </p>\n<p >Where the value = 1, dont worry its usually your players. </p>\n<p >First and second IPs are basically yours.</p>\n"
        },
        {
            "id": 85082,
            "timestamp": 1376956392,
            "author": {
                "id": 16983,
                "name": "Jaiz",
                "image": null
            },
            "comment": "<p >Thanks :) </p>"
        },
        {
            "id": 85189,
            "timestamp": 1377074498,
            "author": {
                "id": 16954,
                "name": "spadge88",
                "image": null
            },
            "comment": "<p >thanks Paramount</p>"
        },
        {
            "id": 94601,
            "timestamp": 1388719680,
            "author": {
                "id": 18458,
                "name": "Celay",
                "image": null
            },
            "comment": "\n<p >Nothing to do with UDP Flood. SYN Flood is doing this.</p>\n<p > </p>\n<p >You can only prevent UDP Flood with hardware based protection.</p>\n<p >Or youll need 3x15Gbps(which is pretty cheap) and you can shut down the ISP so the attack never even gets through the DDoS Protection. They pay 300\u00c3\u00a2\u00e2\u20ac\u0161\u00c2\u00ac per month for almost NOTHING.</p>\n<p >(see Aio.)</p>\n<p > </p>\n<p >Better not making Servers without any knowledge, Aio shouldnt even get money.. theyre useless without their high-end-developers</p>\n\n\n\t\t\t\n\t\t\t\t\n\n<span class=\"ipsType_reset ipsType_medium ipsType_light\" data-excludequote=\"None\" >\n\t<strong >Edited <time datetime=\"2014-01-03T03:37:13Z\" title=\"01/03/2014 03:37  AM\" data-short=\"6 yr\" >January 3, 2014</time> by Celay</strong>\n\t\n\t\n</span>\n\t\t\t\n\t\t</div>"
        },
        {
            "id": 94747,
            "timestamp": 1388820069,
            "author": {
                "id": 19249,
                "name": "josepo",
                "image": null
            },
            "comment": "<p >sweet</p>"
        }
    ]
}