{
    "meta": {
        "threadId": 11102,
        "threadName": "[SOLVED]How can  you make a mob have text/chat above it's head like in ToF?",
        "dateCreated": "2013-08-20T04:48:55+0000",
        "datePublished": "2013-08-20T04:48:55+0000",
        "pageCount": 1,
        "originalUrl": "https://lckb.dev/forum/index.php?/topic/11102-solvedhow-can-you-make-a-mob-have-textchat-above-its-head-like-in-tof/",
        "authorId": 16931,
        "position": [
            {
                "@type": "ListItem",
                "position": 1,
                "item": {
                    "@id": "https://lckb.dev/forum/index.php?/forum/100-guides-help-section/",
                    "name": "Guides &amp; Help Section"
                }
            },
            {
                "@type": "ListItem",
                "position": 2,
                "item": {
                    "@id": "https://lckb.dev/forum/index.php?/forum/335-help-support/",
                    "name": "Help &amp; Support"
                }
            },
            {
                "@type": "ListItem",
                "position": 3,
                "item": {
                    "@id": "https://lckb.dev/forum/index.php?/forum/120-ep2-support/",
                    "name": "Ep2 Support"
                }
            },
            {
                "@type": "ListItem",
                "position": 4,
                "item": {
                    "@id": "https://lckb.dev/forum/index.php?/forum/134-solved-topics/",
                    "name": "Solved Topics"
                }
            }
        ]
    },
    "commentData": [
        {
            "id": 85084,
            "timestamp": 1376974135,
            "author": {
                "id": 16931,
                "name": "Walletman987",
                "image": null
            },
            "comment": "<p >Has anyone ever done this before?   Im trying to make a new mob that can do this, but Im stumped.</p>"
        },
        {
            "id": 85089,
            "timestamp": 1376990456,
            "author": {
                "id": 17432,
                "name": "Nymphetamine",
                "image": null
            },
            "comment": "\n<p >I saw it in a screenshot made in LCGN02 from Wizatek.</p>\n<p >How?<br />No idea.</p>\n"
        },
        {
            "id": 85099,
            "timestamp": 1376992945,
            "author": {
                "id": 1503,
                "name": "Paramount",
                "image": null
            },
            "comment": "\n<pre class=\"ipsCode prettyprint\" >/echo_npc {npc id} {text}</pre>\n<p >I think it should also work with the mobs..?</p>\n"
        },
        {
            "id": 85100,
            "timestamp": 1376992949,
            "author": {
                "id": 7695,
                "name": "CyberClaus",
                "image": null
            },
            "comment": "\n<p >There is a GM command to do that.</p>\n<pre class=\"ipsCode prettyprint\" >/echo_npc {zone/server/all/subserver/allzone} {npcid}</pre>\n<p >Im not sure if its this what you want</p>\n"
        },
        {
            "id": 85147,
            "timestamp": 1377035125,
            "author": {
                "id": 16931,
                "name": "Walletman987",
                "image": null
            },
            "comment": "<p >When ever you see the Terrain in temple of forgetfullnes, it says something to you.  I cant get a screen shot because it wont work in my server.  What happens is when you get the lvl 60 quest for the huge amount of sp, you walk up the the terrain boss, and it says something.  This also happens to the teleporter when you slay the eraticrat boss.  I hope you guys understand me this time lol.</p>"
        },
        {
            "id": 85156,
            "timestamp": 1377040190,
            "author": {
                "id": 10456,
                "name": "Tarissuis",
                "image": null
            },
            "comment": "<p >I guess its like a triggered event, never seen an option like this directly for npcs or spawns.</p>"
        },
        {
            "id": 85163,
            "timestamp": 1377046587,
            "author": {
                "id": 16931,
                "name": "Walletman987",
                "image": null
            },
            "comment": "\n<blockquote data-ipsquote=\"\" class=\"ipsQuote\" data-ipsquote-contentcommentid=\"85156\" data-ipsquote-contentapp=\"forums\" data-ipsquote-contenttype=\"forums\" data-ipsquote-contentclass=\"forums_Topic\" data-ipsquote-contentid=\"11102\" data-ipsquote-username=\"Tarissuis\" data-cite=\"Tarissuis\" data-ipsquote-timestamp=\"1377040190\" ><div ><div ><p >I guess its like a triggered event, never seen an option like this directly for npcs or spawns.</p></div></div></blockquote>\n<p >Alright, Ill try to figure it out and tell you guys what I did.</p>\n"
        },
        {
            "id": 85164,
            "timestamp": 1377047015,
            "author": {
                "id": 2016,
                "name": "pwesty",
                "image": null
            },
            "comment": "<p >its more than likely an event triggered its adjustable via world editor ^^</p>"
        },
        {
            "id": 85169,
            "timestamp": 1377055404,
            "author": {
                "id": 161,
                "name": "Koko",
                "image": null
            },
            "comment": "\n<p >Yep, like pwesty and Tari said i think its a wld trigger; ive been searching for it in the database but couldnt find anything.</p>\n<p > </p>\n<p >\"Do not interfere with our plans\" is what he says, btw :p</p>\n"
        },
        {
            "id": 85174,
            "timestamp": 1377056713,
            "author": {
                "id": 2167,
                "name": "dethunter12",
                "image": null
            },
            "comment": "<p >who wiza :D?</p>"
        },
        {
            "id": 85176,
            "timestamp": 1377059928,
            "author": {
                "id": 16931,
                "name": "Walletman987",
                "image": null
            },
            "comment": "<p >Ok, thats hopeless then lol.  World editor is being a dumb butt on my PC.</p>"
        }
    ]
}