{
    "meta": {
        "threadId": 11112,
        "threadName": "[Bin Folder] Last Chaos Clients",
        "dateCreated": "2013-08-20T22:45:41+0000",
        "datePublished": "2013-08-20T22:45:41+0000",
        "pageCount": 1,
        "originalUrl": "https://lckb.dev/forum/index.php?/topic/11112-bin-folder-last-chaos-clients/",
        "authorId": 8659,
        "position": [
            {
                "@type": "ListItem",
                "position": 1,
                "item": {
                    "@id": "https://lckb.dev/forum/index.php?/forum/271-general-section/",
                    "name": "General Section"
                }
            },
            {
                "@type": "ListItem",
                "position": 2,
                "item": {
                    "@id": "https://lckb.dev/forum/index.php?/forum/259-general-discussion/",
                    "name": "General Discussion"
                }
            }
        ]
    },
    "commentData": [
        {
            "id": 85152,
            "timestamp": 1377038741,
            "author": {
                "id": 8659,
                "name": "BayBay",
                "image": null
            },
            "comment": "\n<p >Well its come to my attention regarding the bin files..</p>\n<p >->Which are necessary and which are unnecessary files?</p>\n<p >->Whats the difference between Engine with commands/wihtout commands and with password encryption?</p>\n<p >->Which engine should i keep and which should i delete cuze i seen other clients and they are better organized.</p>\n<p >   </p>\n<p ><u >Files inside Bin Folder</u>:</p>\n<p > </p>\n<p ><strong >1.amp11lib.dll</strong></p>\n<p ><strong >2.CW3230MT.DLL</strong></p>\n<p ><strong >3.dbghelp.dll</strong></p>\n<p ><strong >4.Engine(with commands).dll     </strong></p>\n<p ><strong >5.Engine(without commands).dll</strong></p>\n<p ><strong >6.Engine.dll</strong></p>\n<p ><strong >7.Engine.dll (with password encryption)</strong></p>\n<p ><strong >8.EngineGUI.dll</strong></p>\n<p ><strong >9.EntitiesMP.dll</strong></p>\n<p ><strong >10.GameGUIMP.dll</strong></p>\n<p ><strong >11.GameMP.dll</strong></p>\n<p ><strong >12.IFC22.dll</strong></p>\n<p ><strong >13.ijl11.dll</strong></p>\n<p ><strong >14.ImmWrapper.dll</strong></p>\n<p ><strong >15.LC.bat</strong></p>\n<p ><strong >16.libmySQL.dll</strong></p>\n<p ><strong >17.mfc42.dll</strong></p>\n<p ><strong >18.Mksp.bat</strong></p>\n<p ><strong >19.msvcp60.dll</strong></p>\n<p ><strong >20.MSVCRT.DLL</strong></p>\n<p ><strong >21.Nksp.bak</strong></p>\n<p ><strong >22.Nskp.exe</strong></p>\n<p ><strong >23.Nksp.id0</strong></p>\n<p ><strong >24.Nksp.id1</strong></p>\n<p ><strong >25.Nksp.nam</strong></p>\n<p ><strong >26.Nksp.til</strong></p>\n<p ><strong >27.ogg.dll</strong></p>\n<p ><strong >28.Shaders.dll</strong></p>\n<p ><strong >29.vorbis.dll</strong></p>\n<p ><strong >30.vorbisfile.dll</strong></p>\n<p > </p>\n<p >Thanks in advance!!</p>\n\n\n\t\t\t\n\t\t\t\t\n\n<span class=\"ipsType_reset ipsType_medium ipsType_light\" data-excludequote=\"None\" >\n\t<strong >Edited <time datetime=\"2013-08-21T07:08:25Z\" title=\"08/21/2013 07:08  AM\" data-short=\"7 yr\" >August 21, 2013</time> by Curious</strong>\n\t\n\t\n</span>\n\t\t\t\n\t\t</div>"
        },
        {
            "id": 85202,
            "timestamp": 1377080996,
            "author": {
                "id": 1503,
                "name": "Paramount",
                "image": null
            },
            "comment": "\n<p >1. Each file in that folder is necessary, although you can delete *bak files and *id1 *id2</p>\n<p >2. I guess the first one (with comands) supports a console, and the second one does not.</p>\n<p >    2.1 With encryption - it needs also encrypted server files. I seen LastChaos Encryption Tool that patches the server files. Well, I guess, its SHA256 or whatever, as EP2 uses.</p>\n<p >3.Use Engine.dll, and delete others.</p>\n"
        },
        {
            "id": 85207,
            "timestamp": 1377087969,
            "author": {
                "id": 17432,
                "name": "Nymphetamine",
                "image": null
            },
            "comment": "<p >And next time use a right Prefix.</p>"
        },
        {
            "id": 85245,
            "timestamp": 1377112697,
            "author": {
                "id": 8659,
                "name": "BayBay",
                "image": null
            },
            "comment": "\n<blockquote data-ipsquote=\"\" class=\"ipsQuote\" data-ipsquote-contentcommentid=\"85202\" data-ipsquote-contentapp=\"forums\" data-ipsquote-contenttype=\"forums\" data-ipsquote-contentclass=\"forums_Topic\" data-ipsquote-contentid=\"11112\" data-ipsquote-username=\"Paramount\" data-cite=\"Paramount\" data-ipsquote-timestamp=\"1377080996\" ><div ><div >\n<p >1. Each file in that folder is necessary, although you can delete *bak files and *id1 *id2</p>\n<p >2. I guess the first one (with comands) supports a console, and the second one does not.</p>\n<p >    2.1 With encryption - it needs also encrypted server files. I seen LastChaos Encryption Tool that patches the server files. Well, I guess, its SHA256 or whatever, as EP2 uses.</p>\n<p >3.Use Engine.dll, and delete others.</p>\n</div></div></blockquote>\n<p >Thanks bro really useful info</p>\n"
        },
        {
            "id": 85247,
            "timestamp": 1377112766,
            "author": {
                "id": 8659,
                "name": "BayBay",
                "image": null
            },
            "comment": "\n<blockquote data-ipsquote=\"\" class=\"ipsQuote\" data-ipsquote-contentcommentid=\"85207\" data-ipsquote-contentapp=\"forums\" data-ipsquote-contenttype=\"forums\" data-ipsquote-contentclass=\"forums_Topic\" data-ipsquote-contentid=\"11112\" data-ipsquote-username=\"Nymphetamine\" data-cite=\"Nymphetamine\" data-ipsquote-timestamp=\"1377087969\" ><div ><div ><p >And next time use a right Prefix.</p></div></div></blockquote>\n<p >Information is what i seek.......</p>\n"
        },
        {
            "id": 85250,
            "timestamp": 1377113585,
            "author": {
                "id": null,
                "name": "Guest Johnny5",
                "image": null
            },
            "comment": "\n<p >Topic Closed by a moderator. The reason why: Answer given<br />And remember General discussion isnt meant for help.</p>\n<p >Warned you</p>\n"
        }
    ]
}