{
    "meta": {
        "threadId": 11122,
        "threadName": "doubt with Catalog Editor 4 by Wizatek",
        "dateCreated": "2013-08-21T17:21:37+0000",
        "datePublished": "2013-08-21T17:21:37+0000",
        "pageCount": 1,
        "originalUrl": "https://lckb.dev/forum/index.php?/topic/11122-doubt-with-catalog-editor-4-by-wizatek/",
        "authorId": 13172,
        "position": [
            {
                "@type": "ListItem",
                "position": 1,
                "item": {
                    "@id": "https://lckb.dev/forum/index.php?/forum/100-guides-help-section/",
                    "name": "Guides &amp; Help Section"
                }
            },
            {
                "@type": "ListItem",
                "position": 2,
                "item": {
                    "@id": "https://lckb.dev/forum/index.php?/forum/335-help-support/",
                    "name": "Help &amp; Support"
                }
            },
            {
                "@type": "ListItem",
                "position": 3,
                "item": {
                    "@id": "https://lckb.dev/forum/index.php?/forum/44-ep1-support/",
                    "name": "Ep1 Support"
                }
            },
            {
                "@type": "ListItem",
                "position": 4,
                "item": {
                    "@id": "https://lckb.dev/forum/index.php?/forum/135-solved-topics/",
                    "name": "Solved Topics"
                }
            }
        ]
    },
    "commentData": [
        {
            "id": 85236,
            "timestamp": 1377105697,
            "author": {
                "id": 13172,
                "name": "soryjero",
                "image": null
            },
            "comment": "\n<p >hello, i have a doubt with catalog editor 4 by wizatek.</p>\n<p > </p>\n<p >there is an option called limit and i know that it is the number of packages that are available, but i dont know where is this option saved. i would like to know if it is saved on catalog.lod, on db or both.</p>\n<p > </p>\n<p > </p>\n<p >thanks in advance.</p>\n<p > </p>\n<p >P.S. here is a screen of option i ask for.</p>\n<p ><a href=\"http://grabilla.com/03815-9e186f20-5bd3-4bb0-a946-a0a9e17b7969.html#\" rel=\"external nofollow\" >http://grabilla.com/03815-9e186f20-5bd3-4bb0-a946-a0a9e17b7969.html#</a></p>\n\n\n\t\t\t\n\t\t\t\t\n\n<span class=\"ipsType_reset ipsType_medium ipsType_light\" data-excludequote=\"None\" >\n\t<strong >Edited <time datetime=\"2013-08-21T22:19:57Z\" title=\"08/21/2013 10:19  PM\" data-short=\"7 yr\" >August 21, 2013</time> by soryjero</strong>\n\t\n\t\n</span>\n\t\t\t\n\t\t</div>"
        },
        {
            "id": 85238,
            "timestamp": 1377106107,
            "author": {
                "id": 2,
                "name": "Wizatek",
                "image": null
            },
            "comment": "\n<p >The limit of a certain package is saved within the flag.</p>\n<p >\nWhy they made it so difficult i also dont understand.</p>\n<p > </p>\n<p >\nThe first few bits of the flag define the normal flag, and the last few bits define the limit</p>\n<p > </p>\n<p >\nU can see it if u make 2 the same packages, put a limit on 1, and on the other put no limit.</p>\n<p >\nwhen u update the database and see in there, u will notice that both flags are different.</p>\n<p > </p>\n<p >\n(when your limited package is sold out ingame u can fill it again with /set_limit <ctid ><amount >)</amount></ctid></p>\n"
        },
        {
            "id": 85242,
            "timestamp": 1377107964,
            "author": {
                "id": 13172,
                "name": "soryjero",
                "image": null
            },
            "comment": "\n<p >ok, so i understand you but i cant get it with an item.</p>\n<p > </p>\n<p ><a href=\"http://grabilla.com/03815-ddb84d9e-846b-4467-9692-d3c6b1dc15a1.html#\" rel=\"external nofollow\" >http://grabilla.com/03815-ddb84d9e-846b-4467-9692-d3c6b1dc15a1.html#</a></p>\n<p > </p>\n<p >i have selected this item and limit is 999 but in db appear flag = 1022976, so i cant find 999 in flag and i cant know which is normal flag.</p>\n"
        },
        {
            "id": 85253,
            "timestamp": 1377115559,
            "author": {
                "id": 17582,
                "name": "CDWriter",
                "image": null
            },
            "comment": "\n<p >@<a contenteditable=\"false\" data-ipshover=\"\" href=\"https://lckb.dev/forum/index.php?/profile/13172-soryjero/\" data-ipshover-target=\"https://lckb.dev/forum/index.php?/profile/13172-soryjero/&do=hovercard\" data-mentionid=\"13172\" rel=\"\" >@soryjero</a> i think what he is saying its in the flag here also .... take your 1022976 - 999 and this is your real flag nunber..1021977   like Wiz said</p>\n<p > </p>\n<blockquote data-ipsquote=\"\" class=\"ipsQuote\" ><div > <span style=\"color:rgb(40,40,40);font-family:arial, helvetica, clean, sans-serif;\" >saved within the flag.</span><p > </p>\n</div></blockquote>\n"
        },
        {
            "id": 85256,
            "timestamp": 1377116546,
            "author": {
                "id": 2,
                "name": "Wizatek",
                "image": null
            },
            "comment": "\n<p >Its a little more difficult then that, flags are binary code, u can try to understand it, or just thrust the editor will do the right job ;)</p>\n<p > </p>\n<p >\nFor a item to be limited u also need to put it in the limited items tab i think</p>\n"
        },
        {
            "id": 85260,
            "timestamp": 1377121087,
            "author": {
                "id": 13172,
                "name": "soryjero",
                "image": null
            },
            "comment": "\n<blockquote data-ipsquote=\"\" class=\"ipsQuote\" data-ipsquote-contentcommentid=\"85256\" data-ipsquote-contentapp=\"forums\" data-ipsquote-contenttype=\"forums\" data-ipsquote-contentclass=\"forums_Topic\" data-ipsquote-contentid=\"11122\" data-ipsquote-username=\"Wizatek\" data-cite=\"Wizatek\" data-ipsquote-timestamp=\"1377116546\" ><div ><div >\n<p >Its a little more difficult then that, flags are binary code, u can try to understand it, or just thrust the editor will do the right job ;)</p>\n<p > </p>\n<p >For a item to be limited u also need to put it in the limited items tab i think</p>\n</div></div></blockquote>\n<p > </p>\n<p >ok, but if it is possible i would like to know how it works (i know binary code) and if not, will trust on editor :P</p>\n"
        },
        {
            "id": 85267,
            "timestamp": 1377121783,
            "author": {
                "id": 2,
                "name": "Wizatek",
                "image": null
            },
            "comment": "\n<pre class=\"ipsCode prettyprint lang-auto linenums:0\" ><br >\n#define\t\tCATALOG_FALG_TO_LIMIT(a, b)\t\t\t\t(b = 0 | (a >> 10))\t// \u00c3\u0192\u00e2\u20ac\u017e\u00c3\u201a\u00c2\u00ab\u00c3\u0192\u00e2\u20ac\u00a6\u00c3\u201a\u00c2\u00bb\u00c3\u201a\u00c2\u00b7\u00c3\u0192\u00c5\u00bd\u00c3\u201a\u00c2\u00b1\u00c3\u0192\u00e2\u20ac\u201d FLAG \u00c3\u0192\u00c6\u2019\u00c3\u0192\u00c2\u00a2\u00c3\u201a\u00c2\u00b7\u00c3\u0192\u00e2\u20ac\u0161<br >\n#define\t\tCATALOG_FALG_FROM_LIMIT(a, b)\t\t\t(a = a | (b \n</br></br></pre>this is how barunson does it"
        },
        {
            "id": 85275,
            "timestamp": 1377123582,
            "author": {
                "id": 13172,
                "name": "soryjero",
                "image": null
            },
            "comment": "\n<blockquote data-ipsquote=\"\" class=\"ipsQuote\" data-ipsquote-contentcommentid=\"85267\" data-ipsquote-contentapp=\"forums\" data-ipsquote-contenttype=\"forums\" data-ipsquote-contentclass=\"forums_Topic\" data-ipsquote-contentid=\"11122\" data-ipsquote-username=\"Wizatek\" data-cite=\"Wizatek\" data-ipsquote-timestamp=\"1377121783\" ><div ><div >\n<pre class=\"ipsCode prettyprint lang-auto\" >#define\t\tCATALOG_FALG_TO_LIMIT(a, b)\t\t\t\t(b = 0 | (a >> 10))\t// \u00c3\u0192\u00e2\u20ac\u017e\u00c3\u201a\u00c2\u00ab\u00c3\u0192\u00e2\u20ac\u00a6\u00c3\u201a\u00c2\u00bb\u00c3\u201a\u00c2\u00b7\u00c3\u0192\u00c5\u00bd\u00c3\u201a\u00c2\u00b1\u00c3\u0192\u00e2\u20ac\u201d FLAG \u00c3\u0192\u00c6\u2019\u00c3\u0192\u00c2\u00a2\u00c3\u201a\u00c2\u00b7\u00c3\u0192\u00e2\u20ac\u0161\n#define\t\tCATALOG_FALG_FROM_LIMIT(a, b)\t\t\t(a = a | (b << 10))\t// \u00c3\u0192\u00e2\u20ac\u017e\u00c3\u201a\u00c2\u00ab\u00c3\u0192\u00e2\u20ac\u00a6\u00c3\u201a\u00c2\u00bb\u00c3\u201a\u00c2\u00b7\u00c3\u0192\u00c5\u00bd\u00c3\u201a\u00c2\u00b1\u00c3\u0192\u00e2\u20ac\u201d FLAG \u00c3\u0192\u00e2\u201a\u00ac\u00c3\u0192\u00e2\u20ac\u00c3\u201a\u00c2\u00b7\u00c3\u0192\u00e2\u20ac\u0161\n</pre>this is how barunson does it<p > </p>\n</div></div></blockquote>\n<p > </p>\n<p >thanks.</p>\n"
        }
    ]
}