{
    "meta": {
        "threadId": 11124,
        "threadName": "Pet Editor Ep2",
        "dateCreated": "2013-08-21T21:49:21+0000",
        "datePublished": "2013-08-21T21:49:21+0000",
        "pageCount": 1,
        "originalUrl": "https://lckb.dev/forum/index.php?/topic/11124-pet-editor-ep2/",
        "authorId": 18312,
        "position": [
            {
                "@type": "ListItem",
                "position": 1,
                "item": {
                    "@id": "https://lckb.dev/forum/index.php?/forum/258-release-zone/",
                    "name": "Release Zone"
                }
            },
            {
                "@type": "ListItem",
                "position": 2,
                "item": {
                    "@id": "https://lckb.dev/forum/index.php?/forum/325-episode-2-releases/",
                    "name": "Episode 2 Releases"
                }
            },
            {
                "@type": "ListItem",
                "position": 3,
                "item": {
                    "@id": "https://lckb.dev/forum/index.php?/forum/123-tools/",
                    "name": "Tools"
                }
            }
        ]
    },
    "commentData": [
        {
            "id": 85266,
            "timestamp": 1377121761,
            "author": {
                "id": 18312,
                "name": "Assasin",
                "image": null
            },
            "comment": "\n<p ><strong >Function: </strong>Edit bigpet.lod</p>\n<p > </p>\n<p ><strong >Works on: </strong>Episode 2</p>\n<p > </p>\n<p ><strong >Download: </strong><a href=\"http://lckb.downloadsbgg.com/tools/multi/Pet%20Editor%20Ep2%20assasin.rar\" rel=\"external nofollow\" >Download</a></p>\n<p style=\"text-align:center;\" > </p>\n<p ><strong >Images:</strong></p>\n<p > </p>\n<p style=\"text-align:center;\" ><img alt=\"Screensho_nwpesqq.jpg\" src=\"http://s6.ifotos.pl/img/Screensho_nwpesqq.jpg\" /></p>\n"
        },
        {
            "id": 85284,
            "timestamp": 1377134283,
            "author": {
                "id": 17582,
                "name": "CDWriter",
                "image": null
            },
            "comment": "<p >thanks could u make the PromotionTool...</p>\n\n\t\t\t\n\t\t\t\t\n\n<span class=\"ipsType_reset ipsType_medium ipsType_light\" data-excludequote=\"None\" >\n\t<strong >Edited <time datetime=\"2013-08-22T01:21:40Z\" title=\"08/22/2013 01:21  AM\" data-short=\"7 yr\" >August 22, 2013</time> by CDWriter</strong>\n\t\n\t\n</span>\n\t\t\t\n\t\t</div>"
        },
        {
            "id": 85285,
            "timestamp": 1377135369,
            "author": {
                "id": 16931,
                "name": "Walletman987",
                "image": null
            },
            "comment": "\n<p >Thank you sir,  I was about to buy one.  </p>\n<p > </p>\n<p >Edit:</p>\n<p ><a href=\"http://grabilla.com/03816-535e8a84-7c61-48ce-8da9-67b45b05e610.html#\" rel=\"external nofollow\" >http://grabilla.com/03816-535e8a84-7c61-48ce-8da9-67b45b05e610.html#</a></p>\n<p > </p>\n<p >How can I fix that?</p>\n"
        },
        {
            "id": 85286,
            "timestamp": 1377136616,
            "author": {
                "id": 17582,
                "name": "CDWriter",
                "image": null
            },
            "comment": "<p >\tsearch for the file on google, your missing that lib ...</p>\n\n\t\t\t\n\t\t\t\t\n\n<span class=\"ipsType_reset ipsType_medium ipsType_light\" data-excludequote=\"None\" >\n\t<strong >Edited <time datetime=\"2013-08-22T01:57:30Z\" title=\"08/22/2013 01:57  AM\" data-short=\"7 yr\" >August 22, 2013</time> by CDWriter</strong>\n\t\n\t\n</span>\n\t\t\t\n\t\t</div>"
        },
        {
            "id": 85288,
            "timestamp": 1377139004,
            "author": {
                "id": 5853,
                "name": "ucaff",
                "image": null
            },
            "comment": "\n<p >here you have the missing dlls</p>\n<p > </p>\n<p ><a href=\"https://www.mediafire.com/download/u844d3t293p222m/nn.zip\" rel=\"external nofollow\" >http://www.mediafire.com/download/u844d3t293p222m/nn.zip</a></p>\n"
        },
        {
            "id": 85289,
            "timestamp": 1377139156,
            "author": {
                "id": 5853,
                "name": "ucaff",
                "image": null
            },
            "comment": "<p >CDWhiter, there you send an email in you forum....</p>"
        },
        {
            "id": 85290,
            "timestamp": 1377139169,
            "author": {
                "id": 2640,
                "name": "Kenpachi",
                "image": null
            },
            "comment": "<p >Nice thanks for the release :)</p>"
        },
        {
            "id": 85296,
            "timestamp": 1377155134,
            "author": {
                "id": 18312,
                "name": "Assasin",
                "image": null
            },
            "comment": "\n<blockquote data-ipsquote=\"\" class=\"ipsQuote\" data-ipsquote-contentcommentid=\"85284\" data-ipsquote-contentapp=\"forums\" data-ipsquote-contenttype=\"forums\" data-ipsquote-contentclass=\"forums_Topic\" data-ipsquote-contentid=\"11124\" data-ipsquote-username=\"CDWriter\" data-cite=\"CDWriter\" data-ipsquote-timestamp=\"1377134283\" ><div ><div ><p >thanks could u make the PromotionTool...</p></div></div></blockquote>\n<p > </p>\n<p >Yes i have to day add</p>\n"
        },
        {
            "id": 85299,
            "timestamp": 1377165087,
            "author": {
                "id": 16954,
                "name": "spadge88",
                "image": null
            },
            "comment": "<p >very nice release you got a thanks from me :D!</p>"
        },
        {
            "id": 86636,
            "timestamp": 1378726964,
            "author": {
                "id": 15327,
                "name": "Lolek1PL",
                "image": null
            },
            "comment": "<p >Thanks, thats really cool :)</p>"
        },
        {
            "id": 87189,
            "timestamp": 1379445914,
            "author": {
                "id": null,
                "name": "Guest C\u00c3\u00a0\u00c2\u00b8\u00e2\u20ac\u017e\u00c3\u00a0\u00c2\u00b8\u00c2\u00a3",
                "image": null
            },
            "comment": "<p >No action on click :(</p>"
        },
        {
            "id": 87190,
            "timestamp": 1379447209,
            "author": {
                "id": 13172,
                "name": "soryjero",
                "image": null
            },
            "comment": "\n<blockquote data-ipsquote=\"\" class=\"ipsQuote\" data-ipsquote-contentcommentid=\"87189\" data-ipsquote-contentapp=\"forums\" data-ipsquote-contenttype=\"forums\" data-ipsquote-contentclass=\"forums_Topic\" data-ipsquote-contentid=\"11124\" data-ipsquote-username=\"C\u00c3 \u00c2\u00b8\u00e2\u20ac\u017e\u00c3 \u00c2\u00b8\u00c2\u00a3\" data-cite=\"C\u00c3 \u00c2\u00b8\u00e2\u20ac\u017e\u00c3 \u00c2\u00b8\u00c2\u00a3\" data-ipsquote-timestamp=\"1379445914\" ><div ><div ><p >No action on click :(</p></div></div></blockquote>\n<p > </p>\n<p >you have to copy it on navigation bar on your brow</p>\n"
        },
        {
            "id": 87195,
            "timestamp": 1379451379,
            "author": {
                "id": null,
                "name": "Guest C\u00c3\u00a0\u00c2\u00b8\u00e2\u20ac\u017e\u00c3\u00a0\u00c2\u00b8\u00c2\u00a3",
                "image": null
            },
            "comment": "<p ><span ><span >How so</span><span >?</span> <span >I</span> <span >explain</span> <span >step by step</span> <span >please.</span></span></p>"
        },
        {
            "id": 87207,
            "timestamp": 1379480946,
            "author": {
                "id": 18312,
                "name": "Assasin",
                "image": null
            },
            "comment": "<p >this only work in sql</p>"
        },
        {
            "id": 87303,
            "timestamp": 1379598961,
            "author": {
                "id": 15306,
                "name": "Noizy",
                "image": null
            },
            "comment": "\n<blockquote data-ipsquote=\"\" class=\"ipsQuote\" data-ipsquote-contentcommentid=\"87207\" data-ipsquote-contentapp=\"forums\" data-ipsquote-contenttype=\"forums\" data-ipsquote-contentclass=\"forums_Topic\" data-ipsquote-contentid=\"11124\" data-ipsquote-username=\"Assasin\" data-cite=\"Assasin\" data-ipsquote-timestamp=\"1379480946\" ><div ><div ><p >this only work in sql</p></div></div></blockquote>\n<p >nope, this can also dump .lod file and work in sql as normal</p>\n"
        },
        {
            "id": 87306,
            "timestamp": 1379604541,
            "author": {
                "id": 18312,
                "name": "Assasin",
                "image": null
            },
            "comment": "<p >:-)</p>\n\n\t\t\t\n\t\t\t\t\n\n<span class=\"ipsType_reset ipsType_medium ipsType_light\" data-excludequote=\"None\" >\n\t<strong >Edited <time datetime=\"2013-09-19T16:15:41Z\" title=\"09/19/2013 04:15  PM\" data-short=\"7 yr\" >September 19, 2013</time> by Assasin</strong>\n\t\n\t\n</span>\n\t\t\t\n\t\t</div>"
        },
        {
            "id": 87425,
            "timestamp": 1379733711,
            "author": {
                "id": 676,
                "name": "xOutLawZ",
                "image": null
            },
            "comment": "\n<p ><img alt=\"03915-d8b177ed-b9fd-412d-9fdb-2c9177a60f\" src=\"http://grabilla.com/03915-d8b177ed-b9fd-412d-9fdb-2c9177a60f25.png\" /></p>\n<p > </p>\n<p > </p>\n<p > </p>\n<p ><span style=\"font-size:36px;\" ><span style=\"font-family:'times new roman', times, serif;\" ><span style=\"color:rgb(255,140,0);\" >connected but it doesnt list the pets. any idea why ?</span></span></span></p>\n"
        },
        {
            "id": 87426,
            "timestamp": 1379736223,
            "author": {
                "id": 17582,
                "name": "CDWriter",
                "image": null
            },
            "comment": "<p >Hit the Find button </p>"
        },
        {
            "id": 87445,
            "timestamp": 1379760592,
            "author": {
                "id": 676,
                "name": "xOutLawZ",
                "image": null
            },
            "comment": "<p ><span style=\"font-family:'times new roman', times, serif;\" ><span style=\"font-size:24px;\" ><span style=\"color:rgb(255,140,0);\" >Done but nothing happens :/</span></span></span></p>"
        },
        {
            "id": 88785,
            "timestamp": 1382302590,
            "author": {
                "id": 15327,
                "name": "Lolek1PL",
                "image": null
            },
            "comment": "<p >Very good tool, +1.</p>"
        }
    ]
}