{
    "meta": {
        "threadId": 11125,
        "threadName": "[SOLVED]Bound item on armor no matter what.",
        "dateCreated": "2013-08-21T21:53:56+0000",
        "datePublished": "2013-08-21T21:53:56+0000",
        "pageCount": 1,
        "originalUrl": "https://lckb.dev/forum/index.php?/topic/11125-solvedbound-item-on-armor-no-matter-what/",
        "authorId": 16931,
        "position": [
            {
                "@type": "ListItem",
                "position": 1,
                "item": {
                    "@id": "https://lckb.dev/forum/index.php?/forum/100-guides-help-section/",
                    "name": "Guides &amp; Help Section"
                }
            },
            {
                "@type": "ListItem",
                "position": 2,
                "item": {
                    "@id": "https://lckb.dev/forum/index.php?/forum/335-help-support/",
                    "name": "Help &amp; Support"
                }
            },
            {
                "@type": "ListItem",
                "position": 3,
                "item": {
                    "@id": "https://lckb.dev/forum/index.php?/forum/120-ep2-support/",
                    "name": "Ep2 Support"
                }
            },
            {
                "@type": "ListItem",
                "position": 4,
                "item": {
                    "@id": "https://lckb.dev/forum/index.php?/forum/134-solved-topics/",
                    "name": "Solved Topics"
                }
            }
        ]
    },
    "commentData": [
        {
            "id": 85272,
            "timestamp": 1377122036,
            "author": {
                "id": 16931,
                "name": "Walletman987",
                "image": null
            },
            "comment": "\n<p >I took flags from a diferent set of armor, its the same thing.</p>\n<p ><img alt=\"03815-61742e4f-4b66-4870-817e-12038c99aa\" src=\"http://grabilla.com/03815-61742e4f-4b66-4870-817e-12038c99aab4.png\" /></p>\n<p >Anyone know what I did wrong?  And if you think those seals are too high, its only on one armor piece so we can fit in more seals. :P</p>\n"
        },
        {
            "id": 85278,
            "timestamp": 1377125451,
            "author": {
                "id": 2,
                "name": "Wizatek",
                "image": null
            },
            "comment": "\n<p >Its with the purple seals.</p>\n<p >\none of the a_rareoption_index is for the bound item, i think it might be rareoption_index0</p>\n<p >\nJust put it to 0 and the bound item should be gone</p>\n"
        },
        {
            "id": 85279,
            "timestamp": 1377126032,
            "author": {
                "id": 16931,
                "name": "Walletman987",
                "image": null
            },
            "comment": "\n<blockquote data-ipsquote=\"\" class=\"ipsQuote\" data-ipsquote-contentcommentid=\"85278\" data-ipsquote-contentapp=\"forums\" data-ipsquote-contenttype=\"forums\" data-ipsquote-contentclass=\"forums_Topic\" data-ipsquote-contentid=\"11125\" data-ipsquote-username=\"Wizatek\" data-cite=\"Wizatek\" data-ipsquote-timestamp=\"1377125451\" ><div ><div >\n<p >Its with the purple seals.</p>\n<p >one of the a_rareoption_index is for the bound item, i think it might be rareoption_index0</p>\n<p >Just put it to 0 and the bound item should be gone</p>\n</div></div></blockquote>\n<p >Thanks for the help wiza.</p>\n"
        }
    ]
}