{
    "meta": {
        "threadId": 11132,
        "threadName": "Event Tool Ep2",
        "dateCreated": "2013-08-22T09:32:41+0000",
        "datePublished": "2013-08-22T09:32:41+0000",
        "pageCount": 1,
        "originalUrl": "https://lckb.dev/forum/index.php?/topic/11132-event-tool-ep2/",
        "authorId": 18312,
        "position": [
            {
                "@type": "ListItem",
                "position": 1,
                "item": {
                    "@id": "https://lckb.dev/forum/index.php?/forum/258-release-zone/",
                    "name": "Release Zone"
                }
            },
            {
                "@type": "ListItem",
                "position": 2,
                "item": {
                    "@id": "https://lckb.dev/forum/index.php?/forum/325-episode-2-releases/",
                    "name": "Episode 2 Releases"
                }
            },
            {
                "@type": "ListItem",
                "position": 3,
                "item": {
                    "@id": "https://lckb.dev/forum/index.php?/forum/123-tools/",
                    "name": "Tools"
                }
            }
        ]
    },
    "commentData": [
        {
            "id": 85297,
            "timestamp": 1377163961,
            "author": {
                "id": 18312,
                "name": "Assasin",
                "image": null
            },
            "comment": "\n<p ><strong >Function: </strong>Edit events</p>\n<p > </p>\n<p ><strong >Works on: </strong>Episode 2 and Episode 3</p>\n<p > </p>\n<p ><strong >Author: </strong>Asasin</p>\n<p > </p>\n<p ><strong >Download: </strong><a href=\"http://lckb.downloadsbgg.com/tools/multi/Event%20Tool%20Ep2.rar\" rel=\"external nofollow\" >Download</a></p>\n<p style=\"text-align:center;\" > </p>\n<p ><strong >Images:</strong></p>\n<p > </p>\n<p style=\"text-align:center;\" ><img alt=\"Screensho_nwpwwxw.jpg\" src=\"http://s6.ifotos.pl/img/Screensho_nwpwwxw.jpg\" /></p>\n"
        },
        {
            "id": 85298,
            "timestamp": 1377164819,
            "author": {
                "id": 17432,
                "name": "Nymphetamine",
                "image": null
            },
            "comment": "\n<p >Release approved by Nymphetamine.</p>\n<p >Status: <span style=\"color:#00ff00;\" ><u ><strong >Clean</strong></u></span></p>\n"
        }
    ]
}