{
    "meta": {
        "threadId": 11135,
        "threadName": "Quest Editor Ep2",
        "dateCreated": "2013-08-22T11:36:14+0000",
        "datePublished": "2013-08-22T11:36:14+0000",
        "pageCount": 1,
        "originalUrl": "https://lckb.dev/forum/index.php?/topic/11135-quest-editor-ep2/",
        "authorId": 18312,
        "position": [
            {
                "@type": "ListItem",
                "position": 1,
                "item": {
                    "@id": "https://lckb.dev/forum/index.php?/forum/258-release-zone/",
                    "name": "Release Zone"
                }
            },
            {
                "@type": "ListItem",
                "position": 2,
                "item": {
                    "@id": "https://lckb.dev/forum/index.php?/forum/325-episode-2-releases/",
                    "name": "Episode 2 Releases"
                }
            },
            {
                "@type": "ListItem",
                "position": 3,
                "item": {
                    "@id": "https://lckb.dev/forum/index.php?/forum/123-tools/",
                    "name": "Tools"
                }
            }
        ]
    },
    "commentData": [
        {
            "id": 85310,
            "timestamp": 1377171374,
            "author": {
                "id": 18312,
                "name": "Assasin",
                "image": null
            },
            "comment": "\n<p ><img alt=\"Screensho_nwpspqn.jpg\" src=\"http://s6.ifotos.pl/img/Screensho_nwpspqn.jpg\" /></p>\n<p > </p>\n<p style=\"text-align:center;\" >Download :</p>\n<pre class=\"ipsCode prettyprint\" >Quest Editor Ep2.rar\nhttp://www53.zippyshare.com/v/19675579/file.html\n\n</pre>\n<p style=\"text-align:center;\" >Scan :</p>\n<p style=\"text-align:center;\" ><span style=\"color:#00ff00;\" >0/45</span></p>\n<pre class=\"ipsCode prettyprint\" >https://www.virustotal.com/en/file/18816b443ce4bd25ec0f68f84f34d3165f338661545f929658b656f6259d158f/analysis/1377171316/\n</pre>\n"
        },
        {
            "id": 85317,
            "timestamp": 1377176788,
            "author": {
                "id": 1503,
                "name": "Paramount",
                "image": null
            },
            "comment": "\n<p >Approved by Paramount.</p>\n<p >Status: <span style=\"color:#008000;\" ><strong >Clean</strong></span>.</p>\n"
        }
    ]
}