{
    "meta": {
        "threadId": 11140,
        "threadName": "P1 removes when relogged",
        "dateCreated": "2013-08-22T21:05:58+0000",
        "datePublished": "2013-08-22T21:05:58+0000",
        "pageCount": 1,
        "originalUrl": "https://lckb.dev/forum/index.php?/topic/11140-p1-removes-when-relogged/",
        "authorId": 1503,
        "position": [
            {
                "@type": "ListItem",
                "position": 1,
                "item": {
                    "@id": "https://lckb.dev/forum/index.php?/forum/100-guides-help-section/",
                    "name": "Guides &amp; Help Section"
                }
            },
            {
                "@type": "ListItem",
                "position": 2,
                "item": {
                    "@id": "https://lckb.dev/forum/index.php?/forum/335-help-support/",
                    "name": "Help &amp; Support"
                }
            },
            {
                "@type": "ListItem",
                "position": 3,
                "item": {
                    "@id": "https://lckb.dev/forum/index.php?/forum/120-ep2-support/",
                    "name": "Ep2 Support"
                }
            },
            {
                "@type": "ListItem",
                "position": 4,
                "item": {
                    "@id": "https://lckb.dev/forum/index.php?/forum/134-solved-topics/",
                    "name": "Solved Topics"
                }
            }
        ]
    },
    "commentData": [
        {
            "id": 85364,
            "timestamp": 1377205558,
            "author": {
                "id": 1503,
                "name": "Paramount",
                "image": null
            },
            "comment": "\n<p >Hello guys! I got one problem with my EP2 server.</p>\n<p >When I am relogging, my P1 pets (horse n dragon) removes -.-</p>\n<p > </p>\n<p >I have already tried to check the database, but found nothing.</p>\n<p > </p>\n<p >Thanks to everyone who will help me.</p>\n<p >Regards,</p>\n<p >Paramount.</p>\n"
        },
        {
            "id": 85366,
            "timestamp": 1377206544,
            "author": {
                "id": 16983,
                "name": "Jaiz",
                "image": null
            },
            "comment": "\n<p style=\"color:rgb(40,40,40);font-family:arial, helvetica, clean, sans-serif;\" >open your newproject_db</p>\n<br /><p style=\"color:rgb(40,40,40);font-family:arial, helvetica, clean, sans-serif;\" >and open the console and copy and paste: </p>\n<br /><pre class=\"ipsCode prettyprint\" ><br />\nALTER TABLE t_pet ADD  `a_pet_size` int(11) NOT NULL DEFAULT 10:</pre>\n"
        },
        {
            "id": 85369,
            "timestamp": 1377207222,
            "author": {
                "id": 1503,
                "name": "Paramount",
                "image": null
            },
            "comment": "<p >Thankyou very much, problem fixed.</p>"
        }
    ]
}