{
    "meta": {
        "threadId": 11147,
        "threadName": "Start Server Files",
        "dateCreated": "2013-08-23T18:05:30+0000",
        "datePublished": "2013-08-23T18:05:30+0000",
        "pageCount": 1,
        "originalUrl": "https://lckb.dev/forum/index.php?/topic/11147-start-server-files/",
        "authorId": 13764,
        "position": [
            {
                "@type": "ListItem",
                "position": 1,
                "item": {
                    "@id": "https://lckb.dev/forum/index.php?/forum/100-guides-help-section/",
                    "name": "Guides &amp; Help Section"
                }
            },
            {
                "@type": "ListItem",
                "position": 2,
                "item": {
                    "@id": "https://lckb.dev/forum/index.php?/forum/335-help-support/",
                    "name": "Help &amp; Support"
                }
            },
            {
                "@type": "ListItem",
                "position": 3,
                "item": {
                    "@id": "https://lckb.dev/forum/index.php?/forum/120-ep2-support/",
                    "name": "Ep2 Support"
                }
            },
            {
                "@type": "ListItem",
                "position": 4,
                "item": {
                    "@id": "https://lckb.dev/forum/index.php?/forum/134-solved-topics/",
                    "name": "Solved Topics"
                }
            }
        ]
    },
    "commentData": [
        {
            "id": 85408,
            "timestamp": 1377281130,
            "author": {
                "id": 13764,
                "name": "MrBuSta",
                "image": null
            },
            "comment": "\n<p >Hi all!</p>\n<p >I have one linux VPS and i want start server files, connector,gameserver,etc...</p>\n<p >But idk how i can start with Putty program, help me pls</p>\n<p >skype: vwadam98</p>\n"
        },
        {
            "id": 85410,
            "timestamp": 1377282327,
            "author": {
                "id": 1503,
                "name": "Paramount",
                "image": null
            },
            "comment": "\n<p >Why guys dont you wanna just use the search function, or at least our friend google.com?</p>\n<p ><a href=\"http://toxic-l33t.ddns.net/forum/index.php?/forum/107-guides/\" rel=\"external nofollow\" >http://toxic-l33t.ddns.net/forum/index.php?/forum/107-guides/</a> -> There you will find how to set up the server</p>\n<p ><a href=\"https://google.com/\" rel=\"external nofollow\" >http://google.com/</a> -> There you will find how to use putty.</p>\n<p > </p>\n<p >In my opinion this is the only right answer.</p>\n<p > </p>\n<p >If you bought a VPS, you should get IP\\Login\\Pass. Did you get it?</p>\n"
        },
        {
            "id": 85412,
            "timestamp": 1377283051,
            "author": {
                "id": 13764,
                "name": "MrBuSta",
                "image": null
            },
            "comment": "<p >Fixed,close pls ,thnx</p>"
        },
        {
            "id": 85420,
            "timestamp": 1377285410,
            "author": {
                "id": 17432,
                "name": "Nymphetamine",
                "image": null
            },
            "comment": "<p >Closed and moved.</p>"
        }
    ]
}