{
    "meta": {
        "threadId": 11142,
        "threadName": "SOMEONE HELPP MEEE MY CHARR! =(",
        "dateCreated": "2013-08-22T22:22:25+0000",
        "datePublished": "2013-08-22T22:22:25+0000",
        "pageCount": 1,
        "originalUrl": "https://lckb.dev/forum/index.php?/topic/11142-someone-helpp-meee-my-charr/",
        "authorId": 615,
        "position": [
            {
                "@type": "ListItem",
                "position": 1,
                "item": {
                    "@id": "https://lckb.dev/forum/index.php?/forum/100-guides-help-section/",
                    "name": "Guides &amp; Help Section"
                }
            },
            {
                "@type": "ListItem",
                "position": 2,
                "item": {
                    "@id": "https://lckb.dev/forum/index.php?/forum/335-help-support/",
                    "name": "Help &amp; Support"
                }
            },
            {
                "@type": "ListItem",
                "position": 3,
                "item": {
                    "@id": "https://lckb.dev/forum/index.php?/forum/120-ep2-support/",
                    "name": "Ep2 Support"
                }
            },
            {
                "@type": "ListItem",
                "position": 4,
                "item": {
                    "@id": "https://lckb.dev/forum/index.php?/forum/134-solved-topics/",
                    "name": "Solved Topics"
                }
            }
        ]
    },
    "commentData": [
        {
            "id": 85371,
            "timestamp": 1377210145,
            "author": {
                "id": 615,
                "name": "CookieZ",
                "image": null
            },
            "comment": "\n<p >all my items disappeared from the game, as I can fix, someone give me a solution, please =( =( :mebiro_01:</p>\n<p > </p>\n<p > </p>\n<p > </p>\n<p > </p>\n<p ><a href=\"https://imageshack.us/photo/my-images/199/h7oq.png/\" rel=\"external nofollow\" >http://imageshack.us/photo/my-images/199/h7oq.png/</a></p>\n<p > </p>\n<p > </p>\n<p > </p>\n<p > </p>\n<p >Thanks To ALL</p>\n"
        },
        {
            "id": 85373,
            "timestamp": 1377212405,
            "author": {
                "id": 2167,
                "name": "dethunter12",
                "image": null
            },
            "comment": "<p >simply repair the tables</p>"
        },
        {
            "id": 85374,
            "timestamp": 1377212752,
            "author": {
                "id": 615,
                "name": "CookieZ",
                "image": null
            },
            "comment": "<p >and fixing?</p>"
        },
        {
            "id": 85375,
            "timestamp": 1377212834,
            "author": {
                "id": 615,
                "name": "CookieZ",
                "image": null
            },
            "comment": "<p >I do not know repair.</p>\n\n\t\t\t\n\t\t\t\t\n\n<span class=\"ipsType_reset ipsType_medium ipsType_light\" data-excludequote=\"None\" >\n\t<strong >Edited <time datetime=\"2013-08-22T23:08:06Z\" title=\"08/22/2013 11:08  PM\" data-short=\"7 yr\" >August 22, 2013</time> by CookieZ</strong>\n\t\n\t\n</span>\n\t\t\t\n\t\t</div>"
        },
        {
            "id": 85376,
            "timestamp": 1377212957,
            "author": {
                "id": 2167,
                "name": "dethunter12",
                "image": null
            },
            "comment": "<p >go to your database newproject_data and hit control+a then go to repair extended repair do that for _db too</p>\n\n\t\t\t\n\t\t\t\t\n\n<span class=\"ipsType_reset ipsType_medium ipsType_light\" data-excludequote=\"None\" >\n\t<strong >Edited <time datetime=\"2013-08-22T23:14:03Z\" title=\"08/22/2013 11:14  PM\" data-short=\"7 yr\" >August 22, 2013</time> by dethunter12</strong>\n\t\n\t\n</span>\n\t\t\t\n\t\t</div>"
        },
        {
            "id": 85377,
            "timestamp": 1377213430,
            "author": {
                "id": 615,
                "name": "CookieZ",
                "image": null
            },
            "comment": "<p >I do not understand, could send me a file or explain me in detail?</p>"
        },
        {
            "id": 85378,
            "timestamp": 1377214221,
            "author": {
                "id": 615,
                "name": "CookieZ",
                "image": null
            },
            "comment": "<p >Thankssssss!!! mannnn niceeeee!!!!! fixx!!</p>"
        },
        {
            "id": 85379,
            "timestamp": 1377214461,
            "author": {
                "id": 2167,
                "name": "dethunter12",
                "image": null
            },
            "comment": "<p >please max sure to change it to solved your topic that is</p>"
        },
        {
            "id": 85394,
            "timestamp": 1377252640,
            "author": {
                "id": 17432,
                "name": "Nymphetamine",
                "image": null
            },
            "comment": "<p >Closed</p>"
        }
    ]
}