{
    "meta": {
        "threadId": 11141,
        "threadName": "P1 Relog fix",
        "dateCreated": "2013-08-22T21:25:24+0000",
        "datePublished": "2013-08-22T21:25:24+0000",
        "pageCount": 1,
        "originalUrl": "https://lckb.dev/forum/index.php?/topic/11141-p1-relog-fix/",
        "authorId": 16983,
        "position": [
            {
                "@type": "ListItem",
                "position": 1,
                "item": {
                    "@id": "https://lckb.dev/forum/index.php?/forum/100-guides-help-section/",
                    "name": "Guides &amp; Help Section"
                }
            },
            {
                "@type": "ListItem",
                "position": 2,
                "item": {
                    "@id": "https://lckb.dev/forum/index.php?/forum/332-tutorials-guides/",
                    "name": "Tutorials &amp; Guides"
                }
            },
            {
                "@type": "ListItem",
                "position": 3,
                "item": {
                    "@id": "https://lckb.dev/forum/index.php?/forum/107-ep2-guides/",
                    "name": "Ep2 Guides"
                }
            }
        ]
    },
    "commentData": [
        {
            "id": 85367,
            "timestamp": 1377206724,
            "author": {
                "id": 16983,
                "name": "Jaiz",
                "image": null
            },
            "comment": "\n<p style=\"color:rgb(40,40,40);font-family:arial, helvetica, clean, sans-serif;\" >I show you how to fix p1 on relog where its dont delte the p1 if you relog.</p>\n<p style=\"color:rgb(40,40,40);font-family:arial, helvetica, clean, sans-serif;\" >Open your Database \"Newproject_db\"</p>\n<p style=\"color:rgb(40,40,40);font-family:arial, helvetica, clean, sans-serif;\" >Now paste to the console:</p>\n<pre class=\"ipsCode prettyprint\" >ALTER TABLE t_pet ADD  `a_pet_size` int(11) NOT NULL DEFAULT 10;\n</pre>\n<p >And now its should be fixed! Hit the like button if i helped you <img title=\":)\" alt=\"\" src=\"\" /></p>\n<p > </p>\n<p >Credits: CDWriter</p>\n<p > </p>\n<p >Greetings Jaiz</p>\n"
        },
        {
            "id": 85368,
            "timestamp": 1377206797,
            "author": {
                "id": 1503,
                "name": "Paramount",
                "image": null
            },
            "comment": "<p >Approved by Paramount</p>"
        },
        {
            "id": 85499,
            "timestamp": 1377400760,
            "author": {
                "id": 17582,
                "name": "CDWriter",
                "image": null
            },
            "comment": "\n<p >This has been show 100 times by me ...this is my fix ....its in the fixed section ....</p>\n<p > </p>\n<p >But hey what do i know ....</p>\n<p > </p>\n<p > </p>\n<p ><a href=\"http://toxic-l33t.ddns.net/forum/index.php?/topic/10501-horse-and-drake-1-hour-bug/\" rel=\"external nofollow\" >http://toxic-l33t.ddns.net/forum/index.php?/topic/10501-horse-and-drake-1-hour-bug/</a></p>\n\n\n\t\t\t\n\t\t\t\t\n\n<span class=\"ipsType_reset ipsType_medium ipsType_light\" data-excludequote=\"None\" >\n\t<strong >Edited <time datetime=\"2013-08-25T03:21:33Z\" title=\"08/25/2013 03:21  AM\" data-short=\"7 yr\" >August 25, 2013</time> by CDWriter</strong>\n\t\n\t\n</span>\n\t\t\t\n\t\t</div>"
        },
        {
            "id": 85500,
            "timestamp": 1377405568,
            "author": {
                "id": 16931,
                "name": "Walletman987",
                "image": null
            },
            "comment": "\n<blockquote data-ipsquote=\"\" class=\"ipsQuote\" data-ipsquote-contentcommentid=\"85499\" data-ipsquote-contentapp=\"forums\" data-ipsquote-contenttype=\"forums\" data-ipsquote-contentclass=\"forums_Topic\" data-ipsquote-contentid=\"11141\" data-ipsquote-username=\"CDWriter\" data-cite=\"CDWriter\" data-ipsquote-timestamp=\"1377400760\" ><div ><div >\n<p >This has been show 100 times by me ...this is my fix ....its in the fixed section ....</p>\n<p > </p>\n<p >But hey what do i know ....</p>\n<p > </p>\n<p > </p>\n<p ><a href=\"http://toxic-l33t.ddns.net/forum/index.php?/topic/10501-horse-and-drake-1-hour-bug/\" rel=\"external nofollow\" >http://toxic-l33t.ddns.net/forum/index.php?/topic/10501-horse-and-drake-1-hour-bug/</a></p>\n</div></div></blockquote>\n<p >More then 100 times LOL, people just think the search bar is some kind of bomb or something, they never use it lol.</p>\n"
        },
        {
            "id": 85505,
            "timestamp": 1377421349,
            "author": {
                "id": 1503,
                "name": "Paramount",
                "image": null
            },
            "comment": "<p >Credits added.</p>"
        },
        {
            "id": 85511,
            "timestamp": 1377434290,
            "author": {
                "id": 15543,
                "name": "luoo",
                "image": null
            },
            "comment": "\n<blockquote data-ipsquote=\"\" class=\"ipsQuote\" data-ipsquote-contentcommentid=\"85499\" data-ipsquote-contentapp=\"forums\" data-ipsquote-contenttype=\"forums\" data-ipsquote-contentclass=\"forums_Topic\" data-ipsquote-contentid=\"11141\" data-ipsquote-username=\"CDWriter\" data-cite=\"CDWriter\" data-ipsquote-timestamp=\"1377400760\" ><div ><div >\n<p >This has been show 100 times by me ...this is my fix ....its in the fixed section ....</p>\n<p > </p>\n<p >But hey what do i know ....</p>\n<p > </p>\n<p > </p>\n<p ><a href=\"http://toxic-l33t.ddns.net/forum/index.php?/topic/10501-horse-and-drake-1-hour-bug/\" rel=\"external nofollow\" >http://toxic-l33t.ddns.net/forum/index.php?/topic/10501-horse-and-drake-1-hour-bug/</a></p>\n</div></div></blockquote>\n<p >kidding me?</p>\n<p >It isnt your fix. Its simple copy from a other database so dont cry......</p>\n"
        },
        {
            "id": 85514,
            "timestamp": 1377441549,
            "author": {
                "id": 17432,
                "name": "Nymphetamine",
                "image": null
            },
            "comment": "<p >Stop spam here ,or I have to take measures</p>"
        },
        {
            "id": 85528,
            "timestamp": 1377451792,
            "author": {
                "id": 17582,
                "name": "CDWriter",
                "image": null
            },
            "comment": "\n<p >I don t want credit , I want users to use the Search function ... Jaiz posted it here its his .... but thats not the point, i tried to make .:)</p>\n<p > </p>\n<p >@<a contenteditable=\"false\" data-ipshover=\"\" href=\"https://lckb.dev/forum/index.php?/profile/15543-luoo/\" data-ipshover-target=\"https://lckb.dev/forum/index.php?/profile/15543-luoo/&do=hovercard\" data-mentionid=\"15543\" rel=\"\" >@luoo</a> i agree but not how i found it ...</p>\n"
        },
        {
            "id": 85548,
            "timestamp": 1377469783,
            "author": {
                "id": 16983,
                "name": "Jaiz",
                "image": null
            },
            "comment": "\n<blockquote data-ipsquote=\"\" class=\"ipsQuote\" data-ipsquote-contentcommentid=\"85528\" data-ipsquote-contentapp=\"forums\" data-ipsquote-contenttype=\"forums\" data-ipsquote-contentclass=\"forums_Topic\" data-ipsquote-contentid=\"11141\" data-ipsquote-username=\"CDWriter\" data-cite=\"CDWriter\" data-ipsquote-timestamp=\"1377451792\" ><div >\n<p >I don t want credit , I want users to use the Search function ... Jaiz posted it here its his .... but thats not the point, i tried to make .:)</p>\n<p > </p>\n<p >@<a contenteditable=\"false\" data-ipshover=\"\" href=\"https://lckb.dev/forum/index.php?/profile/15543-luoo/\" data-ipshover-target=\"https://lckb.dev/forum/index.php?/profile/15543-luoo/&do=hovercard\" data-mentionid=\"15543\" rel=\"\" >@luoo</a> i agree but not how i found it ...</p>\n</div></blockquote>\n<p >I dont say it thats me. I made the therad because some of us dont want use the search button. And sorry i couldnt added your credits im not at home at tge moment(with mobile online). And you do on the code a mistake with \":\" i changed it to \";\". Regards</p>\n"
        }
    ]
}