{
    "meta": {
        "threadId": 11189,
        "threadName": "Your Xbox360 GamerTags",
        "dateCreated": "2013-08-26T17:48:59+0000",
        "datePublished": "2013-08-26T17:48:59+0000",
        "pageCount": 1,
        "originalUrl": "https://lckb.dev/forum/index.php?/topic/11189-your-xbox360-gamertags/",
        "authorId": 267,
        "position": [
            {
                "@type": "ListItem",
                "position": 1,
                "item": {
                    "@id": "https://lckb.dev/forum/index.php?/forum/385-off-topic-the-outer-world/",
                    "name": "Off-Topic (The Outer World)"
                }
            },
            {
                "@type": "ListItem",
                "position": 2,
                "item": {
                    "@id": "https://lckb.dev/forum/index.php?/forum/219-consoles/",
                    "name": "Consoles"
                }
            },
            {
                "@type": "ListItem",
                "position": 3,
                "item": {
                    "@id": "https://lckb.dev/forum/index.php?/forum/220-xbox/",
                    "name": "Xbox"
                }
            }
        ]
    },
    "commentData": [
        {
            "id": 85618,
            "timestamp": 1377539339,
            "author": {
                "id": 267,
                "name": "SutWick",
                "image": null
            },
            "comment": "\n<p >Ok I will start this off xD</p>\n<p > </p>\n<p >You can find me on Xbox360 under gamertag lMaXl</p>\n<p >Here is my profile:</p>\n<p ><a data-ipb=\"nomediaparse\" href=\"http://www.xboxgamertag.com/search/lMaXl/\" rel=\"external nofollow\" >http://www.xboxgamertag.com/search/lMaXl/</a></p>\n<p ><a data-ipb=\"nomediaparse\" href=\"http://www.xboxgamertag.com/search/ToXiC%20L33T/\" rel=\"external nofollow\" >http://www.xboxgamertag.com/search/ToXiC%20L33T/</a></p>\n<p >Feel free to add me to friends</p>\n<p > </p>\n<p >Add yours below :P</p>\n"
        },
        {
            "id": 85661,
            "timestamp": 1377570484,
            "author": {
                "id": 16931,
                "name": "Walletman987",
                "image": null
            },
            "comment": "\n<p ><a href=\"http://grabilla.com/0381b-be7ae096-e2f3-4566-8de8-037ac45c6d8d.html#update\" rel=\"external nofollow\" >http://grabilla.com/0381b-be7ae096-e2f3-4566-8de8-037ac45c6d8d.html#update</a></p>\n<p >How on earth do you play that? 0.o  Good graphics?</p>\n"
        },
        {
            "id": 85663,
            "timestamp": 1377574962,
            "author": {
                "id": 267,
                "name": "SutWick",
                "image": null
            },
            "comment": "<p >lol.. got my xbox connected to my media centre thats on my home server box :)</p>"
        },
        {
            "id": 86611,
            "timestamp": 1378678136,
            "author": {
                "id": 18785,
                "name": "Riiioku",
                "image": null
            },
            "comment": "<p >Mine is Riiioku ^-^</p>"
        },
        {
            "id": 88698,
            "timestamp": 1382211521,
            "author": {
                "id": 15327,
                "name": "Lolek1PL",
                "image": null
            },
            "comment": "<p >Mine is Lolek1PL.</p>"
        },
        {
            "id": 89136,
            "timestamp": 1382875853,
            "author": {
                "id": 267,
                "name": "SutWick",
                "image": null
            },
            "comment": "\n<p >Changed mine to ToXiC L33T.</p>\n<p >\n </p>\n<p >\nWill add you both when xbox live lets me as atm it wont :/</p>\n<p >\n </p>\n<p >\nRiiioku added.</p>\n<p >\n </p>\n<p >\n<a data-ipb=\"nomediaparse\" href=\"http://grabilla.com/03a1b-9479bddf-5177-4995-b0ba-b91587f1133a.html\" rel=\"external nofollow\" >http://grabilla.com/03a1b-9479bddf-5177-4995-b0ba-b91587f1133a.html</a></p>\n"
        },
        {
            "id": 89160,
            "timestamp": 1382905291,
            "author": {
                "id": 18785,
                "name": "Riiioku",
                "image": null
            },
            "comment": "\n<blockquote data-ipsquote=\"\" class=\"ipsQuote\" data-ipsquote-contentcommentid=\"89136\" data-ipsquote-contentapp=\"forums\" data-ipsquote-contenttype=\"forums\" data-ipsquote-contentclass=\"forums_Topic\" data-ipsquote-contentid=\"11189\" data-ipsquote-username=\"ToXiC L33T\" data-cite=\"ToXiC L33T\" data-ipsquote-timestamp=\"1382875853\" ><div ><div >\n<p >Changed mine to ToXiC L33T.</p>\n<p > </p>\n<p >Will add you both when xbox live lets me as atm it wont :/</p>\n<p > </p>\n<p >Riiioku added.</p>\n<p > </p>\n<p ><a href=\"http://grabilla.com/03a1b-9479bddf-5177-4995-b0ba-b91587f1133a.html\" rel=\"external nofollow\" >http://grabilla.com/03a1b-9479bddf-5177-4995-b0ba-b91587f1133a.html</a></p>\n</div></div></blockquote>\n<p >Hope to see you on ^^</p>\n"
        },
        {
            "id": 89766,
            "timestamp": 1384013413,
            "author": {
                "id": 15306,
                "name": "Noizy",
                "image": null
            },
            "comment": "\n<p >Mine is Homboun (i`ll change to better one soon :D)</p>\n<p > </p>\n<p >but how to verify my Tag on xboxgamertag.com ?</p>\n"
        },
        {
            "id": 89856,
            "timestamp": 1384143756,
            "author": {
                "id": 676,
                "name": "xOutLawZ",
                "image": null
            },
            "comment": "<p >my tag is <span style=\"color:#ff0000;\" ><em ><span style=\"font-family:'times new roman', times, serif;\" >MondHeaDShoT</span></em></span> ... dat ugly name generator added Mond to my name -.-</p>"
        },
        {
            "id": 91246,
            "timestamp": 1386051007,
            "author": {
                "id": 14007,
                "name": "ostolop",
                "image": null
            },
            "comment": "<p >Naeemi</p>"
        }
    ]
}