{
    "meta": {
        "threadId": 11195,
        "threadName": "Server Files + Database + Client",
        "dateCreated": "2013-08-27T13:52:54+0000",
        "datePublished": "2013-08-27T13:52:54+0000",
        "pageCount": 1,
        "originalUrl": "https://lckb.dev/forum/index.php?/topic/11195-server-files-database-client/",
        "authorId": 2888,
        "position": [
            {
                "@type": "ListItem",
                "position": 1,
                "item": {
                    "@id": "https://lckb.dev/forum/index.php?/forum/100-guides-help-section/",
                    "name": "Guides &amp; Help Section"
                }
            },
            {
                "@type": "ListItem",
                "position": 2,
                "item": {
                    "@id": "https://lckb.dev/forum/index.php?/forum/335-help-support/",
                    "name": "Help &amp; Support"
                }
            },
            {
                "@type": "ListItem",
                "position": 3,
                "item": {
                    "@id": "https://lckb.dev/forum/index.php?/forum/44-ep1-support/",
                    "name": "Ep1 Support"
                }
            },
            {
                "@type": "ListItem",
                "position": 4,
                "item": {
                    "@id": "https://lckb.dev/forum/index.php?/forum/135-solved-topics/",
                    "name": "Solved Topics"
                }
            }
        ]
    },
    "commentData": [
        {
            "id": 85700,
            "timestamp": 1377611574,
            "author": {
                "id": 2888,
                "name": "BaZZtian",
                "image": null
            },
            "comment": "\n<p >Hey Guys,</p>\n<p > </p>\n<p >i search some 2005 LC Files with Database and maybe with Client!</p>\n<p > </p>\n<p >Maybe its some other year but its need to look like this </p>\n<p ><img alt=\"03814-7bd7ab0d-cfe2-41c9-9df1-fe1b77b4ed\" src=\"http://grabilla.com/03814-7bd7ab0d-cfe2-41c9-9df1-fe1b77b4ed50.png\" /></p>\n<p > </p>\n<p >i think first Files are Max Lv 30 but higher is ok also</p>\n<p > </p>\n<p >but its need to look like my Screenshot ... </p>\n<p > </p>\n<p >Can any1 help me ?</p>\n"
        },
        {
            "id": 85702,
            "timestamp": 1377612008,
            "author": {
                "id": 17304,
                "name": "DeathRunner",
                "image": null
            },
            "comment": "<p >Here is the oldest LC Client USA from the BETA<br /><br />May its useful for you <a href=\"http://www.gamefront.com/files/6164798/Last_Chaos__Beta_Version____FF_Exclusive\" rel=\"external nofollow\" >http://www.gamefront.com/files/6164798/Last_Chaos__Beta_Version____FF_Exclusive</a></p>"
        },
        {
            "id": 85703,
            "timestamp": 1377612155,
            "author": {
                "id": 2888,
                "name": "BaZZtian",
                "image": null
            },
            "comment": "<p >Perfect!!! Max Lv 60-70 now i need the Server Files + Database xD</p>"
        },
        {
            "id": 85713,
            "timestamp": 1377617431,
            "author": {
                "id": 2888,
                "name": "BaZZtian",
                "image": null
            },
            "comment": "\n<p >ok thx at <a href=\"http://toxic-l33t.ddns.net/forum/index.php?/user/7695-cyberclaus/\" rel=\"external nofollow\" >CyberClaus</a> i got what i want ^^</p>\n<p > </p>\n<p > </p>\n<p >/close request</p>\n\n\n\t\t\t\n\t\t\t\t\n\n<span class=\"ipsType_reset ipsType_medium ipsType_light\" data-excludequote=\"None\" >\n\t<strong >Edited <time datetime=\"2013-08-27T15:33:22Z\" title=\"08/27/2013 03:33  PM\" data-short=\"7 yr\" >August 27, 2013</time> by BaZZtian</strong>\n\t\n\t\n</span>\n\t\t\t\n\t\t</div>"
        },
        {
            "id": 85715,
            "timestamp": 1377619543,
            "author": {
                "id": null,
                "name": "Guest Johnny5",
                "image": null
            },
            "comment": "<p >Topic Closed by a moderator. The reason why: Closed by request of Poster</p>"
        }
    ]
}