{
    "meta": {
        "threadId": 11198,
        "threadName": "Dark Grey & Green UI",
        "dateCreated": "2013-08-27T15:15:15+0000",
        "datePublished": "2013-08-27T15:15:15+0000",
        "pageCount": 1,
        "originalUrl": "https://lckb.dev/forum/index.php?/topic/11198-dark-grey-green-ui/",
        "authorId": 267,
        "position": [
            {
                "@type": "ListItem",
                "position": 1,
                "item": {
                    "@id": "https://lckb.dev/forum/index.php?/forum/258-release-zone/",
                    "name": "Release Zone"
                }
            },
            {
                "@type": "ListItem",
                "position": 2,
                "item": {
                    "@id": "https://lckb.dev/forum/index.php?/forum/336-general-releases/",
                    "name": "General Releases"
                }
            },
            {
                "@type": "ListItem",
                "position": 3,
                "item": {
                    "@id": "https://lckb.dev/forum/index.php?/forum/288-general-client-releases/",
                    "name": "General Client Releases"
                }
            }
        ]
    },
    "commentData": [
        {
            "id": 85711,
            "timestamp": 1377616515,
            "author": {
                "id": 267,
                "name": "SutWick",
                "image": null
            },
            "comment": "\n<blockquote data-ipsquote=\"\" class=\"ipsQuote\" data-ipsquote-contentcommentid=\"33357\" data-ipsquote-contentapp=\"forums\" data-ipsquote-contenttype=\"forums\" data-ipsquote-contentclass=\"forums_Topic\" data-ipsquote-contentid=\"11198\" data-ipsquote-username=\"MaX\" data-cite=\"MaX\" data-ipsquote-timestamp=\"1338585541\" ><div >\n<p ><span style=\"font-size:18px;\" ><a data-ipb=\"nomediaparse\" href=\"https://dfiles.eu/files/0xunzcd99\" rel=\"external nofollow\" ><span style=\"color:#99cc00;\" >DOWNLOAD</span></a></span></p>\n<p > </p>\n<p >\nBased on the old grey & red style but I have made all the missing files like the char create,friends list,messagebox, portal etc etc...</p>\n<p > </p>\n<p >\nIts 85% finished.</p>\n<p >\nHere is a snapshoot:</p>\n<p > </p>\n<p >\n<img alt=\"2qci0x0.png\" src=\"http://i47.tinypic.com/2qci0x0.png\" ></img></p>\n<p >\n<img alt=\"14sdtvc.png\" src=\"http://i45.tinypic.com/14sdtvc.png\" ></img></p>\n<p >\n<img alt=\"2ahi2rp.png\" src=\"http://i50.tinypic.com/2ahi2rp.png\" ></img></p>\n<p > </p>\n<p >\n<span style=\"font-size:18px;\" ><a data-ipb=\"nomediaparse\" href=\"https://dfiles.eu/files/0xunzcd99\" rel=\"external nofollow\" ><span style=\"color:#99cc00;\" >DOWNLOAD</span></a></span></p>\n</div></blockquote>\n<p >\nThis will work with EP2/3 also, so enjoy!</p>\n"
        }
    ]
}