{
    "meta": {
        "threadId": 11226,
        "threadName": "Serious Editor - Does not exist or correct event data file",
        "dateCreated": "2013-08-29T14:58:36+0000",
        "datePublished": "2013-08-29T14:58:36+0000",
        "pageCount": 1,
        "originalUrl": "https://lckb.dev/forum/index.php?/topic/11226-serious-editor-does-not-exist-or-correct-event-data-file/",
        "authorId": 1503,
        "position": [
            {
                "@type": "ListItem",
                "position": 1,
                "item": {
                    "@id": "https://lckb.dev/forum/index.php?/forum/100-guides-help-section/",
                    "name": "Guides &amp; Help Section"
                }
            },
            {
                "@type": "ListItem",
                "position": 2,
                "item": {
                    "@id": "https://lckb.dev/forum/index.php?/forum/335-help-support/",
                    "name": "Help &amp; Support"
                }
            },
            {
                "@type": "ListItem",
                "position": 3,
                "item": {
                    "@id": "https://lckb.dev/forum/index.php?/forum/120-ep2-support/",
                    "name": "Ep2 Support"
                }
            },
            {
                "@type": "ListItem",
                "position": 4,
                "item": {
                    "@id": "https://lckb.dev/forum/index.php?/forum/134-solved-topics/",
                    "name": "Solved Topics"
                }
            }
        ]
    },
    "commentData": [
        {
            "id": 85885,
            "timestamp": 1377788316,
            "author": {
                "id": 1503,
                "name": "Paramount",
                "image": null
            },
            "comment": "\n<p >I was wondering can I make something in Serious Editor, and... I got this problem.</p>\n<p >This happens when I am starting the program, or moving something.</p>\n<p > </p>\n<p ><img alt=\"tnoj.png\" src=\"https://img94.imageshack.us/img94/2570/tnoj.png\" /></p>\n<p > </p>\n<p >I would appreciate everyone who will try to help me :)</p>\n"
        },
        {
            "id": 85949,
            "timestamp": 1377881053,
            "author": {
                "id": 15543,
                "name": "luoo",
                "image": null
            },
            "comment": "<p >You need event_usa.lod</p>"
        },
        {
            "id": 85950,
            "timestamp": 1377883168,
            "author": {
                "id": 1503,
                "name": "Paramount",
                "image": null
            },
            "comment": "<p >Have every _usa file in \\Data\\ folder. Eh, any idea?</p>"
        },
        {
            "id": 85960,
            "timestamp": 1377905505,
            "author": {
                "id": 6967,
                "name": "GuXz",
                "image": null
            },
            "comment": "<p >You can easy to put serious editor in last chaos folder.</p>"
        },
        {
            "id": 85963,
            "timestamp": 1377908705,
            "author": {
                "id": 161,
                "name": "Koko",
                "image": null
            },
            "comment": "<p >What client/event file r u using?</p>"
        },
        {
            "id": 85967,
            "timestamp": 1377909560,
            "author": {
                "id": 17022,
                "name": "RomeoST",
                "image": null
            },
            "comment": "<p >Use no Russian client</p>"
        },
        {
            "id": 85969,
            "timestamp": 1377911185,
            "author": {
                "id": 16931,
                "name": "Walletman987",
                "image": null
            },
            "comment": "<p >I was told to use the LCGN02 client files, they work fine for me.</p>"
        },
        {
            "id": 85999,
            "timestamp": 1377949133,
            "author": {
                "id": 1503,
                "name": "Paramount",
                "image": null
            },
            "comment": "\n<blockquote data-ipsquote=\"\" class=\"ipsQuote\" data-ipsquote-contentcommentid=\"85960\" data-ipsquote-contentapp=\"forums\" data-ipsquote-contenttype=\"forums\" data-ipsquote-contentclass=\"forums_Topic\" data-ipsquote-contentid=\"11226\" data-ipsquote-username=\"GuXz\" data-cite=\"GuXz\" data-ipsquote-timestamp=\"1377905505\" ><div ><div ><p >You can easy to put serious editor in last chaos folder.</p></div></div></blockquote>\n<p >I have it there.</p>\n<p > </p>\n<blockquote data-ipsquote=\"\" class=\"ipsQuote\" data-ipsquote-contentcommentid=\"85963\" data-ipsquote-contentapp=\"forums\" data-ipsquote-contenttype=\"forums\" data-ipsquote-contentclass=\"forums_Topic\" data-ipsquote-contentid=\"11226\" data-ipsquote-username=\"Koko\" data-cite=\"Koko\" data-ipsquote-timestamp=\"1377908705\" ><div ><div ><p >What client/event file r u using?</p></div></div></blockquote>\n<p >Atm I am using russian client.</p>\n<p > </p>\n<p >Well, okay. Gonna use english client.</p>\n<p > </p>\n<p >Thanks!</p>\n"
        }
    ]
}