{
    "meta": {
        "threadId": 11264,
        "threadName": "Mono Error",
        "dateCreated": "2013-09-01T19:09:29+0000",
        "datePublished": "2013-09-01T19:09:29+0000",
        "pageCount": 1,
        "originalUrl": "https://lckb.dev/forum/index.php?/topic/11264-mono-error/",
        "authorId": 13412,
        "position": [
            {
                "@type": "ListItem",
                "position": 1,
                "item": {
                    "@id": "https://lckb.dev/forum/index.php?/forum/100-guides-help-section/",
                    "name": "Guides &amp; Help Section"
                }
            },
            {
                "@type": "ListItem",
                "position": 2,
                "item": {
                    "@id": "https://lckb.dev/forum/index.php?/forum/335-help-support/",
                    "name": "Help &amp; Support"
                }
            },
            {
                "@type": "ListItem",
                "position": 3,
                "item": {
                    "@id": "https://lckb.dev/forum/index.php?/forum/120-ep2-support/",
                    "name": "Ep2 Support"
                }
            },
            {
                "@type": "ListItem",
                "position": 4,
                "item": {
                    "@id": "https://lckb.dev/forum/index.php?/forum/134-solved-topics/",
                    "name": "Solved Topics"
                }
            }
        ]
    },
    "commentData": [
        {
            "id": 86126,
            "timestamp": 1378062569,
            "author": {
                "id": 13412,
                "name": "asticot63",
                "image": null
            },
            "comment": "\n<p >Hey all i have a problem white mono install i make :</p>\n<p > </p>\n<div >wget <a href=\"https://dl.fedoraproject.org/pub/epel/6/x86_64/epel-release-6-8.noarch.rpm\" rel=\"external nofollow\" >http://dl.fedoraproject.org/pub/epel/6/x86_64/epel-release-6-8.noarch.rpm</a>\n</div>\n<div >rpm -Uvh epel-release-6-8.noarch.rpm</div>\n<div > </div>\n<div >yum install bison gettext glib2 freetype fontconfig libpng libpng-devel libX11 libX11-devel glib2-devel libgdi* libexif glibc-devel urw-fonts java unzip gcc gcc-c++ automake autoconf libtool make bzip2 wget</div>\n<div > </div>\n<div >cd /usr/local/src</div>\n<div >wget <a href=\"https://download.mono-project.com/sources/mono/mono-3.0.1.tar.bz2\" rel=\"external nofollow\" >http://download.mono-project.com/sources/mono/mono-3.0.1.tar.bz2</a>\n</div>\n<div >tar zxvf mono-3.0.1.tar.bz</div>\n<div >cd mono-3.0.1</div>\n<div >./configure --prefix=/usr/local</div>\n<div >make</div>\n<div >make install</div>\n<div > </div>\n<div > </div>\n<div > </div>\n<div >and make or make install</div>\n<div >i have this error</div>\n<div > </div>\n<div > </div>\n<div ><a href=\"https://imageshack.us/photo/my-images/191/pe36.png/\" rel=\"external nofollow\" >http://imageshack.us/photo/my-images/191/pe36.png/</a></div>\n<div > </div>\n<div >please help me</div>\n"
        },
        {
            "id": 86265,
            "timestamp": 1378229710,
            "author": {
                "id": 2069,
                "name": "LikeToMove",
                "image": null
            },
            "comment": "\n<p >Hello, CMP is a packet used to compare two files.</p>\n<p >First you need to see if <em >cmp</em> exists on your system, watch into <strong >/usr/bin</strong> folder.</p>\n<p >if nothing appears watch using <em >yum</em></p>\n<pre class=\"ipsCode prettyprint\" >yum search diffutils\n</pre>\n<p >if you havent the package installed just install it, otherwise you can try to re-install.</p>\n<p > </p>\n<p >Hope this helps you ;)</p>\n"
        },
        {
            "id": 86396,
            "timestamp": 1378407488,
            "author": {
                "id": 13412,
                "name": "asticot63",
                "image": null
            },
            "comment": "<p >Thanks :D</p>"
        },
        {
            "id": 86487,
            "timestamp": 1378501950,
            "author": {
                "id": 1503,
                "name": "Paramount",
                "image": null
            },
            "comment": "<p >Closed and moved.</p>"
        }
    ]
}