{
    "meta": {
        "threadId": 11265,
        "threadName": "New Edited Sets",
        "dateCreated": "2013-09-01T20:06:07+0000",
        "datePublished": "2013-09-01T20:06:07+0000",
        "pageCount": 1,
        "originalUrl": "https://lckb.dev/forum/index.php?/topic/11265-new-edited-sets/",
        "authorId": 15846,
        "position": [
            {
                "@type": "ListItem",
                "position": 1,
                "item": {
                    "@id": "https://lckb.dev/forum/index.php?/forum/258-release-zone/",
                    "name": "Release Zone"
                }
            },
            {
                "@type": "ListItem",
                "position": 2,
                "item": {
                    "@id": "https://lckb.dev/forum/index.php?/forum/336-general-releases/",
                    "name": "General Releases"
                }
            },
            {
                "@type": "ListItem",
                "position": 3,
                "item": {
                    "@id": "https://lckb.dev/forum/index.php?/forum/288-general-client-releases/",
                    "name": "General Client Releases"
                }
            }
        ]
    },
    "commentData": [
        {
            "id": 86135,
            "timestamp": 1378065967,
            "author": {
                "id": 15846,
                "name": "Deadlyblast",
                "image": null
            },
            "comment": "<p >Download Link:<a href=\"https://mega.co.nz/#\" rel=\"external nofollow\" >https://mega.co.nz/#</a>!E40AiLzR!IOIP7AFRGhK22FMg4ctnuySuJ8ova20InEyjhJvj3c8<br /><br /><a href=\"https://img842.imageshack.us/img842/3315/7hm9.jpg\" rel=\"external nofollow\" ><img alt=\"7hm9.jpg\" src=\"https://img842.imageshack.us/img842/3315/7hm9.jpg\" /></a><br /><br /> </p>"
        },
        {
            "id": 86136,
            "timestamp": 1378066656,
            "author": {
                "id": 17432,
                "name": "Nymphetamine",
                "image": null
            },
            "comment": "\n<p >[info=Approved]Release Approved By<strong > Nymphetamine</strong>.</p>\n<p ><strong >Status: </strong>Clean</p>\n<p ><strong >Esaminated Files: </strong>165</p>\n<p ><strong >Dangerous Files:</strong> 0 [/info]</p>\n<p > </p>\n<p >[info=Changes to the topic]-Title Translated in English</p>\n<p >-Tag changed to \"Release\"</p>\n<p >-Topic Translated in English</p>\n<p >-Removed link to the server[/info]</p>\n"
        },
        {
            "id": 87801,
            "timestamp": 1380429919,
            "author": {
                "id": 16988,
                "name": "axander",
                "image": null
            },
            "comment": "<p >Really great files Thanks!</p>"
        },
        {
            "id": 87807,
            "timestamp": 1380451380,
            "author": {
                "id": 10637,
                "name": "redbull",
                "image": null
            },
            "comment": "<p >Thx :)</p>"
        },
        {
            "id": 87915,
            "timestamp": 1380730314,
            "author": {
                "id": 17148,
                "name": "WorldOfWars",
                "image": null
            },
            "comment": "<p >WTF? <a href=\"http://www.hostingpics.net/viewer.php?id=141563wtf.png\" rel=\"external nofollow\" ><img alt=\"141563wtf.png\" src=\"http://img11.hostingpics.net/pics/141563wtf.png\" /></a></p>"
        },
        {
            "id": 88013,
            "timestamp": 1380899402,
            "author": {
                "id": 12560,
                "name": "saschi123",
                "image": null
            },
            "comment": "\n<blockquote data-ipsquote=\"\" class=\"ipsQuote\" data-ipsquote-contentcommentid=\"87915\" data-ipsquote-contentapp=\"forums\" data-ipsquote-contenttype=\"forums\" data-ipsquote-contentclass=\"forums_Topic\" data-ipsquote-contentid=\"11265\" data-ipsquote-username=\"WorldOfWars\" data-cite=\"WorldOfWars\" data-ipsquote-timestamp=\"1380730314\" ><div ><div ><p >WTF? <a href=\"http://www.hostingpics.net/viewer.php?id=141563wtf.png\" rel=\"external nofollow\" ><img alt=\"141563wtf.png\" src=\"http://img11.hostingpics.net/pics/141563wtf.png\" /></a></p></div></div></blockquote>\n<p >Textures or .smc is fail.</p>\n"
        },
        {
            "id": 88053,
            "timestamp": 1381005239,
            "author": {
                "id": 13584,
                "name": "Slash",
                "image": null
            },
            "comment": "<p >Not good files . Tested and desaprouved because smc files bug .</p>"
        },
        {
            "id": 88060,
            "timestamp": 1381027537,
            "author": {
                "id": 5853,
                "name": "ucaff",
                "image": null
            },
            "comment": "<p >lol, the files work well, if you do not know them is another thing ....</p>"
        },
        {
            "id": 92772,
            "timestamp": 1387122506,
            "author": {
                "id": 14922,
                "name": "ren0d1",
                "image": null
            },
            "comment": "<p >You get white stuff only if you try to modify names of textures normaly. Just have a little knowledge and its solvable easily...</p>"
        }
    ]
}