{
    "meta": {
        "threadId": 11278,
        "threadName": "Game Server 512 Level Cap",
        "dateCreated": "2013-09-02T21:48:55+0000",
        "datePublished": "2013-09-02T21:48:55+0000",
        "pageCount": 1,
        "originalUrl": "https://lckb.dev/forum/index.php?/topic/11278-game-server-512-level-cap/",
        "authorId": 17432,
        "position": [
            {
                "@type": "ListItem",
                "position": 1,
                "item": {
                    "@id": "https://lckb.dev/forum/index.php?/forum/258-release-zone/",
                    "name": "Release Zone"
                }
            },
            {
                "@type": "ListItem",
                "position": 2,
                "item": {
                    "@id": "https://lckb.dev/forum/index.php?/forum/324-episode-1-releases/",
                    "name": "Episode 1 Releases"
                }
            },
            {
                "@type": "ListItem",
                "position": 3,
                "item": {
                    "@id": "https://lckb.dev/forum/index.php?/forum/41-server-side/",
                    "name": "Server Side"
                }
            }
        ]
    },
    "commentData": [
        {
            "id": 86210,
            "timestamp": 1378158535,
            "author": {
                "id": 17432,
                "name": "Nymphetamine",
                "image": null
            },
            "comment": "\n<p >Hi.</p>\n<p >As u know most of GSs got 255 max level.</p>\n<p >This is a stable one,which dont have errors and can have 512 levels.</p>\n<p >Required exp is to set up again</p>\n<p > </p>\n<p > </p>\n<p > </p>\n<p ></p>\n<p ><a href=\"https://mega.co.nz/#!QJxVzYbK!UHuj6Br9xQPMniE8lJ-KrgAVMFkXQILtt2BCColeAzs\" rel=\"external nofollow\" ><span style=\"font-size:18px;\" >Download Link</span></a></p>\n<p ></p>\n<p >[info=Files Info]<strong >Dangerous Files:</strong>0</p>\n<p ><strong >Antivirus/Scanner used</strong>: AVG[/info]</p>\n"
        },
        {
            "id": 86212,
            "timestamp": 1378158688,
            "author": {
                "id": 17432,
                "name": "Nymphetamine",
                "image": null
            },
            "comment": "\n<p >I wait for some mod to approve and scan it with another antivirus the second time also. :p</p>\n<p >Rules is the same for everyone</p>\n"
        },
        {
            "id": 86213,
            "timestamp": 1378158843,
            "author": {
                "id": 1503,
                "name": "Paramount",
                "image": null
            },
            "comment": "\n<p >[info=File Scan]</p>\n<p ><b >Status:</b> Clean<br /><b >Scanner used:</b> ESET NOD32</p>\n<p >[/info]</p>\n"
        },
        {
            "id": 86214,
            "timestamp": 1378158963,
            "author": {
                "id": 17432,
                "name": "Nymphetamine",
                "image": null
            },
            "comment": "<p >Ok thanks Para :)</p>"
        }
    ]
}