{
    "meta": {
        "threadId": 11293,
        "threadName": "DataBase v12-TD by CDWriter",
        "dateCreated": "2013-09-04T08:20:37+0000",
        "datePublished": "2013-09-04T08:20:37+0000",
        "pageCount": 1,
        "originalUrl": "https://lckb.dev/forum/index.php?/topic/11293-database-v12-td-by-cdwriter/",
        "authorId": 17582,
        "position": [
            {
                "@type": "ListItem",
                "position": 1,
                "item": {
                    "@id": "https://lckb.dev/forum/index.php?/forum/258-release-zone/",
                    "name": "Release Zone"
                }
            },
            {
                "@type": "ListItem",
                "position": 2,
                "item": {
                    "@id": "https://lckb.dev/forum/index.php?/forum/325-episode-2-releases/",
                    "name": "Episode 2 Releases"
                }
            },
            {
                "@type": "ListItem",
                "position": 3,
                "item": {
                    "@id": "https://lckb.dev/forum/index.php?/forum/125-server-side/",
                    "name": "Server Side"
                }
            }
        ]
    },
    "commentData": [
        {
            "id": 86303,
            "timestamp": 1378282837,
            "author": {
                "id": 17582,
                "name": "CDWriter",
                "image": null
            },
            "comment": "\n<p ><span style=\"color:rgb(51,51,51);font-family:Verdana, Arial;font-size:13px;\" >V12-TD</span><br /><span style=\"color:rgb(51,51,51);font-family:Verdana, Arial;font-size:13px;\" >******</span><br /><br /><span style=\"color:rgb(51,51,51);font-family:Verdana, Arial;font-size:13px;\" >Hello community</span><br /><br /><span style=\"color:rgb(51,51,51);font-family:Verdana, Arial;font-size:13px;\" >Here i release another complete sql release COMPLETE meaning with client data files to match.</span><br /><span style=\"color:rgb(51,51,51);font-family:Verdana, Arial;font-size:13px;\" >These files are for the Centos USA last chaos release and should be compatible to gamigos release with a little change.</span><br /><br /><span style=\"color:rgb(51,51,51);font-family:Verdana, Arial;font-size:13px;\" >Accounts</span><br /><span style=\"color:rgb(51,51,51);font-family:Verdana, Arial;font-size:13px;\" >** ******</span><br /><span style=\"color:rgb(51,51,51);font-family:Verdana, Arial;font-size:13px;\" >There will be 1 account for this release, by now you all know how to add a account... also at this point you need to either delete the account steve and start with your own our leave steve there to get started. You also need to remove all the toons, and all there reference.</span><br /><span style=\"color:rgb(51,51,51);font-family:Verdana, Arial;font-size:13px;\" >ill add LastChaos Password Hasher (by fabi202cool) a file needed to create one and get you started..</span><br /><br /><span style=\"color:rgb(51,51,51);font-family:Verdana, Arial;font-size:13px;\" >Thanks to dethunter12 WHO has shown me more bug then anyone else. </span><br /><span style=\"color:rgb(51,51,51);font-family:Verdana, Arial;font-size:13px;\" >Thanks to anyone else who made the small effort to even POST anything, I at least owe u that ...</span><br /><br /><span style=\"color:rgb(51,51,51);font-family:Verdana, Arial;font-size:13px;\" >RELEASE Notes: v12-TD</span><br /><span style=\"color:rgb(51,51,51);font-family:Verdana, Arial;font-size:13px;\" >------------------------</span><br /><span style=\"color:rgb(51,51,51);font-family:Verdana, Arial;font-size:13px;\" >If you do not download my Centos Server files then Tarain Dungeon Map will not work.</span><br /><span style=\"color:rgb(51,51,51);font-family:Verdana, Arial;font-size:13px;\" >Like all ways your welcome to use any part of my files.</span><br /><br /><span style=\"color:rgb(51,51,51);font-family:Verdana, Arial;font-size:13px;\" >*****************BUT PLEASE DONT CHANGE THING THEN COMPLAIN HOW MY FILES ARE BAD.*****************************</span><br /><span style=\"color:rgb(51,51,51);font-family:Verdana, Arial;font-size:13px;\" >If there is a bug please report and someone our i will help you with it. If we can ....</span><br /><br /><span style=\"color:rgb(51,51,51);font-family:Verdana, Arial;font-size:13px;\" >What was Fixed:</span><br /><span style=\"color:rgb(51,51,51);font-family:Verdana, Arial;font-size:13px;\" >-----------------</span><br /><span style=\"color:rgb(51,51,51);font-family:Verdana, Arial;font-size:13px;\" >Re-did all the new fixes from v11 so all IDs Matched Current USA release.</span><br /><span style=\"color:rgb(51,51,51);font-family:Verdana, Arial;font-size:13px;\" >Fixed all the titles that needed a time Expiration.</span><br /><span style=\"color:rgb(51,51,51);font-family:Verdana, Arial;font-size:13px;\" >Fixed the 175 Armor and Weapons to have Stats. (Thanks Mendozza)</span><br /><span style=\"color:rgb(51,51,51);font-family:Verdana, Arial;font-size:13px;\" >Deleted all the Npc Out side Terrain Dungeon</span><br /><span style=\"color:rgb(51,51,51);font-family:Verdana, Arial;font-size:13px;\" >Fixed Npcs</span><br /><br /><span style=\"color:rgb(51,51,51);font-family:Verdana, Arial;font-size:13px;\" >What was added:</span><br /><span style=\"color:rgb(51,51,51);font-family:Verdana, Arial;font-size:13px;\" >------------------</span><br /><span style=\"color:rgb(51,51,51);font-family:Verdana, Arial;font-size:13px;\" >Tarain Dungeon (Thanks Ucaff, Released with Permission As a Package)</span><br /><span style=\"color:rgb(51,51,51);font-family:Verdana, Arial;font-size:13px;\" >All Spawns to Tarian_dungeon (Thanks YouTube and me)</span><br /><span style=\"color:rgb(51,51,51);font-family:Verdana, Arial;font-size:13px;\" >All Room titles and Map.</span><br /><br /><span style=\"color:rgb(51,51,51);font-family:Verdana, Arial;font-size:13px;\" >What needs added Yet:</span><br /><span style=\"color:rgb(51,51,51);font-family:Verdana, Arial;font-size:13px;\" >-----------------------</span><br /><span style=\"color:rgb(51,51,51);font-family:Verdana, Arial;font-size:13px;\" >World Tarain Map needs edited, Pointing to zone 41 needs changed to 26. In order to teleport correctly into tarian dungeon.</span><br /><span style=\"color:rgb(51,51,51);font-family:Verdana, Arial;font-size:13px;\" >If above can not be fixed then Teleport guy needs added.</span><br /><br /><br /><span style=\"color:rgb(51,51,51);font-family:Verdana, Arial;font-size:13px;\" >If you see anything wrong with anything i might have done please let me now.</span><br /><br /><span style=\"color:rgb(51,51,51);font-family:Verdana, Arial;font-size:13px;\" >**Extras</span><br /><span style=\"color:rgb(51,51,51);font-family:Verdana, Arial;font-size:13px;\" >-----------</span><br /><span style=\"color:rgb(51,51,51);font-family:Verdana, Arial;font-size:13px;\" >GSEditor <-- add a GS editor Thanks Wizatek for this public release.. Offsets from forum posts.</span><br /><span style=\"color:rgb(51,51,51);font-family:Verdana, Arial;font-size:13px;\" >Time Stamp <-- Used to get a Correct Unix time for t_lc_time / Newproject_db needs to be there for Automation of Ranking list.</span><br /><span style=\"color:rgb(51,51,51);font-family:Verdana, Arial;font-size:13px;\" >GameServer_d(USA) Newer___My Gameserver Lvl 180 gm 186 <-- WHAT i use so i can level to 180.</span><br /><span style=\"color:rgb(51,51,51);font-family:Verdana, Arial;font-size:13px;\" >GameServer_d(USA) Newer.rar <-- Original release by blankname.</span><br /><span style=\"color:rgb(51,51,51);font-family:Verdana, Arial;font-size:13px;\" >Readme for GameServer_d(USA) Newer.txt <-- Explains all about the Rar file also has all the OFFSETS by Blankname and Buff Npc Offsets where given by Douglas Origens.</span><br /><br /><span style=\"color:rgb(51,51,51);font-family:Verdana, Arial;font-size:13px;\" >**Notes</span><br /><span style=\"color:rgb(51,51,51);font-family:Verdana, Arial;font-size:13px;\" >----------</span><br /><span style=\"color:rgb(51,51,51);font-family:Verdana, Arial;font-size:13px;\" >Just remember i will reply to your post to understand the error better its not me attacking you in any way, Just need to understand how you worded the mistake...</span><br /><span style=\"color:rgb(51,51,51);font-family:Verdana, Arial;font-size:13px;\" >Special thanks to Public Tool Designers, Wizatek, Hateme, Bash, Falo, and all the others i might have missed...</span><br /><span style=\"color:rgb(51,51,51);font-family:Verdana, Arial;font-size:13px;\" >As long as there error reports ill keep releasing these bases ...something simple ill add the sql fix to this topic..</span><br /><br /><br /><span style=\"color:rgb(51,51,51);font-family:Verdana, Arial;font-size:13px;\" >To DOWNLOAD this 12th release file go here: --> </span><a href=\"https://mega.co.nz/#!eRR0nSJY!F-1VkQIydxgn4Rl9BjjzOQq2nl3Ryb1ps1T5b2dw\" rel=\"external nofollow\" >v12-TD</a><br /><span style=\"color:rgb(51,51,51);font-family:Verdana, Arial;font-size:13px;\" >My Tarain Dungeon Server Files: --> </span><a href=\"https://mega.co.nz/#!ydwQTC6Z!B4gNmy6WhkIXX1WqkDnkEBUKAbxicNW7s-07gWo\" rel=\"external nofollow\" >Server TD Files</a><br /><br /><br /><span style=\"color:rgb(51,51,51);font-family:Verdana, Arial;font-size:13px;\" >Simple WAY to get a client</span><br /><span style=\"color:rgb(51,51,51);font-family:Verdana, Arial;font-size:13px;\" >*********************************</span><br /><span style=\"color:rgb(51,51,51);font-family:Verdana, Arial;font-size:13px;\" >1. In Theory so far it looks like any USA client will work just update fully.</span><br /><span style=\"color:rgb(51,51,51);font-family:Verdana, Arial;font-size:13px;\" >2. This UPDATED folder will be your NEW client..</span><br /><span style=\"color:rgb(51,51,51);font-family:Verdana, Arial;font-size:13px;\" >3. Get client ready for Tarain Dungeon. you need to open the client you updated. DO not add in my release YET .... </span><br /><span style=\"color:rgb(51,51,51);font-family:Verdana, Arial;font-size:13px;\" >goto DATA/World/STAEIANA(cave)3 delete the 3 files there leaving the folders alone . they would be </span><br /><br /><span style=\"color:rgb(51,51,51);font-family:Verdana, Arial;font-size:13px;\" >STREANA(cave)3.tbn <-- DELETE</span><br /><span style=\"color:rgb(51,51,51);font-family:Verdana, Arial;font-size:13px;\" >STREANA(cave)3.wld <-- DELETE</span><br /><span style=\"color:rgb(51,51,51);font-family:Verdana, Arial;font-size:13px;\" >STREANA(cave)3.wtr <-- DELETE</span><br /><span style=\"color:rgb(51,51,51);font-family:Verdana, Arial;font-size:13px;\" >Ska <-- KEEP </span><br /><span style=\"color:rgb(51,51,51);font-family:Verdana, Arial;font-size:13px;\" >Texture <-- Keep</span><br /><br /><span style=\"color:rgb(51,51,51);font-family:Verdana, Arial;font-size:13px;\" >now open your DATA/World/Tarian_dungeon</span><br /><span style=\"color:rgb(51,51,51);font-family:Verdana, Arial;font-size:13px;\" >and copy ALL the contents to STAEIANA(cave)3 over writing everything... </span><br /><span style=\"color:rgb(51,51,51);font-family:Verdana, Arial;font-size:13px;\" >Now you should see in both folders STAEIANA(cave)3 and Tarian_dungeon these 3 files.</span><br /><br /><span style=\"color:rgb(51,51,51);font-family:Verdana, Arial;font-size:13px;\" >tarian_dungeon.tbn <-- rename</span><br /><span style=\"color:rgb(51,51,51);font-family:Verdana, Arial;font-size:13px;\" >tarian_dungeon.wld <-- rename</span><br /><span style=\"color:rgb(51,51,51);font-family:Verdana, Arial;font-size:13px;\" >tarian_dungeon.wtr <-- rename</span><br /><br /><span style=\"color:rgb(51,51,51);font-family:Verdana, Arial;font-size:13px;\" >and these 2 folders </span><br /><span style=\"color:rgb(51,51,51);font-family:Verdana, Arial;font-size:13px;\" >Ska </span><br /><span style=\"color:rgb(51,51,51);font-family:Verdana, Arial;font-size:13px;\" >Texture</span><br /><br /><span style=\"color:rgb(51,51,51);font-family:Verdana, Arial;font-size:13px;\" >rename all 3 files to read.</span><br /><br /><span style=\"color:rgb(51,51,51);font-family:Verdana, Arial;font-size:13px;\" >STREANA(cave)3.tbn</span><br /><span style=\"color:rgb(51,51,51);font-family:Verdana, Arial;font-size:13px;\" >STREANA(cave)3.wld</span><br /><span style=\"color:rgb(51,51,51);font-family:Verdana, Arial;font-size:13px;\" >STREANA(cave)3.wtr</span><br /><br /><span style=\"color:rgb(51,51,51);font-family:Verdana, Arial;font-size:13px;\" >In both folders......No worries you will still have STAEIANA(cave) caves there ...</span><br /><br /><span style=\"color:rgb(51,51,51);font-family:Verdana, Arial;font-size:13px;\" >this is all you need to do with the client ....... Simple and Small...... (So far of the testing ive done all works great.)</span><br /><br /><span style=\"color:rgb(51,51,51);font-family:Verdana, Arial;font-size:13px;\" >4. Now Open my release u will see USA Files and Extras goto USA files copy the folders to the new client, BIN and DATA folders you must copy the content of each of them over into the same folders.</span><br /><br /><span style=\"color:rgb(51,51,51);font-family:Verdana, Arial;font-size:13px;\" >5. At this point you should be 100% compatible to my SQL. As long as you used the Extra folder and the GS in there. Steve account has 1 - 180 character and can support up to 8, if you can not get to this toon then you did not follow all what i put here in this new release... start again.</span><br /><br /><span style=\"color:rgb(51,51,51);font-family:Verdana, Arial;font-size:13px;\" >6. I will not release tarain dungeon by itself it is made for my release and my release only for now, I will maybe in the future give you all the way to use it, and add it to your own server but for now ... If you like you can pick it apart and use it but do not ask for help.</span><br /><br /><span style=\"color:rgb(51,51,51);font-family:Verdana, Arial;font-size:13px;\" >For every account you make you need to do the following to get the 8 character slot working. Lets get the 8 Character creation started ...Go into newproject_db find table t_extendcharslot and add in your char number (take from newproject_db_auth / bg_user - column user_code) date it starts and date it ends. I added my account name there for a reference. (Temp for now till someone figures the in-game item out).</span><br /><br /><span style=\"color:rgb(51,51,51);font-family:Verdana, Arial;font-size:13px;\" >5. Why did i not think of this before, This way we are using USA last chaos download sites for our NEW client and make it simple i always say.........</span><br /><br /><span style=\"color:rgb(51,51,51);font-family:Verdana, Arial;font-size:13px;\" >I have tested this myself and all works great, and still using it this way... any issues please let me now ...sorry for all the confusion before..</span><br /><br /><span style=\"color:rgb(51,51,51);font-family:Verdana, Arial;font-size:13px;\" >Please REPORT ERRORS CANT fix what i dont know of....</span><br /><br /><span style=\"color:rgb(51,51,51);font-family:Verdana, Arial;font-size:13px;\" >If you have any issues getting it started or loading the database please post it in the help section.</span><br /><br /><span style=\"color:rgb(51,51,51);font-family:Verdana, Arial;font-size:13px;\" >Client --> </span><a href=\"https://api.viglink.com/api/click?format=go&key=bbb516d91daee20498798694a42dd559&loc=http%3A%2F%2Flcdatabasepro.boards.net%2Fthread%2F37%2Fcomplete-database-v10-cdwriter&v=1&libId=ece9b309-964a-4464-9641-eefe02021499&ref=http%3A%2F%2Flcdatabasepro.boards.net%2Fboard%2F3%2Fdatabase-releases&title=Complete%20DataBase%20v11%20by%20CDWriter%20%7C%20LastChaos%20DataBase&txt=Client&jsonp=vglnk_jsonp_13782770693046&out=https%3A%2F%2Fmega.co.nz%2F%23!gcJFGToJ!Zudrqw3wLLTFsnUEz42WqhBZMalkd-fiqdaSru5ca-Q\" rel=\"external nofollow\" >Client</a><br /><br /><span style=\"color:rgb(51,51,51);font-family:Verdana, Arial;font-size:13px;\" >Thanks to dethunter12 for this client upload..</span><br /><br /><br /><span style=\"color:rgb(51,51,51);font-family:Verdana, Arial;font-size:13px;\" >CDWriter</span></p>\n<p > </p>\n<p > </p>\n<p >[success=Virus Scan]Scanned by MaX - Passed[/success]</p>\n\n\n\t\t\t\n\t\t\t\t\n\n<span class=\"ipsType_reset ipsType_medium ipsType_light\" data-excludequote=\"None\" >\n\t<strong >Edited <time datetime=\"2014-03-03T00:43:10Z\" title=\"03/03/2014 12:43  AM\" data-short=\"6 yr\" >March 3, 2014</time> by CDWriter</strong>\n\t\n\t\n</span>\n\t\t\t\n\t\t</div>"
        },
        {
            "id": 86304,
            "timestamp": 1378283785,
            "author": {
                "id": 267,
                "name": "SutWick",
                "image": null
            },
            "comment": "<p >Nice release, Thankyou :)</p>"
        },
        {
            "id": 86306,
            "timestamp": 1378284784,
            "author": {
                "id": 17432,
                "name": "Nymphetamine",
                "image": null
            },
            "comment": "<p >Thanks,great work ofc.</p>"
        },
        {
            "id": 86309,
            "timestamp": 1378286922,
            "author": {
                "id": 15376,
                "name": "\u00e2\u02dc\u00a3 WARFACE \u00e2\u02dc\u00a3",
                "image": null
            },
            "comment": "<p >Thx bro</p>"
        },
        {
            "id": 86315,
            "timestamp": 1378293140,
            "author": {
                "id": 16954,
                "name": "spadge88",
                "image": null
            },
            "comment": "<p >:o, nice release :D</p>"
        },
        {
            "id": 86325,
            "timestamp": 1378310494,
            "author": {
                "id": 18082,
                "name": "gurock1172",
                "image": null
            },
            "comment": "<p >Thank</p>"
        },
        {
            "id": 86337,
            "timestamp": 1378335767,
            "author": {
                "id": 5853,
                "name": "ucaff",
                "image": null
            },
            "comment": "<p >good man</p>"
        },
        {
            "id": 86340,
            "timestamp": 1378347072,
            "author": {
                "id": 18141,
                "name": "ostia19",
                "image": null
            },
            "comment": "<p >good job CDWriter  :)</p>"
        },
        {
            "id": 86426,
            "timestamp": 1378433692,
            "author": {
                "id": 2167,
                "name": "dethunter12",
                "image": null
            },
            "comment": "<p >good job bro appricated 100%</p>"
        },
        {
            "id": 86551,
            "timestamp": 1378609631,
            "author": {
                "id": 17582,
                "name": "CDWriter",
                "image": null
            },
            "comment": "\n<p >If you come to my lcdatabase forum you will get all fixes and updates ..... but to help a lot here ill add to this the fixes so far.......</p>\n<p > </p>\n<p > </p>\n<p ><span style=\"color:rgb(0,0,0);font-family:Verdana, Arial;font-size:13px;\" >Here we go the teleporter into Tarain dungeon ....and a fix to come out the Particle teleports from inside.</span><br /><br /><a href=\"https://mega.co.nz/#!bMYHSaQI!FMQw5ifqzp4cTqqrCrptZjynRzt5VcwMAaG2Xif8jO4\" rel=\"external nofollow\" >TeleportFixTD</a><br /><br /><br /><span style=\"color:rgb(0,0,0);font-family:Verdana, Arial;font-size:13px;\" >----------------------------------------------------------------------------------------------------------------</span><br /><br /><span style=\"color:rgb(0,0,0);font-family:Verdana, Arial;font-size:13px;\" >OK here is the complete Quest fix for all the 160 - up quest issues ..</span><br /><br /><a href=\"https://mega.co.nz/#!SFxEFSaK!IcVE0VfvZPWLTxVg6BojJnYF0lg7d2oA-mhDv7RLUfo\" rel=\"external nofollow\" >Quest Fixes</a><br /><br /><br /><span style=\"color:rgb(0,0,0);font-family:Verdana, Arial;font-size:13px;\" >-------------------------------------------------------------------------------------------------------</span><br /><br /><br /><span style=\"color:rgb(0,0,0);font-family:Verdana, Arial;font-size:13px;\" >Chapel Fix .... No more Mobs frozen in time inside chapel...... This had to be bad for awhile ...i find out about it today ...damn community ....</span><br /><br /> </p>\n<pre class=\"ipsCode prettyprint\" >UPDATE `newproject_data`.`t_zonedata` SET `a_zone_index`=33, `a_name`=Chapel 1F, `a_width`=1920, `a_height`=1920, `a_ylayer`=1, `a_attrmap`=data/Ascadia_MondShine_Cappella_1_1920_1920_0.sat, `a_heightmap`=data/Ascadia_MondShine_Cappella_1_1920_1920_0.[CeNsOrEd], `a_areacount`=20, `a_canusemempos`=0, `a_poscount`=8, `a_posylayer`=0 0 0 0 0 0 0 0, `a_posleft`=374 450 298 1013 992 831 1258 1407, `a_postop`=800 662 666 925 809 394 397 545, `a_posright`=370 445 303 1008 998 837 1253 1417, `a_posbottom`=795 667 661 930 815 400 402 550, `a_posmemo`=![0] \u00c3\u0192\u00e2\u201a\u00ac\u00c3\u0192\u00e2\u20ac\u00c3\u201a\u00c2\u00b1\u00c3\u201a\u00c2\u00b8![1] \u00c3\u0192\u00cb\u2020\u00c3\u201a\u00c2\u00b8\u00c3\u201a\u00c2\u00b6\u00c3\u0192\u00c2\u00bb1\u00c3\u0192\u00c6\u2019\u00c3\u0192\u00c2\u00be\u00c3\u201a\u00c2\u00bf\u00c3\u201a\u00c2\u00a1\u00c3\u201a\u00c2\u00bc\u00c3\u201a\u00c2\u00ad \u00c3\u0192\u00cb\u2020\u00c3\u201a\u00c2\u00b8\u00c3\u201a\u00c2\u00b6\u00c3\u0192\u00c2\u00bb2\u00c3\u0192\u00c6\u2019\u00c3\u0192\u00c2\u00be\u00c3\u0192\u00e2\u201a\u00ac\u00c3\u201a\u00c2\u00b8\u00c3\u201a\u00c2\u00b7\u00c3\u0192\u00c5\u00bd \u00c3\u201a\u00c2\u00bf\u00c3\u0192\u00c6\u2019\u00c3\u201a\u00c2\u00b6\u00c3\u0192\u00c2\u00b3\u00c3\u201a\u00c2\u00b0\u00c3\u201a\u00c2\u00a1\u00c3\u201a\u00c2\u00b4\u00c3\u0192\u00e2\u20ac\u0161 \u00c3\u0192\u00e2\u201a\u00ac\u00c3\u0192\u00e2\u20ac\u00c3\u201a\u00c2\u00b1\u00c3\u201a\u00c2\u00b8![2] \u00c3\u201a\u00c2\u00b9\u00c3\u201a\u00c2\u00a6\u00c3\u201a\u00c2\u00bd\u00c3\u0192\u00e2\u20ac\u00a1\u00c3\u201a\u00c2\u00b7\u00c3\u0192\u00c5\u00bd \u00c3\u201a\u00c2\u00b3\u00c3\u201a\u00c2\u00bb\u00c3\u201a\u00c2\u00b7\u00c3\u0192\u00c2\u00c3\u201a\u00c2\u00b0\u00c3\u201a\u00c2\u00a1\u00c3\u201a\u00c2\u00b4\u00c3\u0192\u00e2\u20ac\u0161 \u00c3\u0192\u00e2\u201a\u00ac\u00c3\u0192\u00e2\u20ac\u00c3\u201a\u00c2\u00b1\u00c3\u201a\u00c2\u00b8![3] \u00c3\u0192\u00cb\u2020\u00c3\u201a\u00c2\u00b8\u00c3\u201a\u00c2\u00b6\u00c3\u0192\u00c2\u00bb2\u00c3\u0192\u00c6\u2019\u00c3\u0192\u00c2\u00be\u00c3\u201a\u00c2\u00bf\u00c3\u201a\u00c2\u00a1\u00c3\u201a\u00c2\u00bc\u00c3\u201a\u00c2\u00ad \u00c3\u0192\u00cb\u2020\u00c3\u201a\u00c2\u00b8\u00c3\u201a\u00c2\u00b6\u00c3\u0192\u00c2\u00bb 1\u00c3\u0192\u00c6\u2019\u00c3\u0192\u00c2\u00be\u00c3\u0192\u00e2\u201a\u00ac\u00c3\u201a\u00c2\u00b8\u00c3\u201a\u00c2\u00b7\u00c3\u0192\u00c5\u00bd \u00c3\u201a\u00c2\u00b3\u00c3\u201a\u00c2\u00bb\u00c3\u201a\u00c2\u00b7\u00c3\u0192\u00c2\u00c3\u201a\u00c2\u00b0\u00c3\u201a\u00c2\u00a8![4] \u00c3\u0192\u00cb\u2020\u00c3\u201a\u00c2\u00b8\u00c3\u201a\u00c2\u00b6\u00c3\u0192\u00c2\u00bb 2\u00c3\u0192\u00c6\u2019\u00c3\u0192\u00c2\u00be\u00c3\u201a\u00c2\u00bf\u00c3\u201a\u00c2\u00a1\u00c3\u201a\u00c2\u00bc\u00c3\u201a\u00c2\u00ad \u00c3\u201a\u00c2\u00bb\u00c3\u0192\u00c2\u00a7\u00c3\u0192\u00c2\u00c3\u201a\u00c2\u00a6\u00c3\u201a\u00c2\u00b0\u00c3\u0192\u00c2\u00bc 1\u00c3\u0192\u00c6\u2019\u00c3\u0192\u00c2\u00be\u00c3\u0192\u00e2\u201a\u00ac\u00c3\u201a\u00c2\u00b8\u00c3\u201a\u00c2\u00b7\u00c3\u0192\u00c5\u00bd \u00c3\u201a\u00c2\u00b3\u00c3\u201a\u00c2\u00bb\u00c3\u201a\u00c2\u00b7\u00c3\u0192\u00c2\u00c3\u201a\u00c2\u00b0\u00c3\u201a\u00c2\u00a8![5] \u00c3\u201a\u00c2\u00bb\u00c3\u0192\u00c2\u00a7\u00c3\u0192\u00c2\u00c3\u201a\u00c2\u00a6\u00c3\u201a\u00c2\u00b0\u00c3\u0192\u00c2\u00bc\u00c3\u201a\u00c2\u00bf\u00c3\u201a\u00c2\u00a1\u00c3\u201a\u00c2\u00bc\u00c3\u201a\u00c2\u00ad \u00c3\u201a\u00c2\u00bf\u00c3\u201a\u00c2\u00b9\u00c3\u201a\u00c2\u00b9\u00c3\u0192\u00c2\u00a8\u00c3\u201a\u00c2\u00b4\u00c3\u0192\u00c2\u00a7 \u00c3\u201a\u00c2\u00ba\u00c3\u201a\u00c2\u00bb\u00c3\u201a\u00c2\u00b0\u00c3\u0192\u00c2\u00bc \u00c3\u0192\u00e2\u201a\u00ac\u00c3\u0192\u00e2\u20ac\u00c3\u201a\u00c2\u00b1\u00c3\u201a\u00c2\u00b8\u00c3\u201a\u00c2\u00b7\u00c3\u0192\u00c5\u00bd \u00c3\u201a\u00c2\u00b3\u00c3\u201a\u00c2\u00bb\u00c3\u201a\u00c2\u00b7\u00c3\u0192\u00c2\u00c3\u201a\u00c2\u00b0\u00c3\u201a\u00c2\u00a8![6] \u00c3\u201a\u00c2\u00bb\u00c3\u0192\u00c2\u00a7\u00c3\u0192\u00c2\u00c3\u201a\u00c2\u00a6\u00c3\u201a\u00c2\u00b0\u00c3\u0192\u00c2\u00bc 1\u00c3\u0192\u00c6\u2019\u00c3\u0192\u00c2\u00be\u00c3\u201a\u00c2\u00bf\u00c3\u201a\u00c2\u00a1\u00c3\u201a\u00c2\u00bc\u00c3\u201a\u00c2\u00ad \u00c3\u0192\u00cb\u2020\u00c3\u201a\u00c2\u00b8\u00c3\u201a\u00c2\u00b6\u00c3\u0192\u00c2\u00bb 2\u00c3\u0192\u00c6\u2019\u00c3\u0192\u00c2\u00be\u00c3\u0192\u00e2\u201a\u00ac\u00c3\u201a\u00c2\u00b8\u00c3\u201a\u00c2\u00b7\u00c3\u0192\u00c5\u00bd \u00c3\u201a\u00c2\u00bf\u00c3\u0192\u00c6\u2019\u00c3\u201a\u00c2\u00b6\u00c3\u0192\u00c2\u00b3\u00c3\u201a\u00c2\u00b0\u00c3\u201a\u00c2\u00a8![7] \u00c3\u201a\u00c2\u00ba\u00c3\u201a\u00c2\u00bb\u00c3\u201a\u00c2\u00b0\u00c3\u0192\u00c2\u00bc\u00c3\u201a\u00c2\u00bf\u00c3\u201a\u00c2\u00a1\u00c3\u201a\u00c2\u00bc\u00c3\u201a\u00c2\u00ad \u00c3\u201a\u00c2\u00bb\u00c3\u0192\u00c2\u00a7\u00c3\u0192\u00c2\u00c3\u201a\u00c2\u00a6\u00c3\u201a\u00c2\u00b0\u00c3\u0192\u00c2\u00bc\u00c3\u0192\u00e2\u201a\u00ac\u00c3\u201a\u00c2\u00b8\u00c3\u201a\u00c2\u00b7\u00c3\u0192\u00c5\u00bd \u00c3\u201a\u00c2\u00bf\u00c3\u0192\u00c6\u2019\u00c3\u201a\u00c2\u00b6\u00c3\u0192\u00c2\u00b3\u00c3\u201a\u00c2\u00b0\u00c3\u201a\u00c2\u00a1\u00c3\u201a\u00c2\u00b4\u00c3\u0192\u00e2\u20ac\u0161 \u00c3\u0192\u00e2\u201a\u00ac\u00c3\u0192\u00e2\u20ac\u00c3\u201a\u00c2\u00b1\u00c3\u201a\u00c2\u00b8, `a_cansummonpet`=1, `a_canmountpet`=0, `a_continent_no`=1, `a_minlevel`=0, `a_maxlevel`=999, `a_flag`=0, `a_treasurecount`=0, `a_treasure_area`=, `a_treasurecount_dungeon`=0, `a_treasure_dengeon`= WHERE (`a_zone_index`=33);</pre>\n<p ><span style=\"color:rgb(0,0,0);font-family:Verdana, Arial;font-size:13px;\" >-----------------------------------------------------------------------------------------------------------------------------------------------------------------</span><br /><br /><br /><span style=\"margin:0px;font-size:13px;background-color:transparent;color:rgb(0,0,0);font-family:Verdana, Arial;\" >Read more: <a href=\"http://lcdatabasepro.boards.net/thread/56/database-v12-cdwriter-fixes-updates#ixzz2eGcRhOY9\" rel=\"external nofollow\" >http://lcdatabasepro.boards.net/thread/56/database-v12-cdwriter-fixes-updates#ixzz2eGcRhOY9</a></span></p>\n\n\n\t\t\t\n\t\t\t\t\n\n<span class=\"ipsType_reset ipsType_medium ipsType_light\" data-excludequote=\"None\" >\n\t<strong >Edited <time datetime=\"2013-09-08T03:12:13Z\" title=\"09/08/2013 03:12  AM\" data-short=\"7 yr\" >September 8, 2013</time> by CDWriter</strong>\n\t\n\t\n</span>\n\t\t\t\n\t\t</div>"
        },
        {
            "id": 86552,
            "timestamp": 1378610260,
            "author": {
                "id": 16931,
                "name": "Walletman987",
                "image": null
            },
            "comment": "<p >175 alchemy armor has no seals if you didnt know.</p>"
        },
        {
            "id": 86553,
            "timestamp": 1378611315,
            "author": {
                "id": 17474,
                "name": "kixtzz",
                "image": null
            },
            "comment": "\n<p >some places in tarian dungeon doesnt have mob or they are on underground</p>\n<p > </p>\n<p ><img alt=\"29qldnk.jpg\" src=\"http://i41.tinypic.com/29qldnk.jpg\" /></p>\n\n\n\t\t\t\n\t\t\t\t\n\n<span class=\"ipsType_reset ipsType_medium ipsType_light\" data-excludequote=\"None\" >\n\t<strong >Edited <time datetime=\"2013-09-08T03:37:30Z\" title=\"09/08/2013 03:37  AM\" data-short=\"7 yr\" >September 8, 2013</time> by kixtzz</strong>\n\t\n\t\n</span>\n\t\t\t\n\t\t</div>"
        },
        {
            "id": 86554,
            "timestamp": 1378611911,
            "author": {
                "id": 17582,
                "name": "CDWriter",
                "image": null
            },
            "comment": "<p >@<a contenteditable=\"false\" data-ipshover=\"\" href=\"https://lckb.dev/forum/index.php?/profile/16931-walletman987/\" data-ipshover-target=\"https://lckb.dev/forum/index.php?/profile/16931-walletman987/&do=hovercard\" data-mentionid=\"16931\" rel=\"\" >@Walletman987</a>   Your using wrong version .......12 has them all fixed ....</p>"
        },
        {
            "id": 86617,
            "timestamp": 1378698558,
            "author": {
                "id": 17582,
                "name": "CDWriter",
                "image": null
            },
            "comment": "<p >@<a contenteditable=\"false\" data-ipshover=\"\" href=\"https://lckb.dev/forum/index.php?/profile/17474-kixtzz/\" data-ipshover-target=\"https://lckb.dev/forum/index.php?/profile/17474-kixtzz/&do=hovercard\" data-mentionid=\"17474\" rel=\"\" >@kixtzz</a> all <span style=\"color:rgb(40,40,40);font-family:arial, helvetica, clean, sans-serif;\" >tarian dungeon</span> was populated from USA video i got off of youtube...  if there underground then thats map issue or line of sight issue witch would be aeriagames.  If there is any other ways to fix it please someone let me know ?</p>"
        },
        {
            "id": 86618,
            "timestamp": 1378699688,
            "author": {
                "id": 18906,
                "name": "LCDeath",
                "image": null
            },
            "comment": "\n<blockquote data-ipsquote=\"\" class=\"ipsQuote\" data-ipsquote-contentcommentid=\"86617\" data-ipsquote-contentapp=\"forums\" data-ipsquote-contenttype=\"forums\" data-ipsquote-contentclass=\"forums_Topic\" data-ipsquote-contentid=\"11293\" data-ipsquote-username=\"CDWriter\" data-cite=\"CDWriter\" data-ipsquote-timestamp=\"1378698558\" ><div ><div ><p >@<a contenteditable=\"false\" data-ipshover=\"\" href=\"https://lckb.dev/forum/index.php?/profile/17474-kixtzz/\" data-ipshover-target=\"https://lckb.dev/forum/index.php?/profile/17474-kixtzz/&do=hovercard\" data-mentionid=\"17474\" rel=\"\" >@kixtzz</a> all <span style=\"color:rgb(40,40,40);font-family:arial, helvetica, clean, sans-serif;\" >tarian dungeon</span> was populated from USA video i got off of youtube...  if there underground then thats map issue or line of sight issue witch would be aeriagames.  If there is any other ways to fix it please someone let me know ?</p></div></div></blockquote>\n<div >Thank you very much! great job!</div>\n<div > </div>\n<div >The problem may be in that hallway to the run position \"h\" npc_regen table.</div>\n<div >If Im not mistaken, the NPC ID 1358 (Karabakh) having posision \"x\" about 1600, need posision h = 71 or 74. I try and confirm tomorrow.</div>\n<div > </div>\n<div >I hope you understand, use google translator.</div>\n"
        },
        {
            "id": 86858,
            "timestamp": 1379033932,
            "author": {
                "id": 16931,
                "name": "Walletman987",
                "image": null
            },
            "comment": "<p >I dont know if Im right, but the boxes that drop from ramslo OUTSIDE of tarian dungeon give the wrong armor.  I could change this myself but I just want you to know.</p>"
        },
        {
            "id": 86891,
            "timestamp": 1379104629,
            "author": {
                "id": 17802,
                "name": "Boerni",
                "image": null
            },
            "comment": "<p >nice very nice @<a href=\"http://toxic-l33t.ddns.net/forum/index.php?/user/17582-cdwriter/\" title=\"\" rel=\"external nofollow\" ><span >CDWriter</span></a> , Thankyou</p>"
        },
        {
            "id": 86900,
            "timestamp": 1379116394,
            "author": {
                "id": 17582,
                "name": "CDWriter",
                "image": null
            },
            "comment": "<p >Walletman i used what i could find off of sites and lc web pages .so yeah some could be wrong</p>"
        },
        {
            "id": 86901,
            "timestamp": 1379116662,
            "author": {
                "id": 17582,
                "name": "CDWriter",
                "image": null
            },
            "comment": "<p >Lcdeath any luck.. Did it help? Looks like illhave totest it also with chest in the ending area</p>"
        },
        {
            "id": 86913,
            "timestamp": 1379144937,
            "author": {
                "id": 17582,
                "name": "CDWriter",
                "image": null
            },
            "comment": "<p >If you want to help in any way please send me your work ...Just your work and the Web address confirming its 100% based off Official game ... Your references can be from any site. to prove its on the official server, even a youtube video would work.<br /><br /><span style=\"color:rgb(0,0,0);font-family:Verdana, Arial;font-size:13px;\" >if you do not know how to just send me your work then send me all of it and tell me what you fixed....</span><br /><br /><span style=\"color:rgb(0,0,0);font-family:Verdana, Arial;font-size:13px;\" >I will add it to the database and give credit every time ........</span><br /><br /><span style=\"color:rgb(0,0,0);font-family:Verdana, Arial;font-size:13px;\" >RULES I HAVE:</span><br /><span style=\"color:rgb(0,0,0);font-family:Verdana, Arial;font-size:13px;\" >1. I want official release only .. I started this database to have everyone a base line to start with ....</span><br /><span style=\"color:rgb(0,0,0);font-family:Verdana, Arial;font-size:13px;\" >2. I must see pics or web references based on where you get your info, for me to post it and to add it to My releases ...</span><br /><span style=\"color:rgb(0,0,0);font-family:Verdana, Arial;font-size:13px;\" >3. If i use your stuff i will post it for everyone and will give you credit for your hard work .....</span><br /><span style=\"color:rgb(0,0,0);font-family:Verdana, Arial;font-size:13px;\" >4. This will help a lot of others, Instead of complaining about things you think are wrong Knows your chance to fix them ... </span><br /><br /><span style=\"color:rgb(0,0,0);font-family:Verdana, Arial;font-size:13px;\" >CDWriter</span><br /><br /><span style=\"margin:0px;font-size:13px;background-color:transparent;color:rgb(0,0,0);font-family:Verdana, Arial;\" >Read more: <a href=\"http://lcdatabasepro.boards.net/thread/56/database-v12-cdwriter-fixes-updates#ixzz2eqpsNpNN\" rel=\"external nofollow\" >http://lcdatabasepro.boards.net/thread/56/database-v12-cdwriter-fixes-updates#ixzz2eqpsNpNN</a></span></p>\n\n\t\t\t\n\t\t\t\t\n\n<span class=\"ipsType_reset ipsType_medium ipsType_light\" data-excludequote=\"None\" >\n\t<strong >Edited <time datetime=\"2013-09-14T07:51:15Z\" title=\"09/14/2013 07:51  AM\" data-short=\"7 yr\" >September 14, 2013</time> by CDWriter</strong>\n\t\n\t\n</span>\n\t\t\t\n\t\t</div>"
        },
        {
            "id": 87023,
            "timestamp": 1379251314,
            "author": {
                "id": 16433,
                "name": "Valdes1",
                "image": null
            },
            "comment": "<p >nice. thanks  B)</p>"
        },
        {
            "id": 87393,
            "timestamp": 1379699025,
            "author": {
                "id": 17582,
                "name": "CDWriter",
                "image": null
            },
            "comment": "<p >Close please ....</p>"
        },
        {
            "id": 87394,
            "timestamp": 1379699131,
            "author": {
                "id": 17432,
                "name": "Nymphetamine",
                "image": null
            },
            "comment": "<p >Closed</p>"
        }
    ]
}