{
    "meta": {
        "threadId": 11296,
        "threadName": "HEP MY Search OFFSETT Nation GameServer",
        "dateCreated": "2013-09-04T19:46:35+0000",
        "datePublished": "2013-09-04T19:46:35+0000",
        "pageCount": 1,
        "originalUrl": "https://lckb.dev/forum/index.php?/topic/11296-hep-my-search-offsett-nation-gameserver/",
        "authorId": 14748,
        "position": [
            {
                "@type": "ListItem",
                "position": 1,
                "item": {
                    "@id": "https://lckb.dev/forum/index.php?/forum/100-guides-help-section/",
                    "name": "Guides &amp; Help Section"
                }
            },
            {
                "@type": "ListItem",
                "position": 2,
                "item": {
                    "@id": "https://lckb.dev/forum/index.php?/forum/335-help-support/",
                    "name": "Help &amp; Support"
                }
            },
            {
                "@type": "ListItem",
                "position": 3,
                "item": {
                    "@id": "https://lckb.dev/forum/index.php?/forum/120-ep2-support/",
                    "name": "Ep2 Support"
                }
            },
            {
                "@type": "ListItem",
                "position": 4,
                "item": {
                    "@id": "https://lckb.dev/forum/index.php?/forum/134-solved-topics/",
                    "name": "Solved Topics"
                }
            }
        ]
    },
    "commentData": [
        {
            "id": 86331,
            "timestamp": 1378323995,
            "author": {
                "id": 14748,
                "name": "uillian",
                "image": null
            },
            "comment": "<p >Help my search offset nation in gamserver-usa!!</p>"
        },
        {
            "id": 86332,
            "timestamp": 1378325048,
            "author": {
                "id": 1503,
                "name": "Paramount",
                "image": null
            },
            "comment": "\n<p >When you guys will learn how to use the search button?</p>\n<p ><a href=\"http://toxic-l33t.ddns.net/forum/index.php?/topic/10135-gameserverloginserver-nation-offsets/\" rel=\"external nofollow\" >http://toxic-l33t.ddns.net/forum/index.php?/topic/10135-gameserverloginserver-nation-offsets/</a></p>\n<p > </p>\n<p >This question has been asked already about 3 times.</p>\n"
        },
        {
            "id": 86338,
            "timestamp": 1378336910,
            "author": {
                "id": 14748,
                "name": "uillian",
                "image": null
            },
            "comment": "\n<p ><span ><span >already</span> <span >decided to</span> <span >use the editor</span> <span >Gs</span> <span >wizatek</span><span >, thanks , thanks </span></span></p>\n<p ><span ><a href=\"http://toxic-l33t.ddns.net/forum/index.php?/user/1503-paramount/\" title=\"\" rel=\"external nofollow\" ><span ><b >Paramount</b></span></a></span></p>\n<p > </p>\n<p > </p>\n<p > </p>\n<p ><span ><span ><b >Closed Topic</b></span></span></p>\n\n\n\t\t\t\n\t\t\t\t\n\n<span class=\"ipsType_reset ipsType_medium ipsType_light\" data-excludequote=\"None\" >\n\t<strong >Edited <time datetime=\"2013-09-04T23:22:28Z\" title=\"09/04/2013 11:22  PM\" data-short=\"7 yr\" >September 4, 2013</time> by uillian</strong>\n\t\n\t\n</span>\n\t\t\t\n\t\t</div>"
        },
        {
            "id": 86343,
            "timestamp": 1378363809,
            "author": {
                "id": 2069,
                "name": "LikeToMove",
                "image": null
            },
            "comment": "<p >Closed & moved</p>"
        }
    ]
}