{
    "meta": {
        "threadId": 11317,
        "threadName": "edit new map",
        "dateCreated": "2013-09-06T19:43:26+0000",
        "datePublished": "2013-09-06T19:43:26+0000",
        "pageCount": 1,
        "originalUrl": "https://lckb.dev/forum/index.php?/topic/11317-edit-new-map/",
        "authorId": 7119,
        "position": [
            {
                "@type": "ListItem",
                "position": 1,
                "item": {
                    "@id": "https://lckb.dev/forum/index.php?/forum/271-general-section/",
                    "name": "General Section"
                }
            },
            {
                "@type": "ListItem",
                "position": 2,
                "item": {
                    "@id": "https://lckb.dev/forum/index.php?/forum/43-development-showroom/",
                    "name": "Development Showroom"
                }
            }
        ]
    },
    "commentData": [
        {
            "id": 86478,
            "timestamp": 1378496606,
            "author": {
                "id": 7119,
                "name": "MANGUSTA788",
                "image": null
            },
            "comment": "<p > <a href=\"https://www.youtube.com/watch?v=Ic5mWVcQU4w&feature=youtu.be%C2%A0%C2%A0\" rel=\"external nofollow\" >http://www.youtube.com/watch?v=Ic5mWVcQU4w&feature=youtu.be  </a> work in progress this map replace floriam cave</p>"
        },
        {
            "id": 86496,
            "timestamp": 1378520132,
            "author": {
                "id": 18082,
                "name": "gurock1172",
                "image": null
            },
            "comment": "<p >nice one xd</p>"
        },
        {
            "id": 86497,
            "timestamp": 1378520396,
            "author": {
                "id": 2167,
                "name": "dethunter12",
                "image": null
            },
            "comment": "<p >nice</p>"
        },
        {
            "id": 86687,
            "timestamp": 1378820862,
            "author": {
                "id": 18906,
                "name": "LCDeath",
                "image": null
            },
            "comment": "<p >Very cute! could raise the mega publisher and share the link? 2 days Ive been searching for and downloading Serious of different sites and never run the installer: (</p>"
        },
        {
            "id": 86698,
            "timestamp": 1378826751,
            "author": {
                "id": 17220,
                "name": "Bonnie",
                "image": null
            },
            "comment": "<p >Nice! :) This place is good for pvp :D</p>"
        },
        {
            "id": 86702,
            "timestamp": 1378830404,
            "author": {
                "id": 13172,
                "name": "soryjero",
                "image": null
            },
            "comment": "<p >nice!</p>"
        },
        {
            "id": 86749,
            "timestamp": 1378883264,
            "author": {
                "id": 15998,
                "name": "crankchaos",
                "image": null
            },
            "comment": "<p >nice</p>"
        },
        {
            "id": 86755,
            "timestamp": 1378900190,
            "author": {
                "id": 17613,
                "name": "ZaTii",
                "image": null
            },
            "comment": "\n<p >I dont like it much..</p>\n<p > </p>\n<p >U only put nearly 20 times the same at one place.. Then its clear and the next area comes..</p>\n"
        },
        {
            "id": 86819,
            "timestamp": 1378998773,
            "author": {
                "id": 7119,
                "name": "MANGUSTA788",
                "image": null
            },
            "comment": "<p >  <a href=\"https://www.youtube.com/watch?v=Em1SWL8YNTY&feature=youtu.be%C2%A0%C2%A0%C2%A0%C2%A0%C2%A0%C2%A0\" rel=\"external nofollow\" >http://www.youtube.com/watch?v=Em1SWL8YNTY&feature=youtu.be      </a> <span ><span >this is</span> <span >a work in progress</span> <span >what you see and</span> <span >only</span> <span >1</span><span >%</span> <span >of the final work</span><span >,</span> <span >when</span> <span >I have free time</span> <span >working</span> <span >on the map</span> <span >from</span> <span >4-5</span> <span >hours a day,</span> <span >between</span> <span >serious</span> <span >cinema 4d</span> <span >photoshop</span> <span >editor</span><span >, I accept</span> <span >the criticism</span> <span >but</span> <span >we are</span> <span >all good</span> <span >words</span> <span >when you</span> <span >critique</span> <span >the work of others</span></span></p>\n\n\t\t\t\n\t\t\t\t\n\n<span class=\"ipsType_reset ipsType_medium ipsType_light\" data-excludequote=\"None\" >\n\t<strong >Edited <time datetime=\"2013-09-13T17:25:24Z\" title=\"09/13/2013 05:25  PM\" data-short=\"7 yr\" >September 13, 2013</time> by MANGUSTA788</strong>\n\t\n\t\n</span>\n\t\t\t\n\t\t</div>"
        },
        {
            "id": 86837,
            "timestamp": 1379010260,
            "author": {
                "id": 14868,
                "name": "Gambit",
                "image": null
            },
            "comment": "<p >reminded me a bit of Mordor from Lord of the Rings, except you dont have the orcs and it seems very empty :P....  PS, the colored tents really stand out, lol, </p>"
        },
        {
            "id": 86850,
            "timestamp": 1379016665,
            "author": {
                "id": 17613,
                "name": "ZaTii",
                "image": null
            },
            "comment": "\n<blockquote data-ipsquote=\"\" class=\"ipsQuote\" data-ipsquote-contentcommentid=\"86819\" data-ipsquote-contentapp=\"forums\" data-ipsquote-contenttype=\"forums\" data-ipsquote-contentclass=\"forums_Topic\" data-ipsquote-contentid=\"11317\" data-ipsquote-username=\"MANGUSTA788\" data-cite=\"MANGUSTA788\" data-ipsquote-timestamp=\"1378998773\" ><div ><div ><p >this is a work in progress \"you know what I mean?\" what you see now and a draft, in a forest how many trees are there? one or thousands</p></div></div></blockquote>\n<p > </p>\n<p > </p>\n<p >I know that.. But u only put the same model in a area like 20meter x 20meters.. then the terrain is blank and another model comes..</p>\n"
        }
    ]
}