{
    "meta": {
        "threadId": 11315,
        "threadName": "Nude Patch",
        "dateCreated": "2013-09-06T18:15:22+0000",
        "datePublished": "2013-09-06T18:15:22+0000",
        "pageCount": 1,
        "originalUrl": "https://lckb.dev/forum/index.php?/topic/11315-nude-patch/",
        "authorId": 267,
        "position": [
            {
                "@type": "ListItem",
                "position": 1,
                "item": {
                    "@id": "https://lckb.dev/forum/index.php?/forum/258-release-zone/",
                    "name": "Release Zone"
                }
            },
            {
                "@type": "ListItem",
                "position": 2,
                "item": {
                    "@id": "https://lckb.dev/forum/index.php?/forum/336-general-releases/",
                    "name": "General Releases"
                }
            },
            {
                "@type": "ListItem",
                "position": 3,
                "item": {
                    "@id": "https://lckb.dev/forum/index.php?/forum/288-general-client-releases/",
                    "name": "General Client Releases"
                }
            }
        ]
    },
    "commentData": [
        {
            "id": 86463,
            "timestamp": 1378491322,
            "author": {
                "id": 267,
                "name": "SutWick",
                "image": null
            },
            "comment": "\n<p ><span style=\"font-size:24px;\" ><span style=\"font-family:comic sans ms, cursive;\" ><strong >A blast from the past</strong></span></span><br >I was searching for this for fun an thought Id share the link here for all.<br ><span style=\"font-size:24px;\" ><span style=\"font-family:comic sans ms, cursive;\" ><strong ><img alt=\"Last+Chaos.png\" src=\"https://3.bp.blogspot.com/-2ISWkEr8-Iw/T_L6aszhalI/AAAAAAAABrE/ebuUE57iEn4/s400/Last+Chaos.png\" ></img></strong></span></span><br > <br >Created by NudePatcher (Not me)<br > <br ><a data-ipb=\"nomediaparse\" href=\"https://nudepatcher.blogspot.co.uk/2012/07/last-chaos-nude-mod.html?zx=90fd135b89af8906\" rel=\"external nofollow\" >http://nudepatcher.blogspot.co.uk/2012/07/last-chaos-nude-mod.html?zx=90fd135b89af8906</a></br></br></br></br></br></br></p>\n<p > </p>\n<p >Direct download mirror (my host): <a data-ipb=\"nomediaparse\" href=\"http://lc-dev.ddns.net/file_share/LC_Nude_Mod.zip\" rel=\"external nofollow\" >http://lc-dev.ddns.net/file_share/LC_Nude_Mod.zip</a></p>\n"
        },
        {
            "id": 86465,
            "timestamp": 1378492668,
            "author": {
                "id": 17432,
                "name": "Nymphetamine",
                "image": null
            },
            "comment": "\n<p >Pervert max!</p>\n<p >So its true mage have biggest [CeNsOrEd]!!</p>\n"
        },
        {
            "id": 86469,
            "timestamp": 1378493900,
            "author": {
                "id": 10637,
                "name": "redbull",
                "image": null
            },
            "comment": "<p >cool :D:D:D:D:D its funny thx</p>"
        },
        {
            "id": 86477,
            "timestamp": 1378496264,
            "author": {
                "id": 13172,
                "name": "soryjero",
                "image": null
            },
            "comment": "<p >mmmmm so nice lol :P</p>"
        },
        {
            "id": 86481,
            "timestamp": 1378497468,
            "author": {
                "id": 2167,
                "name": "dethunter12",
                "image": null
            },
            "comment": "<p >llol how did i know you would release this already have it but thanks xd</p>"
        },
        {
            "id": 86484,
            "timestamp": 1378499094,
            "author": {
                "id": 11986,
                "name": "SnowFox",
                "image": null
            },
            "comment": "<p >Hahahahaha awesome good one :).</p>"
        },
        {
            "id": 86495,
            "timestamp": 1378517893,
            "author": {
                "id": 267,
                "name": "SutWick",
                "image": null
            },
            "comment": "\n<p >Use to use it back in the 2008 server days an it popped into my head from a forum post about mages having biggest [CeNsOrEd] lol</p>\n<p >Off I ran an googled the nude patch an shared it here as I not seen many ppl use it xD</p>\n<p > </p>\n<p >Its not my work so no thx needed just a mirror download :) nice to see the old [CeNsOrEd] again lmao!!</p>\n"
        },
        {
            "id": 86500,
            "timestamp": 1378533554,
            "author": {
                "id": 16274,
                "name": "Shayna",
                "image": null
            },
            "comment": "<p >Thx MaX :D</p>"
        },
        {
            "id": 86504,
            "timestamp": 1378542358,
            "author": {
                "id": 15126,
                "name": "rrbkmz",
                "image": null
            },
            "comment": "<p >xDDDD nice) :ignat_02:</p>\n\n\t\t\t\n\t\t\t\t\n\n<span class=\"ipsType_reset ipsType_medium ipsType_light\" data-excludequote=\"None\" >\n\t<strong >Edited <time datetime=\"2013-09-07T09:51:06Z\" title=\"09/07/2013 09:51  AM\" data-short=\"7 yr\" >September 7, 2013</time> by rrbkmz</strong>\n\t\n\t\n</span>\n\t\t\t\n\t\t</div>"
        },
        {
            "id": 90461,
            "timestamp": 1384962939,
            "author": {
                "id": 13584,
                "name": "Slash",
                "image": null
            },
            "comment": "<p >Host link dont work and the first link want password for decompressing.</p>"
        }
    ]
}