{
    "meta": {
        "threadId": 11339,
        "threadName": "Lustrum Fix",
        "dateCreated": "2013-09-09T10:34:58+0000",
        "datePublished": "2013-09-09T10:34:58+0000",
        "pageCount": 1,
        "originalUrl": "https://lckb.dev/forum/index.php?/topic/11339-lustrum-fix/",
        "authorId": 18850,
        "position": [
            {
                "@type": "ListItem",
                "position": 1,
                "item": {
                    "@id": "https://lckb.dev/forum/index.php?/forum/258-release-zone/",
                    "name": "Release Zone"
                }
            },
            {
                "@type": "ListItem",
                "position": 2,
                "item": {
                    "@id": "https://lckb.dev/forum/index.php?/forum/324-episode-1-releases/",
                    "name": "Episode 1 Releases"
                }
            },
            {
                "@type": "ListItem",
                "position": 3,
                "item": {
                    "@id": "https://lckb.dev/forum/index.php?/forum/41-server-side/",
                    "name": "Server Side"
                }
            }
        ]
    },
    "commentData": [
        {
            "id": 86629,
            "timestamp": 1378722898,
            "author": {
                "id": 18850,
                "name": "WeedyStar",
                "image": null
            },
            "comment": "\n<p >Lustrum fix.<br /><br />You must use the lustrum maps and map size is given or it wont work</p>\n<p > </p>\n<p >REMOVED BY KOKO (hiding someones work as yours)<br /><br />password- lustrumfix<br /><br />Regards,<br />Whazzert<br /><br />Release Approved by Mendozza : Status Clean<br /><br /><span style=\"font-size:10px;\" >Project By Whazzert.NET</span></p>\n"
        },
        {
            "id": 87590,
            "timestamp": 1380017254,
            "author": {
                "id": 17613,
                "name": "ZaTii",
                "image": null
            },
            "comment": "<p >An what does it fix?</p>"
        },
        {
            "id": 87783,
            "timestamp": 1380378134,
            "author": {
                "id": 11151,
                "name": "Vogelj1988",
                "image": null
            },
            "comment": "<p >this is my release from his site i go by newarchgaming.inc i have it in the pvt part they have no permission to make my work public</p>"
        },
        {
            "id": 87784,
            "timestamp": 1380378304,
            "author": {
                "id": 11151,
                "name": "Vogelj1988",
                "image": null
            },
            "comment": "<p >password has been changed good luck you noobs that try to get my work for free</p>"
        },
        {
            "id": 87785,
            "timestamp": 1380381125,
            "author": {
                "id": 161,
                "name": "Koko",
                "image": null
            },
            "comment": "\n<p >Confirmed, unless Whazzert can give me a really good explanation for the mysterious password change? (Vogel sent me the real one, which works now...)</p>\n<p >This is clearly against the boards rules, so the link is now removed, and the author of this thread banned.</p>\n<p > </p>\n<p >Pay a bit more attention to the rules next time.</p>\n"
        }
    ]
}