{
    "meta": {
        "threadId": 11344,
        "threadName": "problem mysql connection",
        "dateCreated": "2013-09-10T14:23:06+0000",
        "datePublished": "2013-09-10T14:23:06+0000",
        "pageCount": 1,
        "originalUrl": "https://lckb.dev/forum/index.php?/topic/11344-problem-mysql-connection/",
        "authorId": 17148,
        "position": [
            {
                "@type": "ListItem",
                "position": 1,
                "item": {
                    "@id": "https://lckb.dev/forum/index.php?/forum/100-guides-help-section/",
                    "name": "Guides &amp; Help Section"
                }
            },
            {
                "@type": "ListItem",
                "position": 2,
                "item": {
                    "@id": "https://lckb.dev/forum/index.php?/forum/335-help-support/",
                    "name": "Help &amp; Support"
                }
            },
            {
                "@type": "ListItem",
                "position": 3,
                "item": {
                    "@id": "https://lckb.dev/forum/index.php?/forum/120-ep2-support/",
                    "name": "Ep2 Support"
                }
            },
            {
                "@type": "ListItem",
                "position": 4,
                "item": {
                    "@id": "https://lckb.dev/forum/index.php?/forum/134-solved-topics/",
                    "name": "Solved Topics"
                }
            }
        ]
    },
    "commentData": [
        {
            "id": 86690,
            "timestamp": 1378822986,
            "author": {
                "id": 17148,
                "name": "WorldOfWars",
                "image": null
            },
            "comment": "\n<p >Hey guys,</p>\n<p > </p>\n<p >i got a new host and i want more security , so i added a password for the \"root\" user of mysql. I can connect to database via SSH, but when i want to start my Subhelper or other, i got message : cannot connect DB !! (i changed the pass in newstobm.bin too)</p>\n<p > </p>\n<p >I changed the right of user in navicat ,they got all rights but he dont want to work.</p>\n<p > </p>\n<p >Thanks for help.</p>\n"
        },
        {
            "id": 86692,
            "timestamp": 1378823249,
            "author": {
                "id": 5184,
                "name": "fonsy84",
                "image": null
            },
            "comment": "\n<div >Lastchaos is using a mysql library that only supports old passwords.</div>\n<br /><div >So u would have to enable the old passwords in /etc/my.cnf add the line old_passwords=1</div>\n<br /><div >and then restart mysql.</div>\n<br /><div > </div>\n<br /><div >then u need to update the password for that user with a old password like this</div>\n<br /><div >UPDATE mysql.user SET password = OLD_PASSWORD(password comes here) WHERE user = root AND host = localhost</div>\n<br /><div > </div>\n<br /><div >Now u can use the password </div>\n<br /><div > </div>\n<br /><div >by Wizatek</div>\n<br />"
        },
        {
            "id": 86693,
            "timestamp": 1378824025,
            "author": {
                "id": 17148,
                "name": "WorldOfWars",
                "image": null
            },
            "comment": "\n<p >hey,</p>\n<p > </p>\n<p >where i put it ?</p>\n<p > </p>\n<p ><span style=\"color:rgb(40,40,40);font-family:arial, helvetica, clean, sans-serif;\" >UPDATE mysql.user SET password = OLD_PASSWORD(password comes here) WHERE user = root AND host = localhost</span></p>\n<p > </p>\n<p ><span style=\"color:rgb(40,40,40);font-family:arial, helvetica, clean, sans-serif;\" >in navicat console or putty?</span></p>\n"
        },
        {
            "id": 86697,
            "timestamp": 1378826478,
            "author": {
                "id": 5184,
                "name": "fonsy84",
                "image": null
            },
            "comment": "<p >navicat , console and paste </p>"
        },
        {
            "id": 86699,
            "timestamp": 1378826780,
            "author": {
                "id": 17148,
                "name": "WorldOfWars",
                "image": null
            },
            "comment": "\n<p >I found, now work.</p>\n<p > </p>\n<p >Thanks at @<a contenteditable=\"false\" data-ipshover=\"\" href=\"https://lckb.dev/forum/index.php?/profile/5184-fonsy84/\" data-ipshover-target=\"https://lckb.dev/forum/index.php?/profile/5184-fonsy84/&do=hovercard\" data-mentionid=\"5184\" rel=\"\" >@fonsy84</a> and @<a contenteditable=\"false\" data-ipshover=\"\" href=\"https://lckb.dev/forum/index.php?/profile/2-wizatek/\" data-ipshover-target=\"https://lckb.dev/forum/index.php?/profile/2-wizatek/&do=hovercard\" data-mentionid=\"2\" rel=\"\" >@Wizatek</a> .</p>\n<p > </p>\n<p ><span style=\"font-size:24px;\" ><span style=\"color:#ff0000;\" >SOLVED</span></span></p>\n"
        },
        {
            "id": 86700,
            "timestamp": 1378826980,
            "author": {
                "id": 5184,
                "name": "fonsy84",
                "image": null
            },
            "comment": "<p >please rename post and put SOLVED , thx</p>"
        },
        {
            "id": 86704,
            "timestamp": 1378831978,
            "author": {
                "id": 1503,
                "name": "Paramount",
                "image": null
            },
            "comment": "<p >Closed and moved.</p>"
        }
    ]
}