{
    "meta": {
        "threadId": 11368,
        "threadName": "GameServer error",
        "dateCreated": "2013-09-13T16:48:17+0000",
        "datePublished": "2013-09-13T16:48:17+0000",
        "pageCount": 1,
        "originalUrl": "https://lckb.dev/forum/index.php?/topic/11368-gameserver-error/",
        "authorId": 13764,
        "position": [
            {
                "@type": "ListItem",
                "position": 1,
                "item": {
                    "@id": "https://lckb.dev/forum/index.php?/forum/100-guides-help-section/",
                    "name": "Guides &amp; Help Section"
                }
            },
            {
                "@type": "ListItem",
                "position": 2,
                "item": {
                    "@id": "https://lckb.dev/forum/index.php?/forum/335-help-support/",
                    "name": "Help &amp; Support"
                }
            },
            {
                "@type": "ListItem",
                "position": 3,
                "item": {
                    "@id": "https://lckb.dev/forum/index.php?/forum/120-ep2-support/",
                    "name": "Ep2 Support"
                }
            },
            {
                "@type": "ListItem",
                "position": 4,
                "item": {
                    "@id": "https://lckb.dev/forum/index.php?/forum/134-solved-topics/",
                    "name": "Solved Topics"
                }
            }
        ]
    },
    "commentData": [
        {
            "id": 86880,
            "timestamp": 1379090897,
            "author": {
                "id": 13764,
                "name": "MrBuSta",
                "image": null
            },
            "comment": "\n<p >Hi all,when i start my server with two gameserver and 2 connector for first server is classic,second is for fun server,its in one lc with one vps ip, if 2 gameserver run  i get this error:</p>\n<p > </p>\n<div > </div>\n<div >*** glibc detected *** ./GameServer_d: corrupted double-linked list: 0x0a2544b8 ***</div>\n<div >======= Backtrace: =========</div>\n<div >/lib/libc.so.6(+0x70df1)[0x1c8df1]</div>\n<div >/lib/libc.so.6(+0x737e3)[0x1cb7e3]</div>\n<div >/usr/lib/libstdc++.so.6(_ZdlPv+0x22)[0x588df2]</div>\n<div >./GameServer_d[0x81e4c33]</div>\n<div >./GameServer_d[0x81d19ba]</div>\n<div >./GameServer_d[0x81d5367]</div>\n<div >/lib/libc.so.6(exit+0xdf)[0x18610f]</div>\n<div >./GameServer_d[0x81bbea6]</div>\n<div >./GameServer_d[0x81c2501]</div>\n<div >./GameServer_d[0x810719f]</div>\n<div >/lib/libc.so.6(__libc_start_main+0xe6)[0x16ece6]</div>\n<div >./GameServer_d(__gxx_personality_v0+0xd9)[0x804aab1]</div>\n<div >======= Memory map: ========</div>\n<div >00126000-00138000 r-xp 00000000 fc:01 29068                              /lib/libz.so.1.2.3</div>\n<div >00138000-00139000 r--p 00011000 fc:01 29068                              /lib/libz.so.1.2.3</div>\n<div >00139000-0013a000 rw-p 00012000 fc:01 29068                              /lib/libz.so.1.2.3</div>\n<div >0013a000-00157000 r-xp 00000000 fc:01 7471                               /lib/libgcc_s-4.4.7-20120601.so.1</div>\n<div >00157000-00158000 rw-p 0001d000 fc:01 7471                               /lib/libgcc_s-4.4.7-20120601.so.1</div>\n<div >00158000-002e8000 r-xp 00000000 fc:01 18259                              /lib/libc-2.12.so</div>\n<div >002e8000-002e9000 ---p 00190000 fc:01 18259                              /lib/libc-2.12.so</div>\n<div >002e9000-002eb000 r--p 00190000 fc:01 18259                              /lib/libc-2.12.so</div>\n<div >002eb000-002ec000 rw-p 00192000 fc:01 18259                              /lib/libc-2.12.so</div>\n<div >002ec000-002ef000 rw-p 00000000 00:00 0</div>\n<div >002ef000-00304000 r-xp 00000000 fc:01 18851                              /lib/libresolv-2.12.so</div>\n<div >00304000-00305000 ---p 00015000 fc:01 18851                              /lib/libresolv-2.12.so</div>\n<div >00305000-00306000 r--p 00015000 fc:01 18851                              /lib/libresolv-2.12.so</div>\n<div >00306000-00307000 rw-p 00016000 fc:01 18851                              /lib/libresolv-2.12.so</div>\n<div >00307000-00309000 rw-p 00000000 00:00 0</div>\n<div >00326000-0032d000 r-xp 00000000 fc:01 18573                              /lib/libcrypt-2.12.so</div>\n<div >0032d000-0032e000 r--p 00007000 fc:01 18573                              /lib/libcrypt-2.12.so</div>\n<div >0032e000-0032f000 rw-p 00008000 fc:01 18573                              /lib/libcrypt-2.12.so</div>\n<div >0032f000-00356000 rw-p 00000000 00:00 0</div>\n<div >00356000-003a5000 r-xp 00000000 fc:01 18866                              /lib/libfreebl3.so</div>\n<div >003a5000-003a6000 r--p 0004e000 fc:01 18866                              /lib/libfreebl3.so</div>\n<div >003a6000-003a7000 rw-p 0004f000 fc:01 18866                              /lib/libfreebl3.so</div>\n<div >003a7000-003ab000 rw-p 00000000 00:00 0</div>\n<div >00400000-0041e000 r-xp 00000000 fc:01 3974                               /lib/ld-2.12.so</div>\n<div >0041e000-0041f000 r--p 0001d000 fc:01 3974                               /lib/ld-2.12.so</div>\n<div >0041f000-00420000 rw-p 0001e000 fc:01 3974                               /lib/ld-2.12.so</div>\n<div >004dc000-005bb000 r-xp 00000000 fc:01 29075                              /usr/lib/libstdc++.so.6.0.13</div>\n<div >005bb000-005bf000 r--p 000de000 fc:01 29075                              /usr/lib/libstdc++.so.6.0.13</div>\n<div >005bf000-005c0000 rw-p 000e2000 fc:01 29075                              /usr/lib/libstdc++.so.6.0.13</div>\n<div >005c0000-005c7000 rw-p 00000000 00:00 0</div>\n<div >006a0000-006b7000 r-xp 00000000 fc:01 18849                              /lib/libpthread-2.12.so</div>\n<div >006b7000-006b8000 r--p 00016000 fc:01 18849                              /lib/libpthread-2.12.so</div>\n<div >006b8000-006b9000 rw-p 00017000 fc:01 18849                              /lib/libpthread-2.12.so</div>\n<div >006b9000-006bb000 rw-p 00000000 00:00 0</div>\n<div >007b9000-007be000 r-xp 00000000 fc:01 18839                              /lib/libnss_dns-2.12.so</div>\n<div >007be000-007bf000 r--p 00004000 fc:01 18839                              /lib/libnss_dns-2.12.so</div>\n<div >007bf000-007c0000 rw-p 00005000 fc:01 18839                              /lib/libnss_dns-2.12.so</div>\n<div >0081b000-0083e000 r-xp 00000000 fc:01 20995                              /usr/lib/libmysqlclient.so.12</div>\n<div >0083e000-00851000 rw-p 00022000 fc:01 20995                              /usr/lib/libmysqlclient.so.12</div>\n<div >00851000-00852000 rw-p 00000000 00:00 0</div>\n<div >00980000-00981000 r-xp 00000000 00:00 0                                  [vdso]</div>\n<div >00aed000-00af9000 r-xp 00000000 fc:01 18841                              /lib/libnss_files-2.12.so</div>\n<div >00af9000-00afa000 r--p 0000b000 fc:01 18841                              /lib/libnss_files-2.12.so</div>\n<div >00afa000-00afb000 rw-p 0000c000 fc:01 18841                              /lib/libnss_files-2.12.so</div>\n<div >00c4d000-00c75000 r-xp 00000000 fc:01 18833                              /lib/libm-2.12.so</div>\n<div >00c75000-00c76000 r--p 00027000 fc:01 18833                              /lib/libm-2.12.so</div>\n<div >00c76000-00c77000 rw-p 00028000 fc:01 18833                              /lib/libm-2.12.so</div>\n<div >00c82000-00c85000 r-xp 00000000 fc:01 18831                              /lib/libdl-2.12.so</div>\n<div >00c85000-00c86000 r--p 00002000 fc:01 18831                              /lib/libdl-2.12.so</div>\n<div >00c86000-00c87000 rw-p 00003000 fc:01 18831                              /lib/libdl-2.12.so</div>\n<div >00f9e000-00fb5000 r-xp 00000000 fc:01 18835                              /lib/libnsl-2.12.so</div>\n<div >00fb5000-00fb6000 r--p 00016000 fc:01 18835                              /lib/libnsl-2.12.so</div>\n<div >00fb6000-00fb7000 rw-p 00017000 fc:01 18835                              /lib/libnsl-2.12.so</div>\n<div >00fb7000-00fb9000 rw-p 00000000 00:00 0</div>\n<div >00fb9000-00fba000 ---p 00000000 00:00 0</div>\n<div >00fba000-019ba000 rwxp 00000000 00:00 0</div>\n<div >08048000-0833f000 r-xp 00000000 fc:01 533226                             /opt/GameServer2/GameServer_d</div>\n<div >0833f000-08342000 rw-p 002f7000 fc:01 533226                             /opt/GameServer2/GameServer_d</div>\n<div >08342000-083c7000 rw-p 00000000 00:00 0</div>\n<div >09a47000-2b308000 rw-p 00000000 00:00 0                                  [heap]</div>\n<div >f6f00000-f6f21000 rw-p 00000000 00:00 0</div>\n<div >f6f21000-f7000000 ---p 00000000 00:00 0</div>\n<div >f70d4000-f733d000 rw-p 00000000 00:00 0</div>\n<div >f74d2000-f74d3000 rw-p 00000000 00:00 0</div>\n<div >f7600000-f7718000 rw-p 00000000 00:00 0</div>\n<div >f7724000-f7726000 rw-p 00000000 00:00 0</div>\n<div >ffd3f000-ffd52000 rwxp 00000000 00:00 0                                  [stack]</div>\n<div >ffd52000-ffd54000 rw-p 00000000 00:00 0</div>\n<div > </div>\n<div > </div>\n<div >Sorry for bad english,</div>\n<div > </div>\n<div >Edit: I get this error if 2 GameServer_d runing, if im only start 1 gameserver,no problem,but if i start 2 i get this error.</div>\n\n\n\t\t\t\n\t\t\t\t\n\n<span class=\"ipsType_reset ipsType_medium ipsType_light\" data-excludequote=\"None\" >\n\t<strong >Edited <time datetime=\"2013-09-13T17:24:00Z\" title=\"09/13/2013 05:24  PM\" data-short=\"7 yr\" >September 13, 2013</time> by Adam1998i</strong>\n\t\n\t\n</span>\n\t\t\t\n\t\t</div>"
        },
        {
            "id": 86882,
            "timestamp": 1379091261,
            "author": {
                "id": 13764,
                "name": "MrBuSta",
                "image": null
            },
            "comment": "<p >Im use USA GameServer_d</p>"
        },
        {
            "id": 86884,
            "timestamp": 1379097338,
            "author": {
                "id": 549,
                "name": "kimpobin02",
                "image": null
            },
            "comment": "<p ><sup ><span ><span >t_zonedata</span> <span >incompatible with</span> <span >GameServer data </span><span >check your </span><span >. sat</span> <span >file</span></span></sup></p>"
        },
        {
            "id": 86885,
            "timestamp": 1379098463,
            "author": {
                "id": 13764,
                "name": "MrBuSta",
                "image": null
            },
            "comment": "\n<blockquote data-ipsquote=\"\" class=\"ipsQuote\" data-ipsquote-contentcommentid=\"86884\" data-ipsquote-contentapp=\"forums\" data-ipsquote-contenttype=\"forums\" data-ipsquote-contentclass=\"forums_Topic\" data-ipsquote-contentid=\"11368\" data-ipsquote-username=\"kimpobin02\" data-cite=\"kimpobin02\" data-ipsquote-timestamp=\"1379097338\" ><div ><div ><p ><sup >t_zonedata incompatible with GameServer data check your . sat file</sup></p></div></div></blockquote>\n<p >im use 2 gameserver to,its have same files, and only get this error if i want run this 2 gameserver,if im use only one gameserver its work,fun server and classic server gameserver to</p>\n"
        },
        {
            "id": 86908,
            "timestamp": 1379127634,
            "author": {
                "id": 7263,
                "name": "SibaN",
                "image": null
            },
            "comment": "<p >Database Probleme</p>"
        },
        {
            "id": 86909,
            "timestamp": 1379136388,
            "author": {
                "id": 2,
                "name": "Wizatek",
                "image": null
            },
            "comment": "\n<p >Tell a little more about your setup then. </p>\n<p >If u for example have 2 servergroups like Katar and Cariae for example, then u need 2 connectors, 2 helpers and 2 subhelpers</p>\n<p >In the LoginServer u need to define that there are 2 Connectors</p>\n"
        },
        {
            "id": 86962,
            "timestamp": 1379198887,
            "author": {
                "id": 13764,
                "name": "MrBuSta",
                "image": null
            },
            "comment": "\n<blockquote data-ipsquote=\"\" class=\"ipsQuote\" data-ipsquote-contentcommentid=\"86909\" data-ipsquote-contentapp=\"forums\" data-ipsquote-contenttype=\"forums\" data-ipsquote-contentclass=\"forums_Topic\" data-ipsquote-contentid=\"11368\" data-ipsquote-username=\"Wizatek\" data-cite=\"Wizatek\" data-ipsquote-timestamp=\"1379136388\" ><div ><div >\n<p >Tell a little more about your setup then. </p>\n<p >If u for example have 2 servergroups like Katar and Cariae for example, then u need 2 connectors, 2 helpers and 2 subhelpers</p>\n<p >In the LoginServer u need to define that there are 2 Connnectors</p>\n</div></div></blockquote>\n<p > </p>\n<p >Yes,Thnx. im fixed, i dont had 2 SubHelpers and needed to change GameServer Port.</p>\n<p > </p>\n<p >Close Please.</p>\n"
        },
        {
            "id": 86987,
            "timestamp": 1379226164,
            "author": {
                "id": 17432,
                "name": "Nymphetamine",
                "image": null
            },
            "comment": "<p >Moved and closed</p>"
        },
        {
            "id": 86988,
            "timestamp": 1379226171,
            "author": {
                "id": null,
                "name": "Guest Johnny5",
                "image": null
            },
            "comment": "<p >Moderator closed because: Solved</p>"
        }
    ]
}