{
    "meta": {
        "threadId": 11376,
        "threadName": "What Size Do I use when making a Temple design for a website",
        "dateCreated": "2013-09-14T13:50:10+0000",
        "datePublished": "2013-09-14T13:50:10+0000",
        "pageCount": 1,
        "originalUrl": "https://lckb.dev/forum/index.php?/topic/11376-what-size-do-i-use-when-making-a-temple-design-for-a-website/",
        "authorId": 16954,
        "position": [
            {
                "@type": "ListItem",
                "position": 1,
                "item": {
                    "@id": "https://lckb.dev/forum/index.php?/forum/40-website-scripting-security/",
                    "name": "Website Scripting &amp; Security"
                }
            },
            {
                "@type": "ListItem",
                "position": 2,
                "item": {
                    "@id": "https://lckb.dev/forum/index.php?/forum/117-webmasters-help-talk/",
                    "name": "Webmasters Help &amp; Talk"
                }
            },
            {
                "@type": "ListItem",
                "position": 3,
                "item": {
                    "@id": "https://lckb.dev/forum/index.php?/forum/188-help-requests/",
                    "name": "Help &amp; Requests"
                }
            }
        ]
    },
    "commentData": [
        {
            "id": 86938,
            "timestamp": 1379166610,
            "author": {
                "id": 16954,
                "name": "spadge88",
                "image": null
            },
            "comment": "\n<p >Hey,</p>\n<p >as the title says, i am using Photoshop, when i go on the web page there are 4-6 different page sizes just wondering which one i should use, for a LC site.</p>\n<p >If you can help me thanks,</p>\n<p >Regards</p>\n"
        },
        {
            "id": 87164,
            "timestamp": 1379403393,
            "author": {
                "id": 267,
                "name": "SutWick",
                "image": null
            },
            "comment": "<p >I think the standard is 1024 width any height (as you can scroll) </p>"
        },
        {
            "id": 87165,
            "timestamp": 1379405668,
            "author": {
                "id": 13529,
                "name": "DrGenius",
                "image": null
            },
            "comment": "<p >thats depending in how u want it and depending the design example mine at universelc2.com is 1920x2000  in pixels</p>"
        },
        {
            "id": 87254,
            "timestamp": 1379520980,
            "author": {
                "id": 16954,
                "name": "spadge88",
                "image": null
            },
            "comment": "\n<blockquote data-ipsquote=\"\" class=\"ipsQuote\" data-ipsquote-contentcommentid=\"87164\" data-ipsquote-contentapp=\"forums\" data-ipsquote-contenttype=\"forums\" data-ipsquote-contentclass=\"forums_Topic\" data-ipsquote-contentid=\"11376\" data-ipsquote-username=\"MaX\" data-cite=\"MaX\" data-ipsquote-timestamp=\"1379403393\" ><div ><div ><p >I think the standard is 1024 width any height (as you can scroll)</p></div></div></blockquote>\n<p > </p>\n<blockquote data-ipsquote=\"\" class=\"ipsQuote\" data-ipsquote-contentcommentid=\"87165\" data-ipsquote-contentapp=\"forums\" data-ipsquote-contenttype=\"forums\" data-ipsquote-contentclass=\"forums_Topic\" data-ipsquote-contentid=\"11376\" data-ipsquote-username=\"DrGenius\" data-cite=\"DrGenius\" data-ipsquote-timestamp=\"1379405668\" ><div ><div ><p >thats depending in how u want it and depending the design example mine at universelc2.com is 1920x2000  in pixels</p></div></div></blockquote>\n<p > ok thanks guys :), </p>\n"
        }
    ]
}