{
    "meta": {
        "threadId": 11372,
        "threadName": "Custom Armor Color",
        "dateCreated": "2013-09-14T07:57:18+0000",
        "datePublished": "2013-09-14T07:57:18+0000",
        "pageCount": 1,
        "originalUrl": "https://lckb.dev/forum/index.php?/topic/11372-custom-armor-color/",
        "authorId": 2167,
        "position": [
            {
                "@type": "ListItem",
                "position": 1,
                "item": {
                    "@id": "https://lckb.dev/forum/index.php?/forum/258-release-zone/",
                    "name": "Release Zone"
                }
            },
            {
                "@type": "ListItem",
                "position": 2,
                "item": {
                    "@id": "https://lckb.dev/forum/index.php?/forum/336-general-releases/",
                    "name": "General Releases"
                }
            },
            {
                "@type": "ListItem",
                "position": 3,
                "item": {
                    "@id": "https://lckb.dev/forum/index.php?/forum/288-general-client-releases/",
                    "name": "General Client Releases"
                }
            }
        ]
    },
    "commentData": [
        {
            "id": 86914,
            "timestamp": 1379145438,
            "author": {
                "id": 2167,
                "name": "dethunter12",
                "image": null
            },
            "comment": "\n<p >ive made some custom color edits on armor now if you wanna use original and mine simply keep these in the folder it comes with and write in smc the folder destination case normally if you specify its location data/item/shield/so_bd_test.smc you have to click icon next to it and put correct directory hit like if you use my release or if you think it is nice give some feedback this is my first edit for armor</p>\n<p ><img alt=\"tYDAI1m.png\" src=\"https://i.imgur.com/tYDAI1m.png\" /></p>\n<p > </p>\n<p >here is the files</p>\n<div ><a href=\"https://mega.co.nz/#!B1IwEJpB!dqTRE0QEntwAzr_q6gLjX1vKnUUGvxVLbxQFxOsjEJ4\" rel=\"external nofollow\" >Download Link</a></div>\n<div > </div>\n<div >\n<div >here is the Weapon</div>\n<div >\n<div ><a href=\"https://mega.co.nz/#!9oIB2ALK!SWThoG4FApuI8pwUuhBzQGegJv0pXUUD4VUZMLQ-xJU\" rel=\"external nofollow\" >Download Link</a></div>\n<div > </div>\n</div>\n<div > </div>\n<div > </div>\n</div>\n\n\n\t\t\t\n\t\t\t\t\n\n<span class=\"ipsType_reset ipsType_medium ipsType_light\" data-excludequote=\"None\" >\n\t<strong >Edited <time datetime=\"2013-09-14T08:49:52Z\" title=\"09/14/2013 08:49  AM\" data-short=\"7 yr\" >September 14, 2013</time> by DrGenius</strong>\n\t\n\t\n</span>\n\t\t\t\n\t\t</div>"
        },
        {
            "id": 86915,
            "timestamp": 1379145930,
            "author": {
                "id": 13529,
                "name": "DrGenius",
                "image": null
            },
            "comment": "<p >Approved thanks for sharing.</p>"
        }
    ]
}