{
    "meta": {
        "threadId": 11373,
        "threadName": "problem for start channel 2 and more",
        "dateCreated": "2013-09-14T10:27:39+0000",
        "datePublished": "2013-09-14T10:27:39+0000",
        "pageCount": 1,
        "originalUrl": "https://lckb.dev/forum/index.php?/topic/11373-problem-for-start-channel-2-and-more/",
        "authorId": 17148,
        "position": [
            {
                "@type": "ListItem",
                "position": 1,
                "item": {
                    "@id": "https://lckb.dev/forum/index.php?/forum/100-guides-help-section/",
                    "name": "Guides &amp; Help Section"
                }
            },
            {
                "@type": "ListItem",
                "position": 2,
                "item": {
                    "@id": "https://lckb.dev/forum/index.php?/forum/335-help-support/",
                    "name": "Help &amp; Support"
                }
            },
            {
                "@type": "ListItem",
                "position": 3,
                "item": {
                    "@id": "https://lckb.dev/forum/index.php?/forum/120-ep2-support/",
                    "name": "Ep2 Support"
                }
            },
            {
                "@type": "ListItem",
                "position": 4,
                "item": {
                    "@id": "https://lckb.dev/forum/index.php?/forum/134-solved-topics/",
                    "name": "Solved Topics"
                }
            }
        ]
    },
    "commentData": [
        {
            "id": 86923,
            "timestamp": 1379154459,
            "author": {
                "id": 17148,
                "name": "WorldOfWars",
                "image": null
            },
            "comment": "\n<p >Hey i got a problem.</p>\n<p > </p>\n<p >I bought new host on OVH company and when i want to start my channel2 after my channel 1 i got this message : </p>\n<p > </p>\n<p ><a href=\"http://www.hostingpics.net/viewer.php?id=26552854gs.png\" rel=\"external nofollow\" ><img alt=\"26552854gs.png\" src=\"http://img4.hostingpics.net/pics/26552854gs.png\" /></a></p>\n<p > </p>\n<p >What is problem please?</p>\n<p > </p>\n<p >And when i start the game server 2 , he start channel 1</p>\n"
        },
        {
            "id": 86943,
            "timestamp": 1379170388,
            "author": {
                "id": 18312,
                "name": "Assasin",
                "image": null
            },
            "comment": "<p >Change Port Ch2</p>\n\n\t\t\t\n\t\t\t\t\n\n<span class=\"ipsType_reset ipsType_medium ipsType_light\" data-excludequote=\"None\" >\n\t<strong >Edited <time datetime=\"2013-09-14T14:53:18Z\" title=\"09/14/2013 02:53  PM\" data-short=\"7 yr\" >September 14, 2013</time> by Assasin</strong>\n\t\n\t\n</span>\n\t\t\t\n\t\t</div>"
        },
        {
            "id": 86950,
            "timestamp": 1379173557,
            "author": {
                "id": 17148,
                "name": "WorldOfWars",
                "image": null
            },
            "comment": "<p >I found the error.</p>"
        },
        {
            "id": 86952,
            "timestamp": 1379175226,
            "author": {
                "id": 18226,
                "name": "OldHM",
                "image": null
            },
            "comment": "\n<blockquote data-ipsquote=\"\" class=\"ipsQuote\" data-ipsquote-contentcommentid=\"86950\" data-ipsquote-contentapp=\"forums\" data-ipsquote-contenttype=\"forums\" data-ipsquote-contentclass=\"forums_Topic\" data-ipsquote-contentid=\"11373\" data-ipsquote-username=\"WorldOfWars\" data-cite=\"WorldOfWars\" data-ipsquote-timestamp=\"1379173557\" ><div ><p >I found the error.</p></div></blockquote>\n<p >@<a contenteditable=\"false\" data-ipshover=\"\" href=\"https://lckb.dev/forum/index.php?/profile/17148-worldofwars/\" data-ipshover-target=\"https://lckb.dev/forum/index.php?/profile/17148-worldofwars/&do=hovercard\" data-mentionid=\"17148\" rel=\"\" >@WorldOfWars</a> It would be nice for everyone to post the fix/what it was. If someone has the same problem.</p>\n"
        },
        {
            "id": 86954,
            "timestamp": 1379177010,
            "author": {
                "id": 1503,
                "name": "Paramount",
                "image": null
            },
            "comment": "\n<p >Yeah, would be nice.</p>\n<p >But anyway problem is solved, so this thread closed and moved.</p>\n"
        }
    ]
}