{
    "meta": {
        "threadId": 11370,
        "threadName": "Bad Connection and Invalid Password ?!",
        "dateCreated": "2013-09-13T19:17:11+0000",
        "datePublished": "2013-09-13T19:17:11+0000",
        "pageCount": 1,
        "originalUrl": "https://lckb.dev/forum/index.php?/topic/11370-bad-connection-and-invalid-password/",
        "authorId": 18525,
        "position": [
            {
                "@type": "ListItem",
                "position": 1,
                "item": {
                    "@id": "https://lckb.dev/forum/index.php?/forum/100-guides-help-section/",
                    "name": "Guides &amp; Help Section"
                }
            },
            {
                "@type": "ListItem",
                "position": 2,
                "item": {
                    "@id": "https://lckb.dev/forum/index.php?/forum/335-help-support/",
                    "name": "Help &amp; Support"
                }
            },
            {
                "@type": "ListItem",
                "position": 3,
                "item": {
                    "@id": "https://lckb.dev/forum/index.php?/forum/44-ep1-support/",
                    "name": "Ep1 Support"
                }
            },
            {
                "@type": "ListItem",
                "position": 4,
                "item": {
                    "@id": "https://lckb.dev/forum/index.php?/forum/135-solved-topics/",
                    "name": "Solved Topics"
                }
            }
        ]
    },
    "commentData": [
        {
            "id": 86887,
            "timestamp": 1379099831,
            "author": {
                "id": 18525,
                "name": "Lisana",
                "image": null
            },
            "comment": "\n<p >Hey LCKB Com ,</p>\n<p > </p>\n<p >I have a problem .</p>\n<p > </p>\n<p >If I Login in my EP1 Server , there Comes \"Invalid Password\" ( the Password is correct , I can Login in web ) and on the LoginServer :</p>\n<p > </p>\n<p >BAD CONNECTION</p>\n<p > </p>\n<p >Sry for my bad english :D.</p>\n"
        },
        {
            "id": 86889,
            "timestamp": 1379101845,
            "author": {
                "id": 1503,
                "name": "Paramount",
                "image": null
            },
            "comment": "<p >Check your ports. And try to repair the bg_user table.</p>"
        },
        {
            "id": 86918,
            "timestamp": 1379149341,
            "author": {
                "id": 18525,
                "name": "Lisana",
                "image": null
            },
            "comment": "\n<p >Thx , I will check it .</p>\n<p > </p>\n<p >Edit : I checked all and nothing is better ..</p>\n<p > </p>\n<p >Help pls ;).</p>\n\n\n\t\t\t\n\t\t\t\t\n\n<span class=\"ipsType_reset ipsType_medium ipsType_light\" data-excludequote=\"None\" >\n\t<strong >Edited <time datetime=\"2013-09-14T09:31:07Z\" title=\"09/14/2013 09:31  AM\" data-short=\"7 yr\" >September 14, 2013</time> by Lisana</strong>\n\t\n\t\n</span>\n\t\t\t\n\t\t</div>"
        },
        {
            "id": 86929,
            "timestamp": 1379161135,
            "author": {
                "id": 7695,
                "name": "CyberClaus",
                "image": null
            },
            "comment": "<p >check your engine.dll may not be the correct client</p>"
        },
        {
            "id": 86940,
            "timestamp": 1379167312,
            "author": {
                "id": 18525,
                "name": "Lisana",
                "image": null
            },
            "comment": "\n<blockquote data-ipsquote=\"\" class=\"ipsQuote\" data-ipsquote-contentcommentid=\"86929\" data-ipsquote-contentapp=\"forums\" data-ipsquote-contenttype=\"forums\" data-ipsquote-contentclass=\"forums_Topic\" data-ipsquote-contentid=\"11370\" data-ipsquote-username=\"CyberClaus\" data-cite=\"CyberClaus\" data-ipsquote-timestamp=\"1379161135\" ><div ><div ><p >check your engine.dll may not be the correct client</p></div></div></blockquote>\n<p > </p>\n<p >I downloaded some files ( from other users) and I got everytime \"BAD CONNECTION\".</p>\n"
        },
        {
            "id": 86976,
            "timestamp": 1379203770,
            "author": {
                "id": 2,
                "name": "Wizatek",
                "image": null
            },
            "comment": "<p >maybe check the ip the client is connecting to</p>"
        },
        {
            "id": 87011,
            "timestamp": 1379243855,
            "author": {
                "id": 18525,
                "name": "Lisana",
                "image": null
            },
            "comment": "\n<blockquote data-ipsquote=\"\" class=\"ipsQuote\" data-ipsquote-contentcommentid=\"86976\" data-ipsquote-contentapp=\"forums\" data-ipsquote-contenttype=\"forums\" data-ipsquote-contentclass=\"forums_Topic\" data-ipsquote-contentid=\"11370\" data-ipsquote-username=\"Wizatek\" data-cite=\"Wizatek\" data-ipsquote-timestamp=\"1379203770\" ><div ><div ><p >maybe check the ip the client is connecting to</p></div></div></blockquote>\n<p >The ip of the client and the server are correct .</p>\n"
        },
        {
            "id": 87033,
            "timestamp": 1379256788,
            "author": {
                "id": 18525,
                "name": "Lisana",
                "image": null
            },
            "comment": "<p >I downloaded the client 1279 and gothics starter pack and  it works , but when I put bnlanknames fix in the Client and Server I get the error.</p>"
        },
        {
            "id": 87065,
            "timestamp": 1379268661,
            "author": {
                "id": 1503,
                "name": "Paramount",
                "image": null
            },
            "comment": "<p >Replace Engine.dll from Gothics client to your. Use the Engine.dll without password encryption.</p>"
        },
        {
            "id": 87133,
            "timestamp": 1379338072,
            "author": {
                "id": 18525,
                "name": "Lisana",
                "image": null
            },
            "comment": "<p >When I replace the Engine.dll , I get Send Error.</p>"
        },
        {
            "id": 88471,
            "timestamp": 1381784303,
            "author": {
                "id": 18226,
                "name": "OldHM",
                "image": null
            },
            "comment": "\n<p >No answer since 16 September, Solved I guess.</p>\n<p >If not PM me and I reopen it.</p>\n<p > </p>\n<p >Closed</p>\n"
        }
    ]
}