{
    "meta": {
        "threadId": 11389,
        "threadName": "Bann Tool",
        "dateCreated": "2013-09-15T16:37:18+0000",
        "datePublished": "2013-09-15T16:37:18+0000",
        "pageCount": 1,
        "originalUrl": "https://lckb.dev/forum/index.php?/topic/11389-bann-tool/",
        "authorId": 13764,
        "position": [
            {
                "@type": "ListItem",
                "position": 1,
                "item": {
                    "@id": "https://lckb.dev/forum/index.php?/forum/100-guides-help-section/",
                    "name": "Guides &amp; Help Section"
                }
            },
            {
                "@type": "ListItem",
                "position": 2,
                "item": {
                    "@id": "https://lckb.dev/forum/index.php?/forum/335-help-support/",
                    "name": "Help &amp; Support"
                }
            },
            {
                "@type": "ListItem",
                "position": 3,
                "item": {
                    "@id": "https://lckb.dev/forum/index.php?/forum/120-ep2-support/",
                    "name": "Ep2 Support"
                }
            },
            {
                "@type": "ListItem",
                "position": 4,
                "item": {
                    "@id": "https://lckb.dev/forum/index.php?/forum/134-solved-topics/",
                    "name": "Solved Topics"
                }
            }
        ]
    },
    "commentData": [
        {
            "id": 87047,
            "timestamp": 1379263038,
            "author": {
                "id": 13764,
                "name": "MrBuSta",
                "image": null
            },
            "comment": "\n<p >Hi all, I search bann tool for Ep2 Last Chaos </p>\n<p >if someone have it pls give me link,thnx</p>\n"
        },
        {
            "id": 87051,
            "timestamp": 1379264161,
            "author": {
                "id": 1503,
                "name": "Paramount",
                "image": null
            },
            "comment": "\n<p >Why just dont do this via Navicat?</p>\n<ol ><li >go to auth:t_users</li>\t<li >search there a_idname of account you need to ban</li>\t<li >set a_enable=0</li>\n</ol><p >Thats all it needs.</p>\n"
        },
        {
            "id": 87052,
            "timestamp": 1379264432,
            "author": {
                "id": 13764,
                "name": "MrBuSta",
                "image": null
            },
            "comment": "\n<blockquote data-ipsquote=\"\" class=\"ipsQuote\" data-ipsquote-contentcommentid=\"87051\" data-ipsquote-contentapp=\"forums\" data-ipsquote-contenttype=\"forums\" data-ipsquote-contentclass=\"forums_Topic\" data-ipsquote-contentid=\"11389\" data-ipsquote-username=\"Paramount\" data-cite=\"Paramount\" data-ipsquote-timestamp=\"1379264161\" ><div ><div >\n<p >Why just dont do this via Navicat?</p>\n<ol ><li >go to auth:t_users</li>\t<li >search there a_idname of account you need to ban</li>\t<li >set a_enable=0</li>\n</ol><p >Thats all it needs.</p>\n</div></div></blockquote>\n<p >Ok.thanks for help :D </p>\n<p >Close please.</p>\n"
        },
        {
            "id": 87053,
            "timestamp": 1379264477,
            "author": {
                "id": 1503,
                "name": "Paramount",
                "image": null
            },
            "comment": "<p >Closed and moved.</p>"
        }
    ]
}