{
    "meta": {
        "threadId": 11382,
        "threadName": "websites problem",
        "dateCreated": "2013-09-15T09:18:03+0000",
        "datePublished": "2013-09-15T09:18:03+0000",
        "pageCount": 1,
        "originalUrl": "https://lckb.dev/forum/index.php?/topic/11382-websites-problem/",
        "authorId": 13256,
        "position": [
            {
                "@type": "ListItem",
                "position": 1,
                "item": {
                    "@id": "https://lckb.dev/forum/index.php?/forum/100-guides-help-section/",
                    "name": "Guides &amp; Help Section"
                }
            },
            {
                "@type": "ListItem",
                "position": 2,
                "item": {
                    "@id": "https://lckb.dev/forum/index.php?/forum/335-help-support/",
                    "name": "Help &amp; Support"
                }
            },
            {
                "@type": "ListItem",
                "position": 3,
                "item": {
                    "@id": "https://lckb.dev/forum/index.php?/forum/44-ep1-support/",
                    "name": "Ep1 Support"
                }
            },
            {
                "@type": "ListItem",
                "position": 4,
                "item": {
                    "@id": "https://lckb.dev/forum/index.php?/forum/135-solved-topics/",
                    "name": "Solved Topics"
                }
            }
        ]
    },
    "commentData": [
        {
            "id": 86994,
            "timestamp": 1379236683,
            "author": {
                "id": 13256,
                "name": "odaichaos",
                "image": null
            },
            "comment": "\n<p >hey all,</p>\n<p >got problem with websites..almost none of the website posted here works for me..i chnage the settings files to my server info..but still dont work, either with \" unexpected \"}\" somewhere \" or sth like that..any suggestions for a good ep1 site?</p>\n"
        },
        {
            "id": 86996,
            "timestamp": 1379239466,
            "author": {
                "id": 17432,
                "name": "Nymphetamine",
                "image": null
            },
            "comment": "<p >Most of released here work at me. There is something wrong with ur configuration of them</p>"
        },
        {
            "id": 86999,
            "timestamp": 1379239877,
            "author": {
                "id": 13256,
                "name": "odaichaos",
                "image": null
            },
            "comment": "<p >i fill all config stuff..and not only some website..just all of them >.></p>"
        },
        {
            "id": 87000,
            "timestamp": 1379240392,
            "author": {
                "id": 17432,
                "name": "Nymphetamine",
                "image": null
            },
            "comment": "\n<blockquote data-ipsquote=\"\" class=\"ipsQuote\" data-ipsquote-contentcommentid=\"86999\" data-ipsquote-contentapp=\"forums\" data-ipsquote-contenttype=\"forums\" data-ipsquote-contentclass=\"forums_Topic\" data-ipsquote-contentid=\"11382\" data-ipsquote-username=\"odaichaos\" data-cite=\"odaichaos\" data-ipsquote-timestamp=\"1379239877\" ><div ><div ><p >i fill all config stuff..and not only some website..just all of them >.></p></div></div></blockquote>\n<p >Problem is not that its not filled,problem is how its filled </p>\n"
        },
        {
            "id": 87004,
            "timestamp": 1379240997,
            "author": {
                "id": 13256,
                "name": "odaichaos",
                "image": null
            },
            "comment": "<p >when it says \" fix settings.php to edit the website\" and i change exactly how it needs..dont think i fill any wrong >.<</p>"
        },
        {
            "id": 87005,
            "timestamp": 1379241164,
            "author": {
                "id": 17432,
                "name": "Nymphetamine",
                "image": null
            },
            "comment": "\n<blockquote data-ipsquote=\"\" class=\"ipsQuote\" data-ipsquote-contentcommentid=\"87004\" data-ipsquote-contentapp=\"forums\" data-ipsquote-contenttype=\"forums\" data-ipsquote-contentclass=\"forums_Topic\" data-ipsquote-contentid=\"11382\" data-ipsquote-username=\"odaichaos\" data-cite=\"odaichaos\" data-ipsquote-timestamp=\"1379240997\" ><div ><div ><p >when it says \" fix settings.php to edit the website\" and i change exactly how it needs..dont think i fill any wrong >.<</p></div></div></blockquote>\n<p >Paste here ur settings php in spoiler please</p>\n"
        },
        {
            "id": 87007,
            "timestamp": 1379242114,
            "author": {
                "id": 13256,
                "name": "odaichaos",
                "image": null
            },
            "comment": "<p >not really sure how to do a spoiler replay xD</p>\n\n\t\t\t\n\t\t\t\t\n\n<span class=\"ipsType_reset ipsType_medium ipsType_light\" data-excludequote=\"None\" >\n\t<strong >Edited <time datetime=\"2013-09-15T10:57:08Z\" title=\"09/15/2013 10:57  AM\" data-short=\"7 yr\" >September 15, 2013</time> by odaichaos</strong>\n\t\n\t\n</span>\n\t\t\t\n\t\t</div>"
        },
        {
            "id": 87021,
            "timestamp": 1379250895,
            "author": {
                "id": 13256,
                "name": "odaichaos",
                "image": null
            },
            "comment": "\n<p >ok heres the settings.php</p>\n<p > </p>\n<div class=\"ipsSpoiler\" data-ipsspoiler=\"\" >\n<div class=\"ipsSpoiler_header\" ><span ></span></div>\n<div class=\"ipsSpoiler_contents\" >\n<p > </p>\n<p ><?php</p>\n<p > </p>\n<p > </p>\n<p > </p>\n<p >$server_ip = 127.0.0.1;</p>\n<p >$password = <my password=\"None\" here=\"None\" >;</my></p>\n<p >$user = root;</p>\n<p >$database = newproject_db;</p>\n<p >$database1 = newproject_site; //site database</p>\n<p >$database2 = newproject_db_auth;</p>\n<p >$database3 = newproject_data;</p>\n<p >$points = 2; //How many points you want given every 5 minutes</p>\n<p >$download = </p>\n<p ><p >These are all the downloads avaliable.<br />Each option has a different download speed so try each of them for best results.<br />If you have any problems report it <a href=\"<a href=\" http:=\"None\" www.worldofc.de=\"None\" forums\"=\"None\" rel=\"external nofollow\" >http://www.worldofc.de/forums</a>\">here</p></p>\n<p ><p ><br /><a href=\"<a href=\" http:=\"None\" 80.82.222.221=\"None\" files=\"None\" public-docs=\"None\" client.7z\"=\"None\" rel=\"external nofollow\" >http://80.82.222.221/files/public-docs/client.7z</a>\"><font color=\"green\" >Option 1</font> - Download! (791mb)<br />To unpack the client u will need <a href=\"<a href=\" https:=\"None\" www.7-zip.org=\"None\" %22\"=\"None\" rel=\"external nofollow\" >http://www.7-zip.org/\">7-Zip</a></p></p>\n<p ><p ><br /><a href=\"<a href=\" https:=\"None\" www.dropbox.com=\"None\" s=\"None\" 3sgrl6djp6j64iy=\"None\" wocclient.7z\"=\"None\" rel=\"external nofollow\" >http://www.dropbox.com/s/3sgrl6djp6j64iy/WoCClient.7z</a>\"><font color=\"green\" >Option 2</font> - Download! (791mb)<br />To unpack the client u will need <a href=\"<a href=\" https:=\"None\" www.7-zip.org=\"None\" %22\"=\"None\" rel=\"external nofollow\" >http://www.7-zip.org/\">7-Zip</a></p></p>\n<p ><p ><br /><a href=\"<a href=\" https:=\"None\" depositfiles.com=\"None\" files=\"None\" 11jwin6xp\"=\"None\" rel=\"external nofollow\" >http://depositfiles.com/files/11jwin6xp</a>\"><font color=\"green\" >Option 3</font> - Download! (791mb)<br />To unpack the client u will need <a href=\"<a href=\" https:=\"None\" www.7-zip.org=\"None\" %22\"=\"None\" rel=\"external nofollow\" >http://www.7-zip.org/\">7-Zip</a></p></p>\n<p >; //Download info</p>\n<p >$features =</p>\n<p >This is a new highrate Episode1 LastChaos Private Server.<br /></p>\n<p >We have lots of custom content for you waiting to be discovered!<br /></p>\n<p >This server includes nightshadow 100% working like no other with all skills and armour.</p></p>\n<p ><p ><strong >Our rates are :</strong><br /></p>\n<p >Exp : x250<br /></p>\n<p >SP : x0 ( All skills are free! )<br /></p>\n<p >Gold : x20<br /></p>\n<p >Droprate : x35<br /></p>\n<p >Upgrade : 99%<br /></p>\n<p >Pet Exp : x200<br /></p>\n<p >Start level : 90 ( with 150k sp and 50mill! )</p>\n<p >;</p>\n<p >$about =</p>\n<p > </p>\n<p ><p >This is the about page</p></p>\n<p > </p>\n<p >; //About page info</p>\n<p > </p>\n<p > </p>\n<p > </p>\n<p >//No more editing below!!!!</p>\n<p > </p>\n<p > </p>\n<p >$connect = mysql_connect($server_ip, $user, $password) or die(mysql_error());</p>\n<p >mysql_select_db($database1) or die(mysql_error());</p>\n<p >$settings = mysql_query(\"SELECT title, forum, copyright, vote1, vote2, announcement FROM t_settings\");</p>\n<p >$get_settings = mysql_fetch_array( $settings );</p>\n<p >$title = $get_settings[title];</p>\n<p >$forum = $get_settings[forum];</p>\n<p >$copyright = $get_settings[copyright];</p>\n<p >$vote1 = $get_settings[vote1];</p>\n<p >$vote2 = $get_settings[vote2];</p>\n<p >$announcement = $get_settings[announcement];</p>\n<p > </p>\n<p > </p>\n<p >$sql=\"SELECT a_ip FROM t_ipban\";</p>\n<p >$result=mysql_query($sql);</p>\n<p >while($rows=mysql_fetch_array($result)){</p>\n<p >$banned=$rows[\"a_ip\"];</p>\n<p >$bad_ip = $banned;</p>\n<p >function get_real_ip()</p>\n<p >{</p>\n<p > </p>\n<p >if (isset($_SERVER[\"HTTP_CLIENT_IP\"]))</p>\n<p >return $_SERVER[\"HTTP_CLIENT_IP\"];</p>\n<p > </p>\n<p >elseif (isset($_SERVER[\"HTTP_X_FORWARDED_FOR\"]))</p>\n<p >return $_SERVER[\"HTTP_X_FORWARDED_FOR\"];</p>\n<p > </p>\n<p >elseif (isset($_SERVER[\"HTTP_X_FORWARDED\"]))</p>\n<p >return $_SERVER[\"HTTP_X_FORWARDED\"];</p>\n<p > </p>\n<p >elseif (isset($_SERVER[\"HTTP_FORWARDED_FOR\"]))</p>\n<p >return $_SERVER[\"HTTP_FORWARDED_FOR\"];</p>\n<p > </p>\n<p >elseif (isset($_SERVER[\"HTTP_FORWARDED\"]))</p>\n<p >return $_SERVER[\"HTTP_FORWARDED\"];</p>\n<p > </p>\n<p >else</p>\n<p >return $_SERVER[\"REMOTE_ADDR\"];</p>\n<p > </p>\n<p >}</p>\n<p > </p>\n<p > </p>\n<p >$visitor_ip = get_real_ip();</p>\n<p >if($visitor_ip == $bad_ip) header (\"location: banned.php\");</p>\n<p >}</p>\n<p > </p>\n<p > </p>\n<p > </p>\n<p >?></p>\n<p > </p>\n</p></div>\n</div>\n<p > </p>\n\n\n\t\t\t\n\t\t\t\t\n\n<span class=\"ipsType_reset ipsType_medium ipsType_light\" data-excludequote=\"None\" >\n\t<strong >Edited <time datetime=\"2013-09-15T13:19:03Z\" title=\"09/15/2013 01:19  PM\" data-short=\"7 yr\" >September 15, 2013</time> by odaichaos</strong>\n\t\n\t\n</span>\n\t\t\t\n\t\t</div>"
        },
        {
            "id": 87075,
            "timestamp": 1379270835,
            "author": {
                "id": 1503,
                "name": "Paramount",
                "image": null
            },
            "comment": "<p >Are you sure you have created the newproject_site database?</p>"
        },
        {
            "id": 87079,
            "timestamp": 1379275898,
            "author": {
                "id": 267,
                "name": "SutWick",
                "image": null
            },
            "comment": "\n<p >Thats the strangest settings file I have ever seen Oo</p>\n<p >\nCough up 30GBP an buy a real site >.</p>\n<p > </p>\n<p >\n<a data-ipb=\"nomediaparse\" href=\"http://toxic-l33t.ddns.net/forum/index.php?/topic/11245-ep123-lc-cms/\" rel=\"external nofollow\" >http://toxic-l33t.ddns.net/forum/index.php?/topic/11245-ep123-lc-cms/</a></p>\n<p > </p>\n<p >\nIll even help you set it up.</p>\n"
        },
        {
            "id": 87097,
            "timestamp": 1379282358,
            "author": {
                "id": 13256,
                "name": "odaichaos",
                "image": null
            },
            "comment": "\n<blockquote data-ipsquote=\"\" class=\"ipsQuote\" data-ipsquote-contentcommentid=\"87075\" data-ipsquote-contentapp=\"forums\" data-ipsquote-contenttype=\"forums\" data-ipsquote-contentclass=\"forums_Topic\" data-ipsquote-contentid=\"11382\" data-ipsquote-username=\"Paramount\" data-cite=\"Paramount\" data-ipsquote-timestamp=\"1379270835\" ><div ><p >Are you sure you have created the newproject_site database?</p></div></blockquote>\n<p >well even if i didnt create it..i guess itll,give error about database..but for now all i grt is the unexpected \"}\"and unexpected end of file index.php</p>\n"
        },
        {
            "id": 87098,
            "timestamp": 1379282456,
            "author": {
                "id": 13256,
                "name": "odaichaos",
                "image": null
            },
            "comment": "\n<blockquote data-ipsquote=\"\" class=\"ipsQuote\" data-ipsquote-contentcommentid=\"87079\" data-ipsquote-contentapp=\"forums\" data-ipsquote-contenttype=\"forums\" data-ipsquote-contentclass=\"forums_Topic\" data-ipsquote-contentid=\"11382\" data-ipsquote-username=\"MaX\" data-cite=\"MaX\" data-ipsquote-timestamp=\"1379275898\" ><div ><p >Thats the strangest settings file I have ever seen OoCough up 30GBP an buy a real site >.<<a href=\"http://toxic-l33t.ddns.net/forum/index.php?/topic/11245-ep123-lc-cms/\" rel=\"external nofollow\" >http://toxic-l33t.ddns.net/forum/index.php?/topic/11245-ep123-lc-cms/</a>Ill even help you set it up.</p></div></blockquote>\n<p >well its the \"MaX ep1 Website\" so it shouldnt be very strange :P lol</p>\n"
        },
        {
            "id": 88469,
            "timestamp": 1381784164,
            "author": {
                "id": 18226,
                "name": "OldHM",
                "image": null
            },
            "comment": "\n<p >No answer since 16 September, Solved I guess.</p>\n<p >If not PM me and I reopen it.</p>\n<p > </p>\n<p >Closed</p>\n"
        }
    ]
}