{
    "meta": {
        "threadId": 11391,
        "threadName": "Cash per IP",
        "dateCreated": "2013-09-15T17:47:49+0000",
        "datePublished": "2013-09-15T17:47:49+0000",
        "pageCount": 1,
        "originalUrl": "https://lckb.dev/forum/index.php?/topic/11391-cash-per-ip/",
        "authorId": 13764,
        "position": [
            {
                "@type": "ListItem",
                "position": 1,
                "item": {
                    "@id": "https://lckb.dev/forum/index.php?/forum/100-guides-help-section/",
                    "name": "Guides &amp; Help Section"
                }
            },
            {
                "@type": "ListItem",
                "position": 2,
                "item": {
                    "@id": "https://lckb.dev/forum/index.php?/forum/335-help-support/",
                    "name": "Help &amp; Support"
                }
            },
            {
                "@type": "ListItem",
                "position": 3,
                "item": {
                    "@id": "https://lckb.dev/forum/index.php?/forum/120-ep2-support/",
                    "name": "Ep2 Support"
                }
            },
            {
                "@type": "ListItem",
                "position": 4,
                "item": {
                    "@id": "https://lckb.dev/forum/index.php?/forum/134-solved-topics/",
                    "name": "Solved Topics"
                }
            }
        ]
    },
    "commentData": [
        {
            "id": 87059,
            "timestamp": 1379267269,
            "author": {
                "id": 13764,
                "name": "MrBuSta",
                "image": null
            },
            "comment": "\n<p >Hi all, I want give free cash all weekend, but some people have 10+ account per 1 IP address. </p>\n<p >But i dont want give manually in bg_user this cash.</p>\n<p >have method to give cash with command only 1 account get cash per ip ?</p>\n"
        },
        {
            "id": 87060,
            "timestamp": 1379267424,
            "author": {
                "id": 17432,
                "name": "Nymphetamine",
                "image": null
            },
            "comment": "<p >Well for bg_user it could be really easy simply making an SQL execute..but for IP..mm..i dont know,if its possible it will not be that easy</p>"
        },
        {
            "id": 87061,
            "timestamp": 1379267559,
            "author": {
                "id": 13764,
                "name": "MrBuSta",
                "image": null
            },
            "comment": "\n<blockquote data-ipsquote=\"\" class=\"ipsQuote\" data-ipsquote-contentcommentid=\"87060\" data-ipsquote-contentapp=\"forums\" data-ipsquote-contenttype=\"forums\" data-ipsquote-contentclass=\"forums_Topic\" data-ipsquote-contentid=\"11391\" data-ipsquote-username=\"Nymphetamine\" data-cite=\"Nymphetamine\" data-ipsquote-timestamp=\"1379267424\" ><div ><div ><p >Well for bg_user it could be really easy simply making an SQL execute..but for IP..mm..i dont know,if its possible it will not be that easy</p></div></div></blockquote>\n<p >yes i know command for give all 5k cash, UPDATE bg_user SET cash = 5000;   but i saw some ppl have 10+ account on server atm, and i dont want give 5k cash for this ppls all account..</p>\n"
        },
        {
            "id": 87068,
            "timestamp": 1379269002,
            "author": {
                "id": 1503,
                "name": "Paramount",
                "image": null
            },
            "comment": "\n<blockquote data-ipsquote=\"\" class=\"ipsQuote\" data-ipsquote-contentcommentid=\"87061\" data-ipsquote-contentapp=\"forums\" data-ipsquote-contenttype=\"forums\" data-ipsquote-contentclass=\"forums_Topic\" data-ipsquote-contentid=\"11391\" data-ipsquote-username=\"Adam1998i\" data-cite=\"Adam1998i\" data-ipsquote-timestamp=\"1379267559\" ><div ><div ><p >yes i know command for give all 5k cash, UPDATE bg_user SET cash = 5000;   but i saw some ppl have 10+ account on server atm, and i dont want give 5k cash for this ppls all account..</p></div></div></blockquote>\n<pre class=\"ipsCode prettyprint\" >UPDATE bg_user SET cash = 5000;</pre>\n<p >Even this code is wrong, if you wanna just add, not replace :P</p>\n<p > </p>\n<p >You should use something like that:</p>\n<pre class=\"ipsCode prettyprint\" >UPDATE bg_user SET cash = cash + 5000 WHERE user_id = Paramount;</pre>\n<p >I am not sure, but with ip try to make so:</p>\n<p > </p>\n<pre class=\"ipsCode prettyprint\" >UPDATE bg_user SET cash = cash + 5000 WHERE ip = 123.45.67.89 LIMIT 1;</pre>\n"
        },
        {
            "id": 87069,
            "timestamp": 1379269428,
            "author": {
                "id": 13764,
                "name": "MrBuSta",
                "image": null
            },
            "comment": "\n<blockquote data-ipsquote=\"\" class=\"ipsQuote\" data-ipsquote-contentcommentid=\"87068\" data-ipsquote-contentapp=\"forums\" data-ipsquote-contenttype=\"forums\" data-ipsquote-contentclass=\"forums_Topic\" data-ipsquote-contentid=\"11391\" data-ipsquote-username=\"Paramount\" data-cite=\"Paramount\" data-ipsquote-timestamp=\"1379269002\" ><div ><div >\n<pre class=\"ipsCode prettyprint\" >UPDATE bg_user SET cash = 5000;</pre>\n<p >Even this code is wrong, if you wanna just add, not replace :P</p>\n<p > </p>\n<p >You should use something like that:</p>\n<pre class=\"ipsCode prettyprint\" >UPDATE bg_user SET cash = cash + 5000 WHERE user_id = Paramount;</pre>\n<p >I am not sure, but with ip try to make so:</p>\n<pre class=\"ipsCode prettyprint\" >UPDATE bg_user SET cash = cash + 5000 WHERE ip = 123.45.67.89 LIMIT 1;</pre>\n</div></div></blockquote>\n<p >Thank you,Work Perfect :D</p>\n<p >Close please.</p>\n"
        },
        {
            "id": 87070,
            "timestamp": 1379269628,
            "author": {
                "id": 17474,
                "name": "kixtzz",
                "image": null
            },
            "comment": "<p >its useful but if the ppl created accounts with different ip?</p>"
        },
        {
            "id": 87071,
            "timestamp": 1379269710,
            "author": {
                "id": 1503,
                "name": "Paramount",
                "image": null
            },
            "comment": "\n<blockquote data-ipsquote=\"\" class=\"ipsQuote\" data-ipsquote-contentcommentid=\"87070\" data-ipsquote-contentapp=\"forums\" data-ipsquote-contenttype=\"forums\" data-ipsquote-contentclass=\"forums_Topic\" data-ipsquote-contentid=\"11391\" data-ipsquote-username=\"kixtzz\" data-cite=\"kixtzz\" data-ipsquote-timestamp=\"1379269628\" ><div ><div ><p >its useful but if the ppl created accounts with different ip?</p></div></div></blockquote>\n<p >They should use just one :P</p>\n<p > </p>\n<p >Closed and moved.</p>\n"
        }
    ]
}