{
    "meta": {
        "threadId": 11409,
        "threadName": "search ertinia ep 1 server files",
        "dateCreated": "2013-09-17T19:15:05+0000",
        "datePublished": "2013-09-17T19:15:05+0000",
        "pageCount": 1,
        "originalUrl": "https://lckb.dev/forum/index.php?/topic/11409-search-ertinia-ep-1-server-files/",
        "authorId": 15732,
        "position": [
            {
                "@type": "ListItem",
                "position": 1,
                "item": {
                    "@id": "https://lckb.dev/forum/index.php?/forum/100-guides-help-section/",
                    "name": "Guides &amp; Help Section"
                }
            },
            {
                "@type": "ListItem",
                "position": 2,
                "item": {
                    "@id": "https://lckb.dev/forum/index.php?/forum/335-help-support/",
                    "name": "Help &amp; Support"
                }
            },
            {
                "@type": "ListItem",
                "position": 3,
                "item": {
                    "@id": "https://lckb.dev/forum/index.php?/forum/44-ep1-support/",
                    "name": "Ep1 Support"
                }
            },
            {
                "@type": "ListItem",
                "position": 4,
                "item": {
                    "@id": "https://lckb.dev/forum/index.php?/forum/135-solved-topics/",
                    "name": "Solved Topics"
                }
            }
        ]
    },
    "commentData": [
        {
            "id": 87187,
            "timestamp": 1379445305,
            "author": {
                "id": 15732,
                "name": "domingo",
                "image": null
            },
            "comment": "<p >hey i serach ep 1 eternia files </p>"
        },
        {
            "id": 87192,
            "timestamp": 1379448572,
            "author": {
                "id": 8659,
                "name": "BayBay",
                "image": null
            },
            "comment": "\n<blockquote data-ipsquote=\"\" class=\"ipsQuote\" data-ipsquote-contentcommentid=\"87187\" data-ipsquote-contentapp=\"forums\" data-ipsquote-contenttype=\"forums\" data-ipsquote-contentclass=\"forums_Topic\" data-ipsquote-contentid=\"11409\" data-ipsquote-username=\"domingo\" data-cite=\"domingo\" data-ipsquote-timestamp=\"1379445305\" ><div ><div ><p >hey i serach ep 1 eternia files </p></div></div></blockquote>\n<p >why do many people keep searching them?. Its easy to make your own there are many tools and guides!</p>\n"
        },
        {
            "id": 87270,
            "timestamp": 1379541459,
            "author": {
                "id": 1503,
                "name": "Paramount",
                "image": null
            },
            "comment": "\n<p >At first, nobody would share them, just think.</p>\n<p >Yea, you can try to make a similar files to eternia, but you will never get the same, cos what we have - its just a test project of barunson, official files are the million times different.</p>\n"
        },
        {
            "id": 87274,
            "timestamp": 1379545354,
            "author": {
                "id": 2167,
                "name": "dethunter12",
                "image": null
            },
            "comment": "<p >i need the client anyone got it uploaded to mega.co.nz or a sight i can click?</p>"
        },
        {
            "id": 87279,
            "timestamp": 1379557401,
            "author": {
                "id": 2888,
                "name": "BaZZtian",
                "image": null
            },
            "comment": "\n<blockquote data-ipsquote=\"\" class=\"ipsQuote\" data-ipsquote-contentcommentid=\"87274\" data-ipsquote-contentapp=\"forums\" data-ipsquote-contenttype=\"forums\" data-ipsquote-contentclass=\"forums_Topic\" data-ipsquote-contentid=\"11409\" data-ipsquote-username=\"dethunter12\" data-cite=\"dethunter12\" data-ipsquote-timestamp=\"1379545354\" ><div ><div ><p >i need the client anyone got it uploaded to mega.co.nz or a sight i can click?</p></div></div></blockquote>\n<p ><span >http</span><span >:</span><span >//www.mediafire.com/download/k5zuoiku2yd/Eternia-LastChaos.exe</span></p>\n"
        },
        {
            "id": 87280,
            "timestamp": 1379568539,
            "author": {
                "id": 2167,
                "name": "dethunter12",
                "image": null
            },
            "comment": "<p >this must be a while back i remeber eternia ep1 as having +85 armor +75 wep compra in moball 165 armor in itemall coins ect.. so how old is that client?</p>"
        },
        {
            "id": 87287,
            "timestamp": 1379589347,
            "author": {
                "id": 2888,
                "name": "BaZZtian",
                "image": null
            },
            "comment": "\n<p >165 Weapons in Client but only 900 Entrys in MobAll ... so no Compra!</p>\n<p > </p>\n<p >Last is Trading Agent Roy sorry</p>\n"
        },
        {
            "id": 87301,
            "timestamp": 1379598032,
            "author": {
                "id": 7482,
                "name": "Creep",
                "image": null
            },
            "comment": "<p >I guess the most guys searching them because of the manifiying glasses</p>"
        },
        {
            "id": 87325,
            "timestamp": 1379620978,
            "author": {
                "id": 368,
                "name": "blankname",
                "image": null
            },
            "comment": "<p >eternia ep1 took the server files from aeria spanish lc that was closed after the open beta due to legal issues with barunson. eternia used the usa client for their server and that was the cause of the countless errors (invisible mounts, anticooldown seals bugged,etc). i still own the correct engine.dll for those files that gets rid of all those bugs, but never released it as eternia didnt appreciate my work</p>"
        },
        {
            "id": 87373,
            "timestamp": 1379681429,
            "author": {
                "id": 7482,
                "name": "Creep",
                "image": null
            },
            "comment": "<p >Along all thoose bugs thoose files where still kinda better then the currently public ones (My opinion)</p>"
        },
        {
            "id": 87402,
            "timestamp": 1379705370,
            "author": {
                "id": 8659,
                "name": "BayBay",
                "image": null
            },
            "comment": "\n<blockquote data-ipsquote=\"\" class=\"ipsQuote\" data-ipsquote-contentcommentid=\"87301\" data-ipsquote-contentapp=\"forums\" data-ipsquote-contenttype=\"forums\" data-ipsquote-contentclass=\"forums_Topic\" data-ipsquote-contentid=\"11409\" data-ipsquote-username=\"Creep\" data-cite=\"Creep\" data-ipsquote-timestamp=\"1379598032\" ><div ><div ><p >I guess the most guys searching them because of the manifiying glasses</p></div></div></blockquote>\n<p >Seriously? i though that was in the game server not the client.</p>\n"
        },
        {
            "id": 87446,
            "timestamp": 1379761508,
            "author": {
                "id": 7482,
                "name": "Creep",
                "image": null
            },
            "comment": "<p >Read the threads name dude, lolz</p>"
        },
        {
            "id": 87465,
            "timestamp": 1379798278,
            "author": {
                "id": 8659,
                "name": "BayBay",
                "image": null
            },
            "comment": "\n<blockquote data-ipsquote=\"\" class=\"ipsQuote\" data-ipsquote-contentcommentid=\"87446\" data-ipsquote-contentapp=\"forums\" data-ipsquote-contenttype=\"forums\" data-ipsquote-contentclass=\"forums_Topic\" data-ipsquote-contentid=\"11409\" data-ipsquote-username=\"Creep\" data-cite=\"Creep\" data-ipsquote-timestamp=\"1379761508\" ><div ><div ><p >Read the threads name dude, lolz</p></div></div></blockquote>\n<p >You talking to me ? I Already know what he is searching for. But im asking u if the magnifiying glasses system is in the gameserver or in the client cuze it cant be in the client </p>\n\n\n\t\t\t\n\t\t\t\t\n\n<span class=\"ipsType_reset ipsType_medium ipsType_light\" data-excludequote=\"None\" >\n\t<strong >Edited <time datetime=\"2013-09-21T21:18:19Z\" title=\"09/21/2013 09:18  PM\" data-short=\"7 yr\" >September 21, 2013</time> by Curious</strong>\n\t\n\t\n</span>\n\t\t\t\n\t\t</div>"
        },
        {
            "id": 88468,
            "timestamp": 1381784084,
            "author": {
                "id": 18226,
                "name": "OldHM",
                "image": null
            },
            "comment": "\n<p >No answer since 21 September.</p>\n<p >I guess its solved if not PM me and i reopen it.</p>\n<p >Closed</p>\n"
        }
    ]
}