{
    "meta": {
        "threadId": 11400,
        "threadName": "usa files without vm protect",
        "dateCreated": "2013-09-16T16:44:18+0000",
        "datePublished": "2013-09-16T16:44:18+0000",
        "pageCount": 1,
        "originalUrl": "https://lckb.dev/forum/index.php?/topic/11400-usa-files-without-vm-protect/",
        "authorId": 5574,
        "position": [
            {
                "@type": "ListItem",
                "position": 1,
                "item": {
                    "@id": "https://lckb.dev/forum/index.php?/forum/100-guides-help-section/",
                    "name": "Guides &amp; Help Section"
                }
            },
            {
                "@type": "ListItem",
                "position": 2,
                "item": {
                    "@id": "https://lckb.dev/forum/index.php?/forum/335-help-support/",
                    "name": "Help &amp; Support"
                }
            },
            {
                "@type": "ListItem",
                "position": 3,
                "item": {
                    "@id": "https://lckb.dev/forum/index.php?/forum/120-ep2-support/",
                    "name": "Ep2 Support"
                }
            },
            {
                "@type": "ListItem",
                "position": 4,
                "item": {
                    "@id": "https://lckb.dev/forum/index.php?/forum/134-solved-topics/",
                    "name": "Solved Topics"
                }
            }
        ]
    },
    "commentData": [
        {
            "id": 87146,
            "timestamp": 1379349858,
            "author": {
                "id": 5574,
                "name": "Douglas Farias",
                "image": null
            },
            "comment": "\n<div >someone can tell me if there usa files without vm protector? can hook dlls.</div>\n<br /><div >or any way to remove the vm protector?</div>\n<br /><div > </div>\n<br /><div >only for programmers!!</div>\n<br />\n\n\t\t\t\n\t\t\t\t\n\n<span class=\"ipsType_reset ipsType_medium ipsType_light\" data-excludequote=\"None\" >\n\t<strong >Edited <time datetime=\"2013-09-17T00:56:10Z\" title=\"09/17/2013 12:56  AM\" data-short=\"7 yr\" >September 17, 2013</time> by Douglas Origens</strong>\n\t\n\t\n</span>\n\t\t\t\n\t\t</div>"
        },
        {
            "id": 87148,
            "timestamp": 1379351190,
            "author": {
                "id": 1503,
                "name": "Paramount",
                "image": null
            },
            "comment": "<p >No way.</p>"
        },
        {
            "id": 87184,
            "timestamp": 1379436447,
            "author": {
                "id": 15543,
                "name": "luoo",
                "image": null
            },
            "comment": "<p >Engine is unpacked.</p>"
        },
        {
            "id": 87194,
            "timestamp": 1379449911,
            "author": {
                "id": 5574,
                "name": "Douglas Farias",
                "image": null
            },
            "comment": "<p >but what program to use? i tryed vm unpack nut dont have sucess</p>"
        },
        {
            "id": 87196,
            "timestamp": 1379451512,
            "author": {
                "id": 15543,
                "name": "luoo",
                "image": null
            },
            "comment": "\n<p >What files you want unpack?</p>\n<p >What functions you want hook?</p>\n"
        },
        {
            "id": 87205,
            "timestamp": 1379475385,
            "author": {
                "id": 5574,
                "name": "Douglas Farias",
                "image": null
            },
            "comment": "\n<p >i want to add basic protections on the nksp and check file  engine + nksp.</p>\n<p >i need unpack the nksp source but have vm in all files. nksp engine etc have all vm</p>\n"
        },
        {
            "id": 87206,
            "timestamp": 1379479684,
            "author": {
                "id": 15543,
                "name": "luoo",
                "image": null
            },
            "comment": "<p >For hooking you dont need to unpack the nksp.</p>"
        },
        {
            "id": 87259,
            "timestamp": 1379528163,
            "author": {
                "id": 2041,
                "name": "HateMe",
                "image": null
            },
            "comment": "\n<p >a very short explain</p>\n<p > </p>\n<p >1. Search the OEP in the file u want to unpack</p>\n<p >2. Dump it</p>\n<p >3. Fix IAT</p>\n"
        },
        {
            "id": 87405,
            "timestamp": 1379709502,
            "author": {
                "id": 5574,
                "name": "Douglas Farias",
                "image": null
            },
            "comment": "<p >done thx  can close =) thx to hateme and warmonger</p>"
        },
        {
            "id": 87406,
            "timestamp": 1379709781,
            "author": {
                "id": null,
                "name": "Guest Johnny5",
                "image": null
            },
            "comment": "<p >Moderator closed because: Solved</p>"
        }
    ]
}