{
    "meta": {
        "threadId": 11411,
        "threadName": "New 3D Model",
        "dateCreated": "2013-09-18T10:07:41+0000",
        "datePublished": "2013-09-18T10:07:41+0000",
        "pageCount": 1,
        "originalUrl": "https://lckb.dev/forum/index.php?/topic/11411-new-3d-model/",
        "authorId": 2332,
        "position": [
            {
                "@type": "ListItem",
                "position": 1,
                "item": {
                    "@id": "https://lckb.dev/forum/index.php?/forum/258-release-zone/",
                    "name": "Release Zone"
                }
            },
            {
                "@type": "ListItem",
                "position": 2,
                "item": {
                    "@id": "https://lckb.dev/forum/index.php?/forum/336-general-releases/",
                    "name": "General Releases"
                }
            },
            {
                "@type": "ListItem",
                "position": 3,
                "item": {
                    "@id": "https://lckb.dev/forum/index.php?/forum/288-general-client-releases/",
                    "name": "General Client Releases"
                }
            }
        ]
    },
    "commentData": [
        {
            "id": 87212,
            "timestamp": 1379498861,
            "author": {
                "id": 2332,
                "name": "necgrr",
                "image": null
            },
            "comment": "\n<div >Hi!</div>\n<div >I will be adding new models, take what you want.</div>\n<div >Sorry my english.<br />(translate.google.com)<br /><br /><b >[spoiler=Titan tg_01]<br /><img alt=\"692781d892d6fc5a22ec6dc7008e77b0.jpg\" src=\"http://img.pixme.ru/images/692781d892d6fc5a22ec6dc7008e77b0.jpg\" /><img alt=\"b3f66b963113f8ad7b70c9b8701f1c99.jpg\" src=\"http://img.pixme.ru/images/b3f66b963113f8ad7b70c9b8701f1c99.jpg\" /><img alt=\"d1f50899f01e411dccfec99eb9add017.jpg\" src=\"http://img.pixme.ru/images/d1f50899f01e411dccfec99eb9add017.jpg\" /></b><br /><span style=\"color:rgb(51,51,51);font-family:Georgia;font-size:15px;\" ><a href=\"http://rapid.ufanet.ru/32026232\" rel=\"external nofollow\" >Download</a></span><br /><b ></b><div class=\"ipsSpoiler\" data-ipsspoiler=\"\" >\n<b ></b><div class=\"ipsSpoiler_header\" ><b ><span ></span></b></div>\n<b ></b><div class=\"ipsSpoiler_contents\" >\n<b ></b><p ><b ></b></p>\n<b ></b>\n</div>\n<b ></b>\n</div>\n<b ></b>\n</div>\n"
        },
        {
            "id": 87276,
            "timestamp": 1379553920,
            "author": {
                "id": 13529,
                "name": "DrGenius",
                "image": null
            },
            "comment": "<p >Please add the download link or i will closed and remove this post.</p>"
        },
        {
            "id": 87278,
            "timestamp": 1379555711,
            "author": {
                "id": 2888,
                "name": "BaZZtian",
                "image": null
            },
            "comment": "<p >hmm looks intresting ... from wich game u port that ?</p>"
        },
        {
            "id": 87283,
            "timestamp": 1379575183,
            "author": {
                "id": 11986,
                "name": "SnowFox",
                "image": null
            },
            "comment": "\n<blockquote data-ipsquote=\"\" class=\"ipsQuote\" data-ipsquote-contentcommentid=\"87276\" data-ipsquote-contentapp=\"forums\" data-ipsquote-contenttype=\"forums\" data-ipsquote-contentclass=\"forums_Topic\" data-ipsquote-contentid=\"11411\" data-ipsquote-username=\"DrGenius\" data-cite=\"DrGenius\" data-ipsquote-timestamp=\"1379553920\" ><div ><div ><p >Please add the download link or i will closed and remove this post.</p></div></div></blockquote>\n<p >Yeah he must fix the link.</p>\n<p > </p>\n<p >As you can see his post isnt made right.</p>\n<p >If you do edit post you can see the download link. </p>\n<p > </p>\n<p >But again since use of bbcode went wrong we dont see it.</p>\n<p >Im not going to fix it since i cant check if its safe.(Not home)</p>\n<p >But yeah i say he must fix it.</p>\n<p > </p>\n<p >Regards,</p>\n<p >-SnowFox</p>\n"
        },
        {
            "id": 87322,
            "timestamp": 1379618810,
            "author": {
                "id": 1503,
                "name": "Paramount",
                "image": null
            },
            "comment": "\n<blockquote data-ipsquote=\"\" class=\"ipsQuote\" data-ipsquote-contentcommentid=\"87278\" data-ipsquote-contentapp=\"forums\" data-ipsquote-contenttype=\"forums\" data-ipsquote-contentclass=\"forums_Topic\" data-ipsquote-contentid=\"11411\" data-ipsquote-username=\"BaZZtian\" data-cite=\"BaZZtian\" data-ipsquote-timestamp=\"1379555711\" ><div ><div ><p >hmm looks intresting ... from wich game u port that ?</p></div></div></blockquote>\n<p >Its kinda Skyrim.</p>\n"
        },
        {
            "id": 91039,
            "timestamp": 1385722724,
            "author": {
                "id": 3680,
                "name": "Kotetsu",
                "image": null
            },
            "comment": "\n<p >#Download Link Fixed</p>\n<p >Have Fun.</p>\n"
        }
    ]
}