{
    "meta": {
        "threadId": 11455,
        "threadName": "[C#] PaysafeCard Checker",
        "dateCreated": "2013-09-23T01:37:37+0000",
        "datePublished": "2013-09-23T01:37:37+0000",
        "pageCount": 1,
        "originalUrl": "https://lckb.dev/forum/index.php?/topic/11455-c-paysafecard-checker/",
        "authorId": 2041,
        "position": [
            {
                "@type": "ListItem",
                "position": 1,
                "item": {
                    "@id": "https://lckb.dev/forum/index.php?/forum/272-programmers-gateway/",
                    "name": "Programmers Gateway"
                }
            },
            {
                "@type": "ListItem",
                "position": 2,
                "item": {
                    "@id": "https://lckb.dev/forum/index.php?/forum/79-coders-talk/",
                    "name": "Coders Talk"
                }
            }
        ]
    },
    "commentData": [
        {
            "id": 87514,
            "timestamp": 1379900257,
            "author": {
                "id": 2041,
                "name": "HateMe",
                "image": null
            },
            "comment": "\n<p >hey there is a very smal source of an tool i made to quick chekc psc cards, i dont upload the complete tool bc then ppl will say i try to steal there psc card numbers.... u know waht i mean.</p>\n<p ><img alt=\"2ka.png\" src=\"https://img405.imageshack.us/img405/5417/2ka.png\" /></p>\n<p > </p>\n<p >ok first of all we start a new WindowsFormsApplication project</p>\n<p > </p>\n<p >what do we need?</p>\n<p > </p>\n<p >2 Buttons</p>\n<p >5 TextBoxes</p>\n<p >2 Label</p>\n<p >1 pictureBox</p>\n<p > </p>\n<p >you can place them already on the form and name them like this:</p>\n<p > </p>\n<p >button 1: bt_refresh</p>\n<p >button 2: button_check</p>\n<p > </p>\n<p >textbox 1: tb_pin1</p>\n<p >textbox 2: tb_pin2</p>\n<p >textbox 3: tb_pin3</p>\n<p >textbox 4: tb_pin4</p>\n<p >textbox 5: tb_capt</p>\n<p > </p>\n<p >lable 1: label1 ( text = Result : )</p>\n<p >lable 2: label_psc</p>\n<p > </p>\n<p >pictureBox 1: pictureBox_captcha</p>\n<p > </p>\n<p >here is the fully source of the tool its all waht u need</p>\n<pre class=\"ipsCode prettyprint lang-auto\" >namespace PSC_Check\n{\n    public partial class Form1 : Form\n    {\n        public static string URL = \"https://www.paysafecard.com/en-us/check-balance/\";\n        WebBrowser browser = new WebBrowser();        \n\n        public Form1()\n        {\n            InitializeComponent();\n            browser.DocumentCompleted += new WebBrowserDocumentCompletedEventHandler(webBrowser_DocumentCompleted);\n            Start();\n        }\n       \n        private void Start()\n        {\n            browser.ScriptErrorsSuppressed = true;\n            browser.Navigate(URL);\n        }\n \n        private void button_check_Click(object sender, EventArgs e)\n        {\n            browser.Document.GetElementById(\"cardnumber0\").SetAttribute(\"value\", tb_pin1.Text.Trim());\n            browser.Document.GetElementById(\"cardnumber1\").SetAttribute(\"value\", tb_pin2.Text.Trim());\n            browser.Document.GetElementById(\"cardnumber2\").SetAttribute(\"value\", tb_pin3.Text.Trim());\n            browser.Document.GetElementById(\"cardnumber3\").SetAttribute(\"value\", tb_pin4.Text.Trim());\n            browser.Document.GetElementById(\"captcha\").SetAttribute(\"value\", tb_capt.Text.Trim());\n            browser.Document.GetElementById(\"balacecheck_desktop_submit\").InvokeMember(\"click\");\n        }\n \n        private void bt_refresh_Click(object sender, EventArgs e)\n        {\n            Start();\n        }\n \n        private void webBrowser_DocumentCompleted(object sender, WebBrowserDocumentCompletedEventArgs e)\n        {\n            label_psc.Text = \"\";\n            if (browser.DocumentText.Contains(\"Your paysafecard credit: EUR\") || browser.DocumentText.Contains(\"Guthaben deiner paysafecard: EUR\"))\n            {\n                int index = browser.DocumentText.IndexOf(\"Your paysafecard credit: EUR\", 0) + \"Your paysafecard credit: EUR\".Length;\n                label_psc.Text = \"Your paysafecard credit: EUR \" + browser.DocumentText.Substring(index + 1, 6);\n            }\n\n            if (browser.DocumentText.Contains(\"Die eingegebene Zahlenkombination stimmt nicht mit dem Captcha\") || browser.DocumentText.Contains(\"The numbers you entered do not match the CAPTCHA\"))\n            {\n                label_psc.Text = \"The numbers you entered do not\\n match the CAPTCHA!\";\n            }\n\n            if (browser.DocumentText.Contains(\"The full amount of credit on this paysafecard is still available.\"))\n            {\n                label_psc.Text = \"The full amount of credit on this\\n paysafecard is still available.\";\n            }\n\n            if (browser.DocumentText.Contains(\"The paysafecard PIN you entered has not been recognised. Please check your entry.\"))\n            {\n                label_psc.Text = \"The paysafecard PIN you entered\\n has not been recognised.\\n Please check your entry.\";\n            }\n\n            int i = 0;\n            while (true)\n            {\n                Application.DoEvents();\n                try\n                {\n                    int count = browser.Document.Images.Count;\n                    IHTMLDocument2 doc = (IHTMLDocument2)browser.Document.DomDocument;\n                    IHTMLControlRange imgRange = (IHTMLControlRange)((HTMLBody)doc.body).createControlRange();\n                    foreach (IHTMLImgElement img in doc.images)\n                    {\n                        if (i == 2)\n                        {\n                            imgRange.add((IHTMLControlElement)img);\n                            imgRange.execCommand(\"Copy\", false, null);\n                            pictureBox_captcha.Image = (Bitmap)Clipboard.GetDataObject().GetData(DataFormats.Bitmap);\n                        }\n                        i++;\n                    }\n                    break;\n                }\n                catch\n                {\n                }\n            }\n        }\n     }\n}\n\n</pre>\n<p >there probaly bether ways but this one works to :)</p>\n<p >this can be done in C# console application to if wishes are there i can release the code for it.</p>\n<p > </p>\n<p >good luck and have fun</p>\n"
        },
        {
            "id": 87526,
            "timestamp": 1379926441,
            "author": {
                "id": 7695,
                "name": "CyberClaus",
                "image": null
            },
            "comment": "\n<p >Nice, at least some examples to teach people around how to code.</p>\n<p >Thanks</p>\n"
        },
        {
            "id": 87528,
            "timestamp": 1379927187,
            "author": {
                "id": 13172,
                "name": "soryjero",
                "image": null
            },
            "comment": "<p >very usefull for people who want to add paysafecard to their server. thanks @<a contenteditable=\"false\" data-ipshover=\"\" href=\"https://lckb.dev/forum/index.php?/profile/2041-hateme/\" data-ipshover-target=\"https://lckb.dev/forum/index.php?/profile/2041-hateme/&do=hovercard\" data-mentionid=\"2041\" rel=\"\" >@HateMe</a></p>"
        }
    ]
}