{
    "meta": {
        "threadId": 11456,
        "threadName": "Connection Problem",
        "dateCreated": "2013-09-23T05:00:36+0000",
        "datePublished": "2013-09-23T05:00:36+0000",
        "pageCount": 1,
        "originalUrl": "https://lckb.dev/forum/index.php?/topic/11456-connection-problem/",
        "authorId": 8659,
        "position": [
            {
                "@type": "ListItem",
                "position": 1,
                "item": {
                    "@id": "https://lckb.dev/forum/index.php?/forum/100-guides-help-section/",
                    "name": "Guides &amp; Help Section"
                }
            },
            {
                "@type": "ListItem",
                "position": 2,
                "item": {
                    "@id": "https://lckb.dev/forum/index.php?/forum/335-help-support/",
                    "name": "Help &amp; Support"
                }
            },
            {
                "@type": "ListItem",
                "position": 3,
                "item": {
                    "@id": "https://lckb.dev/forum/index.php?/forum/120-ep2-support/",
                    "name": "Ep2 Support"
                }
            },
            {
                "@type": "ListItem",
                "position": 4,
                "item": {
                    "@id": "https://lckb.dev/forum/index.php?/forum/134-solved-topics/",
                    "name": "Solved Topics"
                }
            }
        ]
    },
    "commentData": [
        {
            "id": 87518,
            "timestamp": 1379912436,
            "author": {
                "id": 8659,
                "name": "BayBay",
                "image": null
            },
            "comment": "\n<p >I been having an issue when trying to connect to a server. Im the only one that cant connect to a friends server.</p>\n<p > </p>\n<p >Every time i try to log in it keeps telling me \"Failed to connect to loginserver\". But 2 Other friends can connect easily with no problem!</p>\n<p > </p>\n<p >We have tried all of the following:</p>\n<p >-Change ports</p>\n<p >-Try other accounts</p>\n<p >-Turned off my firewall</p>\n<p >-Turned off antivirus(Currently using Avast)</p>\n<p > </p>\n<p >Pretty much tried everything so idk whats wrong.</p>\n<p > </p>\n<p >P.S i tried to log in to other servers like lcgn02, universelc2 and i can log in with no problem</p>\n<p > </p>\n<p >Thanks in advance!</p>\n\n\n\t\t\t\n\t\t\t\t\n\n<span class=\"ipsType_reset ipsType_medium ipsType_light\" data-excludequote=\"None\" >\n\t<strong >Edited <time datetime=\"2013-09-23T05:02:39Z\" title=\"09/23/2013 05:02  AM\" data-short=\"7 yr\" >September 23, 2013</time> by Curious</strong>\n\t\n\t\n</span>\n\t\t\t\n\t\t</div>"
        },
        {
            "id": 87525,
            "timestamp": 1379926343,
            "author": {
                "id": 7695,
                "name": "CyberClaus",
                "image": null
            },
            "comment": "<p >Check if the client is the correct one, if the sl.dta is correctly configured and if your ip is allowed in ip tables.</p>"
        },
        {
            "id": 87533,
            "timestamp": 1379933152,
            "author": {
                "id": 14868,
                "name": "Gambit",
                "image": null
            },
            "comment": "\n<p >done it all, Cant seem to understand why he is the only one who cannot connect to server, he can connect to hosted server ( ssh ) (putty) can view web/forums.</p>\n<p > </p>\n<p >This happened to me on my vmware, i resetd vmwares network adapters but in this case, 3 of us can connect with our clients and he uses the same client, we gave him sl.dta multiple times but still no go. </p>\n<p > </p>\n<p >We even tried to log-in with different accounts, I can log-in with his on my PC but he cannot log in with any on his PC.</p>\n"
        },
        {
            "id": 87573,
            "timestamp": 1379977003,
            "author": {
                "id": 7695,
                "name": "CyberClaus",
                "image": null
            },
            "comment": "<p >hmmm thats odd... it has to be something on his end. You need to try everything, if nothing works... c:\\> format c:</p>"
        },
        {
            "id": 87577,
            "timestamp": 1379985879,
            "author": {
                "id": 14868,
                "name": "Gambit",
                "image": null
            },
            "comment": "<p >Yeah, he can connect to other servers though, just not ours.</p>"
        },
        {
            "id": 87578,
            "timestamp": 1379988088,
            "author": {
                "id": 2167,
                "name": "dethunter12",
                "image": null
            },
            "comment": "<p >does he have hamachi installed this was the reason i couldnt join my friends server?</p>"
        },
        {
            "id": 87582,
            "timestamp": 1379992905,
            "author": {
                "id": 14868,
                "name": "Gambit",
                "image": null
            },
            "comment": "\n<p >Um not sure, Im sure he does, we will try again if he does.</p>\n<p > </p>\n<p > </p>\n<p >EDIT: still no luck</p>\n"
        },
        {
            "id": 88220,
            "timestamp": 1381354283,
            "author": {
                "id": 8659,
                "name": "BayBay",
                "image": null
            },
            "comment": "\n<blockquote data-ipsquote=\"\" class=\"ipsQuote\" data-ipsquote-contentcommentid=\"87573\" data-ipsquote-contentapp=\"forums\" data-ipsquote-contenttype=\"forums\" data-ipsquote-contentclass=\"forums_Topic\" data-ipsquote-contentid=\"11456\" data-ipsquote-username=\"CyberClaus\" data-cite=\"CyberClaus\" data-ipsquote-timestamp=\"1379977003\" ><div ><div ><p >hmmm thats odd... it has to be something on his end. You need to try everything, if nothing works... c:\\> format c:</p></div></div></blockquote>\n<p >Hey CyberClaus, i changed my ip and i could connect to server normally. But when i try to connect with my normal ip adress i keep getting the error \" Failed to connect to login server\" any idea what is blocking my ip ??? since i can login with another ip but not with mine :/</p>\n"
        },
        {
            "id": 88221,
            "timestamp": 1381354597,
            "author": {
                "id": 1503,
                "name": "Paramount",
                "image": null
            },
            "comment": "\n<p >What program do you use to edit sl.dta? Use the barunson official tool [iPEditor], cause anyothers can just break your sl.dta.</p>\n<p >And make sure you used service iptables stop. </p>\n"
        },
        {
            "id": 88222,
            "timestamp": 1381355355,
            "author": {
                "id": 8659,
                "name": "BayBay",
                "image": null
            },
            "comment": "\n<blockquote data-ipsquote=\"\" class=\"ipsQuote\" data-ipsquote-contentcommentid=\"88221\" data-ipsquote-contentapp=\"forums\" data-ipsquote-contenttype=\"forums\" data-ipsquote-contentclass=\"forums_Topic\" data-ipsquote-contentid=\"11456\" data-ipsquote-username=\"Paramount\" data-cite=\"Paramount\" data-ipsquote-timestamp=\"1381354597\" ><div ><div >\n<p >What program do you use to edit sl.dta? Use the barunson official tool [iPEditor], cause anyothers can just break your sl.dta.</p>\n<p >And make sure you used service iptables stop. </p>\n</div></div></blockquote>\n<p >sl.dta is working fine cuze i can log in with a different ip but not with mine. </p>\n<p >what i dont understand is why do i get this error \"Failed to connect to loginserver\" loginserver is running lol cuze other friends can connect except me</p>\n\n\n\t\t\t\n\t\t\t\t\n\n<span class=\"ipsType_reset ipsType_medium ipsType_light\" data-excludequote=\"None\" >\n\t<strong >Edited <time datetime=\"2013-10-09T21:53:59Z\" title=\"10/09/2013 09:53  PM\" data-short=\"7 yr\" >October 9, 2013</time> by Curious</strong>\n\t\n\t\n</span>\n\t\t\t\n\t\t</div>"
        },
        {
            "id": 88257,
            "timestamp": 1381443406,
            "author": {
                "id": 1503,
                "name": "Paramount",
                "image": null
            },
            "comment": "<p >Eh, I had the same problem a long time ago. The problem that I was using the proxy hehe</p>"
        },
        {
            "id": 88258,
            "timestamp": 1381447134,
            "author": {
                "id": 8659,
                "name": "BayBay",
                "image": null
            },
            "comment": "\n<blockquote data-ipsquote=\"\" class=\"ipsQuote\" data-ipsquote-contentcommentid=\"88257\" data-ipsquote-contentapp=\"forums\" data-ipsquote-contenttype=\"forums\" data-ipsquote-contentclass=\"forums_Topic\" data-ipsquote-contentid=\"11456\" data-ipsquote-username=\"Paramount\" data-cite=\"Paramount\" data-ipsquote-timestamp=\"1381443406\" ><div ><div ><p >Eh, I had the same problem a long time ago. The problem that I was using the proxy hehe</p></div></div></blockquote>\n<p >any solution for this problem im having ?</p>\n"
        },
        {
            "id": 88262,
            "timestamp": 1381462980,
            "author": {
                "id": 16931,
                "name": "Walletman987",
                "image": null
            },
            "comment": "<p >If Im getting this right, you cant connect to the server with your normal IP address, but if you turn a proxy on it will work?  Maybe your vps/dedi has some IPs blocked in ip tables, it happened to me once.  Same thing goes for your webserver if it happens.  So just check iptables in your vps and see if your IP is blocked.</p>"
        },
        {
            "id": 88297,
            "timestamp": 1381506253,
            "author": {
                "id": 2016,
                "name": "pwesty",
                "image": null
            },
            "comment": "\n<p >That will usually only work if he has a vps that has Fail2Ban service, dedicated servers ran at home, most people dont have that installed but most VPS companies will have that Fail2Ban service that will block your ip in suspicious cases..</p>\n<p > </p>\n<p > </p>\n<p > </p>\n<p >try copying a new sl.dta and engine.dll(no encrypted one) and try connecting after getting new ones..Ive had issues like this before just make sure you are starting off with new ones for the just in case, also mega,lckb and couple other LC servers engine.dll doesnt read the sl.dta so make sure you have one that does ^^</p>\n"
        }
    ]
}