{
    "meta": {
        "threadId": 11468,
        "threadName": "Connection error",
        "dateCreated": "2013-09-24T16:52:16+0000",
        "datePublished": "2013-09-24T16:52:16+0000",
        "pageCount": 1,
        "originalUrl": "https://lckb.dev/forum/index.php?/topic/11468-connection-error/",
        "authorId": 17325,
        "position": [
            {
                "@type": "ListItem",
                "position": 1,
                "item": {
                    "@id": "https://lckb.dev/forum/index.php?/forum/100-guides-help-section/",
                    "name": "Guides &amp; Help Section"
                }
            },
            {
                "@type": "ListItem",
                "position": 2,
                "item": {
                    "@id": "https://lckb.dev/forum/index.php?/forum/335-help-support/",
                    "name": "Help &amp; Support"
                }
            },
            {
                "@type": "ListItem",
                "position": 3,
                "item": {
                    "@id": "https://lckb.dev/forum/index.php?/forum/120-ep2-support/",
                    "name": "Ep2 Support"
                }
            },
            {
                "@type": "ListItem",
                "position": 4,
                "item": {
                    "@id": "https://lckb.dev/forum/index.php?/forum/134-solved-topics/",
                    "name": "Solved Topics"
                }
            }
        ]
    },
    "commentData": [
        {
            "id": 87624,
            "timestamp": 1380041536,
            "author": {
                "id": 17325,
                "name": "General",
                "image": null
            },
            "comment": "\n<p >when connecting to the server get: Connection error</p>\n<p ><a href=\"http://radikal.ru/fp/837c2eccbd9d4aae82202d7676e2fae4\" rel=\"external nofollow\" ><img alt=\"0449b1db7986.jpg\" src=\"http://s019.radikal.ru/i635/1309/fe/0449b1db7986.jpg\" /></a><br />But the Login server records the connection attempt:<br /><a href=\"http://radikal.ru/fp/8fc2aa05e5194233b52dc505df8ba1b8\" rel=\"external nofollow\" ><img alt=\"9bcb2d91b8a1.png\" src=\"http://i024.radikal.ru/1309/5d/9bcb2d91b8a1.png\" /></a><br />WTF?</p>\n"
        },
        {
            "id": 87646,
            "timestamp": 1380063040,
            "author": {
                "id": 18883,
                "name": "NoName",
                "image": null
            },
            "comment": "\n<div >Hello,</div>\n<br /><div > </div>\n<br /><div > </div>\n<br /><div >I speak very little English excuse me.</div>\n<br /><div >I use google translation.</div>\n<br /><div > </div>\n<br /><div > </div>\n<br /><div >Did you look in your client if there is the right IP?</div>\n<br /><div >(sl.dat \"test 123.456.7.8 4001\")</div>\n<br /><div >Have you established the connection to your VMWare odinateur?</div>\n<br /><div >(Nat, bridget, and / or hamachi)</div>\n<br /><div >Have you checked your internet connection?</div>\n<br /><div > </div>\n<br /><div >Have you run all the files?</div>\n<br /><div >(SubHelper, Helper, Messenger, Connector ..?)</div>\n<br /><div > </div>\n<br /><div >\n<br /><div >Have you looked at your Firewall?</div>\n<br /><div > </div>\n<br /><div >Have you looked to see if your IP was not blocked in the data base?</div>\n<br /><div > </div>\n<br /><div > </div>\n<br /></div>\n<br /><div >I hope you get help and get my best greetings.</div>\n<br />\n\n\t\t\t\n\t\t\t\t\n\n<span class=\"ipsType_reset ipsType_medium ipsType_light\" data-excludequote=\"None\" >\n\t<strong >Edited <time datetime=\"2013-09-24T22:53:25Z\" title=\"09/24/2013 10:53  PM\" data-short=\"7 yr\" >September 24, 2013</time> by NoName</strong>\n\t\n\t\n</span>\n\t\t\t\n\t\t</div>"
        },
        {
            "id": 87648,
            "timestamp": 1380079602,
            "author": {
                "id": 2167,
                "name": "dethunter12",
                "image": null
            },
            "comment": "\n<p >sl data should read</p>\n<p >test vmware ip \" 4001 without the \"</p>\n<p >type service ip tables stop for a simple login fix </p>\n"
        },
        {
            "id": 87676,
            "timestamp": 1380122658,
            "author": {
                "id": 17325,
                "name": "General",
                "image": null
            },
            "comment": "<p >All right thing, as always. Tried to fill in for the hosting, the same trouble.</p>"
        },
        {
            "id": 87682,
            "timestamp": 1380132182,
            "author": {
                "id": 15306,
                "name": "Noizy",
                "image": null
            },
            "comment": "\n<p >in LoginServer u got BAD_CONNECTION, here was guide how to fix :)</p>\n<p > </p>\n<p >but try to stop firewall</p>\n"
        },
        {
            "id": 87683,
            "timestamp": 1380133808,
            "author": {
                "id": 17325,
                "name": "General",
                "image": null
            },
            "comment": "<p >I can not find the manual, after the update forum search stopped working)</p>\n\n\t\t\t\n\t\t\t\t\n\n<span class=\"ipsType_reset ipsType_medium ipsType_light\" data-excludequote=\"None\" >\n\t<strong >Edited <time datetime=\"2013-09-25T18:30:53Z\" title=\"09/25/2013 06:30  PM\" data-short=\"7 yr\" >September 25, 2013</time> by General</strong>\n\t\n\t\n</span>\n\t\t\t\n\t\t</div>"
        },
        {
            "id": 87684,
            "timestamp": 1380134728,
            "author": {
                "id": 17325,
                "name": "General",
                "image": null
            },
            "comment": "\n<div >But if you enter the wrong password, it says that the password is wrong 0_0</div>\n<br /><div >If you enter all correctly, the connection error</div>\n"
        },
        {
            "id": 87686,
            "timestamp": 1380136566,
            "author": {
                "id": 15306,
                "name": "Noizy",
                "image": null
            },
            "comment": "\n<p >xD cuz password check not requires connection to connector :D (i think so)</p>\n<p > </p>\n<p >Off FIREWALL and update t_iplist and if u using USA GS u need USA LS too and different t_iplist</p>\n"
        },
        {
            "id": 87820,
            "timestamp": 1380481332,
            "author": {
                "id": 17325,
                "name": "General",
                "image": null
            },
            "comment": "<p >the problem was solved by adding a database Post)</p>"
        },
        {
            "id": 87823,
            "timestamp": 1380482671,
            "author": {
                "id": 1503,
                "name": "Paramount",
                "image": null
            },
            "comment": "<p >Closed and moved. </p>"
        }
    ]
}