{
    "meta": {
        "threadId": 11469,
        "threadName": "Adding Stats, with OUT using a magnifier?",
        "dateCreated": "2013-09-24T19:39:54+0000",
        "datePublished": "2013-09-24T19:39:54+0000",
        "pageCount": 1,
        "originalUrl": "https://lckb.dev/forum/index.php?/topic/11469-adding-stats-with-out-using-a-magnifier/",
        "authorId": 17582,
        "position": [
            {
                "@type": "ListItem",
                "position": 1,
                "item": {
                    "@id": "https://lckb.dev/forum/index.php?/forum/100-guides-help-section/",
                    "name": "Guides &amp; Help Section"
                }
            },
            {
                "@type": "ListItem",
                "position": 2,
                "item": {
                    "@id": "https://lckb.dev/forum/index.php?/forum/335-help-support/",
                    "name": "Help &amp; Support"
                }
            },
            {
                "@type": "ListItem",
                "position": 3,
                "item": {
                    "@id": "https://lckb.dev/forum/index.php?/forum/120-ep2-support/",
                    "name": "Ep2 Support"
                }
            },
            {
                "@type": "ListItem",
                "position": 4,
                "item": {
                    "@id": "https://lckb.dev/forum/index.php?/forum/134-solved-topics/",
                    "name": "Solved Topics"
                }
            }
        ]
    },
    "commentData": [
        {
            "id": 87637,
            "timestamp": 1380051594,
            "author": {
                "id": 17582,
                "name": "CDWriter",
                "image": null
            },
            "comment": "\n<p >Since i have not played the offical game that much could someone tell me what part of these Accessories should have stats </p>\n<p > </p>\n<p ><a href=\"http://lastchaosinfo.wikifoundry.com/page/Accessory+guide\" rel=\"external nofollow\" >http://lastchaosinfo.wikifoundry.com/page/Accessory+guide</a></p>\n<p > </p>\n<p >i have added all stats to the last half of this page .\" Affinity Accessories\" are done from past version and current .</p>\n<p > </p>\n<p > </p>\n<p >but what else have i forgotten to add stats too ? </p>\n<p > </p>\n<p >as for the rings i do not understand that page either since i have not played offical what does it mean when it shows the ring and then 1,2 3 ECT ...</p>\n<p > </p>\n<p > </p>\n<p >thanks all </p>\n<p > </p>\n<p > </p>\n\n\n\t\t\t\n\t\t\t\t\n\n<span class=\"ipsType_reset ipsType_medium ipsType_light\" data-excludequote=\"None\" >\n\t<strong >Edited <time datetime=\"2013-09-27T18:31:33Z\" title=\"09/27/2013 06:31  PM\" data-short=\"7 yr\" >September 27, 2013</time> by CDWriter</strong>\n\t\n\t\n</span>\n\t\t\t\n\t\t</div>"
        },
        {
            "id": 87638,
            "timestamp": 1380054844,
            "author": {
                "id": 14922,
                "name": "ren0d1",
                "image": null
            },
            "comment": "\n<p >Like when you pick up one of these jewelries, the seals are random, it look like its all the differents possibilities for each stats.</p>\n<p > </p>\n<p ><u >Exemple: </u></p>\n<p >- 4 or 6 or 8 of Strength, Dexterity or Intelligence as seal and 2 or 3 or 4 of Constitution as seal.<br /><br />So its editable in t_option -> a_accessory_type to set random seal on each different kind of jewelries and with a_prob.</p>\n\n\n\t\t\t\n\t\t\t\t\n\n<span class=\"ipsType_reset ipsType_medium ipsType_light\" data-excludequote=\"None\" >\n\t<strong >Edited <time datetime=\"2013-09-24T20:36:36Z\" title=\"09/24/2013 08:36  PM\" data-short=\"7 yr\" >September 24, 2013</time> by ren0d1</strong>\n\t\n\t\n</span>\n\t\t\t\n\t\t</div>"
        },
        {
            "id": 87649,
            "timestamp": 1380079994,
            "author": {
                "id": 2167,
                "name": "dethunter12",
                "image": null
            },
            "comment": "<p >a_prob determines chance of getting that stat most are 70-100 but you can go lower if you have the chance 100 it will be obtained every time you get the accessory you can do this if you want to identify the said accessory  and for non identification acessory you just put the option and the lvl in rare option tab in wiza itemall editor mind you the values have to go higher it cant be lower for example id 10 20 30 40  not 10 30 40 10 or 40 30 20 10 it has to be going higher in value or it wont work idk why</p>"
        },
        {
            "id": 87687,
            "timestamp": 1380137027,
            "author": {
                "id": 17582,
                "name": "CDWriter",
                "image": null
            },
            "comment": "\n<p >so most of these stats need a magnifier to be identified ?  lets just stay with the <b >Ring of Air ...</b></p>\n<p > </p>\n<p ><b >i have added rare_options to it but they do not show up until i log out and then back in again .... but if they need identified then it will work ? </b></p>\n"
        },
        {
            "id": 87691,
            "timestamp": 1380141694,
            "author": {
                "id": 2167,
                "name": "dethunter12",
                "image": null
            },
            "comment": "<p >if they need identification and both client and database match and you have set the percent you want for seal it will work yes.</p>"
        },
        {
            "id": 87764,
            "timestamp": 1380304555,
            "author": {
                "id": 17582,
                "name": "CDWriter",
                "image": null
            },
            "comment": "<p >Is there a way to give Rareoption to a item with out having to use the magnifier? or purple seals ?</p>\n\n\t\t\t\n\t\t\t\t\n\n<span class=\"ipsType_reset ipsType_medium ipsType_light\" data-excludequote=\"None\" >\n\t<strong >Edited <time datetime=\"2013-09-27T17:57:54Z\" title=\"09/27/2013 05:57  PM\" data-short=\"7 yr\" >September 27, 2013</time> by CDWriter</strong>\n\t\n\t\n</span>\n\t\t\t\n\t\t</div>"
        },
        {
            "id": 87766,
            "timestamp": 1380312937,
            "author": {
                "id": 2167,
                "name": "dethunter12",
                "image": null
            },
            "comment": "<p >not that i know of maybey @<a contenteditable=\"false\" data-ipshover=\"\" href=\"https://lckb.dev/forum/index.php?/profile/2-wizatek/\" data-ipshover-target=\"https://lckb.dev/forum/index.php?/profile/2-wizatek/&do=hovercard\" data-mentionid=\"2\" rel=\"\" >@Wizatek</a> can help you with that</p>"
        },
        {
            "id": 87771,
            "timestamp": 1380325078,
            "author": {
                "id": 2,
                "name": "Wizatek",
                "image": null
            },
            "comment": "\n<p >U mean with the itemdrop command?</p>\n<p > </p>\n<p >/itemdrop <itemid ><plus ><flag ><num > 1 <rareoption id=\"None\" ><rare bit=\"None\" ></rare></rareoption></num></flag></plus></itemid></p>\n<p > </p>\n<p >The rarebit is a number of 10 bits, 10 bits represent the 10 bloodseals of the rareoption. </p>\n<p >so a number like 1100110111 converted to decimal</p>\n<p >this will show the first second and third seal, not the 4th, the 5th and 6th not the 7th and not the 8th and will show the 9th and 10th. </p>\n<p >Beware the client can only show 6 seals, but the server can even use all 10 of them.</p>\n"
        },
        {
            "id": 87772,
            "timestamp": 1380329718,
            "author": {
                "id": 2167,
                "name": "dethunter12",
                "image": null
            },
            "comment": "<p >why is that i think he is trying to ask if for like a ring you can put  seals on it without it being purple seal flag or rareoption</p>"
        },
        {
            "id": 87919,
            "timestamp": 1380736843,
            "author": {
                "id": 17582,
                "name": "CDWriter",
                "image": null
            },
            "comment": "\n<p >@<a contenteditable=\"false\" data-ipshover=\"\" href=\"https://lckb.dev/forum/index.php?/profile/2-wizatek/\" data-ipshover-target=\"https://lckb.dev/forum/index.php?/profile/2-wizatek/&do=hovercard\" data-mentionid=\"2\" rel=\"\" >@Wizatek</a>  thanks for the reply Wiz ... i mean for a normal Item lets say <b >Ring of Air i want to add stats to it ..  like on this page ... </b></p>\n<p > </p>\n<p ><a href=\"http://lastchaosinfo.wikifoundry.com/page/Accessory+guide\" rel=\"external nofollow\" >http://lastchaosinfo.wikifoundry.com/page/Accessory+guide</a></p>\n<p > </p>\n<p >iam assuming that when the ring is dropped our give to you from a quest it already comes with stats on it, and you do not need a magnifier to identify it ...</p>\n<p > </p>\n<p >when ever i give my self this ring with rare option added to it .... the stats do not show until you log off and back again ... ?</p>\n"
        },
        {
            "id": 87920,
            "timestamp": 1380737464,
            "author": {
                "id": 13764,
                "name": "MrBuSta",
                "image": null
            },
            "comment": "\n<p >You open Itemall_usa.lod with itemall editor, go search Ring of Air, click on Rare Option, Click on get from database, you can add seals Option 1-5</p>\n<p >with my option.lod its Option 1 = 58 (cast) Chance = 5 (its give 50% cast in ring with my option_usa.lod) you can see option ids with option editor.</p>\n"
        },
        {
            "id": 87966,
            "timestamp": 1380821856,
            "author": {
                "id": 17582,
                "name": "CDWriter",
                "image": null
            },
            "comment": "\n<p >@<a contenteditable=\"false\" rel=\"\" ></a></p>\n<blockquote data-ipsquote=\"\" class=\"ipsQuote\" ><div ><p ><span style=\"color:rgb(40,40,40);\" ><span style=\"font-family:verdana;\" ><span style=\"background-color:rgb(221,221,221);\" >when ever i give my self this ring with rare or  option added to it .... the stats do not show until you log off and back again ... ?</span></span></span></p></div></blockquote>\n<p > </p>\n<p > </p>\n<p >Please read .....</p>\n\n\n\t\t\t\n\t\t\t\t\n\n<span class=\"ipsType_reset ipsType_medium ipsType_light\" data-excludequote=\"None\" >\n\t<strong >Edited <time datetime=\"2013-10-03T19:31:25Z\" title=\"10/03/2013 07:31  PM\" data-short=\"7 yr\" >October 3, 2013</time> by CDWriter</strong>\n\t\n\t\n</span>\n\t\t\t\n\t\t</div>"
        },
        {
            "id": 87968,
            "timestamp": 1380821997,
            "author": {
                "id": 13764,
                "name": "MrBuSta",
                "image": null
            },
            "comment": "\n<p >in itemall editor check your MYSQL config,and test connection,save</p>\n<p >after put rares in ring and restart gameserver and its need to work,me to use this on my server</p>\n"
        },
        {
            "id": 87979,
            "timestamp": 1380828751,
            "author": {
                "id": 17582,
                "name": "CDWriter",
                "image": null
            },
            "comment": "\n<p >Work with out using a magnifier ? your also not taking in consideration the orginal flag for this item is 26 ...</p>\n<p > </p>\n<p >After a reset ///</p>\n<p > </p>\n<p ><img alt=\"nxqg.png\" src=\"https://img706.imageshack.us/img706/4826/nxqg.png\" /></p>\n<p > </p>\n<p > </p>\n<p >Before i reset </p>\n<p > </p>\n<p ><img alt=\"jjfw.png\" src=\"https://img689.imageshack.us/img689/817/jjfw.png\" /></p>\n<p > </p>\n<p >I dont understand it ?></p>\n\n\n\t\t\t\n\t\t\t\t\n\n<span class=\"ipsType_reset ipsType_medium ipsType_light\" data-excludequote=\"None\" >\n\t<strong >Edited <time datetime=\"2013-10-03T19:39:51Z\" title=\"10/03/2013 07:39  PM\" data-short=\"7 yr\" >October 3, 2013</time> by CDWriter</strong>\n\t\n\t\n</span>\n\t\t\t\n\t\t</div>"
        },
        {
            "id": 88005,
            "timestamp": 1380893689,
            "author": {
                "id": 7482,
                "name": "Creep",
                "image": null
            },
            "comment": "\n<p >I think the GameServer adds the Seals on pickup but cant show em up because it safes the inventory on logout thatway also the seals on it</p>\n<p >I think you can create any item like rings and necklaces and they will work with the same flag ;)</p>\n"
        },
        {
            "id": 88048,
            "timestamp": 1380997933,
            "author": {
                "id": 17582,
                "name": "CDWriter",
                "image": null
            },
            "comment": "<p >@<a contenteditable=\"false\" data-ipshover=\"\" href=\"https://lckb.dev/forum/index.php?/profile/7482-creep/\" data-ipshover-target=\"https://lckb.dev/forum/index.php?/profile/7482-creep/&do=hovercard\" data-mentionid=\"7482\" rel=\"\" >@Creep</a> thanks for the reply ... But i can except that answer , why would they have it when ever you get a necklace or ring you have to log out... Just does not sound right .... </p>"
        },
        {
            "id": 88075,
            "timestamp": 1381051075,
            "author": {
                "id": 7482,
                "name": "Creep",
                "image": null
            },
            "comment": "\n<p >Its the same thing in EP1 either, we dont know why, its basicly like I said I guess the GameServer is just not ment to calculate the seals on drop, wether some of the nacklaces at low level mobs drop thoose with seals on it</p>\n<p > </p>\n<p >I didnt managed to get this working since ep1, but mainly because it wasnt important either becuz the magnifierthing is more simply and a huge better to me</p>\n<p >I mean you can put up to 10 different sets of 10 possibilitys onto one item instead just 10 seals </p>\n<p > </p>\n<p >so there are basically much more possibilities with the magnifiersystem :S</p>\n<p > </p>\n<p > </p>\n<p >Thats why Iam still searching for the EP1 GameServer wich got this system working, because it would make a huge diffrence from putting bloodseals on it..</p>\n"
        }
    ]
}