{
    "meta": {
        "threadId": 11494,
        "threadName": "how to block recall",
        "dateCreated": "2013-09-29T22:54:06+0000",
        "datePublished": "2013-09-29T22:54:06+0000",
        "pageCount": 1,
        "originalUrl": "https://lckb.dev/forum/index.php?/topic/11494-how-to-block-recall/",
        "authorId": 17474,
        "position": [
            {
                "@type": "ListItem",
                "position": 1,
                "item": {
                    "@id": "https://lckb.dev/forum/index.php?/forum/100-guides-help-section/",
                    "name": "Guides &amp; Help Section"
                }
            },
            {
                "@type": "ListItem",
                "position": 2,
                "item": {
                    "@id": "https://lckb.dev/forum/index.php?/forum/335-help-support/",
                    "name": "Help &amp; Support"
                }
            },
            {
                "@type": "ListItem",
                "position": 3,
                "item": {
                    "@id": "https://lckb.dev/forum/index.php?/forum/120-ep2-support/",
                    "name": "Ep2 Support"
                }
            },
            {
                "@type": "ListItem",
                "position": 4,
                "item": {
                    "@id": "https://lckb.dev/forum/index.php?/forum/134-solved-topics/",
                    "name": "Solved Topics"
                }
            }
        ]
    },
    "commentData": [
        {
            "id": 87831,
            "timestamp": 1380495246,
            "author": {
                "id": 17474,
                "name": "kixtzz",
                "image": null
            },
            "comment": "<p >Im wondering how to block party recall in detemined zone</p>"
        },
        {
            "id": 87885,
            "timestamp": 1380642901,
            "author": {
                "id": 17474,
                "name": "kixtzz",
                "image": null
            },
            "comment": "<p >bump</p>"
        },
        {
            "id": 87886,
            "timestamp": 1380644451,
            "author": {
                "id": 161,
                "name": "Koko",
                "image": null
            },
            "comment": "\n<blockquote data-ipsquote=\"\" class=\"ipsQuote\" data-ipsquote-contentcommentid=\"87885\" data-ipsquote-contentapp=\"forums\" data-ipsquote-contenttype=\"forums\" data-ipsquote-contentclass=\"forums_Topic\" data-ipsquote-contentid=\"11494\" data-ipsquote-username=\"kixtzz\" data-cite=\"kixtzz\" data-ipsquote-timestamp=\"1380642901\" ><div ><div ><p >bump</p></div></div></blockquote>\n<p > </p>\n<p ><a href=\"http://toxic-l33t.ddns.net/forum/index.php?/topic/7399-board-rules/&do=findComment&comment=54508\" rel=\"external nofollow\" >Nope</a>.</p>\n"
        },
        {
            "id": 87903,
            "timestamp": 1380695771,
            "author": {
                "id": 7482,
                "name": "Creep",
                "image": null
            },
            "comment": "<p >I guess its either hardcoded in GameSevrer or made in the zoneflag.. means: find a zone which doesnt allow RC and copy it to another, try out if it works.. if yes your fine to go, if not you need to fnd the offsets</p>"
        },
        {
            "id": 88127,
            "timestamp": 1381146845,
            "author": {
                "id": 18226,
                "name": "OldHM",
                "image": null
            },
            "comment": "<p >Its GameServer offset thing, i already tried all i know at the t_zonedata had the same problem. Its an offset...</p>"
        },
        {
            "id": 88130,
            "timestamp": 1381150413,
            "author": {
                "id": 7263,
                "name": "SibaN",
                "image": null
            },
            "comment": "<p >and you have found the offset</p>"
        },
        {
            "id": 88131,
            "timestamp": 1381153445,
            "author": {
                "id": 18226,
                "name": "OldHM",
                "image": null
            },
            "comment": "<p >Nope, still searching for it.</p>"
        }
    ]
}