{
    "meta": {
        "threadId": 11503,
        "threadName": "character Time Out",
        "dateCreated": "2013-10-02T07:47:47+0000",
        "datePublished": "2013-10-02T07:47:47+0000",
        "pageCount": 1,
        "originalUrl": "https://lckb.dev/forum/index.php?/topic/11503-character-time-out/",
        "authorId": 7263,
        "position": [
            {
                "@type": "ListItem",
                "position": 1,
                "item": {
                    "@id": "https://lckb.dev/forum/index.php?/forum/100-guides-help-section/",
                    "name": "Guides &amp; Help Section"
                }
            },
            {
                "@type": "ListItem",
                "position": 2,
                "item": {
                    "@id": "https://lckb.dev/forum/index.php?/forum/335-help-support/",
                    "name": "Help &amp; Support"
                }
            },
            {
                "@type": "ListItem",
                "position": 3,
                "item": {
                    "@id": "https://lckb.dev/forum/index.php?/forum/120-ep2-support/",
                    "name": "Ep2 Support"
                }
            },
            {
                "@type": "ListItem",
                "position": 4,
                "item": {
                    "@id": "https://lckb.dev/forum/index.php?/forum/134-solved-topics/",
                    "name": "Solved Topics"
                }
            }
        ]
    },
    "commentData": [
        {
            "id": 87904,
            "timestamp": 1380700067,
            "author": {
                "id": 7263,
                "name": "SibaN",
                "image": null
            },
            "comment": "\n<p >hello guys i have probleme with characters</p>\n<p > </p>\n<p >many account have probleme with chara if ther loge on he chose chara and click at start  to enter game and get Time out and chanel crash </p>\n<p >somone know how to fix that please</p>\n<p > </p>\n<p ><a href=\"http://prntscr.com/1urn5t\" rel=\"external nofollow\" >http://prntscr.com/1urn5t</a></p>\n\n\n\t\t\t\n\t\t\t\t\n\n<span class=\"ipsType_reset ipsType_medium ipsType_light\" data-excludequote=\"None\" >\n\t<strong >Edited <time datetime=\"2013-10-02T08:10:42Z\" title=\"10/02/2013 08:10  AM\" data-short=\"7 yr\" >October 2, 2013</time> by sibastient</strong>\n\t\n\t\n</span>\n\t\t\t\n\t\t</div>"
        },
        {
            "id": 87907,
            "timestamp": 1380716807,
            "author": {
                "id": 6038,
                "name": "RomainLastChaos",
                "image": null
            },
            "comment": "\n<p >This problem was already ask i think your newproject_db do not working well</p>\n<p > </p>\n<p >do you have look into the GameServer wich error it give you when you try select the character for login?</p>\n"
        },
        {
            "id": 87908,
            "timestamp": 1380718580,
            "author": {
                "id": 7263,
                "name": "SibaN",
                "image": null
            },
            "comment": "\n<div >2013/10/02 10:12:48 :: LOGIN REQ > <span style=\"color:#ff0000;\" >accountname</span> : VERSION : 1111 : MODE : 0 : IP : xxxxxxxxxxx : NATION : 9 : PROSITE : </div>\n<br /><div >2013/10/02 10:12:48 :: <span style=\"color:#008000;\" >HANARO_EVENT ></span> <span style=\"color:rgb(255,0,0);\" >accountname</span> : PROSITE : LC : HAHARO_CODE : </div>\n<br /><div >2013/10/02 10:12:58 :: SYSTEM > Load settings....</div>\n<br /><div >2013/10/02 10:12:58 :: SYSTEM > Client Version Loading...</div>\n<br />"
        },
        {
            "id": 87909,
            "timestamp": 1380721719,
            "author": {
                "id": 6038,
                "name": "RomainLastChaos",
                "image": null
            },
            "comment": "\n<p >Looking here it was already solved <a href=\"http://toxic-l33t.ddns.net/forum/index.php?/topic/8221-timed-out/?hl=timed\" rel=\"external nofollow\" >http://toxic-l33t.ddns.net/forum/index.php?/topic/8221-timed-out/?hl=timed</a></p>\n<p > </p>\n<p >maybe it will help you too ^^</p>\n\n\n\t\t\t\n\t\t\t\t\n\n<span class=\"ipsType_reset ipsType_medium ipsType_light\" data-excludequote=\"None\" >\n\t<strong >Edited <time datetime=\"2013-10-02T13:48:54Z\" title=\"10/02/2013 01:48  PM\" data-short=\"7 yr\" >October 2, 2013</time> by Era</strong>\n\t\n\t\n</span>\n\t\t\t\n\t\t</div>"
        },
        {
            "id": 87912,
            "timestamp": 1380726316,
            "author": {
                "id": 7263,
                "name": "SibaN",
                "image": null
            },
            "comment": "<p >he dont say what is the error in db </p>"
        },
        {
            "id": 87913,
            "timestamp": 1380726693,
            "author": {
                "id": 13764,
                "name": "MrBuSta",
                "image": null
            },
            "comment": "\n<p >You need new newproject_db..</p>\n<p >Here is link for one working newproject_db</p>\n<div >\n<a href=\"https://mega.co.nz/#\" rel=\"external nofollow\" >https://mega.co.nz/#</a>!685HjKLI!WbQqA1RQMCJ3b3F9ovJPMU1D3h8V3PK4MQPT3ZaRqVw</div>\n\n\n\t\t\t\n\t\t\t\t\n\n<span class=\"ipsType_reset ipsType_medium ipsType_light\" data-excludequote=\"None\" >\n\t<strong >Edited <time datetime=\"2013-10-02T15:35:39Z\" title=\"10/02/2013 03:35  PM\" data-short=\"7 yr\" >October 2, 2013</time> by Adam1998i</strong>\n\t\n\t\n</span>\n\t\t\t\n\t\t</div>"
        },
        {
            "id": 87917,
            "timestamp": 1380734653,
            "author": {
                "id": 7263,
                "name": "SibaN",
                "image": null
            },
            "comment": "<p >i cann t use other becaus i have <span style=\"color:#006400;\" ><span style=\"font-family:Arial, Helvetica, sans-serif;font-size:12px;\" >20107 chara</span></span></p>"
        },
        {
            "id": 87918,
            "timestamp": 1380736167,
            "author": {
                "id": 13764,
                "name": "MrBuSta",
                "image": null
            },
            "comment": "\n<blockquote data-ipsquote=\"\" class=\"ipsQuote\" data-ipsquote-contentcommentid=\"87917\" data-ipsquote-contentapp=\"forums\" data-ipsquote-contenttype=\"forums\" data-ipsquote-contentclass=\"forums_Topic\" data-ipsquote-contentid=\"11503\" data-ipsquote-username=\"sibastient\" data-cite=\"sibastient\" data-ipsquote-timestamp=\"1380734653\" ><div ><div ><p >i cann t use other becaus i have <span style=\"color:#006400;\" ><span style=\"font-family:Arial, Helvetica, sans-serif;\" >20107 chara</span></span></p></div></div></blockquote>\n<p >you save t_inven00-09 and t_characters,its save all ppl inventory items and chars..</p>\n"
        },
        {
            "id": 87921,
            "timestamp": 1380739779,
            "author": {
                "id": 1503,
                "name": "Paramount",
                "image": null
            },
            "comment": "\n<blockquote data-ipsquote=\"\" class=\"ipsQuote\" data-ipsquote-contentcommentid=\"87918\" data-ipsquote-contentapp=\"forums\" data-ipsquote-contenttype=\"forums\" data-ipsquote-contentclass=\"forums_Topic\" data-ipsquote-contentid=\"11503\" data-ipsquote-username=\"Adam1998i\" data-cite=\"Adam1998i\" data-ipsquote-timestamp=\"1380736167\" ><div ><div ><p >you save t_inven00-09 and t_characters,its save all ppl inventory items and chars..</p></div></div></blockquote>\n<p >eh? whata bout warehouse an roy\\siban system?</p>\n<p >its not a right solution how to fix the database. I guess you need just import tables structure from adams one.</p>\n<p > </p>\n<p >or atleast</p>\n<p ><img alt=\"eM4LtBg.png\" src=\"https://i.imgur.com/eM4LtBg.png\" /></p>\n<p > </p>\n<p ><img alt=\"q0mBmHp.png\" src=\"https://i.imgur.com/q0mBmHp.png\" /></p>\n"
        },
        {
            "id": 87925,
            "timestamp": 1380745882,
            "author": {
                "id": 7263,
                "name": "SibaN",
                "image": null
            },
            "comment": "\n<p >ah it is sloved now </p>\n<p >i found the probleme </p>\n<p >the probleme wase </p>\n<div ><span style=\"color:#008000;\" >t_pet ,t_pet_name, t_pet .t_apet.t_apets .t_apets_ai. t_apets_inven </span></div>\n<div > </div>\n<div >you need to clear all that tabel becaus <span style=\"color:#ff0000;\" >the public gameserver support p2 pet, but the APet function is rly bugged</span><span style=\"color:#0000cd;\" > thx to </span> <span style=\"color:#0000cd;\" >xd4y3nd </span><span style=\"color:#ff0000;\" >and  </span><span style=\"color:#0000cd;\" >Paramount</span>\n</div>\n<div > </div>\n<div ><span style=\"color:#0000cd;\" >thes [CeNsOrEd] error make me crazy 7 days now </span></div>\n<div > </div>\n<div ><span style=\"color:#0000cd;\" >Please Closs </span></div>\n"
        },
        {
            "id": 87926,
            "timestamp": 1380745966,
            "author": {
                "id": 1503,
                "name": "Paramount",
                "image": null
            },
            "comment": "<p >Closed and moved.</p>"
        }
    ]
}