{
    "meta": {
        "threadId": 11509,
        "threadName": "Problem Reading EP3 ItemAll",
        "dateCreated": "2013-10-03T21:10:57+0000",
        "datePublished": "2013-10-03T21:10:57+0000",
        "pageCount": 1,
        "originalUrl": "https://lckb.dev/forum/index.php?/topic/11509-problem-reading-ep3-itemall/",
        "authorId": 13172,
        "position": [
            {
                "@type": "ListItem",
                "position": 1,
                "item": {
                    "@id": "https://lckb.dev/forum/index.php?/forum/272-programmers-gateway/",
                    "name": "Programmers Gateway"
                }
            },
            {
                "@type": "ListItem",
                "position": 2,
                "item": {
                    "@id": "https://lckb.dev/forum/index.php?/forum/79-coders-talk/",
                    "name": "Coders Talk"
                }
            }
        ]
    },
    "commentData": [
        {
            "id": 87991,
            "timestamp": 1380834657,
            "author": {
                "id": 13172,
                "name": "soryjero",
                "image": null
            },
            "comment": "\n<p >I have got item all ep3 structure with db and hex editor but i have seen there is a piece of values that i dont know where there are them.</p>\n<p >My problem is i can read about 6000 items but after this, i get an error coz there is a piece of values that arent any item.</p>\n<p > </p>\n<p >The piece of code is this:</p>\n<p > </p>\n<p ><a href=\"http://grabilla.com/03a03-41586d65-3eee-4218-b4e9-8d7939752a6f.html#\" rel=\"external nofollow\" >http://grabilla.com/03a03-41586d65-3eee-4218-b4e9-8d7939752a6f.html#</a></p>\n<p > </p>\n<p >I dont know after what items i have to read/write it so i would like to know how to know when i have to write it. If you dont understan me, tell me i will try to explain it in another way.</p>\n<p > </p>\n<p >Thanks in advance.</p>\n\n\n\t\t\t\n\t\t\t\t\n\n<span class=\"ipsType_reset ipsType_medium ipsType_light\" data-excludequote=\"None\" >\n\t<strong >Edited <time datetime=\"2013-10-06T09:36:05Z\" title=\"10/06/2013 09:36  AM\" data-short=\"7 yr\" >October 6, 2013</time> by soryjero</strong>\n\t\n\t\n</span>\n\t\t\t\n\t\t</div>"
        },
        {
            "id": 88058,
            "timestamp": 1381014130,
            "author": {
                "id": 13172,
                "name": "soryjero",
                "image": null
            },
            "comment": "\n<p >i have some advances.</p>\n<p > </p>\n<p >I have guessed that the piece of code i say is after some C2 but i am not sure about what value of last item i have to check to know if after last item read go piece of code or is another item.</p>\n<p >I also have guessed all the pieces of code dont have the same lenght so i also would like to know how to know the length of the code.</p>\n<p > </p>\n<p >Thanks in advance.</p>\n"
        },
        {
            "id": 88078,
            "timestamp": 1381052152,
            "author": {
                "id": 13172,
                "name": "soryjero",
                "image": null
            },
            "comment": "\n<p >#close</p>\n<p > </p>\n<p >my problem was fortune system.</p>\n"
        }
    ]
}