{
    "meta": {
        "threadId": 11513,
        "threadName": "Pack with all Tools",
        "dateCreated": "2013-10-04T13:07:16+0000",
        "datePublished": "2013-10-04T13:07:16+0000",
        "pageCount": 1,
        "originalUrl": "https://lckb.dev/forum/index.php?/topic/11513-pack-with-all-tools/",
        "authorId": 12148,
        "position": [
            {
                "@type": "ListItem",
                "position": 1,
                "item": {
                    "@id": "https://lckb.dev/forum/index.php?/forum/100-guides-help-section/",
                    "name": "Guides &amp; Help Section"
                }
            },
            {
                "@type": "ListItem",
                "position": 2,
                "item": {
                    "@id": "https://lckb.dev/forum/index.php?/forum/335-help-support/",
                    "name": "Help &amp; Support"
                }
            },
            {
                "@type": "ListItem",
                "position": 3,
                "item": {
                    "@id": "https://lckb.dev/forum/index.php?/forum/120-ep2-support/",
                    "name": "Ep2 Support"
                }
            },
            {
                "@type": "ListItem",
                "position": 4,
                "item": {
                    "@id": "https://lckb.dev/forum/index.php?/forum/134-solved-topics/",
                    "name": "Solved Topics"
                }
            }
        ]
    },
    "commentData": [
        {
            "id": 88004,
            "timestamp": 1380892036,
            "author": {
                "id": 12148,
                "name": "extreme",
                "image": null
            },
            "comment": "\n<p >Hi.</p>\n<p >Anyone can make a new relase with all tools that are avaiable for the EP2 server?</p>\n<p >There is much pack for EP1 but for EP2 there is many link that doesnt work.</p>\n<p >Anyone that have the tools in the PC can post it?</p>\n<p > </p>\n<p >Thanks.</p>\n"
        },
        {
            "id": 88008,
            "timestamp": 1380898186,
            "author": {
                "id": 12148,
                "name": "extreme",
                "image": null
            },
            "comment": "<p >Not one have the full tools in the pc?</p>"
        },
        {
            "id": 88010,
            "timestamp": 1380898627,
            "author": {
                "id": 1503,
                "name": "Paramount",
                "image": null
            },
            "comment": "\n<blockquote data-ipsquote=\"\" class=\"ipsQuote\" data-ipsquote-contentcommentid=\"88008\" data-ipsquote-contentapp=\"forums\" data-ipsquote-contenttype=\"forums\" data-ipsquote-contentclass=\"forums_Topic\" data-ipsquote-contentid=\"11513\" data-ipsquote-username=\"extreme\" data-cite=\"extreme\" data-ipsquote-timestamp=\"1380898186\" ><div ><div ><p >Not one have the full tools in the pc?</p></div></div></blockquote>\n<p >Please, read the rules. Topic bumping is not allowed. </p>\n"
        },
        {
            "id": 88012,
            "timestamp": 1380899343,
            "author": {
                "id": 12148,
                "name": "extreme",
                "image": null
            },
            "comment": "\n<blockquote data-ipsquote=\"\" class=\"ipsQuote\" data-ipsquote-contentcommentid=\"88010\" data-ipsquote-contentapp=\"forums\" data-ipsquote-contenttype=\"forums\" data-ipsquote-contentclass=\"forums_Topic\" data-ipsquote-contentid=\"11513\" data-ipsquote-username=\"Paramount\" data-cite=\"Paramount\" data-ipsquote-timestamp=\"1380898627\" ><div ><div ><p >Please, read the rules. Topic bumping is not allowed. </p></div></div></blockquote>\n<p >Ok :rolleyes:</p>\n<p >My fault.</p>\n\n\n\t\t\t\n\t\t\t\t\n\n<span class=\"ipsType_reset ipsType_medium ipsType_light\" data-excludequote=\"None\" >\n\t<strong >Edited <time datetime=\"2013-10-04T15:09:58Z\" title=\"10/04/2013 03:09  PM\" data-short=\"7 yr\" >October 4, 2013</time> by extreme</strong>\n\t\n\t\n</span>\n\t\t\t\n\t\t</div>"
        },
        {
            "id": 90538,
            "timestamp": 1385132136,
            "author": {
                "id": 7263,
                "name": "SibaN",
                "image": null
            },
            "comment": "\n<p ><a href=\"https://www.mediafire.com/download/9h9l74bnvk17gb6/EP2_Tools.rar\" rel=\"external nofollow\" >http://www.mediafire.com/download/9h9l74bnvk17gb6/EP2_Tools.rar</a></p>\n<p > </p>\n<p >Pass :HateMe</p>\n"
        },
        {
            "id": 90563,
            "timestamp": 1385174043,
            "author": {
                "id": 19275,
                "name": "macacoloco",
                "image": null
            },
            "comment": "\n<blockquote data-ipsquote=\"\" class=\"ipsQuote\" data-ipsquote-contentcommentid=\"90538\" data-ipsquote-contentapp=\"forums\" data-ipsquote-contenttype=\"forums\" data-ipsquote-contentclass=\"forums_Topic\" data-ipsquote-contentid=\"11513\" data-ipsquote-username=\"SibaN\" data-cite=\"SibaN\" data-ipsquote-timestamp=\"1385132136\" ><div ><div ><p ><a href=\"https://www.mediafire.com/download/9h9l74bnvk17gb6/EP2_Tools.rar\" rel=\"external nofollow\" >http://www.mediafire.com/download/9h9l74bnvk17gb6/EP2_Tools.rar</a></p></div></div></blockquote>\n<p >pass pls?</p>\n"
        },
        {
            "id": 90576,
            "timestamp": 1385211982,
            "author": {
                "id": 16954,
                "name": "spadge88",
                "image": null
            },
            "comment": "\n<blockquote data-ipsquote=\"\" class=\"ipsQuote\" data-ipsquote-contentcommentid=\"90563\" data-ipsquote-contentapp=\"forums\" data-ipsquote-contenttype=\"forums\" data-ipsquote-contentclass=\"forums_Topic\" data-ipsquote-contentid=\"11513\" data-ipsquote-username=\"macacoloco\" data-cite=\"macacoloco\" data-ipsquote-timestamp=\"1385174043\" ><div ><div ><p >pass pls?</p></div></div></blockquote>\n<p >the pass is: HateMe</p>\n<p >read what SiBaN said ....</p>\n"
        },
        {
            "id": 91734,
            "timestamp": 1386552852,
            "author": {
                "id": 7263,
                "name": "SibaN",
                "image": null
            },
            "comment": "<p ><span style=\"color:#ff0000;\" ><span style=\"font-size:18px;\" >Closed</span></span></p>"
        }
    ]
}