{
    "meta": {
        "threadId": 11525,
        "threadName": "Dungeon Time",
        "dateCreated": "2013-10-06T19:02:17+0000",
        "datePublished": "2013-10-06T19:02:17+0000",
        "pageCount": 1,
        "originalUrl": "https://lckb.dev/forum/index.php?/topic/11525-dungeon-time/",
        "authorId": 13618,
        "position": [
            {
                "@type": "ListItem",
                "position": 1,
                "item": {
                    "@id": "https://lckb.dev/forum/index.php?/forum/100-guides-help-section/",
                    "name": "Guides &amp; Help Section"
                }
            },
            {
                "@type": "ListItem",
                "position": 2,
                "item": {
                    "@id": "https://lckb.dev/forum/index.php?/forum/335-help-support/",
                    "name": "Help &amp; Support"
                }
            },
            {
                "@type": "ListItem",
                "position": 3,
                "item": {
                    "@id": "https://lckb.dev/forum/index.php?/forum/120-ep2-support/",
                    "name": "Ep2 Support"
                }
            },
            {
                "@type": "ListItem",
                "position": 4,
                "item": {
                    "@id": "https://lckb.dev/forum/index.php?/forum/134-solved-topics/",
                    "name": "Solved Topics"
                }
            }
        ]
    },
    "commentData": [
        {
            "id": 88106,
            "timestamp": 1381086137,
            "author": {
                "id": 13618,
                "name": "maybe",
                "image": null
            },
            "comment": "\n<p >Hello LCKB community</p>\n<p > </p>\n<p >I need a little help here with dungeon time, how can i change the exp gained during that that hour?</p>\n<p >I have already tried the command dt_expset ing value.</p>\n<p > </p>\n<p >Thanks in advance</p>\n"
        },
        {
            "id": 88107,
            "timestamp": 1381086817,
            "author": {
                "id": 161,
                "name": "Koko",
                "image": null
            },
            "comment": "\n<p >Perhaps this thread will help: <a href=\"http://toxic-l33t.ddns.net/forum/index.php?/topic/7189-need-help-dungeon-time/\" rel=\"external nofollow\" >http://toxic-l33t.ddns.net/forum/index.php?/topic/7189-need-help-dungeon-time/</a></p>\n<p > </p>\n<p >And maybe you should use the search function next time, maybe ;)</p>\n"
        },
        {
            "id": 88119,
            "timestamp": 1381105456,
            "author": {
                "id": 201,
                "name": "Wrong",
                "image": null
            },
            "comment": "\n<p >Hi had this issue and its easy, edit the file .dungeontime with notepad, youll see there are \"150\" if its not edited. Normal exp is 100 and the other 50 makes the 50% extra, so lets say you want to give +200% exp, youll have to add 100 more from the original more that would be 300. To sum it up, if you want for example +200% instead of 50% just replace everywhere where it says 150 in .dungeontime for 300, hope you got it regards ^^</p>\n<p > </p>\n<p >pd: remember to restart gs after uploading the edited .dungeontime</p>\n"
        },
        {
            "id": 88128,
            "timestamp": 1381147770,
            "author": {
                "id": 13618,
                "name": "maybe",
                "image": null
            },
            "comment": "\n<p >Yeah KoKo i did a serach nothing came up, thats why i asked here. Been like a day seraching for that and did not find anything thanks anyway KoKo ill search more carefully next time.</p>\n<p >And thanks you too Wrong i think im gonna go for that its easier.</p>\n"
        },
        {
            "id": 88129,
            "timestamp": 1381149856,
            "author": {
                "id": 13618,
                "name": "maybe",
                "image": null
            },
            "comment": "<p >Solved, Thanks for the support.</p>"
        },
        {
            "id": 88142,
            "timestamp": 1381176342,
            "author": {
                "id": null,
                "name": "Guest Johnny5",
                "image": null
            },
            "comment": "<p >Moderator closed because: Solved</p>"
        }
    ]
}