{
    "meta": {
        "threadId": 11524,
        "threadName": "Cash",
        "dateCreated": "2013-10-06T17:52:43+0000",
        "datePublished": "2013-10-06T17:52:43+0000",
        "pageCount": 1,
        "originalUrl": "https://lckb.dev/forum/index.php?/topic/11524-cash/",
        "authorId": 18785,
        "position": [
            {
                "@type": "ListItem",
                "position": 1,
                "item": {
                    "@id": "https://lckb.dev/forum/index.php?/forum/100-guides-help-section/",
                    "name": "Guides &amp; Help Section"
                }
            },
            {
                "@type": "ListItem",
                "position": 2,
                "item": {
                    "@id": "https://lckb.dev/forum/index.php?/forum/335-help-support/",
                    "name": "Help &amp; Support"
                }
            },
            {
                "@type": "ListItem",
                "position": 3,
                "item": {
                    "@id": "https://lckb.dev/forum/index.php?/forum/44-ep1-support/",
                    "name": "Ep1 Support"
                }
            },
            {
                "@type": "ListItem",
                "position": 4,
                "item": {
                    "@id": "https://lckb.dev/forum/index.php?/forum/135-solved-topics/",
                    "name": "Solved Topics"
                }
            }
        ]
    },
    "commentData": [
        {
            "id": 88103,
            "timestamp": 1381081963,
            "author": {
                "id": 18785,
                "name": "Riiioku",
                "image": null
            },
            "comment": "\n<p >Hello guys anyone know how to fix this? Im running a classic server i need to fix this asap.</p>\n<p > </p>\n<p ><em ><strong >Picture:</strong></em></p>\n<p ><em ><strong ><img alt=\"81y1.png\" src=\"https://img585.imageshack.us/img585/2111/81y1.png\" /></strong></em></p>\n<p > </p>\n<p >Thanks c:</p>\n"
        },
        {
            "id": 88104,
            "timestamp": 1381082516,
            "author": {
                "id": 13764,
                "name": "MrBuSta",
                "image": null
            },
            "comment": "\n<blockquote data-ipsquote=\"\" class=\"ipsQuote\" data-ipsquote-contentcommentid=\"88103\" data-ipsquote-contentapp=\"forums\" data-ipsquote-contenttype=\"forums\" data-ipsquote-contentclass=\"forums_Topic\" data-ipsquote-contentid=\"11524\" data-ipsquote-username=\"Riiioku\" data-cite=\"Riiioku\" data-ipsquote-timestamp=\"1381081963\" ><div ><div >\n<p >Hello guys anyone know how to fix this? Im running a classic server i need to fix this asap.</p>\n<p > </p>\n<p ><em ><strong >Picture:</strong></em></p>\n<p ><em ><strong ><img alt=\"81y1.png\" src=\"https://img585.imageshack.us/img585/2111/81y1.png\" /></strong></em></p>\n<p > </p>\n<p >Thanks c:</p>\n</div></div></blockquote>\n<p >open newproject_data -> go open t_item -> search this item -> go search there a_num_4 -> make here 30 (its make 30 days) -> save and restart gameserver</p>\n"
        },
        {
            "id": 88466,
            "timestamp": 1381783941,
            "author": {
                "id": 18226,
                "name": "OldHM",
                "image": null
            },
            "comment": "\n<p >Problem Solved I guess</p>\n<p > </p>\n<p >Closed</p>\n"
        }
    ]
}