{
    "meta": {
        "threadId": 11532,
        "threadName": "for help how to create execute data for mysql",
        "dateCreated": "2013-10-08T10:20:12+0000",
        "datePublished": "2013-10-08T10:20:12+0000",
        "pageCount": 1,
        "originalUrl": "https://lckb.dev/forum/index.php?/topic/11532-for-help-how-to-create-execute-data-for-mysql/",
        "authorId": 17519,
        "position": [
            {
                "@type": "ListItem",
                "position": 1,
                "item": {
                    "@id": "https://lckb.dev/forum/index.php?/forum/100-guides-help-section/",
                    "name": "Guides &amp; Help Section"
                }
            },
            {
                "@type": "ListItem",
                "position": 2,
                "item": {
                    "@id": "https://lckb.dev/forum/index.php?/forum/335-help-support/",
                    "name": "Help &amp; Support"
                }
            },
            {
                "@type": "ListItem",
                "position": 3,
                "item": {
                    "@id": "https://lckb.dev/forum/index.php?/forum/120-ep2-support/",
                    "name": "Ep2 Support"
                }
            },
            {
                "@type": "ListItem",
                "position": 4,
                "item": {
                    "@id": "https://lckb.dev/forum/index.php?/forum/134-solved-topics/",
                    "name": "Solved Topics"
                }
            }
        ]
    },
    "commentData": [
        {
            "id": 88157,
            "timestamp": 1381227612,
            "author": {
                "id": 17519,
                "name": "lukaslt",
                "image": null
            },
            "comment": "\n<p >Hello dear lckb community :D</p>\n<p > </p>\n<p >I was just wondering how to create a execute data for mysql I mean the stuff that I updated </p>\n<p >ty :D</p>\n"
        },
        {
            "id": 88163,
            "timestamp": 1381238239,
            "author": {
                "id": 13172,
                "name": "soryjero",
                "image": null
            },
            "comment": "\n<p >you can use query used in this page:</p>\n<p > </p>\n<p ><a href=\"https://www.tutorialspoint.com/mysql/mysql-update-query.htm\" rel=\"external nofollow\" >http://www.tutorialspoint.com/mysql/mysql-update-query.htm</a></p>\n\n\n\t\t\t\n\t\t\t\t\n\n<span class=\"ipsType_reset ipsType_medium ipsType_light\" data-excludequote=\"None\" >\n\t<strong >Edited <time datetime=\"2013-10-08T13:17:40Z\" title=\"10/08/2013 01:17  PM\" data-short=\"7 yr\" >October 8, 2013</time> by soryjero</strong>\n\t\n\t\n</span>\n\t\t\t\n\t\t</div>"
        }
    ]
}