{
    "meta": {
        "threadId": 11538,
        "threadName": "Cash Server",
        "dateCreated": "2013-10-09T19:02:46+0000",
        "datePublished": "2013-10-09T19:02:46+0000",
        "pageCount": 1,
        "originalUrl": "https://lckb.dev/forum/index.php?/topic/11538-cash-server/",
        "authorId": 18226,
        "position": [
            {
                "@type": "ListItem",
                "position": 1,
                "item": {
                    "@id": "https://lckb.dev/forum/index.php?/forum/100-guides-help-section/",
                    "name": "Guides &amp; Help Section"
                }
            },
            {
                "@type": "ListItem",
                "position": 2,
                "item": {
                    "@id": "https://lckb.dev/forum/index.php?/forum/335-help-support/",
                    "name": "Help &amp; Support"
                }
            },
            {
                "@type": "ListItem",
                "position": 3,
                "item": {
                    "@id": "https://lckb.dev/forum/index.php?/forum/120-ep2-support/",
                    "name": "Ep2 Support"
                }
            },
            {
                "@type": "ListItem",
                "position": 4,
                "item": {
                    "@id": "https://lckb.dev/forum/index.php?/forum/134-solved-topics/",
                    "name": "Solved Topics"
                }
            }
        ]
    },
    "commentData": [
        {
            "id": 88203,
            "timestamp": 1381345366,
            "author": {
                "id": 18226,
                "name": "OldHM",
                "image": null
            },
            "comment": "\n<p >Hey!</p>\n<p >I got a problem:</p>\n<p >My Connector doesnt accept Cash Server. or the opposite.</p>\n<p > </p>\n<p >Screen: <img alt=\"d8e20e13c9c2172d2bba925cff85b358.png\" src=\"https://gyazo.com/d8e20e13c9c2172d2bba925cff85b358.png\" /></p>\n<p > </p>\n<p > </p>\n<p >IPs Checked 5 times now. All correct any ideas?</p>\n"
        },
        {
            "id": 88206,
            "timestamp": 1381346331,
            "author": {
                "id": 7695,
                "name": "CyberClaus",
                "image": null
            },
            "comment": "<p >and what about the ports? if everything is correct then there is no reason to not accept</p>"
        },
        {
            "id": 88207,
            "timestamp": 1381346429,
            "author": {
                "id": 18226,
                "name": "OldHM",
                "image": null
            },
            "comment": "<p >AllCorrect too</p>"
        },
        {
            "id": 88210,
            "timestamp": 1381347444,
            "author": {
                "id": 1503,
                "name": "Paramount",
                "image": null
            },
            "comment": "<p >At first you should start Connector, and only then your CashServer.</p>"
        },
        {
            "id": 88212,
            "timestamp": 1381347570,
            "author": {
                "id": 6038,
                "name": "RomainLastChaos",
                "image": null
            },
            "comment": "<p >Maybe change the port to the basic one =8888 on the connector and cashserver ?</p>"
        },
        {
            "id": 88213,
            "timestamp": 1381347825,
            "author": {
                "id": 18226,
                "name": "OldHM",
                "image": null
            },
            "comment": "<p >Tried twice didnt work...</p>"
        },
        {
            "id": 88214,
            "timestamp": 1381348206,
            "author": {
                "id": 7263,
                "name": "SibaN",
                "image": null
            },
            "comment": "\n<p >can you post here Cash server config and connector config please</p>\n<p > </p>\n<p >becaus i have 2 connector running and 2 cash server running no probleme</p>\n\n\n\t\t\t\n\t\t\t\t\n\n<span class=\"ipsType_reset ipsType_medium ipsType_light\" data-excludequote=\"None\" >\n\t<strong >Edited <time datetime=\"2013-10-09T19:50:38Z\" title=\"10/09/2013 07:50  PM\" data-short=\"7 yr\" >October 9, 2013</time> by sibastient</strong>\n\t\n\t\n</span>\n\t\t\t\n\t\t</div>"
        },
        {
            "id": 88215,
            "timestamp": 1381349547,
            "author": {
                "id": 18226,
                "name": "OldHM",
                "image": null
            },
            "comment": "\n<p >Cash Server:</p>\n<p > </p>\n<p >[CashServer]<br />Address=127.0.0.1<br />Port=8888<br /><br />[DataBase]<br />Address=127.0.0.1<br />DB_Data=data<br />DB_Auth=auth<br />DB_Db=db<br />UserName=root<br />Password=<br /><br />[Connector]<br />Address=127.0.0.1<br /><br />[Lottery]<br />Enabled=FALSE<br />Prize=10<br />Ticket=1</p>\n<p >Connector:</p>\n<p > </p>\n<p >[server]<br />Number=1<br />MaxSubServer=4<br />IP=127.0.0.1<br />Port=89482<br /><br />[user DB]<br />IP=127.0.0.1<br />DBName=auth<br />User=root<br />Password=<br /><br />[Auth DB]<br />IP=127.0.0.1<br />DBName=auth<br />User=root<br />Password=<br /><br />[Event DB]<br />IP=127.0.0.1<br />DBName=auth<br />User=root<br />Password=<br /><br />[Log DB]<br />IP=127.0.0.1<br />DBName=auth<br />User=root<br />Password=<br /><br />[billing Server]<br />IPB=127.0.0.1<br />PortB=8888</p>\n"
        },
        {
            "id": 88216,
            "timestamp": 1381349976,
            "author": {
                "id": 7695,
                "name": "CyberClaus",
                "image": null
            },
            "comment": "\n<p >theres the error</p>\n<p >in the connector it says IPB= in the cashserver bracket</p>\n<p >its IP=</p>\n"
        },
        {
            "id": 88217,
            "timestamp": 1381350253,
            "author": {
                "id": 18226,
                "name": "OldHM",
                "image": null
            },
            "comment": "<p >rofl... ty ill try...</p>"
        },
        {
            "id": 88218,
            "timestamp": 1381352728,
            "author": {
                "id": 18226,
                "name": "OldHM",
                "image": null
            },
            "comment": "\n<p >This is solved.. Error was:</p>\n<p >IPB=127.0.0.1<br />PortB=8888</p>\n<p > </p>\n<p >Changed to:</p>\n<p > </p>\n<p >IP=127.0.0.1</p>\n<p >Port=8888</p>\n"
        },
        {
            "id": 88219,
            "timestamp": 1381354262,
            "author": {
                "id": 1503,
                "name": "Paramount",
                "image": null
            },
            "comment": "\n<p >He-he.</p>\n<p >Closed. </p>\n"
        }
    ]
}