{
    "meta": {
        "threadId": 11547,
        "threadName": "moonstone Lottery",
        "dateCreated": "2013-10-11T11:49:37+0000",
        "datePublished": "2013-10-11T11:49:37+0000",
        "pageCount": 1,
        "originalUrl": "https://lckb.dev/forum/index.php?/topic/11547-moonstone-lottery/",
        "authorId": 18673,
        "position": [
            {
                "@type": "ListItem",
                "position": 1,
                "item": {
                    "@id": "https://lckb.dev/forum/index.php?/forum/100-guides-help-section/",
                    "name": "Guides &amp; Help Section"
                }
            },
            {
                "@type": "ListItem",
                "position": 2,
                "item": {
                    "@id": "https://lckb.dev/forum/index.php?/forum/335-help-support/",
                    "name": "Help &amp; Support"
                }
            },
            {
                "@type": "ListItem",
                "position": 3,
                "item": {
                    "@id": "https://lckb.dev/forum/index.php?/forum/44-ep1-support/",
                    "name": "Ep1 Support"
                }
            },
            {
                "@type": "ListItem",
                "position": 4,
                "item": {
                    "@id": "https://lckb.dev/forum/index.php?/forum/135-solved-topics/",
                    "name": "Solved Topics"
                }
            }
        ]
    },
    "commentData": [
        {
            "id": 88282,
            "timestamp": 1381492177,
            "author": {
                "id": 18673,
                "name": "Groby",
                "image": null
            },
            "comment": "<p ><span ><span >how do I get</span> <span >the</span> <span >moonstone</span> <span >Lottery</span> <span >to run?</span> <span >please help</span> <span >thanks</span></span></p>"
        },
        {
            "id": 88285,
            "timestamp": 1381496315,
            "author": {
                "id": 17613,
                "name": "ZaTii",
                "image": null
            },
            "comment": "\n<blockquote data-ipsquote=\"\" class=\"ipsQuote\" data-ipsquote-contentcommentid=\"88282\" data-ipsquote-contentapp=\"forums\" data-ipsquote-contenttype=\"forums\" data-ipsquote-contentclass=\"forums_Topic\" data-ipsquote-contentid=\"11547\" data-ipsquote-username=\"Groby\" data-cite=\"Groby\" data-ipsquote-timestamp=\"1381492177\" ><div ><div ><p >how do I get the moonstone Lottery to run? please help thanks</p></div></div></blockquote>\n<p > </p>\n<p >Its not possible on ep1. </p>\n"
        },
        {
            "id": 88287,
            "timestamp": 1381496781,
            "author": {
                "id": 18673,
                "name": "Groby",
                "image": null
            },
            "comment": "<p >okay ty</p>"
        },
        {
            "id": 88292,
            "timestamp": 1381502856,
            "author": {
                "id": 7482,
                "name": "Creep",
                "image": null
            },
            "comment": "<p >its possible, you will need another engine and some other things</p>"
        },
        {
            "id": 88302,
            "timestamp": 1381510782,
            "author": {
                "id": 15306,
                "name": "Noizy",
                "image": null
            },
            "comment": "<p >yep its possible to make moonstone work</p>"
        },
        {
            "id": 88306,
            "timestamp": 1381512594,
            "author": {
                "id": 18673,
                "name": "Groby",
                "image": null
            },
            "comment": "<p >Thx for info :)</p>"
        },
        {
            "id": 88313,
            "timestamp": 1381524324,
            "author": {
                "id": 17432,
                "name": "Nymphetamine",
                "image": null
            },
            "comment": "<p >Is that solved?</p>"
        }
    ]
}