{
    "meta": {
        "threadId": 11546,
        "threadName": "USA Connector",
        "dateCreated": "2013-10-11T11:29:31+0000",
        "datePublished": "2013-10-11T11:29:31+0000",
        "pageCount": 1,
        "originalUrl": "https://lckb.dev/forum/index.php?/topic/11546-usa-connector/",
        "authorId": 13764,
        "position": [
            {
                "@type": "ListItem",
                "position": 1,
                "item": {
                    "@id": "https://lckb.dev/forum/index.php?/forum/100-guides-help-section/",
                    "name": "Guides &amp; Help Section"
                }
            },
            {
                "@type": "ListItem",
                "position": 2,
                "item": {
                    "@id": "https://lckb.dev/forum/index.php?/forum/335-help-support/",
                    "name": "Help &amp; Support"
                }
            },
            {
                "@type": "ListItem",
                "position": 3,
                "item": {
                    "@id": "https://lckb.dev/forum/index.php?/forum/120-ep2-support/",
                    "name": "Ep2 Support"
                }
            },
            {
                "@type": "ListItem",
                "position": 4,
                "item": {
                    "@id": "https://lckb.dev/forum/index.php?/forum/134-solved-topics/",
                    "name": "Solved Topics"
                }
            }
        ]
    },
    "commentData": [
        {
            "id": 88281,
            "timestamp": 1381490971,
            "author": {
                "id": 13764,
                "name": "MrBuSta",
                "image": null
            },
            "comment": "\n<p >Hi all,I have problem with USA Connector ,im made shutdown my server,empty my t_assist and t_assist_abstime and added CDwriter codes in newproject_db</p>\n<p >Here is image from my t_assits and t_assist_abstime</p>\n<p ><a href=\"https://imageshack.us/photo/my-images/706/u41p.png/\" rel=\"external nofollow\" >http://imageshack.us/photo/my-images/706/u41p.png/</a></p>\n<p ><a href=\"https://imageshack.us/photo/my-images/703/295i.png/\" rel=\"external nofollow\" >http://imageshack.us/photo/my-images/703/295i.png/</a></p>\n<p >My Connector Newstobm.bin:</p>\n<div > </div>\n<div >\n<div >[server]</div>\n<div >Number=1</div>\n<div >MaxSubServer=3</div>\n<div >IP=my ip</div>\n<div >Port=20200</div>\n<div > </div>\n<div >[user DB]</div>\n<div >IP=127.0.0.1</div>\n<div >DBName=newproject_db_auth</div>\n<div >User=root</div>\n<div >Password=</div>\n<div > </div>\n<div >[Auth DB]</div>\n<div >IP=127.0.0.1</div>\n<div >DBName=newproject_db_auth</div>\n<div >User=root</div>\n<div >Password=</div>\n<div > </div>\n<div >[Event DB]</div>\n<div >IP=127.0.0.1</div>\n<div >DBName=newproject_db_auth</div>\n<div >User=root</div>\n<div >Password=</div>\n<div > </div>\n<div >[Log DB]</div>\n<div >IP=127.0.0.1</div>\n<div >DBName=newproject_db_auth</div>\n<div >User=root</div>\n<div >Password=</div>\n<div > </div>\n<div >[billing Server]</div>\n<div >IPB=my ip</div>\n<div >PortB=8888</div>\n<div > </div>\n<div >[sHA256]</div>\n<div >Salt=phoohie1yaihooyaequae7PuiWoeNgahjieth3ru3yeeghaepahb7aeYaipe2we6zii6mai6uweig8siasheinoungeoyeiLohShi2xoh2xi8ooxee9ahpiehahc9Phe</div>\n<div > </div>\n</div>\n\n\n\t\t\t\n\t\t\t\t\n\n<span class=\"ipsType_reset ipsType_medium ipsType_light\" data-excludequote=\"None\" >\n\t<strong >Edited <time datetime=\"2013-10-11T11:44:16Z\" title=\"10/11/2013 11:44  AM\" data-short=\"7 yr\" >October 11, 2013</time> by Adam1998i</strong>\n\t\n\t\n</span>\n\t\t\t\n\t\t</div>"
        },
        {
            "id": 88283,
            "timestamp": 1381496048,
            "author": {
                "id": 18226,
                "name": "OldHM",
                "image": null
            },
            "comment": "<p >Dedicated Server or vServer?</p>"
        },
        {
            "id": 88284,
            "timestamp": 1381496087,
            "author": {
                "id": 13764,
                "name": "MrBuSta",
                "image": null
            },
            "comment": "\n<blockquote data-ipsquote=\"\" class=\"ipsQuote\" data-ipsquote-contentcommentid=\"88283\" data-ipsquote-contentapp=\"forums\" data-ipsquote-contenttype=\"forums\" data-ipsquote-contentclass=\"forums_Topic\" data-ipsquote-contentid=\"11546\" data-ipsquote-username=\"Mendozza\" data-cite=\"Mendozza\" data-ipsquote-timestamp=\"1381496048\" ><div ><div ><p >Dedicated Server or vServer?</p></div></div></blockquote>\n<p >VPS,root</p>\n\n\n\t\t\t\n\t\t\t\t\n\n<span class=\"ipsType_reset ipsType_medium ipsType_light\" data-excludequote=\"None\" >\n\t<strong >Edited <time datetime=\"2013-10-11T12:55:19Z\" title=\"10/11/2013 12:55  PM\" data-short=\"7 yr\" >October 11, 2013</time> by Adam1998i</strong>\n\t\n\t\n</span>\n\t\t\t\n\t\t</div>"
        }
    ]
}