{
    "meta": {
        "threadId": 11553,
        "threadName": "Halloween Event & Co",
        "dateCreated": "2013-10-11T17:53:42+0000",
        "datePublished": "2013-10-11T17:53:42+0000",
        "pageCount": 1,
        "originalUrl": "https://lckb.dev/forum/index.php?/topic/11553-halloween-event-co/",
        "authorId": 6038,
        "position": [
            {
                "@type": "ListItem",
                "position": 1,
                "item": {
                    "@id": "https://lckb.dev/forum/index.php?/forum/100-guides-help-section/",
                    "name": "Guides &amp; Help Section"
                }
            },
            {
                "@type": "ListItem",
                "position": 2,
                "item": {
                    "@id": "https://lckb.dev/forum/index.php?/forum/335-help-support/",
                    "name": "Help &amp; Support"
                }
            },
            {
                "@type": "ListItem",
                "position": 3,
                "item": {
                    "@id": "https://lckb.dev/forum/index.php?/forum/120-ep2-support/",
                    "name": "Ep2 Support"
                }
            },
            {
                "@type": "ListItem",
                "position": 4,
                "item": {
                    "@id": "https://lckb.dev/forum/index.php?/forum/134-solved-topics/",
                    "name": "Solved Topics"
                }
            }
        ]
    },
    "commentData": [
        {
            "id": 88309,
            "timestamp": 1381514022,
            "author": {
                "id": 6038,
                "name": "RomainLastChaos",
                "image": null
            },
            "comment": "\n<p >How we can start any event like Halloween or any other one  because i try with this tools enable and update and restart but it see not working maybe  more hard or wrong version or anything well would be good if someone say anything about How do we can start an Event</p>\n<p > </p>\n<p > </p>\n<p ><a href=\"http://grabilla.com/03a0b-f918d348-fcdc-4a68-87c1-7ae0016d4190.html\" rel=\"external nofollow\" ><img alt=\"03a0b-f918d348-fcdc-4a68-87c1-7ae0016d41\" src=\"http://grabilla.com/03a0b-f918d348-fcdc-4a68-87c1-7ae0016d4190.png\" /></a></p>\n\n\n\t\t\t\n\t\t\t\t\n\n<span class=\"ipsType_reset ipsType_medium ipsType_light\" data-excludequote=\"None\" >\n\t<strong >Edited <time datetime=\"2013-10-12T12:30:09Z\" title=\"10/12/2013 12:30  PM\" data-short=\"7 yr\" >October 12, 2013</time> by Era</strong>\n\t\n\t\n</span>\n\t\t\t\n\t\t</div>"
        },
        {
            "id": 88316,
            "timestamp": 1381527810,
            "author": {
                "id": 17582,
                "name": "CDWriter",
                "image": null
            },
            "comment": "<p >well dont matter what data base and server filrs u useing ..</p>"
        },
        {
            "id": 88333,
            "timestamp": 1381568110,
            "author": {
                "id": 161,
                "name": "Koko",
                "image": null
            },
            "comment": "<p >If youre using the USA files, theres an enable field for each event in a t_event table (dont remember which ones)</p>"
        },
        {
            "id": 88339,
            "timestamp": 1381577300,
            "author": {
                "id": 6038,
                "name": "RomainLastChaos",
                "image": null
            },
            "comment": "\n<p >im using Usa files yes i have enable the event on the table t_event but it see dont work ingame</p>\n<p > </p>\n<p > </p>\n<p ># eDIT My problem was solved now the event working fine just need enable the npc on the tables and add the npc on the client + db and of course having the Pumpkin Head to see Pumpkin Npc and add reward of Pumpkin</p>\n<p > </p>\n<p >Thanks to Chevell</p>\n\n\n\t\t\t\n\t\t\t\t\n\n<span class=\"ipsType_reset ipsType_medium ipsType_light\" data-excludequote=\"None\" >\n\t<strong >Edited <time datetime=\"2013-10-13T10:24:27Z\" title=\"10/13/2013 10:24  AM\" data-short=\"7 yr\" >October 13, 2013</time> by Era</strong>\n\t\n\t\n</span>\n\t\t\t\n\t\t</div>"
        },
        {
            "id": 88358,
            "timestamp": 1381602191,
            "author": {
                "id": 17582,
                "name": "CDWriter",
                "image": null
            },
            "comment": "\n<pre class=\"ipsCode prettyprint lang-sql\" >INSERT INTO `newproject_data`.`t_npc` (`a_index`, `a_enable`, `a_name`, `a_family`, `a_skillmaster`, `a_flag`, `a_flag1`, `a_level`, `a_exp`, `a_prize`, `a_sight`, `a_size`, `a_move_area`, `a_attack_area`, `a_skill_point`, `a_descr`, `a_sskill_master`, `a_str`, `a_dex`, `a_int`, `a_con`, `a_attack`, `a_magic`, `a_defense`, `a_resist`, `a_attacklevel`, `a_defenselevel`, `a_hp`, `a_mp`, `a_attackType`, `a_attackSpeed`, `a_recover_hp`, `a_recover_mp`, `a_walk_speed`, `a_run_speed`, `a_skill0`, `a_skill1`, `a_skill2`, `a_skill3`, `a_item_0`, `a_item_1`, `a_item_2`, `a_item_3`, `a_item_4`, `a_item_5`, `a_item_6`, `a_item_7`, `a_item_8`, `a_item_9`, `a_item_10`, `a_item_11`, `a_item_12`, `a_item_13`, `a_item_14`, `a_item_15`, `a_item_16`, `a_item_17`, `a_item_18`, `a_item_19`, `a_item_percent_0`, `a_item_percent_1`, `a_item_percent_2`, `a_item_percent_3`, `a_item_percent_4`, `a_item_percent_5`, `a_item_percent_6`, `a_item_percent_7`, `a_item_percent_8`, `a_item_percent_9`, `a_item_percent_10`, `a_item_percent_11`, `a_item_percent_12`, `a_item_percent_13`, `a_item_percent_14`, `a_item_percent_15`, `a_item_percent_16`, `a_item_percent_17`, `a_item_percent_18`, `a_item_percent_19`, `a_minplus`, `a_maxplus`, `a_probplus`, `a_product0`, `a_product1`, `a_product2`, `a_product3`, `a_product4`, `a_file_smc`, `a_motion_walk`, `a_motion_idle`, `a_motion_dam`, `a_motion_attack`, `a_motion_die`, `a_motion_run`, `a_motion_idle2`, `a_motion_attack2`, `a_scale`, `a_attribute`, `a_fireDelayCount`, `a_fireDelay0`, `a_fireDelay1`, `a_fireDelay2`, `a_fireDelay3`, `a_fireEffect0`, `a_fireEffect1`, `a_fireEffect2`, `a_fireObject`, `a_fireSpeed`, `a_name_usa`, `a_descr_usa`, `a_aitype`, `a_aiflag`, `a_aileader_flag`, `a_ai_summonHp`, `a_aileader_idx`, `a_aileader_count`, `a_crafting_category`, `a_productIndex`, `a_hit`, `a_dodge`, `a_magicavoid`, `a_job_attribute`, `a_npc_choice_trigger_count`, `a_npc_choice_trigger_ids`, `a_npc_kill_trigger_count`, `a_npc_kill_trigger_ids`, `a_createprob`, `a_socketprob_0`, `a_socketprob_1`, `a_socketprob_2`, `a_socketprob_3`, `a_jewel_0`, `a_jewel_1`, `a_jewel_2`, `a_jewel_3`, `a_jewel_4`, `a_jewel_5`, `a_jewel_6`, `a_jewel_7`, `a_jewel_8`, `a_jewel_9`, `a_jewel_10`, `a_jewel_11`, `a_jewel_12`, `a_jewel_13`, `a_jewel_14`, `a_jewel_15`, `a_jewel_16`, `a_jewel_17`, `a_jewel_18`, `a_jewel_19`, `a_jewel_percent_0`, `a_jewel_percent_1`, `a_jewel_percent_2`, `a_jewel_percent_3`, `a_jewel_percent_4`, `a_jewel_percent_5`, `a_jewel_percent_6`, `a_jewel_percent_7`, `a_jewel_percent_8`, `a_jewel_percent_9`, `a_jewel_percent_10`, `a_jewel_percent_11`, `a_jewel_percent_12`, `a_jewel_percent_13`, `a_jewel_percent_14`, `a_jewel_percent_15`, `a_jewel_percent_16`, `a_jewel_percent_17`, `a_jewel_percent_18`, `a_jewel_percent_19`) VALUES (454, 1, Pumpkin, -1, -1, 12, 32, 20, 4000, 1, 10, 1.3, 20, 1.3, 1500, , -1, 78, 68, 68, 78, 53, 0, 800, 20, 20, 20, 5000, 609, 0, 15, 26, 26, 1.8, 4.5, , , -1, -1, -1, -1, -1, -1, -1, -1, -1, -1, -1, -1, -1, -1, -1, -1, -1, -1, -1, -1, -1, -1, 0, 0, 0, 0, 0, 0, 0, 0, 0, 0, 0, 0, 0, 0, 0, 0, 0, 0, 0, 0, 0, 0, 0, -1, -1, -1, -1, -1, Data\\\\Monster\\\\Halloween_monster\\\\halloween_mon.smc, halloween_mon_walk, halloween_mon_idle, halloween_mon_dam, halloween_mon_att01, halloween_mon_die, halloween_mon_run, halloween_mon_idle, halloween_mon_att01, 1, 0, 0, 0, 0, 0, 0, , , , 0, 0, Pumpkin, , 0, 0, 0, 0, 0, 0, -1, -1, 170, 33, 33, 0, 0, , 0, , 0, 0, 0, 0, 0, -1, -1, -1, -1, -1, -1, -1, -1, -1, -1, -1, -1, -1, -1, -1, -1, -1, -1, -1, -1, 0, 0, 0, 0, 0, 0, 0, 0, 0, 0, 0, 0, 0, 0, 0, 0, 0, 0, 0, 0);\nINSERT INTO `newproject_data`.`t_npc` (`a_index`, `a_enable`, `a_name`, `a_family`, `a_skillmaster`, `a_flag`, `a_flag1`, `a_level`, `a_exp`, `a_prize`, `a_sight`, `a_size`, `a_move_area`, `a_attack_area`, `a_skill_point`, `a_descr`, `a_sskill_master`, `a_str`, `a_dex`, `a_int`, `a_con`, `a_attack`, `a_magic`, `a_defense`, `a_resist`, `a_attacklevel`, `a_defenselevel`, `a_hp`, `a_mp`, `a_attackType`, `a_attackSpeed`, `a_recover_hp`, `a_recover_mp`, `a_walk_speed`, `a_run_speed`, `a_skill0`, `a_skill1`, `a_skill2`, `a_skill3`, `a_item_0`, `a_item_1`, `a_item_2`, `a_item_3`, `a_item_4`, `a_item_5`, `a_item_6`, `a_item_7`, `a_item_8`, `a_item_9`, `a_item_10`, `a_item_11`, `a_item_12`, `a_item_13`, `a_item_14`, `a_item_15`, `a_item_16`, `a_item_17`, `a_item_18`, `a_item_19`, `a_item_percent_0`, `a_item_percent_1`, `a_item_percent_2`, `a_item_percent_3`, `a_item_percent_4`, `a_item_percent_5`, `a_item_percent_6`, `a_item_percent_7`, `a_item_percent_8`, `a_item_percent_9`, `a_item_percent_10`, `a_item_percent_11`, `a_item_percent_12`, `a_item_percent_13`, `a_item_percent_14`, `a_item_percent_15`, `a_item_percent_16`, `a_item_percent_17`, `a_item_percent_18`, `a_item_percent_19`, `a_minplus`, `a_maxplus`, `a_probplus`, `a_product0`, `a_product1`, `a_product2`, `a_product3`, `a_product4`, `a_file_smc`, `a_motion_walk`, `a_motion_idle`, `a_motion_dam`, `a_motion_attack`, `a_motion_die`, `a_motion_run`, `a_motion_idle2`, `a_motion_attack2`, `a_scale`, `a_attribute`, `a_fireDelayCount`, `a_fireDelay0`, `a_fireDelay1`, `a_fireDelay2`, `a_fireDelay3`, `a_fireEffect0`, `a_fireEffect1`, `a_fireEffect2`, `a_fireObject`, `a_fireSpeed`, `a_name_usa`, `a_descr_usa`, `a_aitype`, `a_aiflag`, `a_aileader_flag`, `a_ai_summonHp`, `a_aileader_idx`, `a_aileader_count`, `a_crafting_category`, `a_productIndex`, `a_hit`, `a_dodge`, `a_magicavoid`, `a_job_attribute`, `a_npc_choice_trigger_count`, `a_npc_choice_trigger_ids`, `a_npc_kill_trigger_count`, `a_npc_kill_trigger_ids`, `a_createprob`, `a_socketprob_0`, `a_socketprob_1`, `a_socketprob_2`, `a_socketprob_3`, `a_jewel_0`, `a_jewel_1`, `a_jewel_2`, `a_jewel_3`, `a_jewel_4`, `a_jewel_5`, `a_jewel_6`, `a_jewel_7`, `a_jewel_8`, `a_jewel_9`, `a_jewel_10`, `a_jewel_11`, `a_jewel_12`, `a_jewel_13`, `a_jewel_14`, `a_jewel_15`, `a_jewel_16`, `a_jewel_17`, `a_jewel_18`, `a_jewel_19`, `a_jewel_percent_0`, `a_jewel_percent_1`, `a_jewel_percent_2`, `a_jewel_percent_3`, `a_jewel_percent_4`, `a_jewel_percent_5`, `a_jewel_percent_6`, `a_jewel_percent_7`, `a_jewel_percent_8`, `a_jewel_percent_9`, `a_jewel_percent_10`, `a_jewel_percent_11`, `a_jewel_percent_12`, `a_jewel_percent_13`, `a_jewel_percent_14`, `a_jewel_percent_15`, `a_jewel_percent_16`, `a_jewel_percent_17`, `a_jewel_percent_18`, `a_jewel_percent_19`) VALUES (455, 1, Scarecrow, -1, -1, 33620240, 32, 100, 0, 0, 0, 0, 0, 0, 0, , -1, 10, 10, 10, 10, 10, 10, 10, 10, 100, 100, 10000, 10000, 0, 0, 10000, 10000, 0, 0, , , -1, -1, -1, -1, -1, -1, -1, -1, -1, -1, -1, -1, -1, -1, -1, -1, -1, -1, -1, -1, -1, -1, 0, 0, 0, 0, 0, 0, 0, 0, 0, 0, 0, 0, 0, 0, 0, 0, 0, 0, 0, 0, 0, 0, 0, -1, -1, -1, -1, -1, Data\\\\Npc\\\\Halloween_corw\\\\halloween_crow.smc, Halloween_corwhalloween_crow, Halloween_corwhalloween_crow, Halloween_corwhalloween_crow, Halloween_corwhalloween_crow, Halloween_corwhalloween_crow, Halloween_corwhalloween_crow, Halloween_corwhalloween_crow, Halloween_corwhalloween_crow, 1, 0, 0, 0, 0, 0, 0, , , , 0, 0, Scarecrow, , 0, 0, 0, 0, 0, 0, -1, -1, 110, 26, 26, 0, 0, , 0, , 0, 0, 0, 0, 0, -1, -1, -1, -1, -1, -1, -1, -1, -1, -1, -1, -1, -1, -1, -1, -1, -1, -1, -1, -1, 0, 0, 0, 0, 0, 0, 0, 0, 0, 0, 0, 0, 0, 0, 0, 0, 0, 0, 0, 0);\n\n</pre>\n<p >heres the 2 missing with correct Flags....</p>\n"
        },
        {
            "id": 88359,
            "timestamp": 1381603124,
            "author": {
                "id": 6038,
                "name": "RomainLastChaos",
                "image": null
            },
            "comment": "<p >Yes i have already add these Npcs but thanks you</p>"
        },
        {
            "id": 88366,
            "timestamp": 1381616285,
            "author": {
                "id": 7263,
                "name": "SibaN",
                "image": null
            },
            "comment": "<p >what about cristemes tree</p>"
        },
        {
            "id": 88380,
            "timestamp": 1381642047,
            "author": {
                "id": 17582,
                "name": "CDWriter",
                "image": null
            },
            "comment": "\n<p >Ok well in order to get event Npc working you need to spawn them where they go ...first spawn the Scarecrow in all your towns also the christmas trees when you Enable the event the Npcs will show up where u spawned them .....  So you need to add 454 455 to your towns so they spawn when the event is turned on .... I have not gotten Scare crow to work for the event ...but the christmas try has .... 484 486   484 is the Tree Event manager and should be placed in all your towns where 486 is for show ......best of luck .... I have not gotten to events yet for my release but i hope my info what i have will help for now ....</p>\n<p > </p>\n<p > </p>\n<p >@<a contenteditable=\"false\" rel=\"\" ></a>  did you need the npc sql ...here it is for Chrismass</p>\n<pre class=\"ipsCode prettyprint lang-sql\" >INSERT INTO `newproject_data`.`t_npc` (`a_index`, `a_enable`, `a_name`, `a_family`, `a_skillmaster`, `a_flag`, `a_flag1`, `a_level`, `a_exp`, `a_prize`, `a_sight`, `a_size`, `a_move_area`, `a_attack_area`, `a_skill_point`, `a_descr`, `a_sskill_master`, `a_str`, `a_dex`, `a_int`, `a_con`, `a_attack`, `a_magic`, `a_defense`, `a_resist`, `a_attacklevel`, `a_defenselevel`, `a_hp`, `a_mp`, `a_attackType`, `a_attackSpeed`, `a_recover_hp`, `a_recover_mp`, `a_walk_speed`, `a_run_speed`, `a_skill0`, `a_skill1`, `a_skill2`, `a_skill3`, `a_item_0`, `a_item_1`, `a_item_2`, `a_item_3`, `a_item_4`, `a_item_5`, `a_item_6`, `a_item_7`, `a_item_8`, `a_item_9`, `a_item_10`, `a_item_11`, `a_item_12`, `a_item_13`, `a_item_14`, `a_item_15`, `a_item_16`, `a_item_17`, `a_item_18`, `a_item_19`, `a_item_percent_0`, `a_item_percent_1`, `a_item_percent_2`, `a_item_percent_3`, `a_item_percent_4`, `a_item_percent_5`, `a_item_percent_6`, `a_item_percent_7`, `a_item_percent_8`, `a_item_percent_9`, `a_item_percent_10`, `a_item_percent_11`, `a_item_percent_12`, `a_item_percent_13`, `a_item_percent_14`, `a_item_percent_15`, `a_item_percent_16`, `a_item_percent_17`, `a_item_percent_18`, `a_item_percent_19`, `a_minplus`, `a_maxplus`, `a_probplus`, `a_product0`, `a_product1`, `a_product2`, `a_product3`, `a_product4`, `a_file_smc`, `a_motion_walk`, `a_motion_idle`, `a_motion_dam`, `a_motion_attack`, `a_motion_die`, `a_motion_run`, `a_motion_idle2`, `a_motion_attack2`, `a_scale`, `a_attribute`, `a_fireDelayCount`, `a_fireDelay0`, `a_fireDelay1`, `a_fireDelay2`, `a_fireDelay3`, `a_fireEffect0`, `a_fireEffect1`, `a_fireEffect2`, `a_fireObject`, `a_fireSpeed`, `a_name_usa`, `a_descr_usa`, `a_aitype`, `a_aiflag`, `a_aileader_flag`, `a_ai_summonHp`, `a_aileader_idx`, `a_aileader_count`, `a_crafting_category`, `a_productIndex`, `a_hit`, `a_dodge`, `a_magicavoid`, `a_job_attribute`, `a_npc_choice_trigger_count`, `a_npc_choice_trigger_ids`, `a_npc_kill_trigger_count`, `a_npc_kill_trigger_ids`, `a_createprob`, `a_socketprob_0`, `a_socketprob_1`, `a_socketprob_2`, `a_socketprob_3`, `a_jewel_0`, `a_jewel_1`, `a_jewel_2`, `a_jewel_3`, `a_jewel_4`, `a_jewel_5`, `a_jewel_6`, `a_jewel_7`, `a_jewel_8`, `a_jewel_9`, `a_jewel_10`, `a_jewel_11`, `a_jewel_12`, `a_jewel_13`, `a_jewel_14`, `a_jewel_15`, `a_jewel_16`, `a_jewel_17`, `a_jewel_18`, `a_jewel_19`, `a_jewel_percent_0`, `a_jewel_percent_1`, `a_jewel_percent_2`, `a_jewel_percent_3`, `a_jewel_percent_4`, `a_jewel_percent_5`, `a_jewel_percent_6`, `a_jewel_percent_7`, `a_jewel_percent_8`, `a_jewel_percent_9`, `a_jewel_percent_10`, `a_jewel_percent_11`, `a_jewel_percent_12`, `a_jewel_percent_13`, `a_jewel_percent_14`, `a_jewel_percent_15`, `a_jewel_percent_16`, `a_jewel_percent_17`, `a_jewel_percent_18`, `a_jewel_percent_19`) VALUES (483, 1, Christmas Gift box, -1, -1, 8, 0, 1, 1000, 0, 10, 1, 10, 2, 500, , -1, 38, 28, 28, 38, 1, 0, 54, 0, 1, 1, 150, 86, 0, 19, 2, 2, 2, 2, , , -1, -1, -1, -1, -1, -1, -1, -1, -1, -1, -1, -1, -1, -1, -1, -1, -1, -1, -1, -1, -1, -1, 0, 0, 0, 0, 0, 0, 0, 0, 0, 0, 0, 0, 0, 0, 0, 0, 0, 0, 0, 0, 0, 0, 0, -1, -1, -1, -1, -1, Data\\\\Item\\\\Common\\\\pandora_box.smc, pandora_box, pandora_box_idle, pandora_box, pandora_box, pandora_box_die, pandora_box, pandora_box, pandora_box, 2, 0, 0, 0, 0, 0, 0, , , , 0, 0, Christmas Gift box, , 0, 0, 0, 0, 0, 0, -1, -1, 0, 0, 0, 0, 0, , 0, , 0, 0, 0, 0, 0, -1, -1, -1, -1, -1, -1, -1, -1, -1, -1, -1, -1, -1, -1, -1, -1, -1, -1, -1, -1, 0, 0, 0, 0, 0, 0, 0, 0, 0, 0, 0, 0, 0, 0, 0, 0, 0, 0, 0, 0);\nINSERT INTO `newproject_data`.`t_npc` (`a_index`, `a_enable`, `a_name`, `a_family`, `a_skillmaster`, `a_flag`, `a_flag1`, `a_level`, `a_exp`, `a_prize`, `a_sight`, `a_size`, `a_move_area`, `a_attack_area`, `a_skill_point`, `a_descr`, `a_sskill_master`, `a_str`, `a_dex`, `a_int`, `a_con`, `a_attack`, `a_magic`, `a_defense`, `a_resist`, `a_attacklevel`, `a_defenselevel`, `a_hp`, `a_mp`, `a_attackType`, `a_attackSpeed`, `a_recover_hp`, `a_recover_mp`, `a_walk_speed`, `a_run_speed`, `a_skill0`, `a_skill1`, `a_skill2`, `a_skill3`, `a_item_0`, `a_item_1`, `a_item_2`, `a_item_3`, `a_item_4`, `a_item_5`, `a_item_6`, `a_item_7`, `a_item_8`, `a_item_9`, `a_item_10`, `a_item_11`, `a_item_12`, `a_item_13`, `a_item_14`, `a_item_15`, `a_item_16`, `a_item_17`, `a_item_18`, `a_item_19`, `a_item_percent_0`, `a_item_percent_1`, `a_item_percent_2`, `a_item_percent_3`, `a_item_percent_4`, `a_item_percent_5`, `a_item_percent_6`, `a_item_percent_7`, `a_item_percent_8`, `a_item_percent_9`, `a_item_percent_10`, `a_item_percent_11`, `a_item_percent_12`, `a_item_percent_13`, `a_item_percent_14`, `a_item_percent_15`, `a_item_percent_16`, `a_item_percent_17`, `a_item_percent_18`, `a_item_percent_19`, `a_minplus`, `a_maxplus`, `a_probplus`, `a_product0`, `a_product1`, `a_product2`, `a_product3`, `a_product4`, `a_file_smc`, `a_motion_walk`, `a_motion_idle`, `a_motion_dam`, `a_motion_attack`, `a_motion_die`, `a_motion_run`, `a_motion_idle2`, `a_motion_attack2`, `a_scale`, `a_attribute`, `a_fireDelayCount`, `a_fireDelay0`, `a_fireDelay1`, `a_fireDelay2`, `a_fireDelay3`, `a_fireEffect0`, `a_fireEffect1`, `a_fireEffect2`, `a_fireObject`, `a_fireSpeed`, `a_name_usa`, `a_descr_usa`, `a_aitype`, `a_aiflag`, `a_aileader_flag`, `a_ai_summonHp`, `a_aileader_idx`, `a_aileader_count`, `a_crafting_category`, `a_productIndex`, `a_hit`, `a_dodge`, `a_magicavoid`, `a_job_attribute`, `a_npc_choice_trigger_count`, `a_npc_choice_trigger_ids`, `a_npc_kill_trigger_count`, `a_npc_kill_trigger_ids`, `a_createprob`, `a_socketprob_0`, `a_socketprob_1`, `a_socketprob_2`, `a_socketprob_3`, `a_jewel_0`, `a_jewel_1`, `a_jewel_2`, `a_jewel_3`, `a_jewel_4`, `a_jewel_5`, `a_jewel_6`, `a_jewel_7`, `a_jewel_8`, `a_jewel_9`, `a_jewel_10`, `a_jewel_11`, `a_jewel_12`, `a_jewel_13`, `a_jewel_14`, `a_jewel_15`, `a_jewel_16`, `a_jewel_17`, `a_jewel_18`, `a_jewel_19`, `a_jewel_percent_0`, `a_jewel_percent_1`, `a_jewel_percent_2`, `a_jewel_percent_3`, `a_jewel_percent_4`, `a_jewel_percent_5`, `a_jewel_percent_6`, `a_jewel_percent_7`, `a_jewel_percent_8`, `a_jewel_percent_9`, `a_jewel_percent_10`, `a_jewel_percent_11`, `a_jewel_percent_12`, `a_jewel_percent_13`, `a_jewel_percent_14`, `a_jewel_percent_15`, `a_jewel_percent_16`, `a_jewel_percent_17`, `a_jewel_percent_18`, `a_jewel_percent_19`) VALUES (484, 1, Christmas tree, -1, -1, 33620240, 0, 100, 0, 0, 0, 0, 0, 0, 0, , -1, 10, 10, 10, 10, 10, 10, 10, 10, 100, 100, 0, 0, 0, 0, 0, 0, 0, 0, , , -1, -1, -1, -1, -1, -1, -1, -1, -1, -1, -1, -1, -1, -1, -1, -1, -1, -1, -1, -1, -1, -1, 0, 0, 0, 0, 0, 0, 0, 0, 0, 0, 0, 0, 0, 0, 0, 0, 0, 0, 0, 0, 0, 0, 0, -1, -1, -1, -1, -1, Data\\\\Npc\\\\Christmas_tree\\\\christmastree.smc, christmastree, christmastree, christmastree, christmastree, christmastree, christmastree, christmastree, christmastree, 1, 0, 0, 0, 0, 0, 0, , , , 0, 0, Christmas tree, , 0, 0, 0, 0, 0, 0, -1, -1, 0, 0, 0, 0, 0, , 0, , 0, 0, 0, 0, 0, -1, -1, -1, -1, -1, -1, -1, -1, -1, -1, -1, -1, -1, -1, -1, -1, -1, -1, -1, -1, 0, 0, 0, 0, 0, 0, 0, 0, 0, 0, 0, 0, 0, 0, 0, 0, 0, 0, 0, 0);\nINSERT INTO `newproject_data`.`t_npc` (`a_index`, `a_enable`, `a_name`, `a_family`, `a_skillmaster`, `a_flag`, `a_flag1`, `a_level`, `a_exp`, `a_prize`, `a_sight`, `a_size`, `a_move_area`, `a_attack_area`, `a_skill_point`, `a_descr`, `a_sskill_master`, `a_str`, `a_dex`, `a_int`, `a_con`, `a_attack`, `a_magic`, `a_defense`, `a_resist`, `a_attacklevel`, `a_defenselevel`, `a_hp`, `a_mp`, `a_attackType`, `a_attackSpeed`, `a_recover_hp`, `a_recover_mp`, `a_walk_speed`, `a_run_speed`, `a_skill0`, `a_skill1`, `a_skill2`, `a_skill3`, `a_item_0`, `a_item_1`, `a_item_2`, `a_item_3`, `a_item_4`, `a_item_5`, `a_item_6`, `a_item_7`, `a_item_8`, `a_item_9`, `a_item_10`, `a_item_11`, `a_item_12`, `a_item_13`, `a_item_14`, `a_item_15`, `a_item_16`, `a_item_17`, `a_item_18`, `a_item_19`, `a_item_percent_0`, `a_item_percent_1`, `a_item_percent_2`, `a_item_percent_3`, `a_item_percent_4`, `a_item_percent_5`, `a_item_percent_6`, `a_item_percent_7`, `a_item_percent_8`, `a_item_percent_9`, `a_item_percent_10`, `a_item_percent_11`, `a_item_percent_12`, `a_item_percent_13`, `a_item_percent_14`, `a_item_percent_15`, `a_item_percent_16`, `a_item_percent_17`, `a_item_percent_18`, `a_item_percent_19`, `a_minplus`, `a_maxplus`, `a_probplus`, `a_product0`, `a_product1`, `a_product2`, `a_product3`, `a_product4`, `a_file_smc`, `a_motion_walk`, `a_motion_idle`, `a_motion_dam`, `a_motion_attack`, `a_motion_die`, `a_motion_run`, `a_motion_idle2`, `a_motion_attack2`, `a_scale`, `a_attribute`, `a_fireDelayCount`, `a_fireDelay0`, `a_fireDelay1`, `a_fireDelay2`, `a_fireDelay3`, `a_fireEffect0`, `a_fireEffect1`, `a_fireEffect2`, `a_fireObject`, `a_fireSpeed`, `a_name_usa`, `a_descr_usa`, `a_aitype`, `a_aiflag`, `a_aileader_flag`, `a_ai_summonHp`, `a_aileader_idx`, `a_aileader_count`, `a_crafting_category`, `a_productIndex`, `a_hit`, `a_dodge`, `a_magicavoid`, `a_job_attribute`, `a_npc_choice_trigger_count`, `a_npc_choice_trigger_ids`, `a_npc_kill_trigger_count`, `a_npc_kill_trigger_ids`, `a_createprob`, `a_socketprob_0`, `a_socketprob_1`, `a_socketprob_2`, `a_socketprob_3`, `a_jewel_0`, `a_jewel_1`, `a_jewel_2`, `a_jewel_3`, `a_jewel_4`, `a_jewel_5`, `a_jewel_6`, `a_jewel_7`, `a_jewel_8`, `a_jewel_9`, `a_jewel_10`, `a_jewel_11`, `a_jewel_12`, `a_jewel_13`, `a_jewel_14`, `a_jewel_15`, `a_jewel_16`, `a_jewel_17`, `a_jewel_18`, `a_jewel_19`, `a_jewel_percent_0`, `a_jewel_percent_1`, `a_jewel_percent_2`, `a_jewel_percent_3`, `a_jewel_percent_4`, `a_jewel_percent_5`, `a_jewel_percent_6`, `a_jewel_percent_7`, `a_jewel_percent_8`, `a_jewel_percent_9`, `a_jewel_percent_10`, `a_jewel_percent_11`, `a_jewel_percent_12`, `a_jewel_percent_13`, `a_jewel_percent_14`, `a_jewel_percent_15`, `a_jewel_percent_16`, `a_jewel_percent_17`, `a_jewel_percent_18`, `a_jewel_percent_19`) VALUES (485, 1, Rudolph, -1, -1, 8, 0, 23, 1932, 99, 6, 1, 30, 1.5, 1000, , -1, 82, 72, 72, 82, 65, 0, 333, 22, 23, 23, 1762, 1007, 0, 19, 28, 28, 7, 7, -1 0, -1 0, -1, -1, 85, -1, -1, -1, -1, -1, -1, -1, -1, -1, -1, -1, -1, -1, -1, -1, -1, -1, -1, -1, 5, 0, 0, 0, 0, 0, 0, 0, 0, 0, 0, 0, 0, 0, 0, 0, 0, 0, 0, 0, 0, 0, 0, -1, -1, -1, -1, -1, Data\\\\Npc\\\\Rudolth\\\\rudolth.smc, rudolth_walk, rudolth_idle, rudolth_idle, rudolth_idle, rudolth_die, rudolth_run, rudolth_idle2, rudolth_idle, 1, 0, 0, 0, 0, 0, 0, , , , 0, 0, Elite Ravenous Larva, , 0, 0, 0, 0, 0, 0, -1, -1, 0, 0, 0, 0, 0, , 0, , 0, 0, 0, 0, 0, -1, -1, -1, -1, -1, -1, -1, -1, -1, -1, -1, -1, -1, -1, -1, -1, -1, -1, -1, -1, 0, 0, 0, 0, 0, 0, 0, 0, 0, 0, 0, 0, 0, 0, 0, 0, 0, 0, 0, 0);\nINSERT INTO `newproject_data`.`t_npc` (`a_index`, `a_enable`, `a_name`, `a_family`, `a_skillmaster`, `a_flag`, `a_flag1`, `a_level`, `a_exp`, `a_prize`, `a_sight`, `a_size`, `a_move_area`, `a_attack_area`, `a_skill_point`, `a_descr`, `a_sskill_master`, `a_str`, `a_dex`, `a_int`, `a_con`, `a_attack`, `a_magic`, `a_defense`, `a_resist`, `a_attacklevel`, `a_defenselevel`, `a_hp`, `a_mp`, `a_attackType`, `a_attackSpeed`, `a_recover_hp`, `a_recover_mp`, `a_walk_speed`, `a_run_speed`, `a_skill0`, `a_skill1`, `a_skill2`, `a_skill3`, `a_item_0`, `a_item_1`, `a_item_2`, `a_item_3`, `a_item_4`, `a_item_5`, `a_item_6`, `a_item_7`, `a_item_8`, `a_item_9`, `a_item_10`, `a_item_11`, `a_item_12`, `a_item_13`, `a_item_14`, `a_item_15`, `a_item_16`, `a_item_17`, `a_item_18`, `a_item_19`, `a_item_percent_0`, `a_item_percent_1`, `a_item_percent_2`, `a_item_percent_3`, `a_item_percent_4`, `a_item_percent_5`, `a_item_percent_6`, `a_item_percent_7`, `a_item_percent_8`, `a_item_percent_9`, `a_item_percent_10`, `a_item_percent_11`, `a_item_percent_12`, `a_item_percent_13`, `a_item_percent_14`, `a_item_percent_15`, `a_item_percent_16`, `a_item_percent_17`, `a_item_percent_18`, `a_item_percent_19`, `a_minplus`, `a_maxplus`, `a_probplus`, `a_product0`, `a_product1`, `a_product2`, `a_product3`, `a_product4`, `a_file_smc`, `a_motion_walk`, `a_motion_idle`, `a_motion_dam`, `a_motion_attack`, `a_motion_die`, `a_motion_run`, `a_motion_idle2`, `a_motion_attack2`, `a_scale`, `a_attribute`, `a_fireDelayCount`, `a_fireDelay0`, `a_fireDelay1`, `a_fireDelay2`, `a_fireDelay3`, `a_fireEffect0`, `a_fireEffect1`, `a_fireEffect2`, `a_fireObject`, `a_fireSpeed`, `a_name_usa`, `a_descr_usa`, `a_aitype`, `a_aiflag`, `a_aileader_flag`, `a_ai_summonHp`, `a_aileader_idx`, `a_aileader_count`, `a_crafting_category`, `a_productIndex`, `a_hit`, `a_dodge`, `a_magicavoid`, `a_job_attribute`, `a_npc_choice_trigger_count`, `a_npc_choice_trigger_ids`, `a_npc_kill_trigger_count`, `a_npc_kill_trigger_ids`, `a_createprob`, `a_socketprob_0`, `a_socketprob_1`, `a_socketprob_2`, `a_socketprob_3`, `a_jewel_0`, `a_jewel_1`, `a_jewel_2`, `a_jewel_3`, `a_jewel_4`, `a_jewel_5`, `a_jewel_6`, `a_jewel_7`, `a_jewel_8`, `a_jewel_9`, `a_jewel_10`, `a_jewel_11`, `a_jewel_12`, `a_jewel_13`, `a_jewel_14`, `a_jewel_15`, `a_jewel_16`, `a_jewel_17`, `a_jewel_18`, `a_jewel_19`, `a_jewel_percent_0`, `a_jewel_percent_1`, `a_jewel_percent_2`, `a_jewel_percent_3`, `a_jewel_percent_4`, `a_jewel_percent_5`, `a_jewel_percent_6`, `a_jewel_percent_7`, `a_jewel_percent_8`, `a_jewel_percent_9`, `a_jewel_percent_10`, `a_jewel_percent_11`, `a_jewel_percent_12`, `a_jewel_percent_13`, `a_jewel_percent_14`, `a_jewel_percent_15`, `a_jewel_percent_16`, `a_jewel_percent_17`, `a_jewel_percent_18`, `a_jewel_percent_19`) VALUES (486, 1, decorated a Christmas tree, -1, -1, 16, 0, 100, 0, 0, 0, 0, 0, 0, 0, , -1, 10, 10, 10, 10, 10, 10, 10, 10, 100, 100, 0, 0, 0, 0, 0, 0, 0, 0, , , -1, -1, 1843, 1844, 1316, 1317, 2604, -1, -1, 2606, 2607, 2608, 2609, 2610, -1, -1, -1, -1, -1, -1, -1, -1, 200, 200, 250, 250, 100, 0, 0, 20, 20, 20, 20, 20, 0, 0, 0, 0, 0, 0, 0, 0, 0, 0, 0, -1, -1, -1, -1, -1, Data\\\\Npc\\\\Christmas_tree\\\\christmastree.smc, christmastree, christmastree, christmastree, christmastree, christmastree, christmastree, christmastree, christmastree, 1, 0, 0, 0, 0, 0, 0, , , , 0, 0, decorated a Christmas tree, , 0, 0, 0, 0, 0, 0, -1, -1, 0, 0, 0, 0, 0, , 0, , 0, 0, 0, 0, 0, -1, -1, -1, -1, -1, -1, -1, -1, -1, -1, -1, -1, -1, -1, -1, -1, -1, -1, -1, -1, 0, 0, 0, 0, 0, 0, 0, 0, 0, 0, 0, 0, 0, 0, 0, 0, 0, 0, 0, 0);\n </pre>\n<p >CDWriter</p>\n\n\n\t\t\t\n\t\t\t\t\n\n<span class=\"ipsType_reset ipsType_medium ipsType_light\" data-excludequote=\"None\" >\n\t<strong >Edited <time datetime=\"2013-10-13T05:29:06Z\" title=\"10/13/2013 05:29  AM\" data-short=\"7 yr\" >October 13, 2013</time> by CDWriter</strong>\n\t\n\t\n</span>\n\t\t\t\n\t\t</div>"
        },
        {
            "id": 88402,
            "timestamp": 1381679307,
            "author": {
                "id": 7263,
                "name": "SibaN",
                "image": null
            },
            "comment": "<p >yes i have it but if i enable the evant and i click it dont work</p>"
        },
        {
            "id": 88404,
            "timestamp": 1381682150,
            "author": {
                "id": 6038,
                "name": "RomainLastChaos",
                "image": null
            },
            "comment": "\n<p >Working great the xmas event thanks cdwriter</p>\n<p > </p>\n<p ><a href=\"http://grabilla.com/03a0d-03429bbc-2a0f-402e-b920-01f032ff5d76.html\" rel=\"external nofollow\" ><img alt=\"03a0d-03429bbc-2a0f-402e-b920-01f032ff5d\" src=\"http://grabilla.com/03a0d-03429bbc-2a0f-402e-b920-01f032ff5d76.png\" /></a></p>\n"
        },
        {
            "id": 88405,
            "timestamp": 1381686084,
            "author": {
                "id": 7263,
                "name": "SibaN",
                "image": null
            },
            "comment": "<p >oki click at cristemes tree and lok if you get buff</p>"
        },
        {
            "id": 88423,
            "timestamp": 1381733239,
            "author": {
                "id": 17582,
                "name": "CDWriter",
                "image": null
            },
            "comment": "\n<p >Ok heres some more updates since i started Events .....</p>\n<p > </p>\n<p > </p>\n<p > </p>\n<p >Scare crow 455 should have a flag of : 33620240</p>\n<p > </p>\n<p >and it will work .... </p>\n"
        },
        {
            "id": 88424,
            "timestamp": 1381738727,
            "author": {
                "id": 18312,
                "name": "Assasin",
                "image": null
            },
            "comment": "\n<p >Ok my Work :-) </p>\n<p >How to change date event??</p>\n"
        },
        {
            "id": 88426,
            "timestamp": 1381739880,
            "author": {
                "id": 6038,
                "name": "RomainLastChaos",
                "image": null
            },
            "comment": "\n<blockquote data-ipsquote=\"\" class=\"ipsQuote\" data-ipsquote-contentcommentid=\"88424\" data-ipsquote-contentapp=\"forums\" data-ipsquote-contenttype=\"forums\" data-ipsquote-contentclass=\"forums_Topic\" data-ipsquote-contentid=\"11553\" data-ipsquote-username=\"Assasin\" data-cite=\"Assasin\" data-ipsquote-timestamp=\"1381738727\" ><div ><div >\n<p >Ok my Work :-) </p>\n<p >How to change date event?</p>\n<p > </p>\n</div></div></blockquote>\n<p >Into the string_usa.dta</p>\n<p > </p>\n<p ><a href=\"http://grabilla.com/03a0e-9889922c-6923-4356-9cac-d6becb86c6a8.html\" rel=\"external nofollow\" ><img alt=\"03a0e-9889922c-6923-4356-9cac-d6becb86c6\" src=\"http://grabilla.com/03a0e-9889922c-6923-4356-9cac-d6becb86c6a8.png\" /></a></p>\n\n\n\t\t\t\n\t\t\t\t\n\n<span class=\"ipsType_reset ipsType_medium ipsType_light\" data-excludequote=\"None\" >\n\t<strong >Edited <time datetime=\"2013-10-14T08:52:19Z\" title=\"10/14/2013 08:52  AM\" data-short=\"7 yr\" >October 14, 2013</time> by Era</strong>\n\t\n\t\n</span>\n\t\t\t\n\t\t</div>"
        }
    ]
}