{
    "meta": {
        "threadId": 11554,
        "threadName": "Ep2 to ep 1",
        "dateCreated": "2013-10-11T20:40:53+0000",
        "datePublished": "2013-10-11T20:40:53+0000",
        "pageCount": 1,
        "originalUrl": "https://lckb.dev/forum/index.php?/topic/11554-ep2-to-ep-1/",
        "authorId": 18673,
        "position": [
            {
                "@type": "ListItem",
                "position": 1,
                "item": {
                    "@id": "https://lckb.dev/forum/index.php?/forum/100-guides-help-section/",
                    "name": "Guides &amp; Help Section"
                }
            },
            {
                "@type": "ListItem",
                "position": 2,
                "item": {
                    "@id": "https://lckb.dev/forum/index.php?/forum/335-help-support/",
                    "name": "Help &amp; Support"
                }
            },
            {
                "@type": "ListItem",
                "position": 3,
                "item": {
                    "@id": "https://lckb.dev/forum/index.php?/forum/44-ep1-support/",
                    "name": "Ep1 Support"
                }
            },
            {
                "@type": "ListItem",
                "position": 4,
                "item": {
                    "@id": "https://lckb.dev/forum/index.php?/forum/135-solved-topics/",
                    "name": "Solved Topics"
                }
            }
        ]
    },
    "commentData": [
        {
            "id": 88311,
            "timestamp": 1381524053,
            "author": {
                "id": 18673,
                "name": "Groby",
                "image": null
            },
            "comment": "<p >Hi i search a ep 3 (2) Juno startzone for ep 1 can help me pls ?  :mebiro_01:   all links down -.-</p>"
        },
        {
            "id": 88312,
            "timestamp": 1381524222,
            "author": {
                "id": 17432,
                "name": "Nymphetamine",
                "image": null
            },
            "comment": "<p >What u mean for ep3 startzone?</p>"
        },
        {
            "id": 88314,
            "timestamp": 1381524377,
            "author": {
                "id": 18673,
                "name": "Groby",
                "image": null
            },
            "comment": "\n<p >i mean the ep3 juno as start zone in my ep 1 server </p>\n<p > </p>\n<p >sry my english is not good</p>\n"
        },
        {
            "id": 88327,
            "timestamp": 1381557516,
            "author": {
                "id": 15306,
                "name": "Noizy",
                "image": null
            },
            "comment": "<p >he mean that he want Juno V3 in ep1, ye there was a link but down atm, i haven`t any ep1 thing anyway :( sry i can`t help :P</p>"
        },
        {
            "id": 88337,
            "timestamp": 1381574451,
            "author": {
                "id": 18673,
                "name": "Groby",
                "image": null
            },
            "comment": "<p >Okay i have it :D  :clapping:  (np)</p>"
        },
        {
            "id": 88465,
            "timestamp": 1381783854,
            "author": {
                "id": null,
                "name": "Guest Johnny5",
                "image": null
            },
            "comment": "<p >Moderator closed because: Solved</p>"
        }
    ]
}