{
    "meta": {
        "threadId": 11562,
        "threadName": "Jewels",
        "dateCreated": "2013-10-12T20:43:16+0000",
        "datePublished": "2013-10-12T20:43:16+0000",
        "pageCount": 1,
        "originalUrl": "https://lckb.dev/forum/index.php?/topic/11562-jewels/",
        "authorId": 201,
        "position": [
            {
                "@type": "ListItem",
                "position": 1,
                "item": {
                    "@id": "https://lckb.dev/forum/index.php?/forum/100-guides-help-section/",
                    "name": "Guides &amp; Help Section"
                }
            },
            {
                "@type": "ListItem",
                "position": 2,
                "item": {
                    "@id": "https://lckb.dev/forum/index.php?/forum/335-help-support/",
                    "name": "Help &amp; Support"
                }
            },
            {
                "@type": "ListItem",
                "position": 3,
                "item": {
                    "@id": "https://lckb.dev/forum/index.php?/forum/120-ep2-support/",
                    "name": "Ep2 Support"
                }
            },
            {
                "@type": "ListItem",
                "position": 4,
                "item": {
                    "@id": "https://lckb.dev/forum/index.php?/forum/134-solved-topics/",
                    "name": "Solved Topics"
                }
            }
        ]
    },
    "commentData": [
        {
            "id": 88362,
            "timestamp": 1381610596,
            "author": {
                "id": 201,
                "name": "Wrong",
                "image": null
            },
            "comment": "\n<p >Hi</p>\n<p > </p>\n<p >Does anyone konw what are the num1 and num2 in jewels for? num0 I guess is the lvl</p>\n<p > </p>\n<p >Regards</p>\n"
        },
        {
            "id": 88365,
            "timestamp": 1381615890,
            "author": {
                "id": 17582,
                "name": "CDWriter",
                "image": null
            },
            "comment": "<p >Nothing that i have found ..and yes u can add a number to num0 but not needed</p>"
        },
        {
            "id": 88379,
            "timestamp": 1381639573,
            "author": {
                "id": 2041,
                "name": "HateMe",
                "image": null
            },
            "comment": "\n<p >if you mean the new jewel system...</p>\n<p > </p>\n<p >Num 0 = level</p>\n<p >Num 1 = Chance to get the jewel back if u take it out (10000 = 100%)</p>\n<p >Num 2 = Chance to put the jewel on a armor pice (10000 = 100%)</p>\n<p >Num 3 = level</p>\n<p > </p>\n<p >Random Settings</p>\n<p >1 = 255 (Rare Option)</p>\n<p >1 = 8 flag (flag 8 is for wearing position i think)</p>\n<p >2 = Wearing Item position flag that means if there is 0 the jewel can be only on the helm</p>\n<p > </p>\n<p >about the other flags i dont know... that u need to try out</p>\n"
        },
        {
            "id": 88387,
            "timestamp": 1381654900,
            "author": {
                "id": 201,
                "name": "Wrong",
                "image": null
            },
            "comment": "<p >thanks ^^</p>"
        }
    ]
}