{
    "meta": {
        "threadId": 11566,
        "threadName": "How to edit Dungeon Time Timer",
        "dateCreated": "2013-10-13T16:12:57+0000",
        "datePublished": "2013-10-13T16:12:57+0000",
        "pageCount": 1,
        "originalUrl": "https://lckb.dev/forum/index.php?/topic/11566-how-to-edit-dungeon-time-timer/",
        "authorId": 16931,
        "position": [
            {
                "@type": "ListItem",
                "position": 1,
                "item": {
                    "@id": "https://lckb.dev/forum/index.php?/forum/100-guides-help-section/",
                    "name": "Guides &amp; Help Section"
                }
            },
            {
                "@type": "ListItem",
                "position": 2,
                "item": {
                    "@id": "https://lckb.dev/forum/index.php?/forum/332-tutorials-guides/",
                    "name": "Tutorials &amp; Guides"
                }
            },
            {
                "@type": "ListItem",
                "position": 3,
                "item": {
                    "@id": "https://lckb.dev/forum/index.php?/forum/107-ep2-guides/",
                    "name": "Ep2 Guides"
                }
            }
        ]
    },
    "commentData": [
        {
            "id": 88403,
            "timestamp": 1381680777,
            "author": {
                "id": 16931,
                "name": "Walletman987",
                "image": null
            },
            "comment": "\n<ol ><li >Okay, first off, make sure you have notepad, which comes with your pc!  </li>\t<li >Open up your GameServer folder, there should be a folder called .dungeon time.  <a href=\"http://grabilla.com/03a0d-f0b5166f-0561-44be-a915-0058df15f06a.html#\" rel=\"external nofollow\" >(CLICK HERE FOR SS)</a>\t</li>\n<li >Drag it to your desktop, then right click it, open it with notepad (I used notepad ++ <a href=\"https://notepad-plus-plus.org/\" rel=\"external nofollow\" >DOWNLOAD</a> here)</li>\t<li >It should look something like this <a href=\"http://grabilla.com/03a0d-b4f22890-61e0-4b1f-a624-1a5ff12b427c.html#\" rel=\"external nofollow\" >(CLICK)</a>  Mine says 100, and then 500 and so on, thats because my dungeon time rate is 500%.</li>\t<li >If you want it as 250%, simply change everything <a href=\"http://grabilla.com/03a0d-79cbd4ba-5a61-417d-8169-ca1862ecff0b.html#\" rel=\"external nofollow\" >HERE</a> to 250.</li>\t<li >Now, change <a href=\"http://grabilla.com/03a0d-794d3d7d-f8bb-4599-8a67-be63dbc365f7.html#\" rel=\"external nofollow\" >THESE</a> all to 1s!</li>\n</ol><p >The 1 represents the time dungeon time is at, so changing it all to 1 will make it run 24/7 because it has no 0s which would turn dungeon time off for an hour.  I would also make backups before you do any of this!  If you need me to do it just add michael.shepherd324 on skype for some help. :P</p>\n"
        },
        {
            "id": 89462,
            "timestamp": 1383534670,
            "author": {
                "id": 15313,
                "name": "Whazzert...\u00c3\u00a2\u00e2\u201e\u00a2\u00c2\u00a5",
                "image": null
            },
            "comment": "<p >Its more simply with Ingame Command:<br /> <br />/dt_expset ing {value 100 - 600}</p>"
        }
    ]
}