{
    "meta": {
        "threadId": 11576,
        "threadName": "Launch a server without internet",
        "dateCreated": "2013-10-14T17:40:24+0000",
        "datePublished": "2013-10-14T17:40:24+0000",
        "pageCount": 1,
        "originalUrl": "https://lckb.dev/forum/index.php?/topic/11576-launch-a-server-without-internet/",
        "authorId": 8032,
        "position": [
            {
                "@type": "ListItem",
                "position": 1,
                "item": {
                    "@id": "https://lckb.dev/forum/index.php?/forum/100-guides-help-section/",
                    "name": "Guides &amp; Help Section"
                }
            },
            {
                "@type": "ListItem",
                "position": 2,
                "item": {
                    "@id": "https://lckb.dev/forum/index.php?/forum/335-help-support/",
                    "name": "Help &amp; Support"
                }
            },
            {
                "@type": "ListItem",
                "position": 3,
                "item": {
                    "@id": "https://lckb.dev/forum/index.php?/forum/120-ep2-support/",
                    "name": "Ep2 Support"
                }
            },
            {
                "@type": "ListItem",
                "position": 4,
                "item": {
                    "@id": "https://lckb.dev/forum/index.php?/forum/134-solved-topics/",
                    "name": "Solved Topics"
                }
            }
        ]
    },
    "commentData": [
        {
            "id": 88452,
            "timestamp": 1381772424,
            "author": {
                "id": 8032,
                "name": "cacallli",
                "image": null
            },
            "comment": "<p >Hi, I would like to know how to start and provide play my server without internet, Ive tried I put 127.0.0.1 everywhere already but when I connect I get Timed Out, I think its because CentOS does not communicate with Windows, what can I do to provide play without internet please? Thank you in advance :wacko:</p>"
        },
        {
            "id": 88453,
            "timestamp": 1381773342,
            "author": {
                "id": 7695,
                "name": "CyberClaus",
                "image": null
            },
            "comment": "<p >you need to make sure you have in the vm 2 nic... 1 for nat and 1 for bridge</p>"
        },
        {
            "id": 88550,
            "timestamp": 1381953137,
            "author": {
                "id": 8032,
                "name": "cacallli",
                "image": null
            },
            "comment": "<p >Do you have any pictures to guide me if you do not mind please?</p>"
        },
        {
            "id": 88551,
            "timestamp": 1381953454,
            "author": {
                "id": 1503,
                "name": "Paramount",
                "image": null
            },
            "comment": "<p >There are tons of guides in EP2 section, use the search function. </p>"
        },
        {
            "id": 88554,
            "timestamp": 1381954034,
            "author": {
                "id": 8032,
                "name": "cacallli",
                "image": null
            },
            "comment": "<p >Ok thanks you :p</p>"
        },
        {
            "id": 88558,
            "timestamp": 1381957044,
            "author": {
                "id": 2,
                "name": "Wizatek",
                "image": null
            },
            "comment": "\n<p >What u need to do is on the CentOS machine, type ifconfig.</p>\n<p >Then u see the IP, just bind to that ip, and connect the client to that ip and it should work all fine</p>\n"
        },
        {
            "id": 88645,
            "timestamp": 1382129821,
            "author": {
                "id": 8032,
                "name": "cacallli",
                "image": null
            },
            "comment": "<p >Its good I got through the ipv4, thank you for your help :)</p>"
        },
        {
            "id": 88665,
            "timestamp": 1382188060,
            "author": {
                "id": 17432,
                "name": "Nymphetamine",
                "image": null
            },
            "comment": "\n<p >Closed as its solved.</p>\n<p > </p>\n<p >Regards,</p>\n<p >Nymphetamine.</p>\n"
        },
        {
            "id": 88666,
            "timestamp": 1382188069,
            "author": {
                "id": null,
                "name": "Guest Johnny5",
                "image": null
            },
            "comment": "<p >Moderator closed because: Solved</p>"
        }
    ]
}