{
    "meta": {
        "threadId": 11607,
        "threadName": "Guides",
        "dateCreated": "2013-10-18T22:20:46+0000",
        "datePublished": "2013-10-18T22:20:46+0000",
        "pageCount": 1,
        "originalUrl": "https://lckb.dev/forum/index.php?/topic/11607-guides/",
        "authorId": 2167,
        "position": [
            {
                "@type": "ListItem",
                "position": 1,
                "item": {
                    "@id": "https://lckb.dev/forum/index.php?/forum/271-general-section/",
                    "name": "General Section"
                }
            },
            {
                "@type": "ListItem",
                "position": 2,
                "item": {
                    "@id": "https://lckb.dev/forum/index.php?/forum/259-general-discussion/",
                    "name": "General Discussion"
                }
            }
        ]
    },
    "commentData": [
        {
            "id": 88651,
            "timestamp": 1382134846,
            "author": {
                "id": 2167,
                "name": "dethunter12",
                "image": null
            },
            "comment": "<p >Anyone want a better skill guide i know i made 1 previously but i think i can make 1 that is alot better now.  i was thinking some people learn better visually any thing you want me to show how to make bosss mobs spawn other monsters anything of that nature?</p>"
        },
        {
            "id": 88935,
            "timestamp": 1382551084,
            "author": {
                "id": 16954,
                "name": "spadge88",
                "image": null
            },
            "comment": "\n<p >how about magic id skills? I know how to make them, but maybe in more detail on what does what :P? just an idea.</p>\n<p > </p>\n"
        }
    ]
}