{
    "meta": {
        "threadId": 11621,
        "threadName": "silence command",
        "dateCreated": "2013-10-20T16:18:10+0000",
        "datePublished": "2013-10-20T16:18:10+0000",
        "pageCount": 1,
        "originalUrl": "https://lckb.dev/forum/index.php?/topic/11621-silence-command/",
        "authorId": 7263,
        "position": [
            {
                "@type": "ListItem",
                "position": 1,
                "item": {
                    "@id": "https://lckb.dev/forum/index.php?/forum/100-guides-help-section/",
                    "name": "Guides &amp; Help Section"
                }
            },
            {
                "@type": "ListItem",
                "position": 2,
                "item": {
                    "@id": "https://lckb.dev/forum/index.php?/forum/335-help-support/",
                    "name": "Help &amp; Support"
                }
            },
            {
                "@type": "ListItem",
                "position": 3,
                "item": {
                    "@id": "https://lckb.dev/forum/index.php?/forum/120-ep2-support/",
                    "name": "Ep2 Support"
                }
            },
            {
                "@type": "ListItem",
                "position": 4,
                "item": {
                    "@id": "https://lckb.dev/forum/index.php?/forum/134-solved-topics/",
                    "name": "Solved Topics"
                }
            }
        ]
    },
    "commentData": [
        {
            "id": 88750,
            "timestamp": 1382285890,
            "author": {
                "id": 7263,
                "name": "SibaN",
                "image": null
            },
            "comment": "\n<p >hello guys i need help please</p>\n<p > </p>\n<p >yesterday i make silence commond for a chara</p>\n<p > </p>\n<p >how i make unsilence for thes chara </p>\n<p > </p>\n<p >please</p>\n"
        },
        {
            "id": 88753,
            "timestamp": 1382286568,
            "author": {
                "id": 1503,
                "name": "Paramount",
                "image": null
            },
            "comment": "<p >just set it to 1 and it will stopped in 1 sec</p>"
        },
        {
            "id": 88755,
            "timestamp": 1382286926,
            "author": {
                "id": 7263,
                "name": "SibaN",
                "image": null
            },
            "comment": "\n<p >oki i found it</p>\n<p > </p>\n<p ><span style=\"color:#ff0000;\" >a_silence_pulse</span>  in t_chara</p>\n<p > </p>\n<p > </p>\n<p >Close Please</p>\n\n\n\t\t\t\n\t\t\t\t\n\n<span class=\"ipsType_reset ipsType_medium ipsType_light\" data-excludequote=\"None\" >\n\t<strong >Edited <time datetime=\"2013-10-20T16:36:01Z\" title=\"10/20/2013 04:36  PM\" data-short=\"7 yr\" >October 20, 2013</time> by sibastient</strong>\n\t\n\t\n</span>\n\t\t\t\n\t\t</div>"
        },
        {
            "id": 88766,
            "timestamp": 1382294961,
            "author": {
                "id": 17432,
                "name": "Nymphetamine",
                "image": null
            },
            "comment": "\n<p >Closed and moved</p>\n<p >Regards,</p>\n<p >Nymphetamine</p>\n"
        }
    ]
}