{
    "meta": {
        "threadId": 11631,
        "threadName": "[NEW]Info",
        "dateCreated": "2013-10-21T16:06:14+0000",
        "datePublished": "2013-10-21T16:06:14+0000",
        "pageCount": 1,
        "originalUrl": "https://lckb.dev/forum/index.php?/topic/11631-newinfo/",
        "authorId": 18639,
        "position": [
            {
                "@type": "ListItem",
                "position": 1,
                "item": {
                    "@id": "https://lckb.dev/forum/index.php?/forum/271-general-section/",
                    "name": "General Section"
                }
            },
            {
                "@type": "ListItem",
                "position": 2,
                "item": {
                    "@id": "https://lckb.dev/forum/index.php?/forum/259-general-discussion/",
                    "name": "General Discussion"
                }
            }
        ]
    },
    "commentData": [
        {
            "id": 88829,
            "timestamp": 1382371574,
            "author": {
                "id": 18639,
                "name": "ISamyVegasI",
                "image": null
            },
            "comment": "\n<p >Hello we want a ep1 server with low/middel rates we work on it! </p>\n<p style=\"text-align:center;\" >Rates:</p>\n<p style=\"text-align:center;\" >ExP:x15</p>\n<p style=\"text-align:center;\" >SP:(only Free)</p>\n<p style=\"text-align:center;\" >GOLD:x30</p>\n<p style=\"text-align:center;\" >Drop:(Drop all Waeppons lvl1-173 /Based on Gamigo _data)</p>\n<p style=\"text-align:center;\" >LVL Cap: 105 </p>\n<p style=\"text-align:center;\" >(no cast , because EP1 !!!)</p>\n<p style=\"text-align:center;\" >No Hate Comments</p>\n<p style=\"text-align:center;\" >Fixx Cs Bs</p>\n<p style=\"text-align:center;\" >Free easy cash shop</p>\n<p style=\"text-align:center;\" >Easy cash prize</p>\n<p style=\"text-align:center;\" >All Maps working</p>\n<p style=\"text-align:center;\" >Many Events and PvP Party`s</p>\n<p style=\"text-align:center;\" >Xmas Event 24.12/25.12 Free cash for all All Prize in Cash Shop 0</p>\n<p style=\"text-align:center;\" >Free Costumes</p>\n<p style=\"text-align:center;\" > </p>\n<p style=\"text-align:center;\" >Why EP1(and no cast!!!) ?</p>\n<p style=\"text-align:center;\" >Because we want an oldschool server and on oldscholl server or Ep1 server is the first important no cast </p>\n<p style=\"text-align:center;\" >If you want cast fo to a fun pvp ep2 server!</p>\n<p style=\"text-align:center;\" > </p>\n<p style=\"text-align:center;\" >Nothing:</p>\n<p style=\"text-align:center;\" >hacks</p>\n<p style=\"text-align:center;\" >bugg use</p>\n<p style=\"text-align:center;\" >hate words ingame or in forum</p>\n<p style=\"text-align:center;\" > </p>\n<p style=\"text-align:center;\" >no hamachi!!! 24/7 root</p>\n<p style=\"text-align:center;\" > </p>\n<p style=\"text-align:center;\" > </p>\n<p style=\"text-align:center;\" ><a href=\"http://93.186.200.168/\" rel=\"external nofollow\" >http://93.186.200.168/</a></p>\n<p style=\"text-align:center;\" > </p>\n<p style=\"text-align:center;\" > </p>\n<p style=\"text-align:center;\" >we go online at 23.10.2013</p>\n<p style=\"text-align:center;\" >join us and you become a legand of the biggest oldschool server of the world</p>\n<p style=\"text-align:center;\" > </p>\n<p style=\"text-align:center;\" > </p>\n<p style=\"text-align:center;\" > </p>\n<p style=\"text-align:center;\" > </p>\n<p style=\"text-align:center;\" > </p>\n<p style=\"text-align:center;\" > </p>\n<p style=\"text-align:center;\" > </p>\n<p style=\"text-align:center;\" > </p>\n<p style=\"text-align:center;\" > </p>\n<p style=\"text-align:center;\" >Sry f\u00c3\u0192\u00c2\u00bcr > Rechtschreibfehler < Habe es schnell geschrieben</p>\n"
        },
        {
            "id": 88831,
            "timestamp": 1382372350,
            "author": {
                "id": 18226,
                "name": "OldHM",
                "image": null
            },
            "comment": "\n<p >Wrong Section. Please post in Advertisment.</p>\n<p >Closed</p>\n"
        },
        {
            "id": 88833,
            "timestamp": 1382372417,
            "author": {
                "id": 1503,
                "name": "Paramount",
                "image": null
            },
            "comment": "\n<blockquote data-ipsquote=\"\" class=\"ipsQuote\" ><div ><p ><span style=\"color:rgb(40,40,40);font-family:helvetica, arial, sans-serif;text-align:center;\" >of the biggest oldschool server of the world</span></p></div></blockquote>\n<p ><img alt=\"SOAgsDe.png\" src=\"https://i.imgur.com/SOAgsDe.png\" /></p>\n"
        }
    ]
}