{
    "meta": {
        "threadId": 11652,
        "threadName": "about quest",
        "dateCreated": "2013-10-25T16:07:34+0000",
        "datePublished": "2013-10-25T16:07:34+0000",
        "pageCount": 1,
        "originalUrl": "https://lckb.dev/forum/index.php?/topic/11652-about-quest/",
        "authorId": 7263,
        "position": [
            {
                "@type": "ListItem",
                "position": 1,
                "item": {
                    "@id": "https://lckb.dev/forum/index.php?/forum/100-guides-help-section/",
                    "name": "Guides &amp; Help Section"
                }
            },
            {
                "@type": "ListItem",
                "position": 2,
                "item": {
                    "@id": "https://lckb.dev/forum/index.php?/forum/335-help-support/",
                    "name": "Help &amp; Support"
                }
            },
            {
                "@type": "ListItem",
                "position": 3,
                "item": {
                    "@id": "https://lckb.dev/forum/index.php?/forum/120-ep2-support/",
                    "name": "Ep2 Support"
                }
            },
            {
                "@type": "ListItem",
                "position": 4,
                "item": {
                    "@id": "https://lckb.dev/forum/index.php?/forum/134-solved-topics/",
                    "name": "Solved Topics"
                }
            }
        ]
    },
    "commentData": [
        {
            "id": 89023,
            "timestamp": 1382717254,
            "author": {
                "id": 7263,
                "name": "SibaN",
                "image": null
            },
            "comment": "\n<p >hello guys </p>\n<p >i need help i use quest editor from hateme</p>\n<p > </p>\n<p >the probleme is i add wepons +27 in optional reward and i enabl it</p>\n<p > </p>\n<p >but the probleme i finish the quest i get weapons +0</p>\n<p > </p>\n<p > </p>\n<p >i have in basic Type1: <span style=\"color:#ff0000;\" >0 REPEAT</span>   Type2 2: <span style=\"color:#ff0000;\" >REPEAT_DAY</span></p>\n<p > </p>\n<p > </p>\n<p ><span style=\"color:#ff0000;\" >is that corect </span></p>\n<p > </p>\n<p > </p>\n<p > </p>\n"
        },
        {
            "id": 89024,
            "timestamp": 1382717531,
            "author": {
                "id": 7482,
                "name": "Creep",
                "image": null
            },
            "comment": "<p >the repeat type doesnt matter in this case, just do a box which dilevers either the weapon with + or the weapon and masterstones</p>"
        }
    ]
}