{
    "meta": {
        "threadId": 11666,
        "threadName": "Buy Server Files EP3",
        "dateCreated": "2013-10-27T06:20:14+0000",
        "datePublished": "2013-10-27T06:20:14+0000",
        "pageCount": 1,
        "originalUrl": "https://lckb.dev/forum/index.php?/topic/11666-buy-server-files-ep3/",
        "authorId": 17037,
        "position": [
            {
                "@type": "ListItem",
                "position": 1,
                "item": {
                    "@id": "https://lckb.dev/forum/index.php?/forum/100-guides-help-section/",
                    "name": "Guides &amp; Help Section"
                }
            },
            {
                "@type": "ListItem",
                "position": 2,
                "item": {
                    "@id": "https://lckb.dev/forum/index.php?/forum/335-help-support/",
                    "name": "Help &amp; Support"
                }
            },
            {
                "@type": "ListItem",
                "position": 3,
                "item": {
                    "@id": "https://lckb.dev/forum/index.php?/forum/120-ep2-support/",
                    "name": "Ep2 Support"
                }
            },
            {
                "@type": "ListItem",
                "position": 4,
                "item": {
                    "@id": "https://lckb.dev/forum/index.php?/forum/134-solved-topics/",
                    "name": "Solved Topics"
                }
            }
        ]
    },
    "commentData": [
        {
            "id": 89126,
            "timestamp": 1382854814,
            "author": {
                "id": 17037,
                "name": "Markus95",
                "image": null
            },
            "comment": "<p >buy server files with the bandit and Archimage.My skype : andexqwe</p>\n\n\t\t\t\n\t\t\t\t\n\n<span class=\"ipsType_reset ipsType_medium ipsType_light\" data-excludequote=\"None\" >\n\t<strong >Edited <time datetime=\"2013-10-27T07:56:01Z\" title=\"10/27/2013 07:56  AM\" data-short=\"7 yr\" >October 27, 2013</time> by Markus95</strong>\n\t\n\t\n</span>\n\t\t\t\n\t\t</div>"
        },
        {
            "id": 89127,
            "timestamp": 1382864077,
            "author": {
                "id": 3680,
                "name": "Kotetsu",
                "image": null
            },
            "comment": "<p >I think the better is to buy from Gamigo, Aeria or Eternia. (or Barunson)</p>"
        },
        {
            "id": 89129,
            "timestamp": 1382865677,
            "author": {
                "id": 6038,
                "name": "RomainLastChaos",
                "image": null
            },
            "comment": "\n<blockquote data-ipsquote=\"\" class=\"ipsQuote\" data-ipsquote-contentcommentid=\"89126\" data-ipsquote-contentapp=\"forums\" data-ipsquote-contenttype=\"forums\" data-ipsquote-contentclass=\"forums_Topic\" data-ipsquote-contentid=\"11666\" data-ipsquote-username=\"Markus95\" data-cite=\"Markus95\" data-ipsquote-timestamp=\"1382854814\" ><div ><div ><p >buy server files with the bandit and Archimage.My skype : andexqwe</p></div></div></blockquote>\n<p >Good Luck on your search but be sure gamigo etc will never sell you any files lol</p>\n<p > </p>\n<p >and the most of people have buy it dont will sell/share with someone because after it will have 100+ servers EP3 Files and become public files and the last players will dont know how to do and every servers should have 10/20 people online like same as ep1/ ep2 xD</p>\n\n\n\t\t\t\n\t\t\t\t\n\n<span class=\"ipsType_reset ipsType_medium ipsType_light\" data-excludequote=\"None\" >\n\t<strong >Edited <time datetime=\"2013-10-27T09:24:09Z\" title=\"10/27/2013 09:24  AM\" data-short=\"7 yr\" >October 27, 2013</time> by Era</strong>\n\t\n\t\n</span>\n\t\t\t\n\t\t</div>"
        }
    ]
}