{
    "meta": {
        "threadId": 11668,
        "threadName": "[GUIDE] How to Make accessories with secret property & Color",
        "dateCreated": "2013-10-27T13:56:55+0000",
        "datePublished": "2013-10-27T13:56:55+0000",
        "pageCount": 1,
        "originalUrl": "https://lckb.dev/forum/index.php?/topic/11668-guide-how-to-make-accessories-with-secret-property-color/",
        "authorId": 6038,
        "position": [
            {
                "@type": "ListItem",
                "position": 1,
                "item": {
                    "@id": "https://lckb.dev/forum/index.php?/forum/100-guides-help-section/",
                    "name": "Guides &amp; Help Section"
                }
            },
            {
                "@type": "ListItem",
                "position": 2,
                "item": {
                    "@id": "https://lckb.dev/forum/index.php?/forum/332-tutorials-guides/",
                    "name": "Tutorials &amp; Guides"
                }
            },
            {
                "@type": "ListItem",
                "position": 3,
                "item": {
                    "@id": "https://lckb.dev/forum/index.php?/forum/107-ep2-guides/",
                    "name": "Ep2 Guides"
                }
            }
        ]
    },
    "commentData": [
        {
            "id": 89139,
            "timestamp": 1382882215,
            "author": {
                "id": 6038,
                "name": "RomainLastChaos",
                "image": null
            },
            "comment": "\n<p ><span style=\"font-family:'comic sans ms', cursive;\" ><span style=\"font-size:18px;\" ><span style=\"color:#ff8c00;\" >Hello, </span></span></span></p>\n<p > </p>\n<p ><span style=\"font-family:'comic sans ms', cursive;\" ><span style=\"font-size:18px;\" ><span style=\"color:#ff8c00;\" >There was a litlle guide movie i have made today for people dont know how to do it and need learn it Have fun </span></span></span></p>\n<p > </p>\n<p > </p>\n<p > </p>\n<p ><a href=\"https://youtu.be/nDSywOl4hK8\" rel=\"external nofollow\" >http://youtu.be/nDSywOl4hK8</a></p>\n\n\n\t\t\t\n\t\t\t\t\n\n<span class=\"ipsType_reset ipsType_medium ipsType_light\" data-excludequote=\"None\" >\n\t<strong >Edited <time datetime=\"2013-10-27T14:17:38Z\" title=\"10/27/2013 02:17  PM\" data-short=\"7 yr\" >October 27, 2013</time> by Era</strong>\n\t\n\t\n</span>\n\t\t\t\n\t\t</div>"
        },
        {
            "id": 89140,
            "timestamp": 1382882929,
            "author": {
                "id": 161,
                "name": "Koko",
                "image": null
            },
            "comment": "\n<p >Approved.</p>\n<p >Careful, theres a little confusion:</p>\n<p > </p>\n<p >Jewel = gem u can add to your gear</p>\n<p >Accessory = what u are calling jewels in this guide.</p>\n<p > </p>\n<p >I edited the title if u dont mind.</p>\n<p > </p>\n<p >Nice guide tho ;)</p>\n"
        },
        {
            "id": 89142,
            "timestamp": 1382883566,
            "author": {
                "id": 6038,
                "name": "RomainLastChaos",
                "image": null
            },
            "comment": "<p >Yes no problem i have big Fail on this tutorial about Jewel and Gear for me it was the same</p>"
        },
        {
            "id": 89194,
            "timestamp": 1383009675,
            "author": {
                "id": 7041,
                "name": "maggi",
                "image": null
            },
            "comment": "\n<p >Thx :)</p>\n<p >Maggi</p>\n"
        },
        {
            "id": 89196,
            "timestamp": 1383015771,
            "author": {
                "id": 18082,
                "name": "gurock1172",
                "image": null
            },
            "comment": "<p >thank you :D</p>"
        },
        {
            "id": 89363,
            "timestamp": 1383412199,
            "author": {
                "id": 16010,
                "name": "doki16",
                "image": null
            },
            "comment": "<p >thank you :D</p>"
        }
    ]
}