{
    "meta": {
        "threadId": 11672,
        "threadName": "t_skilllevel",
        "dateCreated": "2013-10-27T19:49:59+0000",
        "datePublished": "2013-10-27T19:49:59+0000",
        "pageCount": 1,
        "originalUrl": "https://lckb.dev/forum/index.php?/topic/11672-t_skilllevel/",
        "authorId": 13764,
        "position": [
            {
                "@type": "ListItem",
                "position": 1,
                "item": {
                    "@id": "https://lckb.dev/forum/index.php?/forum/100-guides-help-section/",
                    "name": "Guides &amp; Help Section"
                }
            },
            {
                "@type": "ListItem",
                "position": 2,
                "item": {
                    "@id": "https://lckb.dev/forum/index.php?/forum/335-help-support/",
                    "name": "Help &amp; Support"
                }
            },
            {
                "@type": "ListItem",
                "position": 3,
                "item": {
                    "@id": "https://lckb.dev/forum/index.php?/forum/120-ep2-support/",
                    "name": "Ep2 Support"
                }
            },
            {
                "@type": "ListItem",
                "position": 4,
                "item": {
                    "@id": "https://lckb.dev/forum/index.php?/forum/134-solved-topics/",
                    "name": "Solved Topics"
                }
            }
        ]
    },
    "commentData": [
        {
            "id": 89158,
            "timestamp": 1382903399,
            "author": {
                "id": 13764,
                "name": "MrBuSta",
                "image": null
            },
            "comment": "\n<p >Hi all</p>\n<p >Im added all new skill with v3.1 skill editor by wizatek to t_skill in db.</p>\n<p >But i dont know how to add it on t_magic,t_magiclevel and in t_skilllevel.</p>\n<p >Someone can help me with this ?</p>\n<p >or if i igve my skill_usa.bin file can make me sql for t_magic,level and for t_skillevel ? please</p>\n"
        },
        {
            "id": 89184,
            "timestamp": 1382989927,
            "author": {
                "id": 13764,
                "name": "MrBuSta",
                "image": null
            },
            "comment": "\n<p >t_skill and skillevel added.</p>\n<p >One more question.</p>\n<p >How to add skills a_type,a_subtype,a_damagetype,a_hittype in t_magic ? where i can find this types ?</p>\n"
        }
    ]
}