{
    "meta": {
        "threadId": 11685,
        "threadName": "Haloween Event",
        "dateCreated": "2013-10-30T23:17:46+0000",
        "datePublished": "2013-10-30T23:17:46+0000",
        "pageCount": 1,
        "originalUrl": "https://lckb.dev/forum/index.php?/topic/11685-haloween-event/",
        "authorId": 13764,
        "position": [
            {
                "@type": "ListItem",
                "position": 1,
                "item": {
                    "@id": "https://lckb.dev/forum/index.php?/forum/100-guides-help-section/",
                    "name": "Guides &amp; Help Section"
                }
            },
            {
                "@type": "ListItem",
                "position": 2,
                "item": {
                    "@id": "https://lckb.dev/forum/index.php?/forum/335-help-support/",
                    "name": "Help &amp; Support"
                }
            },
            {
                "@type": "ListItem",
                "position": 3,
                "item": {
                    "@id": "https://lckb.dev/forum/index.php?/forum/120-ep2-support/",
                    "name": "Ep2 Support"
                }
            },
            {
                "@type": "ListItem",
                "position": 4,
                "item": {
                    "@id": "https://lckb.dev/forum/index.php?/forum/134-solved-topics/",
                    "name": "Solved Topics"
                }
            }
        ]
    },
    "commentData": [
        {
            "id": 89234,
            "timestamp": 1383175066,
            "author": {
                "id": 13764,
                "name": "MrBuSta",
                "image": null
            },
            "comment": "\n<p >Hello.</p>\n<p >Someone can help me how to enable Haloween event in db if its existing in v13 files or how to create haloween event ?</p>\n"
        },
        {
            "id": 89235,
            "timestamp": 1383175281,
            "author": {
                "id": 13764,
                "name": "MrBuSta",
                "image": null
            },
            "comment": "<p >Edit: Fixed event enable but i need now how to change prize of event? now i get haloween jawbreaker,but i want other prize</p>\n\n\t\t\t\n\t\t\t\t\n\n<span class=\"ipsType_reset ipsType_medium ipsType_light\" data-excludequote=\"None\" >\n\t<strong >Edited <time datetime=\"2013-10-30T23:26:22Z\" title=\"10/30/2013 11:26  PM\" data-short=\"7 yr\" >October 30, 2013</time> by Adam1998i</strong>\n\t\n\t\n</span>\n\t\t\t\n\t\t</div>"
        },
        {
            "id": 89240,
            "timestamp": 1383202909,
            "author": {
                "id": 6038,
                "name": "RomainLastChaos",
                "image": null
            },
            "comment": "<p >Easy by searching on the forum ....</p>"
        },
        {
            "id": 89252,
            "timestamp": 1383219227,
            "author": {
                "id": 13764,
                "name": "MrBuSta",
                "image": null
            },
            "comment": "\n<p >Solved.Close please.</p>\n<p >Im find event guide by Era.</p>\n"
        }
    ]
}