{
    "meta": {
        "threadId": 11691,
        "threadName": "Auto pick up gold ?",
        "dateCreated": "2013-10-31T14:26:26+0000",
        "datePublished": "2013-10-31T14:26:26+0000",
        "pageCount": 1,
        "originalUrl": "https://lckb.dev/forum/index.php?/topic/11691-auto-pick-up-gold/",
        "authorId": 7041,
        "position": [
            {
                "@type": "ListItem",
                "position": 1,
                "item": {
                    "@id": "https://lckb.dev/forum/index.php?/forum/100-guides-help-section/",
                    "name": "Guides &amp; Help Section"
                }
            },
            {
                "@type": "ListItem",
                "position": 2,
                "item": {
                    "@id": "https://lckb.dev/forum/index.php?/forum/335-help-support/",
                    "name": "Help &amp; Support"
                }
            },
            {
                "@type": "ListItem",
                "position": 3,
                "item": {
                    "@id": "https://lckb.dev/forum/index.php?/forum/120-ep2-support/",
                    "name": "Ep2 Support"
                }
            },
            {
                "@type": "ListItem",
                "position": 4,
                "item": {
                    "@id": "https://lckb.dev/forum/index.php?/forum/134-solved-topics/",
                    "name": "Solved Topics"
                }
            }
        ]
    },
    "commentData": [
        {
            "id": 89268,
            "timestamp": 1383229586,
            "author": {
                "id": 7041,
                "name": "maggi",
                "image": null
            },
            "comment": "\n<p >Hi All</p>\n<p >I have a question.</p>\n<p >On newer Server the dropped Gold is auto pickup to inventar.</p>\n<p > </p>\n<p > </p>\n<p >Can i make this with the public server-files from here ( use V13 CDWRITER Package)</p>\n<p > </p>\n<p >Make with other flags or so ?</p>\n<p > </p>\n<p > </p>\n<p >thx </p>\n<p >Maggi</p>\n"
        },
        {
            "id": 89269,
            "timestamp": 1383231217,
            "author": {
                "id": 19262,
                "name": "Triralith",
                "image": null
            },
            "comment": "<p >If im right it can be done from the GameServer side, nothing more :p</p>"
        },
        {
            "id": 89282,
            "timestamp": 1383241625,
            "author": {
                "id": 7041,
                "name": "maggi",
                "image": null
            },
            "comment": "<p >You know what must be edit in GS ? :)</p>"
        },
        {
            "id": 89291,
            "timestamp": 1383259002,
            "author": {
                "id": 3680,
                "name": "Kotetsu",
                "image": null
            },
            "comment": "<p >If im right its an EP3 feature so i think its the GameServer Side yeah, search pickup gold offset and modify it for auto pickup, i really dunno</p>"
        },
        {
            "id": 89293,
            "timestamp": 1383259741,
            "author": {
                "id": 7041,
                "name": "maggi",
                "image": null
            },
            "comment": "\n<p >thx for tips</p>\n<p > </p>\n<p >but now i dont know how to find offset for pickup gold but ok....</p>\n<p > </p>\n<p >thx</p>\n<p >maggi</p>\n"
        },
        {
            "id": 89294,
            "timestamp": 1383259935,
            "author": {
                "id": 3680,
                "name": "Kotetsu",
                "image": null
            },
            "comment": "<p >Idk if u really need to search pickup gold offset, i only suggest it.</p>"
        },
        {
            "id": 89295,
            "timestamp": 1383260110,
            "author": {
                "id": 7482,
                "name": "Creep",
                "image": null
            },
            "comment": "<p >You cant do that with the offical files, there is no such offset, because gold is a regular item and autopickup for everything would cause just an annoying autocolect of the charakter after killing a mob..</p>"
        },
        {
            "id": 89297,
            "timestamp": 1383260256,
            "author": {
                "id": 3680,
                "name": "Kotetsu",
                "image": null
            },
            "comment": "\n<p >If im right, AIO-LC have this feature. (They have ep3 files)</p>\n<p >So, maybe adding a new function etc on the game server, but i dont think its possible without source code or EP3  GS</p>\n\n\n\t\t\t\n\t\t\t\t\n\n<span class=\"ipsType_reset ipsType_medium ipsType_light\" data-excludequote=\"None\" >\n\t<strong >Edited <time datetime=\"2013-10-31T22:57:46Z\" title=\"10/31/2013 10:57  PM\" data-short=\"7 yr\" >October 31, 2013</time> by Kotetsu</strong>\n\t\n\t\n</span>\n\t\t\t\n\t\t</div>"
        },
        {
            "id": 89304,
            "timestamp": 1383272607,
            "author": {
                "id": 7041,
                "name": "maggi",
                "image": null
            },
            "comment": "\n<p >Ok thx alot</p>\n<p > </p>\n<p >i have a dream :)))</p>\n<p > </p>\n<p >thx</p>\n<p >Maggi</p>\n"
        },
        {
            "id": 89326,
            "timestamp": 1383327044,
            "author": {
                "id": 7482,
                "name": "Creep",
                "image": null
            },
            "comment": "\n<p >Its something only a few people have skills and hands on to change it..</p>\n<p > </p>\n<p >basically if its in the files u got, u got it, if not, not</p>\n"
        }
    ]
}