{
    "meta": {
        "threadId": 11693,
        "threadName": "Setting Error!!",
        "dateCreated": "2013-10-31T21:53:37+0000",
        "datePublished": "2013-10-31T21:53:37+0000",
        "pageCount": 1,
        "originalUrl": "https://lckb.dev/forum/index.php?/topic/11693-setting-error/",
        "authorId": 11151,
        "position": [
            {
                "@type": "ListItem",
                "position": 1,
                "item": {
                    "@id": "https://lckb.dev/forum/index.php?/forum/100-guides-help-section/",
                    "name": "Guides &amp; Help Section"
                }
            },
            {
                "@type": "ListItem",
                "position": 2,
                "item": {
                    "@id": "https://lckb.dev/forum/index.php?/forum/335-help-support/",
                    "name": "Help &amp; Support"
                }
            },
            {
                "@type": "ListItem",
                "position": 3,
                "item": {
                    "@id": "https://lckb.dev/forum/index.php?/forum/44-ep1-support/",
                    "name": "Ep1 Support"
                }
            },
            {
                "@type": "ListItem",
                "position": 4,
                "item": {
                    "@id": "https://lckb.dev/forum/index.php?/forum/135-solved-topics/",
                    "name": "Solved Topics"
                }
            }
        ]
    },
    "commentData": [
        {
            "id": 89287,
            "timestamp": 1383256417,
            "author": {
                "id": 11151,
                "name": "Vogelj1988",
                "image": null
            },
            "comment": "<p >Im getting setting Error when i start the GS i have it all config the right way. I started working on a new ep1 project and i cant test any thing till i get it fix</p>\n\n\t\t\t\n\t\t\t\t\n\n<span class=\"ipsType_reset ipsType_medium ipsType_light\" data-excludequote=\"None\" >\n\t<strong >Edited <time datetime=\"2013-10-31T21:54:12Z\" title=\"10/31/2013 09:54  PM\" data-short=\"7 yr\" >October 31, 2013</time> by Vogelj1988</strong>\n\t\n\t\n</span>\n\t\t\t\n\t\t</div>"
        },
        {
            "id": 89296,
            "timestamp": 1383260112,
            "author": {
                "id": 3680,
                "name": "Kotetsu",
                "image": null
            },
            "comment": "\n<p >We cannot help you without more informations.</p>\n<p > </p>\n<p >-The Error ?</p>\n<p >-When ?</p>\n<p >-etc..</p>\n"
        },
        {
            "id": 89298,
            "timestamp": 1383260953,
            "author": {
                "id": 11151,
                "name": "Vogelj1988",
                "image": null
            },
            "comment": "\n<p >thats all it sayying ill post the log</p>\n<p >2013/10/31 19:06:23 :: Setting Error!! ></p>\n"
        },
        {
            "id": 89301,
            "timestamp": 1383262579,
            "author": {
                "id": 11151,
                "name": "Vogelj1988",
                "image": null
            },
            "comment": "<p >if you want you can added me to skype you can get my added from my profile</p>"
        },
        {
            "id": 89302,
            "timestamp": 1383263983,
            "author": {
                "id": 11151,
                "name": "Vogelj1988",
                "image": null
            },
            "comment": "\n<p style=\"color:rgb(40,40,40);font-family:verdana, arial, tahoma, sans-serif;font-size:12px;background-color:rgb(221,221,221);\" >Closed i found whats worng i had bad maps</p>\n<br />"
        }
    ]
}