{
    "meta": {
        "threadId": 11696,
        "threadName": "Looking for titletool.lod editor for EP2",
        "dateCreated": "2013-11-01T16:21:45+0000",
        "datePublished": "2013-11-01T16:21:45+0000",
        "pageCount": 1,
        "originalUrl": "https://lckb.dev/forum/index.php?/topic/11696-looking-for-titletoollod-editor-for-ep2/",
        "authorId": 19262,
        "position": [
            {
                "@type": "ListItem",
                "position": 1,
                "item": {
                    "@id": "https://lckb.dev/forum/index.php?/forum/271-general-section/",
                    "name": "General Section"
                }
            },
            {
                "@type": "ListItem",
                "position": 2,
                "item": {
                    "@id": "https://lckb.dev/forum/index.php?/forum/259-general-discussion/",
                    "name": "General Discussion"
                }
            }
        ]
    },
    "commentData": [
        {
            "id": 89320,
            "timestamp": 1383322905,
            "author": {
                "id": 19262,
                "name": "Triralith",
                "image": null
            },
            "comment": "\n<p >Hey! I was looking for free WORKING tool, which will can open titletool.lod...</p>\n<p >- Filixs one isnt working for me since ive got error, cuz I use WIn XP x32.</p>\n<p >- Nicolas one also, cuz it has a virus (posted in this board)</p>\n<p >- Sentences one is bugged.</p>\n<p >- HateMes isnt working good, because I cant see the name of the title when i use it, only background is seen.</p>\n<p > </p>\n<p >If youll find something for me, would be nice if ill get a link.</p>\n<p > </p>\n<p >Have a nice day.</p>\n"
        },
        {
            "id": 89347,
            "timestamp": 1383385594,
            "author": {
                "id": 1503,
                "name": "Paramount",
                "image": null
            },
            "comment": "\n<blockquote data-ipsquote=\"\" class=\"ipsQuote\" data-ipsquote-contentcommentid=\"89320\" data-ipsquote-contentapp=\"forums\" data-ipsquote-contenttype=\"forums\" data-ipsquote-contentclass=\"forums_Topic\" data-ipsquote-contentid=\"11696\" data-ipsquote-username=\"Triralith\" data-cite=\"Triralith\" data-ipsquote-timestamp=\"1383322905\" ><div ><div >- HateMes isnt working good, because I cant see the name of the title when i use it, only background is seen.</div></div></blockquote>\n<p >This happens because you need to set the name in itemAll.lod or itemName.lod [i forgot it]</p>\n"
        },
        {
            "id": 89361,
            "timestamp": 1383408158,
            "author": {
                "id": 19262,
                "name": "Triralith",
                "image": null
            },
            "comment": "\n<blockquote data-ipsquote=\"\" class=\"ipsQuote\" data-ipsquote-contentcommentid=\"89347\" data-ipsquote-contentapp=\"forums\" data-ipsquote-contenttype=\"forums\" data-ipsquote-contentclass=\"forums_Topic\" data-ipsquote-contentid=\"11696\" data-ipsquote-username=\"Paramount\" data-cite=\"Paramount\" data-ipsquote-timestamp=\"1383385594\" ><div >\n<p ></p>\n<div >\n<p ></p>\n<p >This happens because you need to set the name in itemAll.lod or itemName.lod [i forgot it]</p>\n</div>\n</div></blockquote>\n<p >I think it still wont working... tried few times and his tools are bugged, i think... :s</p>\n\n\n\t\t\t\n\t\t\t\t\n\n<span class=\"ipsType_reset ipsType_medium ipsType_light\" data-excludequote=\"None\" >\n\t<strong >Edited <time datetime=\"2013-11-02T16:03:02Z\" title=\"11/02/2013 04:03  PM\" data-short=\"7 yr\" >November 2, 2013</time> by Triralith</strong>\n\t\n\t\n</span>\n\t\t\t\n\t\t</div>"
        },
        {
            "id": 89362,
            "timestamp": 1383408773,
            "author": {
                "id": 1503,
                "name": "Paramount",
                "image": null
            },
            "comment": "\n<blockquote data-ipsquote=\"\" class=\"ipsQuote\" data-ipsquote-contentcommentid=\"89361\" data-ipsquote-contentapp=\"forums\" data-ipsquote-contenttype=\"forums\" data-ipsquote-contentclass=\"forums_Topic\" data-ipsquote-contentid=\"11696\" data-ipsquote-username=\"Triralith\" data-cite=\"Triralith\" data-ipsquote-timestamp=\"1383408158\" ><div ><div ><p >I think it still wont working... tried few times and his tools are bugged, i think... :s</p></div></div></blockquote>\n<p >Then use Wizateks tools to edit itemAll and itemName, whats the problem? </p>\n"
        },
        {
            "id": 89378,
            "timestamp": 1383420609,
            "author": {
                "id": 19262,
                "name": "Triralith",
                "image": null
            },
            "comment": "\n<blockquote data-ipsquote=\"\" class=\"ipsQuote\" data-ipsquote-contentcommentid=\"89362\" data-ipsquote-contentapp=\"forums\" data-ipsquote-contenttype=\"forums\" data-ipsquote-contentclass=\"forums_Topic\" data-ipsquote-contentid=\"11696\" data-ipsquote-username=\"Paramount\" data-cite=\"Paramount\" data-ipsquote-timestamp=\"1383408773\" ><div ><div ><p >Then use Wizateks tools to edit itemAll and itemName, whats the problem? </p></div></div></blockquote>\n<p > </p>\n<p >The problem is, that the HateMes titletool editor is bugged, Wizateks Item editors are good.</p>\n"
        },
        {
            "id": 89380,
            "timestamp": 1383421138,
            "author": {
                "id": 1503,
                "name": "Paramount",
                "image": null
            },
            "comment": "\n<blockquote data-ipsquote=\"\" class=\"ipsQuote\" data-ipsquote-contentcommentid=\"89378\" data-ipsquote-contentapp=\"forums\" data-ipsquote-contenttype=\"forums\" data-ipsquote-contentclass=\"forums_Topic\" data-ipsquote-contentid=\"11696\" data-ipsquote-username=\"Triralith\" data-cite=\"Triralith\" data-ipsquote-timestamp=\"1383420609\" ><div ><div ><p >The problem is, that the HateMes titletool editor is bugged, Wizateks Item editors are good.</p></div></div></blockquote>\n<p >Ive already said how to fix your problem. </p>\n"
        },
        {
            "id": 89445,
            "timestamp": 1383514867,
            "author": {
                "id": 19270,
                "name": "Devolo",
                "image": null
            },
            "comment": "\n<p >The Titeltool is only for the Colors of Titels and Options.</p>\n<p >The Names/Texts you need to Edit in the Itemall</p>\n"
        },
        {
            "id": 89474,
            "timestamp": 1383558887,
            "author": {
                "id": 201,
                "name": "Wrong",
                "image": null
            },
            "comment": "\n<p >The same happened to me with hatemes editor and I did it right but only the background was showed.</p>\n<p >If its ep2 maybe you can use the old falos developer editor, I used it before for ep2 and it worked for me but its a bit difficult or bugged and it doesnt copy titles or make news so youll have to copy them with a hex editor or other editor if it lets you edit it.</p>\n"
        }
    ]
}