{
    "meta": {
        "threadId": 11709,
        "threadName": "Connector cannot connect DB",
        "dateCreated": "2013-11-02T17:38:17+0000",
        "datePublished": "2013-11-02T17:38:17+0000",
        "pageCount": 1,
        "originalUrl": "https://lckb.dev/forum/index.php?/topic/11709-connector-cannot-connect-db/",
        "authorId": 19259,
        "position": [
            {
                "@type": "ListItem",
                "position": 1,
                "item": {
                    "@id": "https://lckb.dev/forum/index.php?/forum/100-guides-help-section/",
                    "name": "Guides &amp; Help Section"
                }
            },
            {
                "@type": "ListItem",
                "position": 2,
                "item": {
                    "@id": "https://lckb.dev/forum/index.php?/forum/335-help-support/",
                    "name": "Help &amp; Support"
                }
            },
            {
                "@type": "ListItem",
                "position": 3,
                "item": {
                    "@id": "https://lckb.dev/forum/index.php?/forum/120-ep2-support/",
                    "name": "Ep2 Support"
                }
            },
            {
                "@type": "ListItem",
                "position": 4,
                "item": {
                    "@id": "https://lckb.dev/forum/index.php?/forum/134-solved-topics/",
                    "name": "Solved Topics"
                }
            }
        ]
    },
    "commentData": [
        {
            "id": 89368,
            "timestamp": 1383413897,
            "author": {
                "id": 19259,
                "name": "xFreakOut",
                "image": null
            },
            "comment": "\n<p >Hello all,</p>\n<p > </p>\n<p >Ive got a new problem.</p>\n<p > </p>\n<p >Here it is:</p>\n<p >I have an issue where connector cannot connect to db, im not sure why because everything was working till i added security to my lampp \"password\" does anyone know why this is happening and yes im sure my password is correct 100% any help will be usefull Thank you. and im use xampp 1.6.8a for centos 6.4 l</p>\n"
        },
        {
            "id": 89369,
            "timestamp": 1383414155,
            "author": {
                "id": 1503,
                "name": "Paramount",
                "image": null
            },
            "comment": "<p >server files wont work with the mysql passwd</p>"
        },
        {
            "id": 89370,
            "timestamp": 1383414800,
            "author": {
                "id": 19259,
                "name": "xFreakOut",
                "image": null
            },
            "comment": "<p >so is there anyway i can set up security pass for it then? or no? and if nt do you know how to remove pass for lampp</p>"
        },
        {
            "id": 89372,
            "timestamp": 1383415372,
            "author": {
                "id": 1503,
                "name": "Paramount",
                "image": null
            },
            "comment": "<p >just tell me why you need this password? </p>"
        },
        {
            "id": 89373,
            "timestamp": 1383415520,
            "author": {
                "id": 19259,
                "name": "xFreakOut",
                "image": null
            },
            "comment": "<p >okay do you know how to remove pass for lampp \"xampp\" and thank you paramount</p>\n\n\t\t\t\n\t\t\t\t\n\n<span class=\"ipsType_reset ipsType_medium ipsType_light\" data-excludequote=\"None\" >\n\t<strong >Edited <time datetime=\"2013-11-02T18:05:42Z\" title=\"11/02/2013 06:05  PM\" data-short=\"7 yr\" >November 2, 2013</time> by xFreakOut</strong>\n\t\n\t\n</span>\n\t\t\t\n\t\t</div>"
        },
        {
            "id": 89374,
            "timestamp": 1383415968,
            "author": {
                "id": 1503,
                "name": "Paramount",
                "image": null
            },
            "comment": "\n<p >xampp is a really bad idea, neved worked with it. </p>\n<p >i advice using apache and mysql as separate services:</p>\n<p > </p>\n<pre class=\"ipsCode prettyprint\" >yum install mysql\nyum install apache\n</pre>\n"
        },
        {
            "id": 89399,
            "timestamp": 1383452042,
            "author": {
                "id": 2041,
                "name": "HateMe",
                "image": null
            },
            "comment": "\n<blockquote data-ipsquote=\"\" class=\"ipsQuote\" data-ipsquote-contentcommentid=\"89369\" data-ipsquote-contentapp=\"forums\" data-ipsquote-contenttype=\"forums\" data-ipsquote-contentclass=\"forums_Topic\" data-ipsquote-contentid=\"11709\" data-ipsquote-username=\"Paramount\" data-cite=\"Paramount\" data-ipsquote-timestamp=\"1383414155\" ><div ><div ><p >server files wont work with the mysql passwd</p></div></div></blockquote>\n<p >they do... just use mysql old password</p>\n"
        }
    ]
}