{
    "meta": {
        "threadId": 11714,
        "threadName": "Little peak on a lc site im working on",
        "dateCreated": "2013-11-03T06:37:04+0000",
        "datePublished": "2013-11-03T06:37:04+0000",
        "pageCount": 1,
        "originalUrl": "https://lckb.dev/forum/index.php?/topic/11714-little-peak-on-a-lc-site-im-working-on/",
        "authorId": 11151,
        "position": [
            {
                "@type": "ListItem",
                "position": 1,
                "item": {
                    "@id": "https://lckb.dev/forum/index.php?/forum/271-general-section/",
                    "name": "General Section"
                }
            },
            {
                "@type": "ListItem",
                "position": 2,
                "item": {
                    "@id": "https://lckb.dev/forum/index.php?/forum/43-development-showroom/",
                    "name": "Development Showroom"
                }
            }
        ]
    },
    "commentData": [
        {
            "id": 89400,
            "timestamp": 1383460624,
            "author": {
                "id": 11151,
                "name": "Vogelj1988",
                "image": null
            },
            "comment": "\n<p >Ive just started working on a LC web site from the ground up all i have is a demo site but my site is having a hard time to connect to the mysql host </p>\n<p >im getting this <span style=\"color:rgb(0,0,0);font-family:'Times New Roman';font-size:medium;\" >SQLSTATE[HY000] [2005] Unknown MySQL server host sql102.byethost33.com  (3) every time i click summit on  </span>register</p>\n<p >but you can still view it at <a href=\"http://testingsites.22web.org/register.php\" rel=\"external nofollow\" >http://testingsites.22web.org/</a> once i learn more ill had more to it im using PDO with it</p>\n\n\n\t\t\t\n\t\t\t\t\n\n<span class=\"ipsType_reset ipsType_medium ipsType_light\" data-excludequote=\"None\" >\n\t<strong >Edited <time datetime=\"2013-11-03T06:38:03Z\" title=\"11/03/2013 06:38  AM\" data-short=\"7 yr\" >November 3, 2013</time> by Vogelj1988</strong>\n\t\n\t\n</span>\n\t\t\t\n\t\t</div>"
        },
        {
            "id": 89444,
            "timestamp": 1383514641,
            "author": {
                "id": 19270,
                "name": "Devolo",
                "image": null
            },
            "comment": "<p >Wrong Config to SQL Connection?<br />Right ip for SQL host?</p>"
        },
        {
            "id": 89449,
            "timestamp": 1383517469,
            "author": {
                "id": 11151,
                "name": "Vogelj1988",
                "image": null
            },
            "comment": "<p >I have it config right it works on xamp just fine</p>"
        },
        {
            "id": 89450,
            "timestamp": 1383518559,
            "author": {
                "id": 2,
                "name": "Wizatek",
                "image": null
            },
            "comment": "<p >Many webhosts dont allow u to connect to another mysql server then theirs</p>"
        },
        {
            "id": 89451,
            "timestamp": 1383522154,
            "author": {
                "id": 11151,
                "name": "Vogelj1988",
                "image": null
            },
            "comment": "<p >okay wizatek good to know</p>"
        }
    ]
}