{
    "meta": {
        "threadId": 11720,
        "threadName": "How to add statpoint ?",
        "dateCreated": "2013-11-03T16:22:48+0000",
        "datePublished": "2013-11-03T16:22:48+0000",
        "pageCount": 1,
        "originalUrl": "https://lckb.dev/forum/index.php?/topic/11720-how-to-add-statpoint/",
        "authorId": 13584,
        "position": [
            {
                "@type": "ListItem",
                "position": 1,
                "item": {
                    "@id": "https://lckb.dev/forum/index.php?/forum/100-guides-help-section/",
                    "name": "Guides &amp; Help Section"
                }
            },
            {
                "@type": "ListItem",
                "position": 2,
                "item": {
                    "@id": "https://lckb.dev/forum/index.php?/forum/335-help-support/",
                    "name": "Help &amp; Support"
                }
            },
            {
                "@type": "ListItem",
                "position": 3,
                "item": {
                    "@id": "https://lckb.dev/forum/index.php?/forum/120-ep2-support/",
                    "name": "Ep2 Support"
                }
            },
            {
                "@type": "ListItem",
                "position": 4,
                "item": {
                    "@id": "https://lckb.dev/forum/index.php?/forum/134-solved-topics/",
                    "name": "Solved Topics"
                }
            }
        ]
    },
    "commentData": [
        {
            "id": 89424,
            "timestamp": 1383495768,
            "author": {
                "id": 13584,
                "name": "Slash",
                "image": null
            },
            "comment": "\n<p >Hello community , i have a question for you  !</p>\n<p > </p>\n<p >how create a starter pack for given statpoint when gamers create a charact\u00c3\u0192\u00c2\u00a8re ? </p>\n<p > </p>\n<p >Thw for your help </p>\n"
        },
        {
            "id": 89425,
            "timestamp": 1383496077,
            "author": {
                "id": 3680,
                "name": "Kotetsu",
                "image": null
            },
            "comment": "<p >Gameserver_d i think..</p>"
        },
        {
            "id": 89658,
            "timestamp": 1383925052,
            "author": {
                "id": 17519,
                "name": "lukaslt",
                "image": null
            },
            "comment": "\n<p >Offset editor for your gameserver</p>\n<p >But however im not sure if the statpoints can stay after changing the class of the character</p>\n"
        },
        {
            "id": 89659,
            "timestamp": 1383925992,
            "author": {
                "id": 13172,
                "name": "soryjero",
                "image": null
            },
            "comment": "<p >start quest and you give statpoint in that start quest</p>"
        },
        {
            "id": 89670,
            "timestamp": 1383942211,
            "author": {
                "id": 18312,
                "name": "Assasin",
                "image": null
            },
            "comment": "\n<p >Only offset </p>\n<p > </p>\n<p ><img alt=\"Screensho_naehaxq.jpg\" src=\"http://s6.ifotos.pl/img/Screensho_naehaxq.jpg\" /></p>\n"
        },
        {
            "id": 89712,
            "timestamp": 1383995497,
            "author": {
                "id": 13172,
                "name": "soryjero",
                "image": null
            },
            "comment": "\n<blockquote data-ipsquote=\"\" class=\"ipsQuote\" data-ipsquote-contentcommentid=\"89670\" data-ipsquote-contentapp=\"forums\" data-ipsquote-contenttype=\"forums\" data-ipsquote-contentclass=\"forums_Topic\" data-ipsquote-contentid=\"11720\" data-ipsquote-username=\"Assasin\" data-cite=\"Assasin\" data-ipsquote-timestamp=\"1383942211\" ><div ><div ><p >Only offset</p></div></div></blockquote>\n<p > </p>\n<p >Yes, but not everybody have private offsets (at least i dont have them) so the best way is a start quest</p>\n"
        },
        {
            "id": 89777,
            "timestamp": 1384023950,
            "author": {
                "id": 3680,
                "name": "Kotetsu",
                "image": null
            },
            "comment": "\n<p >a start quest who give statpoints ??</p>\n<p >Offsets arent really hard to have.. Just need to know how works a Hex editor..</p>\n<p >Im not sure but, you can maybe cancel the Stats restarts by changing classes. (Offset, but im not sure)</p>\n"
        },
        {
            "id": 90070,
            "timestamp": 1384502366,
            "author": {
                "id": 13584,
                "name": "Slash",
                "image": null
            },
            "comment": "<p >Thanks assassin good reply realy help me , you use what ofset editor ?</p>"
        },
        {
            "id": 90091,
            "timestamp": 1384534188,
            "author": {
                "id": 3680,
                "name": "Kotetsu",
                "image": null
            },
            "comment": "\n<p >He use wizas editor with edited offsets or he decompiled wizas editor for do his own GS Editor.</p>\n<p > </p>\n<p >Edit ~ ill maybe release offsets..</p>\n\n\n\t\t\t\n\t\t\t\t\n\n<span class=\"ipsType_reset ipsType_medium ipsType_light\" data-excludequote=\"None\" >\n\t<strong >Edited <time datetime=\"2013-11-15T16:50:33Z\" title=\"11/15/2013 04:50  PM\" data-short=\"7 yr\" >November 15, 2013</time> by Kotetsu</strong>\n\t\n\t\n</span>\n\t\t\t\n\t\t</div>"
        }
    ]
}