{
    "meta": {
        "threadId": 11723,
        "threadName": "skill to change \"Middle level supporter\" !!",
        "dateCreated": "2013-11-04T01:58:18+0000",
        "datePublished": "2013-11-04T01:58:18+0000",
        "pageCount": 1,
        "originalUrl": "https://lckb.dev/forum/index.php?/topic/11723-skill-to-change-middle-level-supporter/",
        "authorId": 5853,
        "position": [
            {
                "@type": "ListItem",
                "position": 1,
                "item": {
                    "@id": "https://lckb.dev/forum/index.php?/forum/100-guides-help-section/",
                    "name": "Guides &amp; Help Section"
                }
            },
            {
                "@type": "ListItem",
                "position": 2,
                "item": {
                    "@id": "https://lckb.dev/forum/index.php?/forum/335-help-support/",
                    "name": "Help &amp; Support"
                }
            },
            {
                "@type": "ListItem",
                "position": 3,
                "item": {
                    "@id": "https://lckb.dev/forum/index.php?/forum/120-ep2-support/",
                    "name": "Ep2 Support"
                }
            },
            {
                "@type": "ListItem",
                "position": 4,
                "item": {
                    "@id": "https://lckb.dev/forum/index.php?/forum/134-solved-topics/",
                    "name": "Solved Topics"
                }
            }
        ]
    },
    "commentData": [
        {
            "id": 89457,
            "timestamp": 1383530298,
            "author": {
                "id": 5853,
                "name": "ucaff",
                "image": null
            },
            "comment": "<p >as I can make the change of the skill of \"Middle level supporter\" ?</p>"
        },
        {
            "id": 89541,
            "timestamp": 1383760576,
            "author": {
                "id": 17514,
                "name": "Pomidor",
                "image": null
            },
            "comment": "<p >skill editor ^^</p>"
        },
        {
            "id": 89543,
            "timestamp": 1383764344,
            "author": {
                "id": 13172,
                "name": "soryjero",
                "image": null
            },
            "comment": "<p >i think it is an offset</p>"
        },
        {
            "id": 89544,
            "timestamp": 1383764673,
            "author": {
                "id": 18312,
                "name": "Assasin",
                "image": null
            },
            "comment": "\n<p >Only Offset :-) </p>\n<p >I have All Offset GameServer Public Or Not Public :-)</p>\n"
        },
        {
            "id": 89569,
            "timestamp": 1383836349,
            "author": {
                "id": 17858,
                "name": "Canton",
                "image": null
            },
            "comment": "<p >With the offsets you can change the ID.<br />But that doesnt matter, you can also easily edit the skill.<br />Where is the difference?<br /><br />The only thing you maybe need is the offset for the level.</p>\n\n\t\t\t\n\t\t\t\t\n\n<span class=\"ipsType_reset ipsType_medium ipsType_light\" data-excludequote=\"None\" >\n\t<strong >Edited <time datetime=\"2013-11-07T15:00:48Z\" title=\"11/07/2013 03:00  PM\" data-short=\"7 yr\" >November 7, 2013</time> by Canton</strong>\n\t\n\t\n</span>\n\t\t\t\n\t\t</div>"
        },
        {
            "id": 89590,
            "timestamp": 1383862639,
            "author": {
                "id": 1503,
                "name": "Paramount",
                "image": null
            },
            "comment": "\n<p > Ok its already 8 Nov and we didnt get any messages from the author.</p>\n<p >In 24 hours this topic will be closed. </p>\n"
        },
        {
            "id": 89623,
            "timestamp": 1383904024,
            "author": {
                "id": 5853,
                "name": "ucaff",
                "image": null
            },
            "comment": "<p >topic close please</p>"
        },
        {
            "id": 89626,
            "timestamp": 1383908390,
            "author": {
                "id": 1503,
                "name": "Paramount",
                "image": null
            },
            "comment": "<p >Closed and moved. </p>"
        }
    ]
}