{
    "meta": {
        "threadId": 11733,
        "threadName": "Issue with new weapons",
        "dateCreated": "2013-11-07T15:01:21+0000",
        "datePublished": "2013-11-07T15:01:21+0000",
        "pageCount": 1,
        "originalUrl": "https://lckb.dev/forum/index.php?/topic/11733-issue-with-new-weapons/",
        "authorId": 19074,
        "position": [
            {
                "@type": "ListItem",
                "position": 1,
                "item": {
                    "@id": "https://lckb.dev/forum/index.php?/forum/100-guides-help-section/",
                    "name": "Guides &amp; Help Section"
                }
            },
            {
                "@type": "ListItem",
                "position": 2,
                "item": {
                    "@id": "https://lckb.dev/forum/index.php?/forum/335-help-support/",
                    "name": "Help &amp; Support"
                }
            },
            {
                "@type": "ListItem",
                "position": 3,
                "item": {
                    "@id": "https://lckb.dev/forum/index.php?/forum/44-ep1-support/",
                    "name": "Ep1 Support"
                }
            },
            {
                "@type": "ListItem",
                "position": 4,
                "item": {
                    "@id": "https://lckb.dev/forum/index.php?/forum/135-solved-topics/",
                    "name": "Solved Topics"
                }
            }
        ]
    },
    "commentData": [
        {
            "id": 89570,
            "timestamp": 1383836481,
            "author": {
                "id": 19074,
                "name": "Arnii",
                "image": null
            },
            "comment": "\n<p >Hello all, ive try to uimport new weapons in my server, i have take all files requiered and put it correctly in each folder of client, (i have them <a href=\"https://imageshack.us/photo/my-images/20/bv28.jpg/\" rel=\"external nofollow\" >ingame</a>) but when i want to use askill a normal hit , i got stuck and have to restart client.... I have  change flag as we told me before(DrGenius) but it doesnt change anything, so if someone have any idea?please</p>\n<p > </p>\n<p > </p>\n<p >Thanks;</p>\n"
        },
        {
            "id": 89572,
            "timestamp": 1383837344,
            "author": {
                "id": 19262,
                "name": "Triralith",
                "image": null
            },
            "comment": "\n<p ><strike >I think you have to edit skill bones correctly (im not sure)</strike><br /> </p>\n<p >After, when i saw screen:</p>\n<p >I guess .*bm, .*ba files and other ones are putted wrongly...</p>\n\n\n\t\t\t\n\t\t\t\t\n\n<span class=\"ipsType_reset ipsType_medium ipsType_light\" data-excludequote=\"None\" >\n\t<strong >Edited <time datetime=\"2013-11-07T15:17:07Z\" title=\"11/07/2013 03:17  PM\" data-short=\"7 yr\" >November 7, 2013</time> by Triralith</strong>\n\t\n\t\n</span>\n\t\t\t\n\t\t</div>"
        },
        {
            "id": 89576,
            "timestamp": 1383840534,
            "author": {
                "id": 19074,
                "name": "Arnii",
                "image": null
            },
            "comment": "<p >Hmmm you sure about this? cuz ie put it exactly as it was in my old server client lol</p>"
        },
        {
            "id": 89612,
            "timestamp": 1383899587,
            "author": {
                "id": 17613,
                "name": "ZaTii",
                "image": null
            },
            "comment": "\n<p >First of all: nice steal (if im not wrong... ) :kez_12:</p>\n<p > </p>\n<p > </p>\n<p >Are all the bone at position 0/0/0 ? are they binded with the model ? and coloured right ?</p>\n\n\n\t\t\t\n\t\t\t\t\n\n<span class=\"ipsType_reset ipsType_medium ipsType_light\" data-excludequote=\"None\" >\n\t<strong >Edited <time datetime=\"2013-11-08T08:33:44Z\" title=\"11/08/2013 08:33  AM\" data-short=\"7 yr\" >November 8, 2013</time> by ZaTii</strong>\n\t\n\t\n</span>\n\t\t\t\n\t\t</div>"
        },
        {
            "id": 89615,
            "timestamp": 1383901602,
            "author": {
                "id": 19074,
                "name": "Arnii",
                "image": null
            },
            "comment": "\n<blockquote data-ipsquote=\"\" class=\"ipsQuote\" data-ipsquote-contentcommentid=\"89612\" data-ipsquote-contentapp=\"forums\" data-ipsquote-contenttype=\"forums\" data-ipsquote-contentclass=\"forums_Topic\" data-ipsquote-contentid=\"11733\" data-ipsquote-username=\"ZaTii\" data-cite=\"ZaTii\" data-ipsquote-timestamp=\"1383899587\" ><div ><div >\n<p >First of all: nice steal (if im not wrong... ) :kez_12:</p>\n<p ><span style=\"color:rgb(40,40,40);font-family:verdana, arial, tahoma, sans-serif;background-color:rgb(221,221,221);\" >Are all the bone at position 0/0/0 ? are they binded with the model ? and coloured right ?</span></p>\n</div></div></blockquote>\n<p >What nice steal? o.o I got those weapons from old sever of Stikaz (lckb member)</p>\n<p > </p>\n<p >What you mean the bone at position 0/0/0?</p>\n"
        },
        {
            "id": 89617,
            "timestamp": 1383902014,
            "author": {
                "id": 17613,
                "name": "ZaTii",
                "image": null
            },
            "comment": "\n<p >What are the names of the bm / the smc? <br /> </p>\n<p > </p>\n<p > </p>\n<p >The position of the bone must be at x = 0 , y = 0 , z = 0</p>\n<p > </p>\n<p >maybe thats the issue</p>\n"
        },
        {
            "id": 89624,
            "timestamp": 1383904690,
            "author": {
                "id": 19074,
                "name": "Arnii",
                "image": null
            },
            "comment": "\n<p >Hmm i must see where do we find that x/y/z</p>\n<p > </p>\n<p > </p>\n<p >Data\\Item\\Weapon\\deli\\deli_ro_dagger_cover.smc</p>\n\n\n\t\t\t\n\t\t\t\t\n\n<span class=\"ipsType_reset ipsType_medium ipsType_light\" data-excludequote=\"None\" >\n\t<strong >Edited <time datetime=\"2013-11-08T10:02:39Z\" title=\"11/08/2013 10:02  AM\" data-short=\"7 yr\" >November 8, 2013</time> by Arnii</strong>\n\t\n\t\n</span>\n\t\t\t\n\t\t</div>"
        },
        {
            "id": 89686,
            "timestamp": 1383949527,
            "author": {
                "id": 17613,
                "name": "ZaTii",
                "image": null
            },
            "comment": "\n<blockquote data-ipsquote=\"\" class=\"ipsQuote\" data-ipsquote-contentcommentid=\"89624\" data-ipsquote-contentapp=\"forums\" data-ipsquote-contenttype=\"forums\" data-ipsquote-contentclass=\"forums_Topic\" data-ipsquote-contentid=\"11733\" data-ipsquote-username=\"Arnii\" data-cite=\"Arnii\" data-ipsquote-timestamp=\"1383904690\" ><div ><div >\n<p >Hmm i must see where do we find that x/y/z</p>\n<p > </p>\n<p > </p>\n<p >Data\\Item\\Weapon\\deli\\deli_ro_dagger_cover.smc</p>\n</div></div></blockquote>\n<p >Like i said.. steal.. i imported them to lc half a hear ago... thats normal in this fck community..</p>\n<p > </p>\n<p > </p>\n<p >normaly they are no problems. Replace the rogue.ba with a one from another client</p>\n\n\n\t\t\t\n\t\t\t\t\n\n<span class=\"ipsType_reset ipsType_medium ipsType_light\" data-excludequote=\"None\" >\n\t<strong >Edited <time datetime=\"2013-11-08T22:26:08Z\" title=\"11/08/2013 10:26  PM\" data-short=\"7 yr\" >November 8, 2013</time> by ZaTii</strong>\n\t\n\t\n</span>\n\t\t\t\n\t\t</div>"
        },
        {
            "id": 89688,
            "timestamp": 1383950009,
            "author": {
                "id": 19074,
                "name": "Arnii",
                "image": null
            },
            "comment": "<p >hmm okay i didnt know...Sorry... and i will try what you said</p>"
        },
        {
            "id": 89690,
            "timestamp": 1383950220,
            "author": {
                "id": 1503,
                "name": "Paramount",
                "image": null
            },
            "comment": "\n<blockquote data-ipsquote=\"\" class=\"ipsQuote\" data-ipsquote-contentcommentid=\"89686\" data-ipsquote-contentapp=\"forums\" data-ipsquote-contenttype=\"forums\" data-ipsquote-contentclass=\"forums_Topic\" data-ipsquote-contentid=\"11733\" data-ipsquote-username=\"ZaTii\" data-cite=\"ZaTii\" data-ipsquote-timestamp=\"1383949527\" ><div ><p >thats normal in this fck community..</p></div></blockquote>\n<p >Please, maybe it would be wrong to hear from me, but <strike >shut up dud</strike>e.</p>\n<p > </p>\n<p >You are not right, all I can say. </p>\n\n\n\t\t\t\n\t\t\t\t\n\n<span class=\"ipsType_reset ipsType_medium ipsType_light\" data-excludequote=\"None\" >\n\t<strong >Edited <time datetime=\"2013-11-08T22:38:39Z\" title=\"11/08/2013 10:38  PM\" data-short=\"7 yr\" >November 8, 2013</time> by Paramount</strong>\n\t\n\t\n</span>\n\t\t\t\n\t\t</div>"
        },
        {
            "id": 90568,
            "timestamp": 1385196497,
            "author": {
                "id": 19074,
                "name": "Arnii",
                "image": null
            },
            "comment": "\n<p >Its solved, had a mistake with texture files.</p>\n<p > </p>\n<p >Closed and moved.</p>\n"
        },
        {
            "id": 90569,
            "timestamp": 1385196515,
            "author": {
                "id": null,
                "name": "Guest Johnny5",
                "image": null
            },
            "comment": "<p >Moderator closed because: Solved</p>"
        }
    ]
}