{
    "meta": {
        "threadId": 11745,
        "threadName": "Client Version to Low",
        "dateCreated": "2013-11-09T14:36:55+0000",
        "datePublished": "2013-11-09T14:36:55+0000",
        "pageCount": 1,
        "originalUrl": "https://lckb.dev/forum/index.php?/topic/11745-client-version-to-low/",
        "authorId": 19355,
        "position": [
            {
                "@type": "ListItem",
                "position": 1,
                "item": {
                    "@id": "https://lckb.dev/forum/index.php?/forum/100-guides-help-section/",
                    "name": "Guides &amp; Help Section"
                }
            },
            {
                "@type": "ListItem",
                "position": 2,
                "item": {
                    "@id": "https://lckb.dev/forum/index.php?/forum/335-help-support/",
                    "name": "Help &amp; Support"
                }
            },
            {
                "@type": "ListItem",
                "position": 3,
                "item": {
                    "@id": "https://lckb.dev/forum/index.php?/forum/120-ep2-support/",
                    "name": "Ep2 Support"
                }
            },
            {
                "@type": "ListItem",
                "position": 4,
                "item": {
                    "@id": "https://lckb.dev/forum/index.php?/forum/134-solved-topics/",
                    "name": "Solved Topics"
                }
            }
        ]
    },
    "commentData": [
        {
            "id": 89743,
            "timestamp": 1384007815,
            "author": {
                "id": 19355,
                "name": "olaf1212",
                "image": null
            },
            "comment": "\n<p >Hello Com,</p>\n<p >We have a Problem with our Client / Login Server</p>\n<p >wehen we login with the 777 Client then they say thet the Client version is to low can anyone help us pls?</p>\n"
        },
        {
            "id": 89746,
            "timestamp": 1384008215,
            "author": {
                "id": 1503,
                "name": "Paramount",
                "image": null
            },
            "comment": "<p >Change your loginserver. </p>"
        },
        {
            "id": 89757,
            "timestamp": 1384009811,
            "author": {
                "id": 19355,
                "name": "olaf1212",
                "image": null
            },
            "comment": "<p >So problem is fixet thankyou</p>"
        },
        {
            "id": 89758,
            "timestamp": 1384009988,
            "author": {
                "id": 18226,
                "name": "OldHM",
                "image": null
            },
            "comment": "<p >Closed and Moved</p>"
        }
    ]
}