{
    "meta": {
        "threadId": 11748,
        "threadName": "Ep2 with VM on a VPS",
        "dateCreated": "2013-11-09T19:08:03+0000",
        "datePublished": "2013-11-09T19:08:03+0000",
        "pageCount": 1,
        "originalUrl": "https://lckb.dev/forum/index.php?/topic/11748-ep2-with-vm-on-a-vps/",
        "authorId": 19074,
        "position": [
            {
                "@type": "ListItem",
                "position": 1,
                "item": {
                    "@id": "https://lckb.dev/forum/index.php?/forum/100-guides-help-section/",
                    "name": "Guides &amp; Help Section"
                }
            },
            {
                "@type": "ListItem",
                "position": 2,
                "item": {
                    "@id": "https://lckb.dev/forum/index.php?/forum/335-help-support/",
                    "name": "Help &amp; Support"
                }
            },
            {
                "@type": "ListItem",
                "position": 3,
                "item": {
                    "@id": "https://lckb.dev/forum/index.php?/forum/120-ep2-support/",
                    "name": "Ep2 Support"
                }
            },
            {
                "@type": "ListItem",
                "position": 4,
                "item": {
                    "@id": "https://lckb.dev/forum/index.php?/forum/134-solved-topics/",
                    "name": "Solved Topics"
                }
            }
        ]
    },
    "commentData": [
        {
            "id": 89778,
            "timestamp": 1384024083,
            "author": {
                "id": 19074,
                "name": "Arnii",
                "image": null
            },
            "comment": "<p >Hello community, I just tried the ponychaos release with VM working fine! And then ive got an question, there is possible to install an run VM on a Windows V\u00c3\u201a\u00c2\u00a8PS? Because i got a W VPS and id like to test this EP2 with some friend and my staff... And as my own pc isnt good at all... So id like to know if its possible? i think isnt reccomanded...</p>"
        },
        {
            "id": 89787,
            "timestamp": 1384031812,
            "author": {
                "id": 17148,
                "name": "WorldOfWars",
                "image": null
            },
            "comment": "<p >You want to install a VM on a VPS? VPS is already a virtualization, so i thinks you cant :x</p>"
        },
        {
            "id": 89789,
            "timestamp": 1384032158,
            "author": {
                "id": 19074,
                "name": "Arnii",
                "image": null
            },
            "comment": "<p >Damn :/ ill seek for guide how to setup server ep2 on linux haha</p>"
        },
        {
            "id": 89814,
            "timestamp": 1384073834,
            "author": {
                "id": 3680,
                "name": "Kotetsu",
                "image": null
            },
            "comment": "\n<p >You can install VM on a VPS.</p>\n<p >But, it need Windows.</p>\n<p >Remember : a VPS is a computer. (Linux,Windows... etc)</p>\n<p > </p>\n<p >Do it like u did on your main computer.</p>\n<p >Or buy directly a linux vps.</p>\n"
        },
        {
            "id": 89827,
            "timestamp": 1384078644,
            "author": {
                "id": 19074,
                "name": "Arnii",
                "image": null
            },
            "comment": "<p >Hey,yeah i tried vm on my windows VPS but it get stuck lol -_- then i tried to change my VPS into a linux and its me were stuck cuz i dont know how use a liunx vps haha</p>"
        },
        {
            "id": 89833,
            "timestamp": 1384083439,
            "author": {
                "id": 17432,
                "name": "Nymphetamine",
                "image": null
            },
            "comment": "\n<blockquote data-ipsquote=\"\" class=\"ipsQuote\" data-ipsquote-contentcommentid=\"89827\" data-ipsquote-contentapp=\"forums\" data-ipsquote-contenttype=\"forums\" data-ipsquote-contentclass=\"forums_Topic\" data-ipsquote-contentid=\"11748\" data-ipsquote-username=\"Arnii\" data-cite=\"Arnii\" data-ipsquote-timestamp=\"1384078644\" ><div ><div ><p >Hey,yeah i tried vm on my windows VPS but it get stuck lol -_- then i tried to change my VPS into a linux and its me were stuck cuz i dont know how use a liunx vps haha</p></div></div></blockquote>\n<p >What u mean? Its so easy</p>\n<p >Whats ur problem</p>\n"
        },
        {
            "id": 89835,
            "timestamp": 1384084199,
            "author": {
                "id": 19074,
                "name": "Arnii",
                "image": null
            },
            "comment": "<p >Well, when i try my VPS turn off lol and for vps linux, when it asked me the password for log with Putty i couldnt write anything...</p>"
        },
        {
            "id": 89871,
            "timestamp": 1384167220,
            "author": {
                "id": 17148,
                "name": "WorldOfWars",
                "image": null
            },
            "comment": "<p >You write the password, but you dont see it its normal.</p>"
        },
        {
            "id": 90689,
            "timestamp": 1385335148,
            "author": {
                "id": 19074,
                "name": "Arnii",
                "image": null
            },
            "comment": "<p >It can be closed, i have solved my issue(using vps linux)</p>"
        },
        {
            "id": 90700,
            "timestamp": 1385368807,
            "author": {
                "id": 1503,
                "name": "Paramount",
                "image": null
            },
            "comment": "\n<p ><b >Hi.</b></p>\n<p >\nAs you got your answer,and your problem to solved, I am gonna move that topic to Solved section.</p>\n<p > </p>\n<p >\nThanks,</p>\n<p > </p>\n<p >\n-LCKB Staff</p>\n<p >\n</p>\n"
        }
    ]
}