{
    "meta": {
        "threadId": 11750,
        "threadName": "Recall text is missing",
        "dateCreated": "2013-11-09T22:48:15+0000",
        "datePublished": "2013-11-09T22:48:15+0000",
        "pageCount": 1,
        "originalUrl": "https://lckb.dev/forum/index.php?/topic/11750-recall-text-is-missing/",
        "authorId": 588,
        "position": [
            {
                "@type": "ListItem",
                "position": 1,
                "item": {
                    "@id": "https://lckb.dev/forum/index.php?/forum/100-guides-help-section/",
                    "name": "Guides &amp; Help Section"
                }
            },
            {
                "@type": "ListItem",
                "position": 2,
                "item": {
                    "@id": "https://lckb.dev/forum/index.php?/forum/335-help-support/",
                    "name": "Help &amp; Support"
                }
            },
            {
                "@type": "ListItem",
                "position": 3,
                "item": {
                    "@id": "https://lckb.dev/forum/index.php?/forum/120-ep2-support/",
                    "name": "Ep2 Support"
                }
            },
            {
                "@type": "ListItem",
                "position": 4,
                "item": {
                    "@id": "https://lckb.dev/forum/index.php?/forum/134-solved-topics/",
                    "name": "Solved Topics"
                }
            }
        ]
    },
    "commentData": [
        {
            "id": 89793,
            "timestamp": 1384037295,
            "author": {
                "id": 588,
                "name": "Natzn",
                "image": null
            },
            "comment": "\n<p >Hey Guys,</p>\n<p >I have the problem when i will send recall i got no text in the recall window (screenshot).</p>\n<p >I have tried to use an other string_usa.dta (from lastchaos usa) but still not working.</p>\n<p > </p>\n<p ><img alt=\"03b09-f23d4009-540f-4ff9-8199-c521f3440d\" src=\"http://grabilla.com/03b09-f23d4009-540f-4ff9-8199-c521f3440d38.png\" /></p>\n<p > </p>\n<p >Regards</p>\n<p >Natzn</p>\n"
        },
        {
            "id": 89815,
            "timestamp": 1384074132,
            "author": {
                "id": 19262,
                "name": "Triralith",
                "image": null
            },
            "comment": "<p >You are missing text in string_usa.dta You have to complete that and everything should be ok. ;)</p>"
        },
        {
            "id": 89817,
            "timestamp": 1384074499,
            "author": {
                "id": 588,
                "name": "Natzn",
                "image": null
            },
            "comment": "<p >The text is in string_usa.dta but only ingame it is missing ...</p>"
        },
        {
            "id": 89818,
            "timestamp": 1384074732,
            "author": {
                "id": 1503,
                "name": "Paramount",
                "image": null
            },
            "comment": "<p >What about try to change your Engine?</p>"
        },
        {
            "id": 89819,
            "timestamp": 1384074755,
            "author": {
                "id": 17432,
                "name": "Nymphetamine",
                "image": null
            },
            "comment": "<p >Which client are u using? And where did u take the string_usa?</p>"
        },
        {
            "id": 89820,
            "timestamp": 1384074806,
            "author": {
                "id": 588,
                "name": "Natzn",
                "image": null
            },
            "comment": "<p >Im using the original usa client with the \"patch\" from CDWriters pack v13.</p>"
        },
        {
            "id": 89823,
            "timestamp": 1384076860,
            "author": {
                "id": 588,
                "name": "Natzn",
                "image": null
            },
            "comment": "<p >I have tried now another engine but still not working :/</p>"
        },
        {
            "id": 89825,
            "timestamp": 1384078415,
            "author": {
                "id": 3680,
                "name": "Kotetsu",
                "image": null
            },
            "comment": "\n<p >Your text is maybe in String_usa but, it isnt on the correct ID of the string of your recall text.</p>\n<p >Try with string_usa with numbers and correct the empty string to a recall string :)</p>\n"
        },
        {
            "id": 89831,
            "timestamp": 1384082214,
            "author": {
                "id": 588,
                "name": "Natzn",
                "image": null
            },
            "comment": "\n<p >Ok now i have replaced all empty records with a number. Than i replaced the number, wich was in the recall window, with the recall text. And now it works :)</p>\n<p >Thanks Kotetsu and the other who want to help me :)</p>\n<p > </p>\n<p >Regards</p>\n<p >Natzn</p>\n<p > </p>\n<p >[sLOVED]</p>\n"
        },
        {
            "id": 89834,
            "timestamp": 1384083480,
            "author": {
                "id": 17432,
                "name": "Nymphetamine",
                "image": null
            },
            "comment": "<p >Closed and moved</p>"
        }
    ]
}