{
    "meta": {
        "threadId": 11758,
        "threadName": "Simple HTML/CSS template",
        "dateCreated": "2013-11-10T17:58:05+0000",
        "datePublished": "2013-11-10T17:58:05+0000",
        "pageCount": 1,
        "originalUrl": "https://lckb.dev/forum/index.php?/topic/11758-simple-htmlcss-template/",
        "authorId": 324,
        "position": [
            {
                "@type": "ListItem",
                "position": 1,
                "item": {
                    "@id": "https://lckb.dev/forum/index.php?/forum/40-website-scripting-security/",
                    "name": "Website Scripting &amp; Security"
                }
            },
            {
                "@type": "ListItem",
                "position": 2,
                "item": {
                    "@id": "https://lckb.dev/forum/index.php?/forum/368-website-releases/",
                    "name": "Website Releases"
                }
            },
            {
                "@type": "ListItem",
                "position": 3,
                "item": {
                    "@id": "https://lckb.dev/forum/index.php?/forum/306-ep2-websites/",
                    "name": "Ep2 Websites"
                }
            }
        ]
    },
    "commentData": [
        {
            "id": 89844,
            "timestamp": 1384106285,
            "author": {
                "id": 324,
                "name": "vavan",
                "image": null
            },
            "comment": "\n<p >Simple HTML/CSS LastChaos template.</p>\n<p > </p>\n<p >Screenshot:</p>\n<p > </p>\n<div class=\"ipsSpoiler\" data-ipsspoiler=\"\" >\n<div class=\"ipsSpoiler_header\" ><span ></span></div>\n<div class=\"ipsSpoiler_contents\" >\n<p > </p>\n<p ><a href=\"http://imm.io/1kkUx\" rel=\"external nofollow\" >http://imm.io/1kkUx</a></p>\n<p ><img alt=\"1kkUx.jpeg\" src=\"http://i.imm.io/1kkUx.jpeg\" /></p>\n<p > </p>\n</div>\n</div>\n<p > </p>\n<p > </p>\n<p >Virustotal: <a href=\"https://www.virustotal.com/en/file/58ef991696113221943eed45f6e7fd25aa44f1d6886fd32889ef4af948e1858c/analysis/1384105820/\" rel=\"external nofollow\" >https://www.virustotal.com/en/file/58ef991696113221943eed45f6e7fd25aa44f1d6886fd32889ef4af948e1858c/analysis/1384105820/</a></p>\n<p > </p>\n<p >Download: <a href=\"https://mega.co.nz/#!rR4HlLKa!YYAboUL1fYLKNuCye59FRkvyPNchznq9mbGcYnMzXMI\" rel=\"external nofollow\" >https://mega.co.nz/#!rR4HlLKa!YYAboUL1fYLKNuCye59FRkvyPNchznq9mbGcYnMzXMI</a></p>\n"
        },
        {
            "id": 89845,
            "timestamp": 1384108378,
            "author": {
                "id": 1503,
                "name": "Paramount",
                "image": null
            },
            "comment": "\n<p >Approved by Paramount</p>\n<p >Status: <span style=\"color:#006400;\" ><strong >Clean</strong></span></p>\n"
        },
        {
            "id": 89849,
            "timestamp": 1384113746,
            "author": {
                "id": 19262,
                "name": "Triralith",
                "image": null
            },
            "comment": "<p >The background is really awesome! It looks like one from an old times. :)</p>"
        }
    ]
}