{
    "meta": {
        "threadId": 11752,
        "threadName": "searching skill editor ep3",
        "dateCreated": "2013-11-10T01:13:13+0000",
        "datePublished": "2013-11-10T01:13:13+0000",
        "pageCount": 1,
        "originalUrl": "https://lckb.dev/forum/index.php?/topic/11752-searching-skill-editor-ep3/",
        "authorId": 7263,
        "position": [
            {
                "@type": "ListItem",
                "position": 1,
                "item": {
                    "@id": "https://lckb.dev/forum/index.php?/forum/100-guides-help-section/",
                    "name": "Guides &amp; Help Section"
                }
            },
            {
                "@type": "ListItem",
                "position": 2,
                "item": {
                    "@id": "https://lckb.dev/forum/index.php?/forum/335-help-support/",
                    "name": "Help &amp; Support"
                }
            },
            {
                "@type": "ListItem",
                "position": 3,
                "item": {
                    "@id": "https://lckb.dev/forum/index.php?/forum/120-ep2-support/",
                    "name": "Ep2 Support"
                }
            },
            {
                "@type": "ListItem",
                "position": 4,
                "item": {
                    "@id": "https://lckb.dev/forum/index.php?/forum/134-solved-topics/",
                    "name": "Solved Topics"
                }
            }
        ]
    },
    "commentData": [
        {
            "id": 89805,
            "timestamp": 1384045993,
            "author": {
                "id": 7263,
                "name": "SibaN",
                "image": null
            },
            "comment": "\n<p >hello guys</p>\n<p > </p>\n<p >im searching ep3 skill editor only view editor </p>\n<p > </p>\n<p >if somone have it please pm me</p>\n"
        },
        {
            "id": 89806,
            "timestamp": 1384049786,
            "author": {
                "id": 7263,
                "name": "SibaN",
                "image": null
            },
            "comment": "\n<p >fixed </p>\n<p > </p>\n<p >closed please</p>\n"
        },
        {
            "id": 89810,
            "timestamp": 1384072614,
            "author": {
                "id": 17432,
                "name": "Nymphetamine",
                "image": null
            },
            "comment": "<p >Closed </p>"
        }
    ]
}