{
    "meta": {
        "threadId": 11763,
        "threadName": "/echo_all",
        "dateCreated": "2013-11-11T14:52:39+0000",
        "datePublished": "2013-11-11T14:52:39+0000",
        "pageCount": 1,
        "originalUrl": "https://lckb.dev/forum/index.php?/topic/11763-echo_all/",
        "authorId": 19262,
        "position": [
            {
                "@type": "ListItem",
                "position": 1,
                "item": {
                    "@id": "https://lckb.dev/forum/index.php?/forum/100-guides-help-section/",
                    "name": "Guides &amp; Help Section"
                }
            },
            {
                "@type": "ListItem",
                "position": 2,
                "item": {
                    "@id": "https://lckb.dev/forum/index.php?/forum/335-help-support/",
                    "name": "Help &amp; Support"
                }
            },
            {
                "@type": "ListItem",
                "position": 3,
                "item": {
                    "@id": "https://lckb.dev/forum/index.php?/forum/120-ep2-support/",
                    "name": "Ep2 Support"
                }
            },
            {
                "@type": "ListItem",
                "position": 4,
                "item": {
                    "@id": "https://lckb.dev/forum/index.php?/forum/134-solved-topics/",
                    "name": "Solved Topics"
                }
            }
        ]
    },
    "commentData": [
        {
            "id": 89882,
            "timestamp": 1384181559,
            "author": {
                "id": 19262,
                "name": "Triralith",
                "image": null
            },
            "comment": "\n<p >Hey! Im wondering can I do /echo_all, where it will automatically show my message one time per hour? I remember, that Wizatek (not sure) posted somewhere command, but I dont remember where and how to use it. Would be nice if ill get an answer.</p>\n<p > </p>\n<p > </p>\n<p > </p>\n<p >Regards.</p>\n"
        },
        {
            "id": 90270,
            "timestamp": 1384682560,
            "author": {
                "id": 161,
                "name": "Koko",
                "image": null
            },
            "comment": "\n<p >Interval = minutes between each repetition</p>\n<p >How long = minutes until it ends.</p>\n"
        },
        {
            "id": 89884,
            "timestamp": 1384183504,
            "author": {
                "id": 13764,
                "name": "MrBuSta",
                "image": null
            },
            "comment": "<p >I think you mean Notice Editor.</p>"
        },
        {
            "id": 89896,
            "timestamp": 1384193390,
            "author": {
                "id": 1503,
                "name": "Paramount",
                "image": null
            },
            "comment": "\n<p >Notice editor works only with USA files. </p>\n<p >Here it is: <a href=\"http://toxic-l33t.ddns.net/forum/index.php?showtopic=7861\" rel=\"external nofollow\" >http://toxic-l33t.ddns.net/forum/index.php?showtopic=7861</a></p>\n"
        },
        {
            "id": 89922,
            "timestamp": 1384213884,
            "author": {
                "id": 16931,
                "name": "Walletman987",
                "image": null
            },
            "comment": "<p >I dont think he means that, he means so it ECHOS for a duration of time.  Notice.lod and echo are two different things.  If Im wrong, sorry.  For example, if you go on VenusLC they have echos coming every few minutes, NOT a notice.</p>"
        },
        {
            "id": 89932,
            "timestamp": 1384238822,
            "author": {
                "id": 17432,
                "name": "Nymphetamine",
                "image": null
            },
            "comment": "\n<p >Nothing that special to do.</p>\n<p >Keep a GM char logged in,and use the bot which writes each 2 mins /echo all abcd</p>\n<p >Its how LC USA was doing it.</p>\n"
        },
        {
            "id": 89940,
            "timestamp": 1384262808,
            "author": {
                "id": 19262,
                "name": "Triralith",
                "image": null
            },
            "comment": "\n<p ><p >I mean echo, not notice. I know how to use notice editor...</p></p>\n<p ><p > </p></p>\n<p ><p >Vin, i dont wanna use bots... ;s I know its possible to do it (w/o bots) , but im wondering how...</p></p>\n\n\n\t\t\t\n\t\t\t\t\n\n<span class=\"ipsType_reset ipsType_medium ipsType_light\" data-excludequote=\"None\" >\n\t<strong >Edited <time datetime=\"2013-11-12T13:27:08Z\" title=\"11/12/2013 01:27  PM\" data-short=\"7 yr\" >November 12, 2013</time> by Triralith</strong>\n\t\n\t\n</span>\n\t\t\t\n\t\t</div>"
        },
        {
            "id": 89967,
            "timestamp": 1384294773,
            "author": {
                "id": 16931,
                "name": "Walletman987",
                "image": null
            },
            "comment": "<p >I think youre wrong Nymph, there is a command that goes something like echo system or something like that.  Ill look in the game server and tell you what I see.</p>"
        },
        {
            "id": 89969,
            "timestamp": 1384298011,
            "author": {
                "id": 7263,
                "name": "SibaN",
                "image": null
            },
            "comment": "\n<p >yes gs have that command sorry i forget it</p>\n<p > </p>\n<p >last 3 or 4 month wizatek posted it only in shout box</p>\n"
        },
        {
            "id": 89998,
            "timestamp": 1384356524,
            "author": {
                "id": 19262,
                "name": "Triralith",
                "image": null
            },
            "comment": "<p >Yeah, seems Im right. Waiting for that :D</p>"
        },
        {
            "id": 90016,
            "timestamp": 1384374044,
            "author": {
                "id": 17432,
                "name": "Nymphetamine",
                "image": null
            },
            "comment": "\n<blockquote data-ipsquote=\"\" class=\"ipsQuote\" data-ipsquote-contentcommentid=\"89967\" data-ipsquote-contentapp=\"forums\" data-ipsquote-contenttype=\"forums\" data-ipsquote-contentclass=\"forums_Topic\" data-ipsquote-contentid=\"11763\" data-ipsquote-username=\"Walletman987\" data-cite=\"Walletman987\" data-ipsquote-timestamp=\"1384294773\" ><div ><div ><p >I think youre wrong Nymph, there is a command that goes something like echo system or something like that.  Ill look in the game server and tell you what I see.</p></div></div></blockquote>\n<p >Its not be wrong or not.</p>\n<p >Its a way for do this.</p>\n<p >But ofcourse there is either a command</p>\n<p > </p>\n<p >Gonna look in Wizateks shoutbox posts so i can give you that code.</p>\n<p >EDIT:Nothing about that found</p>\n"
        },
        {
            "id": 90139,
            "timestamp": 1384602197,
            "author": {
                "id": 17858,
                "name": "Canton",
                "image": null
            },
            "comment": "\n<p >Just use</p>\n<p > </p>\n<p ></p>\n<pre class=\"ipsCode prettyprint\" >/echo all until <your message=\"None\" > <interval > <how long=\"None\" >\n</how></interval></your></pre>Im not sure whether interval come\u00c3\u201a\u00c2\u00b4s first and then the length or the length first ...try it out ;)\n\n\t\t\t\n\t\t\t\t\n\n<span class=\"ipsType_reset ipsType_medium ipsType_light\" data-excludequote=\"None\" >\n\t<strong >Edited <time datetime=\"2013-11-16T11:46:30Z\" title=\"11/16/2013 11:46  AM\" data-short=\"7 yr\" >November 16, 2013</time> by Canton</strong>\n\t\n\t\n</span>\n\t\t\t\n\t\t</div>"
        },
        {
            "id": 90221,
            "timestamp": 1384634788,
            "author": {
                "id": 19262,
                "name": "Triralith",
                "image": null
            },
            "comment": "\n<blockquote data-ipsquote=\"\" class=\"ipsQuote\" data-ipsquote-contentcommentid=\"90139\" data-ipsquote-contentapp=\"forums\" data-ipsquote-contenttype=\"forums\" data-ipsquote-contentclass=\"forums_Topic\" data-ipsquote-contentid=\"11763\" data-ipsquote-username=\"Canton\" data-cite=\"Canton\" data-ipsquote-timestamp=\"1384602197\" ><div ><div >\n<p >Just use</p>\n<p > </p>\n<pre class=\"ipsCode prettyprint\" >/echo all until <your message=\"None\" > <interval > <how long=\"None\" >\n</how></interval></your></pre>Im not sure whether interval come\u00c3\u201a\u00c2\u00b4s first and then the length or the length first ...try it out ;)<p > </p>\n</div></div></blockquote>\n<p >Yeah, thats it, but i would like to get info how to set time as i want. :p</p>\n"
        },
        {
            "id": 90280,
            "timestamp": 1384693033,
            "author": {
                "id": 19262,
                "name": "Triralith",
                "image": null
            },
            "comment": "<p >Thanks a lot. Thread solved.</p>"
        }
    ]
}