{
    "meta": {
        "threadId": 11765,
        "threadName": "Changing the rates",
        "dateCreated": "2013-11-11T15:59:30+0000",
        "datePublished": "2013-11-11T15:59:30+0000",
        "pageCount": 1,
        "originalUrl": "https://lckb.dev/forum/index.php?/topic/11765-changing-the-rates/",
        "authorId": 17519,
        "position": [
            {
                "@type": "ListItem",
                "position": 1,
                "item": {
                    "@id": "https://lckb.dev/forum/index.php?/forum/100-guides-help-section/",
                    "name": "Guides &amp; Help Section"
                }
            },
            {
                "@type": "ListItem",
                "position": 2,
                "item": {
                    "@id": "https://lckb.dev/forum/index.php?/forum/335-help-support/",
                    "name": "Help &amp; Support"
                }
            },
            {
                "@type": "ListItem",
                "position": 3,
                "item": {
                    "@id": "https://lckb.dev/forum/index.php?/forum/120-ep2-support/",
                    "name": "Ep2 Support"
                }
            },
            {
                "@type": "ListItem",
                "position": 4,
                "item": {
                    "@id": "https://lckb.dev/forum/index.php?/forum/134-solved-topics/",
                    "name": "Solved Topics"
                }
            }
        ]
    },
    "commentData": [
        {
            "id": 89886,
            "timestamp": 1384185570,
            "author": {
                "id": 17519,
                "name": "lukaslt",
                "image": null
            },
            "comment": "\n<p >Hey community,</p>\n<p > </p>\n<p >It might sound stupid but i havent worked on rates till now, Im kinda confused, the offset editor got codes instead of number e.g. 100 and such, my question would be how are you changing the rates ? e.g exp, sp, and such</p>\n"
        },
        {
            "id": 89887,
            "timestamp": 1384186218,
            "author": {
                "id": 13764,
                "name": "MrBuSta",
                "image": null
            },
            "comment": "\n<p >Open in navicat newproject_data click on it and run Console and press this:</p>\n<p >EXP:</p>\n<p ><span >UPDATE t_npc SET a_exp </span><span style=\"color:rgb(102,102,0);\" >=</span><span > a_exp </span><span style=\"color:rgb(102,102,0);\" >*</span><span > </span><span style=\"color:rgb(0,102,102);\" >1</span><span style=\"color:rgb(102,102,0);\" >;</span></p>\n<p ><span style=\"color:rgb(40,40,40);font-family:verdana, arial, tahoma, sans-serif;font-size:12px;background-color:rgb(247,247,247);\" >Replace </span><strong >1</strong><span style=\"color:rgb(40,40,40);font-family:verdana, arial, tahoma, sans-serif;font-size:12px;background-color:rgb(247,247,247);\" > with the Rate that you would have. (thanks Gothic) (newproject_data)</span></p>\n<p >SP:</p>\n<p ><span >UPDATE t_npc SET a_skill_point </span><span style=\"color:rgb(102,102,0);\" >=</span><span > a_skill_point </span><span style=\"color:rgb(102,102,0);\" >*</span><span > </span><span style=\"color:rgb(0,102,102);\" >1</span><span style=\"color:rgb(102,102,0);\" >;</span></p>\n<p ><span style=\"color:rgb(40,40,40);font-family:verdana, arial, tahoma, sans-serif;font-size:12px;background-color:rgb(247,247,247);\" >Replace </span><strong >1</strong><span style=\"color:rgb(40,40,40);font-family:verdana, arial, tahoma, sans-serif;font-size:12px;background-color:rgb(247,247,247);\" > with the Rate that you would have. (thanks Gothic) (newproject_data)</span></p>\n<p >Gold:</p>\n<p ><span >UPDATE t_npc SET a_prize </span><span style=\"color:rgb(102,102,0);\" >=</span><span > a_prize </span><span style=\"color:rgb(102,102,0);\" >*</span><span > </span><span style=\"color:rgb(0,102,102);\" >1</span><span style=\"color:rgb(102,102,0);\" >;</span></p>\n<p ><span style=\"color:rgb(40,40,40);font-family:verdana, arial, tahoma, sans-serif;font-size:12px;background-color:rgb(247,247,247);\" >Replace </span><strong >1</strong><span style=\"color:rgb(40,40,40);font-family:verdana, arial, tahoma, sans-serif;font-size:12px;background-color:rgb(247,247,247);\" > with the Rate that you would have. (thanks Gothic) (newproject_data)</span></p>\n<p >Item Drop Rate:</p>\n<p ><span >UPDATE t_npc SET a_item_percent_0 </span><span style=\"color:rgb(102,102,0);\" >=</span><span > a_item_percent_0 </span><span style=\"color:rgb(102,102,0);\" >*</span><span > </span><span style=\"color:rgb(0,102,102);\" >1</span><span style=\"color:rgb(102,102,0);\" >;</span></p>\n<p ><span >UPDATE t_npc SET a_item_percent_1 </span><span style=\"color:rgb(102,102,0);\" >=</span><span > a_item_percent_1 </span><span style=\"color:rgb(102,102,0);\" >*</span><span > </span><span style=\"color:rgb(0,102,102);\" >1</span><span style=\"color:rgb(102,102,0);\" >;</span><br /><span >UPDATE t_npc SET a_item_percent_2 </span><span style=\"color:rgb(102,102,0);\" >=</span><span > a_item_percent_2 </span><span style=\"color:rgb(102,102,0);\" >*</span><span > </span><span style=\"color:rgb(0,102,102);\" >1</span><span style=\"color:rgb(102,102,0);\" >;</span><br /><span >UPDATE t_npc SET a_item_percent_3 </span><span style=\"color:rgb(102,102,0);\" >=</span><span > a_item_percent_3 </span><span style=\"color:rgb(102,102,0);\" >*</span><span > </span><span style=\"color:rgb(0,102,102);\" >1</span><span style=\"color:rgb(102,102,0);\" >;</span><br /><span >UPDATE t_npc SET a_item_percent_4 </span><span style=\"color:rgb(102,102,0);\" >=</span><span > a_item_percent_4 </span><span style=\"color:rgb(102,102,0);\" >*</span><span > </span><span style=\"color:rgb(0,102,102);\" >1</span><span style=\"color:rgb(102,102,0);\" >;</span><br /><span >UPDATE t_npc SET a_item_percent_5 </span><span style=\"color:rgb(102,102,0);\" >=</span><span > a_item_percent_5 </span><span style=\"color:rgb(102,102,0);\" >*</span><span > </span><span style=\"color:rgb(0,102,102);\" >1</span><span style=\"color:rgb(102,102,0);\" >;</span><br /><span >UPDATE t_npc SET a_item_percent_6 </span><span style=\"color:rgb(102,102,0);\" >=</span><span > a_item_percent_6 </span><span style=\"color:rgb(102,102,0);\" >*</span><span > </span><span style=\"color:rgb(0,102,102);\" >1</span><span style=\"color:rgb(102,102,0);\" >;</span><br /><span >UPDATE t_npc SET a_item_percent_7 </span><span style=\"color:rgb(102,102,0);\" >=</span><span > a_item_percent_7 </span><span style=\"color:rgb(102,102,0);\" >*</span><span > </span><span style=\"color:rgb(0,102,102);\" >1</span><span style=\"color:rgb(102,102,0);\" >;</span><br /><span >UPDATE t_npc SET a_item_percent_8 </span><span style=\"color:rgb(102,102,0);\" >=</span><span > a_item_percent_8 </span><span style=\"color:rgb(102,102,0);\" >*</span><span > </span><span style=\"color:rgb(0,102,102);\" >1</span><span style=\"color:rgb(102,102,0);\" >;</span><br /><span >UPDATE t_npc SET a_item_percent_9 </span><span style=\"color:rgb(102,102,0);\" >=</span><span > a_item_percent_9 </span><span style=\"color:rgb(102,102,0);\" >*</span><span > </span><span style=\"color:rgb(0,102,102);\" >1</span><span style=\"color:rgb(102,102,0);\" >;</span><br /><span >UPDATE t_npc SET a_item_percent_10 </span><span style=\"color:rgb(102,102,0);\" >=</span><span > a_item_percent_10 </span><span style=\"color:rgb(102,102,0);\" >*</span><span > </span><span style=\"color:rgb(0,102,102);\" >1</span><span style=\"color:rgb(102,102,0);\" >;</span><br /><span >UPDATE t_npc SET a_item_percent_11 </span><span style=\"color:rgb(102,102,0);\" >=</span><span > a_item_percent_11 </span><span style=\"color:rgb(102,102,0);\" >*</span><span > </span><span style=\"color:rgb(0,102,102);\" >1</span><span style=\"color:rgb(102,102,0);\" >;</span><br /><span >UPDATE t_npc SET a_item_percent_12 </span><span style=\"color:rgb(102,102,0);\" >=</span><span > a_item_percent_12 </span><span style=\"color:rgb(102,102,0);\" >*</span><span > </span><span style=\"color:rgb(0,102,102);\" >1</span><span style=\"color:rgb(102,102,0);\" >;</span><br /><span >UPDATE t_npc SET a_item_percent_13 </span><span style=\"color:rgb(102,102,0);\" >=</span><span > a_item_percent_13 </span><span style=\"color:rgb(102,102,0);\" >*</span><span > </span><span style=\"color:rgb(0,102,102);\" >1</span><span style=\"color:rgb(102,102,0);\" >;</span><br /><span >UPDATE t_npc SET a_item_percent_14 </span><span style=\"color:rgb(102,102,0);\" >=</span><span > a_item_percent_14 </span><span style=\"color:rgb(102,102,0);\" >*</span><span > </span><span style=\"color:rgb(0,102,102);\" >1</span><span style=\"color:rgb(102,102,0);\" >;</span><br /><span >UPDATE t_npc SET a_item_percent_15 </span><span style=\"color:rgb(102,102,0);\" >=</span><span > a_item_percent_15 </span><span style=\"color:rgb(102,102,0);\" >*</span><span > </span><span style=\"color:rgb(0,102,102);\" >1</span><br /><span >UPDATE t_npc SET a_item_percent_16 </span><span style=\"color:rgb(102,102,0);\" >=</span><span > a_item_percent_16 </span><span style=\"color:rgb(102,102,0);\" >*</span><span > </span><span style=\"color:rgb(0,102,102);\" >1</span><span style=\"color:rgb(102,102,0);\" >;</span><br /><span >UPDATE t_npc SET a_item_percent_17 </span><span style=\"color:rgb(102,102,0);\" >=</span><span > a_item_percent_17 </span><span style=\"color:rgb(102,102,0);\" >*</span><span > </span><span style=\"color:rgb(0,102,102);\" >1</span><span style=\"color:rgb(102,102,0);\" >;</span><br /><span >UPDATE t_npc SET a_item_percent_18 </span><span style=\"color:rgb(102,102,0);\" >=</span><span > a_item_percent_18 </span><span style=\"color:rgb(102,102,0);\" >*</span><span > </span><span style=\"color:rgb(0,102,102);\" >1</span><span style=\"color:rgb(102,102,0);\" >;</span><br /><span >UPDATE t_npc SET a_item_percent_19 </span><span style=\"color:rgb(102,102,0);\" >=</span><span > a_item_percent_19 </span><span style=\"color:rgb(102,102,0);\" >*</span><span > </span><span style=\"color:rgb(0,102,102);\" >1</span><span style=\"color:rgb(102,102,0);\" >;</span></p>\n<p ><span style=\"color:rgb(40,40,40);font-family:verdana, arial, tahoma, sans-serif;font-size:12px;background-color:rgb(247,247,247);\" >Replace </span><strong >1</strong><span style=\"color:rgb(40,40,40);font-family:verdana, arial, tahoma, sans-serif;font-size:12px;background-color:rgb(247,247,247);\" > with the Rate that you would have. (thanks Gothic) (newproject_data)</span></p>\n"
        },
        {
            "id": 89902,
            "timestamp": 1384197320,
            "author": {
                "id": 17519,
                "name": "lukaslt",
                "image": null
            },
            "comment": "\n<blockquote data-ipsquote=\"\" class=\"ipsQuote\" data-ipsquote-contentcommentid=\"89887\" data-ipsquote-contentapp=\"forums\" data-ipsquote-contenttype=\"forums\" data-ipsquote-contentclass=\"forums_Topic\" data-ipsquote-contentid=\"11765\" data-ipsquote-username=\"Adam1998i\" data-cite=\"Adam1998i\" data-ipsquote-timestamp=\"1384186218\" ><div ><div >\n<p >Open in navicat newproject_data click on it and run Console and press this:</p>\n<p >EXP:</p>\n<p ><span >UPDATE t_npc SET a_exp </span><span style=\"color:rgb(102,102,0);\" >=</span><span > a_exp </span><span style=\"color:rgb(102,102,0);\" >*</span><span > </span><span style=\"color:rgb(0,102,102);\" >1</span><span style=\"color:rgb(102,102,0);\" >;</span></p>\n<p ><span style=\"color:rgb(40,40,40);font-family:verdana, arial, tahoma, sans-serif;font-size:12px;background-color:rgb(247,247,247);\" >Replace </span><strong >1</strong><span style=\"color:rgb(40,40,40);font-family:verdana, arial, tahoma, sans-serif;font-size:12px;background-color:rgb(247,247,247);\" > with the Rate that you would have. (thanks Gothic) (newproject_data)</span></p>\n<p >SP:</p>\n<p ><span >UPDATE t_npc SET a_skill_point </span><span style=\"color:rgb(102,102,0);\" >=</span><span > a_skill_point </span><span style=\"color:rgb(102,102,0);\" >*</span><span > </span><span style=\"color:rgb(0,102,102);\" >1</span><span style=\"color:rgb(102,102,0);\" >;</span></p>\n<p ><span style=\"color:rgb(40,40,40);font-family:verdana, arial, tahoma, sans-serif;font-size:12px;background-color:rgb(247,247,247);\" >Replace </span><strong >1</strong><span style=\"color:rgb(40,40,40);font-family:verdana, arial, tahoma, sans-serif;font-size:12px;background-color:rgb(247,247,247);\" > with the Rate that you would have. (thanks Gothic) (newproject_data)</span></p>\n<p >Gold:</p>\n<p ><span >UPDATE t_npc SET a_prize </span><span style=\"color:rgb(102,102,0);\" >=</span><span > a_prize </span><span style=\"color:rgb(102,102,0);\" >*</span><span > </span><span style=\"color:rgb(0,102,102);\" >1</span><span style=\"color:rgb(102,102,0);\" >;</span></p>\n<p ><span style=\"color:rgb(40,40,40);font-family:verdana, arial, tahoma, sans-serif;font-size:12px;background-color:rgb(247,247,247);\" >Replace </span><strong >1</strong><span style=\"color:rgb(40,40,40);font-family:verdana, arial, tahoma, sans-serif;font-size:12px;background-color:rgb(247,247,247);\" > with the Rate that you would have. (thanks Gothic) (newproject_data)</span></p>\n<p >Item Drop Rate:</p>\n<p ><span >UPDATE t_npc SET a_item_percent_0 </span><span style=\"color:rgb(102,102,0);\" >=</span><span > a_item_percent_0 </span><span style=\"color:rgb(102,102,0);\" >*</span><span > </span><span style=\"color:rgb(0,102,102);\" >1</span><span style=\"color:rgb(102,102,0);\" >;</span></p>\n<p ><span >UPDATE t_npc SET a_item_percent_1 </span><span style=\"color:rgb(102,102,0);\" >=</span><span > a_item_percent_1 </span><span style=\"color:rgb(102,102,0);\" >*</span><span > </span><span style=\"color:rgb(0,102,102);\" >1</span><span style=\"color:rgb(102,102,0);\" >;</span></p>\n<p ><span >UPDATE t_npc SET a_item_percent_2 </span><span style=\"color:rgb(102,102,0);\" >=</span><span > a_item_percent_2 </span><span style=\"color:rgb(102,102,0);\" >*</span><span > </span><span style=\"color:rgb(0,102,102);\" >1</span><span style=\"color:rgb(102,102,0);\" >;</span></p>\n<p ><span >UPDATE t_npc SET a_item_percent_3 </span><span style=\"color:rgb(102,102,0);\" >=</span><span > a_item_percent_3 </span><span style=\"color:rgb(102,102,0);\" >*</span><span > </span><span style=\"color:rgb(0,102,102);\" >1</span><span style=\"color:rgb(102,102,0);\" >;</span></p>\n<p ><span >UPDATE t_npc SET a_item_percent_4 </span><span style=\"color:rgb(102,102,0);\" >=</span><span > a_item_percent_4 </span><span style=\"color:rgb(102,102,0);\" >*</span><span > </span><span style=\"color:rgb(0,102,102);\" >1</span><span style=\"color:rgb(102,102,0);\" >;</span></p>\n<p ><span >UPDATE t_npc SET a_item_percent_5 </span><span style=\"color:rgb(102,102,0);\" >=</span><span > a_item_percent_5 </span><span style=\"color:rgb(102,102,0);\" >*</span><span > </span><span style=\"color:rgb(0,102,102);\" >1</span><span style=\"color:rgb(102,102,0);\" >;</span></p>\n<p ><span >UPDATE t_npc SET a_item_percent_6 </span><span style=\"color:rgb(102,102,0);\" >=</span><span > a_item_percent_6 </span><span style=\"color:rgb(102,102,0);\" >*</span><span > </span><span style=\"color:rgb(0,102,102);\" >1</span><span style=\"color:rgb(102,102,0);\" >;</span></p>\n<p ><span >UPDATE t_npc SET a_item_percent_7 </span><span style=\"color:rgb(102,102,0);\" >=</span><span > a_item_percent_7 </span><span style=\"color:rgb(102,102,0);\" >*</span><span > </span><span style=\"color:rgb(0,102,102);\" >1</span><span style=\"color:rgb(102,102,0);\" >;</span></p>\n<p ><span >UPDATE t_npc SET a_item_percent_8 </span><span style=\"color:rgb(102,102,0);\" >=</span><span > a_item_percent_8 </span><span style=\"color:rgb(102,102,0);\" >*</span><span > </span><span style=\"color:rgb(0,102,102);\" >1</span><span style=\"color:rgb(102,102,0);\" >;</span></p>\n<p ><span >UPDATE t_npc SET a_item_percent_9 </span><span style=\"color:rgb(102,102,0);\" >=</span><span > a_item_percent_9 </span><span style=\"color:rgb(102,102,0);\" >*</span><span > </span><span style=\"color:rgb(0,102,102);\" >1</span><span style=\"color:rgb(102,102,0);\" >;</span></p>\n<p ><span >UPDATE t_npc SET a_item_percent_10 </span><span style=\"color:rgb(102,102,0);\" >=</span><span > a_item_percent_10 </span><span style=\"color:rgb(102,102,0);\" >*</span><span > </span><span style=\"color:rgb(0,102,102);\" >1</span><span style=\"color:rgb(102,102,0);\" >;</span></p>\n<p ><span >UPDATE t_npc SET a_item_percent_11 </span><span style=\"color:rgb(102,102,0);\" >=</span><span > a_item_percent_11 </span><span style=\"color:rgb(102,102,0);\" >*</span><span > </span><span style=\"color:rgb(0,102,102);\" >1</span><span style=\"color:rgb(102,102,0);\" >;</span></p>\n<p ><span >UPDATE t_npc SET a_item_percent_12 </span><span style=\"color:rgb(102,102,0);\" >=</span><span > a_item_percent_12 </span><span style=\"color:rgb(102,102,0);\" >*</span><span > </span><span style=\"color:rgb(0,102,102);\" >1</span><span style=\"color:rgb(102,102,0);\" >;</span></p>\n<p ><span >UPDATE t_npc SET a_item_percent_13 </span><span style=\"color:rgb(102,102,0);\" >=</span><span > a_item_percent_13 </span><span style=\"color:rgb(102,102,0);\" >*</span><span > </span><span style=\"color:rgb(0,102,102);\" >1</span><span style=\"color:rgb(102,102,0);\" >;</span></p>\n<p ><span >UPDATE t_npc SET a_item_percent_14 </span><span style=\"color:rgb(102,102,0);\" >=</span><span > a_item_percent_14 </span><span style=\"color:rgb(102,102,0);\" >*</span><span > </span><span style=\"color:rgb(0,102,102);\" >1</span><span style=\"color:rgb(102,102,0);\" >;</span></p>\n<p ><span >UPDATE t_npc SET a_item_percent_15 </span><span style=\"color:rgb(102,102,0);\" >=</span><span > a_item_percent_15 </span><span style=\"color:rgb(102,102,0);\" >*</span><span > </span><span style=\"color:rgb(0,102,102);\" >1</span></p>\n<p ><span >UPDATE t_npc SET a_item_percent_16 </span><span style=\"color:rgb(102,102,0);\" >=</span><span > a_item_percent_16 </span><span style=\"color:rgb(102,102,0);\" >*</span><span > </span><span style=\"color:rgb(0,102,102);\" >1</span><span style=\"color:rgb(102,102,0);\" >;</span></p>\n<p ><span >UPDATE t_npc SET a_item_percent_17 </span><span style=\"color:rgb(102,102,0);\" >=</span><span > a_item_percent_17 </span><span style=\"color:rgb(102,102,0);\" >*</span><span > </span><span style=\"color:rgb(0,102,102);\" >1</span><span style=\"color:rgb(102,102,0);\" >;</span></p>\n<p ><span >UPDATE t_npc SET a_item_percent_18 </span><span style=\"color:rgb(102,102,0);\" >=</span><span > a_item_percent_18 </span><span style=\"color:rgb(102,102,0);\" >*</span><span > </span><span style=\"color:rgb(0,102,102);\" >1</span><span style=\"color:rgb(102,102,0);\" >;</span></p>\n<p ><span >UPDATE t_npc SET a_item_percent_19 </span><span style=\"color:rgb(102,102,0);\" >=</span><span > a_item_percent_19 </span><span style=\"color:rgb(102,102,0);\" >*</span><span > </span><span style=\"color:rgb(0,102,102);\" >1</span><span style=\"color:rgb(102,102,0);\" >;</span></p>\n<p ><span style=\"color:rgb(40,40,40);font-family:verdana, arial, tahoma, sans-serif;font-size:12px;background-color:rgb(247,247,247);\" >Replace </span><strong >1</strong><span style=\"color:rgb(40,40,40);font-family:verdana, arial, tahoma, sans-serif;font-size:12px;background-color:rgb(247,247,247);\" > with the Rate that you would have. (thanks Gothic) (newproject_data)</span></p>\n</div></div></blockquote>\n<p > </p>\n<p >isnt there anything like rate changer for ep1 ;/?</p>\n"
        },
        {
            "id": 89904,
            "timestamp": 1384198633,
            "author": {
                "id": 1503,
                "name": "Paramount",
                "image": null
            },
            "comment": "\n<p >You are in EP2 section right now.</p>\n<p >But anyway, its the same how to change the rates in EP1 or EP2.</p>\n"
        }
    ]
}