{
    "meta": {
        "threadId": 10013,
        "threadName": "Lusttrum fix",
        "dateCreated": "2013-06-16T09:44:11+0000",
        "datePublished": "2013-06-16T09:44:11+0000",
        "pageCount": 1,
        "originalUrl": "https://lckb.dev/forum/index.php?/topic/10013-lusttrum-fix/",
        "authorId": 16983,
        "position": [
            {
                "@type": "ListItem",
                "position": 1,
                "item": {
                    "@id": "https://lckb.dev/forum/index.php?/forum/100-guides-help-section/",
                    "name": "Guides &amp; Help Section"
                }
            },
            {
                "@type": "ListItem",
                "position": 2,
                "item": {
                    "@id": "https://lckb.dev/forum/index.php?/forum/332-tutorials-guides/",
                    "name": "Tutorials &amp; Guides"
                }
            },
            {
                "@type": "ListItem",
                "position": 3,
                "item": {
                    "@id": "https://lckb.dev/forum/index.php?/forum/45-ep1-guides/",
                    "name": "Ep1 Guides"
                }
            }
        ]
    },
    "commentData": [
        {
            "id": 75050,
            "timestamp": 1371375851,
            "author": {
                "id": 16983,
                "name": "Jaiz",
                "image": null
            },
            "comment": "\n<p >Code for DB</p>\n<pre class=\"ipsCode prettyprint\" >INSERT INTO `t_zonedata` VALUES (17, Lust Trum 1F-7F, 605, 624, 1,  data/LustTrum/Egeha_dungeon1to7_605_624_0.sat,  data/LustTrum/Egeha_dungeon1to7_605_624_0.[CeNsOrEd], 1, 0, 2,  0 0,  540 504,  150 192,  542 504,  152 192, enabled, 1, 1, 0, , , , , , null, );\nINSERT INTO `t_zonedata` VALUES (18, Lust Trum 8F, 384, 384, 1,  data/LustTrum/Egeha_dungeon8F_384_384_0.sat,  data/LustTrum/Egeha_dungeon8F_384_384_0.[CeNsOrEd], 1, 0, 2,  0 0,  137 0,  204 0,  138 0,  205 0, enabled, 1, 1, 0, null, null, null, null, null, null, null);\nINSERT INTO `t_zonedata` VALUES (19, Seelenturm 9F, 384, 384, 1,  data/LustTrum/Egeha_dungeon9F_384_384_0.sat,  data/LustTrum/Egeha_dungeon9F_384_384_0.[CeNsOrEd], 1, 0, 2,  0 0,  62 0,  308 0,  63 0,  309 0, enabled, 1, 1, 0, null, null, null, null, null, null, null);\nINSERT INTO `t_zonedata` VALUES (20, Lust Trum 10F, 448, 448, 1,  data/Egeha_dungeon_10F_Top.sat,  data/Egeha_dungeon_10F_Top.[CeNsOrEd], 1, 0, 1,  0,  260,  313,  261,  314, enabled, 1, 1, 0, null, null, null, null, null, null, null);\n</pre>\n<p >For GameServer (config = newStomb.bin</p>\n<pre class=\"ipsCode prettyprint\" >[Zone_17]\nNo=19\nRemote=FALSE\n\n[Zone_18]\nNo=20\nRemote=FALSE\n\n[Zone_19]\nNo=21\nRemote=FALSE\n\n[Zone_20]\nNo=22\nRemote=FALSE\n</pre>\n<p >like if i helped you!</p>\n"
        }
    ]
}