{
    "meta": {
        "threadId": 10014,
        "threadName": "c# Loading mysql config",
        "dateCreated": "2013-06-16T09:55:21+0000",
        "datePublished": "2013-06-16T09:55:21+0000",
        "pageCount": 1,
        "originalUrl": "https://lckb.dev/forum/index.php?/topic/10014-c-loading-mysql-config/",
        "authorId": 16983,
        "position": [
            {
                "@type": "ListItem",
                "position": 1,
                "item": {
                    "@id": "https://lckb.dev/forum/index.php?/forum/272-programmers-gateway/",
                    "name": "Programmers Gateway"
                }
            },
            {
                "@type": "ListItem",
                "position": 2,
                "item": {
                    "@id": "https://lckb.dev/forum/index.php?/forum/79-coders-talk/",
                    "name": "Coders Talk"
                }
            }
        ]
    },
    "commentData": [
        {
            "id": 75055,
            "timestamp": 1371376521,
            "author": {
                "id": 16983,
                "name": "Jaiz",
                "image": null
            },
            "comment": "\n<p >I coded a test tool mysql config tool. I can save my config but not load? Somebody can help me? </p>\n<pre class=\"ipsCode prettyprint\" >  try\n            {\n                System.IO.TextReader textreader1 = new System.IO.StreamReader(\"Jaiz.set\");\n\n\n             \n                textreader1.Close();\n                this.statuslbl.ForeColor = Color.Green;\n                statuslbl.Text = \"Reading MySQL Config file Succesfull!\";\n\n\n            }\n            catch\n            {\n\n                this.statuslbl.ForeColor = Color.Red;\n                statuslbl.Text = \"Reading MySQL Config file failed!\";\n            }\n</pre>\n<p >what i have to write next? </p>\n<p >maybe that? </p>\n<pre class=\"ipsCode prettyprint\" >textreader1.ReadLine(textBox_host.Text);\n</pre>\n<p >but seem to not work. I hope somebody can help me</p>\n"
        },
        {
            "id": 75168,
            "timestamp": 1371409299,
            "author": {
                "id": 17544,
                "name": "Phantom",
                "image": null
            },
            "comment": "\n<p >if you want to use config files like .ini format</p>\n<pre class=\"ipsCode prettyprint\" >[Area]\nEntry=Data\nEntry2=Data2\n[Area2]\nEntry=Data\nEntry2=Data\n</pre>\n<p >this C# class will be helpful. the documentation is in german but it is still a realy helpful class</p>\n<p ><a href=\"http://ul.to/rjlj63pw\" rel=\"external nofollow\" >http://ul.to/rjlj63pw</a></p>\n<p > </p>\n<p >Greets</p>\n"
        },
        {
            "id": 78089,
            "timestamp": 1372528569,
            "author": {
                "id": 919,
                "name": "someone",
                "image": null
            },
            "comment": "\n<p >If you want to read/write ini files windows comes with build in functions (in what Phantom wrote)</p>\n<pre class=\"ipsCode prettyprint\" >WritePrivateProfileString\nGetPrivateProfileString</pre>\n<p >For .net this link will help implement those functions in a .net application</p>\n<p ><a href=\"http://www.pinvoke.net/default.aspx/kernel32/GetPrivateProfileString.html\" rel=\"external nofollow\" >http://www.pinvoke.net/default.aspx/kernel32/GetPrivateProfileString.html</a></p>\n<p ><a href=\"http://www.pinvoke.net/default.aspx/kernel32/WritePrivateProfileString.html\" rel=\"external nofollow\" >http://www.pinvoke.net/default.aspx/kernel32/WritePrivateProfileString.html</a></p>\n<p > </p>\n<p >If you want a simple config file, its simple to implement in few steps:</p>\n<p >1) First read the file line by line:</p>\n<p >2) Ignore lines that start with #</p>\n<p >3) Split the lines  by = into key and value</p>\n<p >4) Trim the key by all spaces ( optional for value)</p>\n<p >5) Store the value in a dictionary(or a list, but a dictionary has a lot options)</p>\n<pre class=\"ipsCode prettyprint\" >Dictionary<string, string=\"None\" > config = new Dictionary<string, string=\"None\" >();\n \nprivate void Load(string filename)\n{\n\t//1) First read the file line by line:\n\tSystem.IO.StreamReader sr = new System.IO.StreamReader(filename);\n\tstring line= \"\";\n\twhile ((line = sr.ReadLine()) != null)\n\t\t{\n\t\t//2) Ignore lines that start with #\n\t\tif (line[0] == #) continue;\n\t\t\t\t\t\n\t\t//3) Split the lines  by = into key and value\n\t\tstring[] blocks = line.Split(=);\n\t\tif (blocks.Length > 1)\n\t\t{\n\t\t\t//4) Trim the key by all spaces ( optional for value)\n\t\t\tblocks[0] = blocks[0].Trim();\n\t\t\t//5) Store the value in a dictionary(or a list, but a dictionary has a lot options)\n\t\t\tconfig.Add(blocks[0], blocks[1]);\n\t\t}\n\t}\n\tsr.Close();\n}\n</string,></string,></pre>\n<p >Config file is this:</p>\n<pre class=\"ipsCode prettyprint\" >#ignore\nx=1\ny=2</pre>\n<p >Using it would be:</p>\n<pre class=\"ipsCode prettyprint\" >Load(\"File.cfg\")\nstring myValue = config[\"x\"];\n</pre>\n\n\n\t\t\t\n\t\t\t\t\n\n<span class=\"ipsType_reset ipsType_medium ipsType_light\" data-excludequote=\"None\" >\n\t<strong >Edited <time datetime=\"2013-06-29T18:00:40Z\" title=\"06/29/2013 06:00  PM\" data-short=\"7 yr\" >June 29, 2013</time> by someone</strong>\n\t\n\t\n</span>\n\t\t\t\n\t\t</div>"
        },
        {
            "id": 98035,
            "timestamp": 1393353627,
            "author": {
                "id": 19824,
                "name": "xNiceEinz.",
                "image": null
            },
            "comment": "\n<blockquote data-ipsquote=\"\" class=\"ipsQuote\" data-ipsquote-contentcommentid=\"78089\" data-ipsquote-contentapp=\"forums\" data-ipsquote-contenttype=\"forums\" data-ipsquote-contentclass=\"forums_Topic\" data-ipsquote-contentid=\"10014\" data-ipsquote-username=\"someone\" data-cite=\"someone\" data-ipsquote-timestamp=\"1372528569\" ><div ><div >\n<p > </p>\n<p >If you want to read/write ini files windows comes with build in functions (in what Phantom wrote)</p>\n<pre class=\"ipsCode prettyprint\" >WritePrivateProfileString\nGetPrivateProfileString</pre>\n<p >For .net this link will help implement those functions in a .net application</p>\n<p ><a href=\"http://www.pinvoke.net/default.aspx/kernel32/GetPrivateProfileString.html\" rel=\"external nofollow\" >http://www.pinvoke.net/default.aspx/kernel32/GetPrivateProfileString.html</a></p>\n<p ><a href=\"http://www.pinvoke.net/default.aspx/kernel32/WritePrivateProfileString.html\" rel=\"external nofollow\" >http://www.pinvoke.net/default.aspx/kernel32/WritePrivateProfileString.html</a></p>\n<p > </p>\n<p >If you want a simple config file, its simple to implement in few steps:</p>\n<p >1) First read the file line by line:</p>\n<p >2) Ignore lines that start with #</p>\n<p >3) Split the lines  by = into key and value</p>\n<p >4) Trim the key by all spaces ( optional for value)</p>\n<p >5) Store the value in a dictionary(or a list, but a dictionary has a lot options)</p>\n<pre class=\"ipsCode prettyprint\" >Dictionary<string, string=\"None\" > config = new Dictionary<string, string=\"None\" >();\n \nprivate void Load(string filename)\n{\n\t//1) First read the file line by line:\n\tSystem.IO.StreamReader sr = new System.IO.StreamReader(filename);\n\tstring line= \"\";\n\twhile ((line = sr.ReadLine()) != null)\n\t\t{\n\t\t//2) Ignore lines that start with #\n\t\tif (line[0] == #) continue;\n\t\t\t\t\t\n\t\t//3) Split the lines  by = into key and value\n\t\tstring[] blocks = line.Split(=);\n\t\tif (blocks.Length > 1)\n\t\t{\n\t\t\t//4) Trim the key by all spaces ( optional for value)\n\t\t\tblocks[0] = blocks[0].Trim();\n\t\t\t//5) Store the value in a dictionary(or a list, but a dictionary has a lot options)\n\t\t\tconfig.Add(blocks[0], blocks[1]);\n\t\t}\n\t}\n\tsr.Close();\n}\n</string,></string,></pre>\n<p >Config file is this:</p>\n<pre class=\"ipsCode prettyprint\" >#ignore\nx=1\ny=2</pre>\n<p >Using it would be:</p>\n<pre class=\"ipsCode prettyprint\" >Load(\"File.cfg\")\nstring myValue = config[\"x\"];\n</pre>\n</div></div></blockquote>\n<p >If i had added all as Class like this:</p>\n<p ><a href=\"http://grabilla.com/04219-880b7bc7-cf90-4126-813a-e44e1f1ee421.html\" rel=\"external nofollow\" >http://grabilla.com/04219-880b7bc7-cf90-4126-813a-e44e1f1ee421.html</a></p>\n<p >And call it on normal Form1.cs</p>\n<p ><a href=\"http://grabilla.com/04219-526c322b-d58c-4b75-89d2-f6cdd0244d0d.html\" rel=\"external nofollow\" >http://grabilla.com/04219-526c322b-d58c-4b75-89d2-f6cdd0244d0d.html</a></p>\n<p > </p>\n<p >How i get</p>\n<p > </p>\n<p >now x or y for example?</p>\n<p > </p>\n<p >Config file is this:</p>\n<p >\"</p>\n<p >#ignore</p>\n<p >x=1</p>\n<p >y=2</p>\n<p >\"</p>\n<p > </p>\n<p >Because if i use \"string myValue = config[\"x\"];\"</p>\n<p >It says me it cannot found \"config\"?</p>\n<p > </p>\n<p > </p>\n<p >And if i want to use it on another class how i set now \"x\" where is SETXHERE on Screen below?</p>\n<p > </p>\n<p ><a href=\"http://grabilla.com/04219-b2055e15-b2a8-413d-8461-be4fa871f0fe.html\" rel=\"external nofollow\" >http://grabilla.com/04219-b2055e15-b2a8-413d-8461-be4fa871f0fe.html</a></p>\n\n\n\t\t\t\n\t\t\t\t\n\n<span class=\"ipsType_reset ipsType_medium ipsType_light\" data-excludequote=\"None\" >\n\t<strong >Edited <time datetime=\"2014-02-25T18:43:40Z\" title=\"02/25/2014 06:43  PM\" data-short=\"6 yr\" >February 25, 2014</time> by xNiceEinz.</strong>\n\t\n\t\n</span>\n\t\t\t\n\t\t</div>"
        },
        {
            "id": 98038,
            "timestamp": 1393357661,
            "author": {
                "id": 19462,
                "name": "xMeowx3",
                "image": null
            },
            "comment": "\n<p >Congratulations on necroing a thread from 8 months since last reply, if you want help with something create your own topic.</p>\n<p >Closed.</p>\n"
        },
        {
            "id": 98039,
            "timestamp": 1393357690,
            "author": {
                "id": null,
                "name": "Guest Johnny5",
                "image": null
            },
            "comment": "<p >A moderator closed this post. Reason: necrod.</p>"
        }
    ]
}