{
    "meta": {
        "threadId": 1002,
        "threadName": "admin issue",
        "dateCreated": "2011-10-11T12:35:41+0000",
        "datePublished": "2011-10-11T12:35:41+0000",
        "pageCount": 1,
        "originalUrl": "https://lckb.dev/forum/index.php?/topic/1002-admin-issue/",
        "authorId": 37,
        "position": [
            {
                "@type": "ListItem",
                "position": 1,
                "item": {
                    "@id": "https://lckb.dev/forum/index.php?/forum/271-general-section/",
                    "name": "General Section"
                }
            },
            {
                "@type": "ListItem",
                "position": 2,
                "item": {
                    "@id": "https://lckb.dev/forum/index.php?/forum/259-general-discussion/",
                    "name": "General Discussion"
                }
            }
        ]
    },
    "commentData": [
        {
            "id": 8255,
            "timestamp": 1318336541,
            "author": {
                "id": 37,
                "name": "BashVendetta",
                "image": null
            },
            "comment": "<p >I have noticed when you type \"admin\" into the chatbox it gives any player admin, anyone got a fix for this?</p>"
        },
        {
            "id": 8271,
            "timestamp": 1318343631,
            "author": {
                "id": null,
                "name": "Guest damona",
                "image": null
            },
            "comment": "<p >you msut fix it in the gameserver</p>"
        },
        {
            "id": 8301,
            "timestamp": 1318348660,
            "author": {
                "id": 1835,
                "name": "robino1996",
                "image": null
            },
            "comment": "<p >damona can you give me your windows 7 lastchaos client for ep1? pls :)</p>"
        },
        {
            "id": 8302,
            "timestamp": 1318349020,
            "author": {
                "id": null,
                "name": "Guest MonarC",
                "image": null
            },
            "comment": "<p >I had ADMIN on a lc game</p>"
        },
        {
            "id": 8303,
            "timestamp": 1318349052,
            "author": {
                "id": null,
                "name": "Guest damona",
                "image": null
            },
            "comment": "<p >no sry the client are only works by my server</p>"
        },
        {
            "id": 8306,
            "timestamp": 1318349790,
            "author": {
                "id": 37,
                "name": "BashVendetta",
                "image": null
            },
            "comment": "\n<blockquote data-ipsquote=\"\" class=\"ipsQuote\" data-ipsquote-username=\"\\\" data-cite=\"\\\" data-ipsquote-contentapp=\"forums\" data-ipsquote-contenttype=\"forums\" data-ipsquote-contentid=\"1002\" data-ipsquote-contentclass=\"forums_Topic\" ><div >you msut fix it in the gameserver</div></blockquote>\n<p > </p>\n<p >Any pointers?</p>\n"
        },
        {
            "id": 8308,
            "timestamp": 1318351019,
            "author": {
                "id": null,
                "name": "Guest MonarC",
                "image": null
            },
            "comment": "<p >i want to play in a lc, please</p>"
        },
        {
            "id": 8313,
            "timestamp": 1318353308,
            "author": {
                "id": null,
                "name": "Guest damona",
                "image": null
            },
            "comment": "<p >only the gm command :)</p>"
        },
        {
            "id": 8317,
            "timestamp": 1318355320,
            "author": {
                "id": 368,
                "name": "blankname",
                "image": null
            },
            "comment": "\n<p >to remove the chat commands (admin/pos/goto)</p>\n<p > </p>\n<p >6BB51 E9 1C 03 00 00</p>\n"
        },
        {
            "id": 8337,
            "timestamp": 1318366187,
            "author": {
                "id": null,
                "name": "Guest Aquilis",
                "image": null
            },
            "comment": "\n<p >Im trying to learn</p>\n<p >--</p>\n<p >Please, how do I find this line in OllyDbg?</p>\n"
        },
        {
            "id": 8338,
            "timestamp": 1318367676,
            "author": {
                "id": 37,
                "name": "BashVendetta",
                "image": null
            },
            "comment": "\n<blockquote data-ipsquote=\"\" class=\"ipsQuote\" data-ipsquote-username=\"\\\" data-cite=\"\\\" data-ipsquote-contentapp=\"forums\" data-ipsquote-contenttype=\"forums\" data-ipsquote-contentid=\"1002\" data-ipsquote-contentclass=\"forums_Topic\" ><div >You should of let them figure it out for themselves. If they cant fix something this easy they shouldnt be running a server. It may seem rude/cruel but its true.</div></blockquote>\n<p > </p>\n<p >I have been running servers for a very very long time and in the top ranks as well, ASM isnt everyones cup of tea considering most servers you work with dont require this form of editing.</p>\n"
        },
        {
            "id": 8357,
            "timestamp": 1318402306,
            "author": {
                "id": 919,
                "name": "someone",
                "image": null
            },
            "comment": "\n<blockquote data-ipsquote=\"\" class=\"ipsQuote\" data-ipsquote-username=\"\\\" data-cite=\"\\\" data-ipsquote-contentapp=\"forums\" data-ipsquote-contenttype=\"forums\" data-ipsquote-contentid=\"1002\" data-ipsquote-contentclass=\"forums_Topic\" ><div >Im trying to learn<p >--</p>\n<p >Please, how do I find this line in OllyDbg?</p>\n</div></blockquote>\n<p >According to the MSDN the PE header is 1000 Bytes and looks something like this:</p>\n<p ></p>\n<pre class=\"ipsCode\" >typedef struct _IMAGE_FILE_HEADER {\n WORD Machine;\n WORD NumberOfSections;\n DWORD TimeDateStamp;\n DWORD PointerToSymbolTable;\n DWORD NumberOfSymbols;\n WORD SizeOfOptionalHeader;\n WORD Characteristics;\n} IMAGE_FILE_HEADER, \n*PIMAGE_FILE_HEADE</pre>\n<div ></div>\n<p ></p>\n<p >Source:</p>\n<p ><a href=\"https://msdn.microsoft.com/en-us/library/windows/desktop/ms680313%28v=vs.85%29.aspx\" rel=\"external nofollow\" >http://msdn.microsoft.com/en-us/library/windows/desktop/ms680313%28v=vs.85%29.aspx</a></p>\n<p > </p>\n<p >That file is in hex, and has file offset, you must calculate the virtual offset.</p>\n<p >Virtual_Offset = (First_Address - Header) + File_Offset</p>\n"
        },
        {
            "id": 8410,
            "timestamp": 1318434532,
            "author": {
                "id": null,
                "name": "Guest Aquilis",
                "image": null
            },
            "comment": "\n<p >So how do I do with this:</p>\n<p >  6BB51 1C E9 03 00 00</p>\n<p > </p>\n<p >  How do I find and delete the line?</p>\n<p >  Sorry I did not know that I am trying to learn is serious!</p>\n"
        },
        {
            "id": 8416,
            "timestamp": 1318436582,
            "author": {
                "id": 919,
                "name": "someone",
                "image": null
            },
            "comment": "\n<blockquote data-ipsquote=\"\" class=\"ipsQuote\" data-ipsquote-username=\"\\\" data-cite=\"\\\" data-ipsquote-contentapp=\"forums\" data-ipsquote-contenttype=\"forums\" data-ipsquote-contentid=\"1002\" data-ipsquote-contentclass=\"forums_Topic\" ><div >So how do I do with this:<p >  6BB51 1C E9 03 00 00</p>\n<p > </p>\n<p >  How do I find and delete the line?</p>\n<p >  Sorry I did not know that I am trying to learn is serious!</p>\n</div></blockquote>\n<p > </p>\n<p >Open GameServer with Olly, scroll up till the first address use the equation posted above to calculate the address.</p>\n<p > </p>\n<p >First_Address = 401000</p>\n<p >Header = 1000</p>\n<p >File_Offset = 6BB51 </p>\n<p > </p>\n<p >And you will see the rest.</p>\n"
        },
        {
            "id": 8418,
            "timestamp": 1318437029,
            "author": {
                "id": null,
                "name": "Guest Aquilis",
                "image": null
            },
            "comment": "\n<p >Virtual_Offset = (401000 - 1000) + 6BB51</p>\n<p >Virtual_Offset = 400000 + 6BB51</p>\n<p >Virtual_Offset = ?</p>\n"
        },
        {
            "id": 8422,
            "timestamp": 1318437582,
            "author": {
                "id": 919,
                "name": "someone",
                "image": null
            },
            "comment": "\n<p >This is a simple math, chapter 1 of this Book explains it all:</p>\n<p ><a href=\"http://homepage.mac.com/randyhyde/webster.cs.ucr.edu/www.artofasm.com/index.html\" rel=\"external nofollow\" >http://homepage.mac.com/randyhyde/webster.cs.ucr.edu/www.artofasm.com/index.html</a></p>\n<p >Art of Assembly</p>\n<p >DOS 16 Bit Edition</p>\n"
        },
        {
            "id": 8423,
            "timestamp": 1318437747,
            "author": {
                "id": null,
                "name": "Guest Aquilis",
                "image": null
            },
            "comment": "\n<p >I do not understand much English, sorry =/</p>\n<p > </p>\n<p >--</p>\n<p >I got the book translated</p>\n"
        },
        {
            "id": 8424,
            "timestamp": 1318437798,
            "author": {
                "id": 368,
                "name": "blankname",
                "image": null
            },
            "comment": "\n<p >- open gameserver.exe with an hexeditor</p>\n<p > </p>\n<p >- goto offset 6BB51</p>\n<p > </p>\n<p >- replace 68 B0 BC 62 with E9 1C 03 00</p>\n"
        },
        {
            "id": 8426,
            "timestamp": 1318438908,
            "author": {
                "id": null,
                "name": "Guest Aquilis",
                "image": null
            },
            "comment": "\n<blockquote data-ipsquote=\"\" class=\"ipsQuote\" data-ipsquote-username=\"\\\" data-cite=\"\\\" data-ipsquote-contentapp=\"forums\" data-ipsquote-contenttype=\"forums\" data-ipsquote-contentid=\"1002\" data-ipsquote-contentclass=\"forums_Topic\" ><div >This is a simple math, chapter 1 of this Book explains it all:<p ><a href=\"http://homepage.mac.com/randyhyde/webster.cs.ucr.edu/www.artofasm.com/index.html\" rel=\"external nofollow\" >http://homepage.mac.com/randyhyde/webster.cs.ucr.edu/www.artofasm.com/index.html</a></p>\n<p >Art of Assembly</p>\n<p >DOS 16 Bit Edition</p>\n</div></blockquote>\n<p >Wow, this book is helping me a lot. Thank you!</p>\n"
        },
        {
            "id": 8430,
            "timestamp": 1318439283,
            "author": {
                "id": 37,
                "name": "BashVendetta",
                "image": null
            },
            "comment": "<p >Was just about to post the fix >.></p>"
        },
        {
            "id": 8756,
            "timestamp": 1318843879,
            "author": {
                "id": 770,
                "name": "zhuk",
                "image": null
            },
            "comment": "<p >Who fix it ?</p>"
        },
        {
            "id": 8758,
            "timestamp": 1318845271,
            "author": {
                "id": 2433,
                "name": "Azkeel",
                "image": null
            },
            "comment": "\n<blockquote data-ipsquote=\"\" class=\"ipsQuote\" data-ipsquote-username=\"\\\" data-cite=\"\\\" data-ipsquote-contentapp=\"forums\" data-ipsquote-contenttype=\"forums\" data-ipsquote-contentid=\"1002\" data-ipsquote-contentclass=\"forums_Topic\" ><div >Who fix it ?</div></blockquote>\n<p ><a href=\"http://chaos.wizatek.be/showthread.php?1495-FIX-quot-Admin-quot-Chat-issue\" rel=\"external nofollow\" >http://chaos.wizatek.be/showthread.php?1495-FIX-quot-Admin-quot-Chat-issue</a></p>\n"
        },
        {
            "id": 10088,
            "timestamp": 1320326435,
            "author": {
                "id": null,
                "name": "Guest MonarC",
                "image": null
            },
            "comment": "<p >How i can fix it ??? Help me with teamviewer. add me in skype f1n3t.m1ch4el</p>"
        }
    ]
}