{
    "meta": {
        "threadId": 10029,
        "threadName": "Useful hooks for IPB 3.4.x.x",
        "dateCreated": "2013-06-17T00:34:36+0000",
        "datePublished": "2013-06-17T00:34:36+0000",
        "pageCount": 1,
        "originalUrl": "https://lckb.dev/forum/index.php?/topic/10029-useful-hooks-for-ipb-34xx/",
        "authorId": 15376,
        "position": [
            {
                "@type": "ListItem",
                "position": 1,
                "item": {
                    "@id": "https://lckb.dev/forum/index.php?/forum/40-website-scripting-security/",
                    "name": "Website Scripting &amp; Security"
                }
            },
            {
                "@type": "ListItem",
                "position": 2,
                "item": {
                    "@id": "https://lckb.dev/forum/index.php?/forum/117-webmasters-help-talk/",
                    "name": "Webmasters Help &amp; Talk"
                }
            }
        ]
    },
    "commentData": [
        {
            "id": 75216,
            "timestamp": 1371429276,
            "author": {
                "id": 15376,
                "name": "\u00e2\u02dc\u00a3 WARFACE \u00e2\u02dc\u00a3",
                "image": null
            },
            "comment": "\n<p ><u ><strong >Hook Skype IPB </strong></u></p>\n<p ><u ><strong ><img alt=\"90878358a564.png\" src=\"http://s020.radikal.ru/i716/1306/5f/90878358a564.png\" /></strong></u><br /> <br />Download link - <a href=\"http://rghost.ru/46808418\" rel=\"external nofollow\" >http://rghost.ru/46808418</a><br /> <br /> <br /><u ><strong >Hook Virus Total IPB</strong></u><br /><img alt=\"25b9e4168090.png\" src=\"http://s41.radikal.ru/i092/1306/0e/25b9e4168090.png\" /></p>\n<p >Download link - <a href=\"http://rghost.ru/46808421\" rel=\"external nofollow\" >http://rghost.ru/46808421</a><br /> <br /><strong ><u ><span style=\"color:#ff0000;\" >Max</span> I advise to establish these hooks to us on a forum very useful hooks</u></strong></p>\n"
        }
    ]
}