{
    "meta": {
        "threadId": 10048,
        "threadName": "gs usa offsets",
        "dateCreated": "2013-06-18T03:02:58+0000",
        "datePublished": "2013-06-18T03:02:58+0000",
        "pageCount": 1,
        "originalUrl": "https://lckb.dev/forum/index.php?/topic/10048-gs-usa-offsets/",
        "authorId": 5574,
        "position": [
            {
                "@type": "ListItem",
                "position": 1,
                "item": {
                    "@id": "https://lckb.dev/forum/index.php?/forum/100-guides-help-section/",
                    "name": "Guides &amp; Help Section"
                }
            },
            {
                "@type": "ListItem",
                "position": 2,
                "item": {
                    "@id": "https://lckb.dev/forum/index.php?/forum/332-tutorials-guides/",
                    "name": "Tutorials &amp; Guides"
                }
            },
            {
                "@type": "ListItem",
                "position": 3,
                "item": {
                    "@id": "https://lckb.dev/forum/index.php?/forum/107-ep2-guides/",
                    "name": "Ep2 Guides"
                }
            }
        ]
    },
    "commentData": [
        {
            "id": 75411,
            "timestamp": 1371524578,
            "author": {
                "id": 5574,
                "name": "Douglas Farias",
                "image": null
            },
            "comment": "<div >\n<div ># name:type:offset</div>\n<div > </div>\n<div ># types : Int32, Int64, Float, Byte, Char[x]</div>\n<div ># Char will stay the same length, shorter strings get filled with 0s longer will get cut off when saving</div>\n<div > </div>\n<div > </div>\n<div >[Global]</div>\n<div >NewChar Start Sp:Int32:00076433</div>\n<div >Pet Exp:Int32:0010BCDB</div>\n<div >Smeltin Stones Rate :Byte:0022E70F</div>\n<div >Heaven Stone Rate 1-14 :Byte:0022e92d</div>\n<div >Heaven Stone Rate 14+ :Byte:0022e88c</div>\n<div >Purified rune Rate :Byte:0022ED63</div>\n<div > </div>\n<div > </div>\n<div >[buffs set to 0 0 121 for all or 60 90 126 for normal]</div>\n<div >Mid Level buff lowest level:Byte:002865a0 </div>\n<div >Mid Level buff Highest level:Byte:002865ab</div>\n<div >Mid Level Buff Highest level Condition (jmp/jle):Byte:002865ac</div>\n<p > </p>\n</div>\n\n\t\t\t\n\t\t\t\t\n\n<span class=\"ipsType_reset ipsType_medium ipsType_light\" data-excludequote=\"None\" >\n\t<strong >Edited <time datetime=\"2013-06-18T03:05:32Z\" title=\"06/18/2013 03:05  AM\" data-short=\"7 yr\" >June 18, 2013</time> by Douglas Origens</strong>\n\t\n\t\n</span>\n\t\t\t\n\t\t</div>"
        },
        {
            "id": 75415,
            "timestamp": 1371529953,
            "author": {
                "id": 6038,
                "name": "RomainLastChaos",
                "image": null
            },
            "comment": "<p >wooo that all ? xD you missed very much others offset lol</p>"
        },
        {
            "id": 75419,
            "timestamp": 1371532246,
            "author": {
                "id": 15313,
                "name": "Whazzert...\u00c3\u00a2\u00e2\u201e\u00a2\u00c2\u00a5",
                "image": null
            },
            "comment": "\n<p >Level Cap ?<br /><br />GM Level Cap ?</p>\n<p > </p>\n<p >and so on.</p>\n"
        },
        {
            "id": 75427,
            "timestamp": 1371537606,
            "author": {
                "id": 5574,
                "name": "Douglas Farias",
                "image": null
            },
            "comment": "\n<blockquote data-ipsquote=\"\" class=\"ipsQuote\" ><div >\n<p ><span style=\"color:rgb(40,40,40);font-family:arial, helvetica, clean, sans-serif;\" >Level Cap ?</span></p>\n<p style=\"color:rgb(40,40,40);font-family:arial, helvetica, clean, sans-serif;\" ></p>\n<p >GM Level Cap ?</p>\n<p style=\"color:rgb(40,40,40);font-family:arial, helvetica, clean, sans-serif;\" > </p>\n<p style=\"color:rgb(40,40,40);font-family:arial, helvetica, clean, sans-serif;\" >and so on.</p>\n<div > </div>\n<p > </p>\n</div></blockquote>\n<p > </p>\n<p >i have  2 tools of it but i cant post =(</p>\n<p > </p>\n<blockquote data-ipsquote=\"\" class=\"ipsQuote\" ><div >\n<p > </p>\n<span style=\"color:rgb(40,40,40);font-family:arial, helvetica, clean, sans-serif;\" >wooo that all ? xD you missed very much others offset lol</span><p > </p>\n</div></blockquote>\n<p > </p>\n<p > </p>\n<p >yes not all offsets =)</p>\n\n\n\t\t\t\n\t\t\t\t\n\n<span class=\"ipsType_reset ipsType_medium ipsType_light\" data-excludequote=\"None\" >\n\t<strong >Edited <time datetime=\"2013-06-18T06:41:25Z\" title=\"06/18/2013 06:41  AM\" data-short=\"7 yr\" >June 18, 2013</time> by Douglas Origens</strong>\n\t\n\t\n</span>\n\t\t\t\n\t\t</div>"
        },
        {
            "id": 75440,
            "timestamp": 1371542804,
            "author": {
                "id": 15701,
                "name": "Gothic",
                "image": null
            },
            "comment": "\n<p >its a smal list from offsets from you</p>\n<p > </p>\n<p >wahat i have for the US GS and you can much more edit i dont have all :)</p>\n<p > </p>\n<p ><img alt=\"8wJSALI.png\" src=\"https://i.imgur.com/8wJSALI.png\" /></p>\n"
        },
        {
            "id": 75442,
            "timestamp": 1371542868,
            "author": {
                "id": 6038,
                "name": "RomainLastChaos",
                "image": null
            },
            "comment": "\n<p >xD</p>\n<p > </p>\n<p >can you find it ? :D</p>\n<p > </p>\n<p ><a href=\"http://grabilla.com/03612-deffb887-e1a0-4da0-8e40-9c17be8266fe.html\" rel=\"external nofollow\" ><img alt=\"03612-deffb887-e1a0-4da0-8e40-9c17be8266\" src=\"http://grabilla.com/03612-deffb887-e1a0-4da0-8e40-9c17be8266fe.png\" /></a></p>\n"
        },
        {
            "id": 75458,
            "timestamp": 1371547949,
            "author": {
                "id": 671,
                "name": "Havelok",
                "image": null
            },
            "comment": "<p >how about sharing the offsets?</p>"
        },
        {
            "id": 75461,
            "timestamp": 1371548868,
            "author": {
                "id": 6038,
                "name": "RomainLastChaos",
                "image": null
            },
            "comment": "<p >well is not hard to get ... just need a time on hex editor</p>"
        },
        {
            "id": 75463,
            "timestamp": 1371549825,
            "author": {
                "id": 5574,
                "name": "Douglas Farias",
                "image": null
            },
            "comment": "\n<div >\n<blockquote data-ipsquote=\"\" class=\"ipsQuote\" ><div >\n<p ><span style=\"color:rgb(40,40,40);font-family:arial, helvetica, clean, sans-serif;\" >xD</span></p>\n<p style=\"color:rgb(40,40,40);font-family:arial, helvetica, clean, sans-serif;\" > </p>\n<p style=\"color:rgb(40,40,40);font-family:arial, helvetica, clean, sans-serif;\" >can you find it ?  :D</p>\n<p > </p>\n</div></blockquote>\n<p > </p>\n</div>\n<div >HWY DONT POST IT ? </div>\n<div >IS ONLY TO YOUR SELF? =)</div>\n<div > </div>\n<div > </div>\n<div > </div>\n<div > </div>\n<div ># name:type:offset</div>\n<div > </div>\n<div ># types : Int32, Int64, Float, Byte, Char[x]</div>\n<div ># Char will stay the same length, shorter strings get filled with 0s longer will get cut off when saving</div>\n<div > </div>\n<div >[Global]</div>\n<div >GM LevelCap:Int32:001C830E</div>\n<div >LevelCap:Int32:000FD412</div>\n<div >LevelCap:Int32:0004A8BE</div>\n<div >LevelCap(-1):Int32:000FD457</div>\n<div >LevelCap(-1):Int32:000FBF27</div>\n<div >LevelCap(-1):Int32:0004AAE6</div>\n<div >LevelCap(-1):Int32:0004A989</div>\n<div >NewChar Start Sp:Int32:00076433</div>\n<div >Pet Exp:Int32:0010BCDB</div>\n<div >Smeltin Stones Rate :Byte:0022E70F</div>\n<div >Heaven Stone Rate 1-14 :Byte:0022e92d</div>\n<div >Heaven Stone Rate 14+ :Byte:0022e88c</div>\n<div >Purified rune Rate :Byte:0022ED63</div>\n<div >Mid Level buff lowest level:Byte:002865a0 </div>\n<div >Mid Level buff Highest level:Byte:002865ab</div>\n<div >Mid Level Buff Highest level Condition:Byte:002865ac</div>\n<p > </p>\n<p > </p>\n<p > </p>\n<p >WHEN I KNOW MORE I POST. =)</p>\n<p > </p>\n<p > </p>\n<p > </p>\n<p > </p>\n<p > </p>\n<p > </p>\n<p ><span style=\"font-size:12px;\" ><strong ><img alt=\"Untitled.jpg\" src=\"http://www.x1games.com.br/Untitled.jpg\" /></strong></span></p>\n\n\n\t\t\t\n\t\t\t\t\n\n<span class=\"ipsType_reset ipsType_medium ipsType_light\" data-excludequote=\"None\" >\n\t<strong >Edited <time datetime=\"2013-06-18T10:05:51Z\" title=\"06/18/2013 10:05  AM\" data-short=\"7 yr\" >June 18, 2013</time> by Douglas Origens</strong>\n\t\n\t\n</span>\n\t\t\t\n\t\t</div>"
        },
        {
            "id": 75465,
            "timestamp": 1371550280,
            "author": {
                "id": 7695,
                "name": "CyberClaus",
                "image": null
            },
            "comment": "<p >Thanks Douglas, +2 for you! May this post ***** up those who have and sell them.... Soon i will also release something to show to those sellers what sharing means.</p>"
        },
        {
            "id": 75466,
            "timestamp": 1371550291,
            "author": {
                "id": 13656,
                "name": "YnVnZ2VyX2F",
                "image": null
            },
            "comment": "\n<p ><img alt=\"Mh0of.jpg\" src=\"http://i.epvpimg.com/Mh0of.jpg\" /></p>\n<p > </p>\n<p >and many many more......</p>\n"
        },
        {
            "id": 75598,
            "timestamp": 1371574220,
            "author": {
                "id": 15543,
                "name": "luoo",
                "image": null
            },
            "comment": "<p >E-Pen!s Contest yeah.</p>\n\n\t\t\t\n\t\t\t\t\n\n<span class=\"ipsType_reset ipsType_medium ipsType_light\" data-excludequote=\"None\" >\n\t<strong >Edited <time datetime=\"2013-06-18T16:50:54Z\" title=\"06/18/2013 04:50  PM\" data-short=\"7 yr\" >June 18, 2013</time> by luoo</strong>\n\t\n\t\n</span>\n\t\t\t\n\t\t</div>"
        },
        {
            "id": 75621,
            "timestamp": 1371576455,
            "author": {
                "id": 13172,
                "name": "soryjero",
                "image": null
            },
            "comment": "\n<p >+2 likes to you douglas</p>\n<p > </p>\n<p >thanks so much</p>\n<p > </p>\n<p >ill be waiting for news offsets</p>\n<p > </p>\n<p >thanks again :)</p>\n"
        }
    ]
}