{
    "meta": {
        "threadId": 10061,
        "threadName": "Help me!",
        "dateCreated": "2013-06-18T18:39:36+0000",
        "datePublished": "2013-06-18T18:39:36+0000",
        "pageCount": 1,
        "originalUrl": "https://lckb.dev/forum/index.php?/topic/10061-help-me/",
        "authorId": 16931,
        "position": [
            {
                "@type": "ListItem",
                "position": 1,
                "item": {
                    "@id": "https://lckb.dev/forum/index.php?/forum/100-guides-help-section/",
                    "name": "Guides &amp; Help Section"
                }
            },
            {
                "@type": "ListItem",
                "position": 2,
                "item": {
                    "@id": "https://lckb.dev/forum/index.php?/forum/335-help-support/",
                    "name": "Help &amp; Support"
                }
            },
            {
                "@type": "ListItem",
                "position": 3,
                "item": {
                    "@id": "https://lckb.dev/forum/index.php?/forum/120-ep2-support/",
                    "name": "Ep2 Support"
                }
            },
            {
                "@type": "ListItem",
                "position": 4,
                "item": {
                    "@id": "https://lckb.dev/forum/index.php?/forum/134-solved-topics/",
                    "name": "Solved Topics"
                }
            }
        ]
    },
    "commentData": [
        {
            "id": 75638,
            "timestamp": 1371580776,
            "author": {
                "id": 16931,
                "name": "Walletman987",
                "image": null
            },
            "comment": "\n<p ><img alt=\"03612-130ee4f7-823e-4bf8-8eed-e926a71379\" src=\"http://grabilla.com/03612-130ee4f7-823e-4bf8-8eed-e926a71379e8.png\" /></p>\n<p >How do I repair it? </p>\n<p >I cant start the server without this.</p>\n"
        },
        {
            "id": 75685,
            "timestamp": 1371586494,
            "author": {
                "id": 14922,
                "name": "ren0d1",
                "image": null
            },
            "comment": "<p >Only delete and copy from original file if you dont need it, if your server is running with people I dont know how to repair sry.</p>"
        },
        {
            "id": 75746,
            "timestamp": 1371595855,
            "author": {
                "id": 17582,
                "name": "CDWriter",
                "image": null
            },
            "comment": "\n<p >goto t_questdata03</p>\n<p > </p>\n<p >right click data base in navicat  / maintian / goto / repair table ...</p>\n<p > </p>\n<p >done </p>\n<p > </p>\n<p > </p>\n<p >This is not that hard ....try to understand it before posting here it clearly tells you what needs fixed ....</p>\n\n\n\t\t\t\n\t\t\t\t\n\n<span class=\"ipsType_reset ipsType_medium ipsType_light\" data-excludequote=\"None\" >\n\t<strong >Edited <time datetime=\"2013-06-18T22:51:44Z\" title=\"06/18/2013 10:51  PM\" data-short=\"7 yr\" >June 18, 2013</time> by CDWriter</strong>\n\t\n\t\n</span>\n\t\t\t\n\t\t</div>"
        },
        {
            "id": 75747,
            "timestamp": 1371595862,
            "author": {
                "id": 6038,
                "name": "RomainLastChaos",
                "image": null
            },
            "comment": "<p >empty table t_questdata03 and re upload this table</p>"
        },
        {
            "id": 75786,
            "timestamp": 1371631379,
            "author": {
                "id": 16931,
                "name": "Walletman987",
                "image": null
            },
            "comment": "<p >Thanks for the help everyone, CDWriters worked.</p>"
        }
    ]
}