{
    "meta": {
        "threadId": 10077,
        "threadName": "Complete DataBase  V2 by CDWriter",
        "dateCreated": "2013-06-19T08:54:47+0000",
        "datePublished": "2013-06-19T08:54:47+0000",
        "pageCount": 1,
        "originalUrl": "https://lckb.dev/forum/index.php?/topic/10077-complete-database-v2-by-cdwriter/",
        "authorId": 17582,
        "position": [
            {
                "@type": "ListItem",
                "position": 1,
                "item": {
                    "@id": "https://lckb.dev/forum/index.php?/forum/258-release-zone/",
                    "name": "Release Zone"
                }
            },
            {
                "@type": "ListItem",
                "position": 2,
                "item": {
                    "@id": "https://lckb.dev/forum/index.php?/forum/325-episode-2-releases/",
                    "name": "Episode 2 Releases"
                }
            },
            {
                "@type": "ListItem",
                "position": 3,
                "item": {
                    "@id": "https://lckb.dev/forum/index.php?/forum/125-server-side/",
                    "name": "Server Side"
                }
            }
        ]
    },
    "commentData": [
        {
            "id": 75789,
            "timestamp": 1371632087,
            "author": {
                "id": 17582,
                "name": "CDWriter",
                "image": null
            },
            "comment": "\n<div >Hello community</div>\n<br /><div > </div>\n<br /><div >Here i release another complete sql release COMPLETE meaning with client data files to match.</div>\n<br /><div > </div>\n<br /><div >-- me</div>\n<br /><div >Login : steve</div>\n<br /><div >Password : steve</div>\n<br /><div > </div>\n<br /><div >-- 2nd account</div>\n<br /><div >Login : shawn</div>\n<br /><div >Password : shawn</div>\n<br /><div > </div>\n<br /><div >both of these account have GM 10 access, Level 180s with full SET gear...</div>\n<br /><div > </div>\n<br /><div >Well we all know how the first release was there was a few bugs: Normal since there was so much needed done with these Sql files ...</div>\n<br /><div >Here I will try to explain what i fixed our could get too... </div>\n<br /><div >I had many ppls help who answered question when i needed them.</div>\n<br /><div > </div>\n<br /><div >Thanks everyone who helped ....</div>\n<br /><div > </div>\n<br /><div >As for what was done this time...</div>\n<br /><div > </div>\n<br /><div >Few Potions fixed (boosters, others)</div>\n<br /><div >Pet system so they attack</div>\n<br /><div >Added P1 Pets again (sorry) </div>\n<br /><div >Ranking System ( 2 Errors Only becuase i do not have Enough toons to recieve the rewards (Titles)) </div>\n<br /><div >Fixed Item Sets  (Bonuses Not done, Only becuase i dont understand it enough to add them and NO EP3 Option reader)</div>\n<br /><div >Checked/Fixed alot of the skills ...(if i missed any that dont work let me know) </div>\n<br /><div >New Catalog and sql to match (USA Current) few errors (items Not added to DataBase), Use only if you want to .</div>\n<br /><div >Recreated all Tables to be more Exact. re-added newproject_post for post/mail system later.</div>\n<br /><div >guild storage working .</div>\n<br /><div > </div>\n<br /><div >Like always post any errors things that need fix , our better yet fix them and give me the info.</div>\n<br /><div > </div>\n<br /><div > </div>\n<br /><div >I want to hear GOOD and BAD about these files ....dont hold back on any complaints .... </div>\n<br /><div > </div>\n<br /><div >Just remmeber i will reply to your post to understand the error better its not me attacking you in any way, Just need to understand how you worded the mistake...</div>\n<br /><div > </div>\n<br /><div > </div>\n<br /><div >CDWriter</div>\n<br /><div > </div>\n<br /><div > </div>\n<br /><div >To DOWNLOAD this 2nd release file go here:</div>\n<br /><div > </div>\n<br /><div ><a href=\"http://fbe.am/lto\" rel=\"external nofollow\" >http://fbe.am/lto</a></div>\n<br /><div > </div>\n<br /><div > </div>\n<br /><div >** Note Make sure you update your Effects folder from USA client current so Soul skills work perfectly instead of crashing older clients</div>\n<br /><div > </div>\n<br /><div >Since many of you dont understand how this works you first need to download </div>\n<br /><div > </div>\n<br /><div >*** Comeing soon USA.exe iam uploading now ..</div>\n<br /><div > </div>\n<br /><div >lastchaos_us_installer_20120618.exe or </div>\n<br /><div >I heard LCGN works after this you need to update Effects folder for new skills ...</div>\n<br /><div > </div>\n<br /><div >then get </div>\n<br /><div > </div>\n<br /><div ><a href=\"http://toxic-l33t.ddns.net/forum/index.php?/topic/9696-usa-filesfree-of-charge/\" rel=\"external nofollow\" >http://toxic-l33t.ddns.net/forum/index.php?/topic/9696-usa-filesfree-of-charge/</a></div>\n<br /><div >or </div>\n<br /><div ><a href=\"http://toxic-l33t.ddns.net/forum/index.php?/topic/9849-gameserver-usa/\" rel=\"external nofollow\" >http://toxic-l33t.ddns.net/forum/index.php?/topic/9849-gameserver-usa/</a></div>\n<br /><div > </div>\n<br /><div > </div>\n<br /><div >ONLY on toxic-l33t.ddns.net</div>\n<br />\n\n\t\t\t\n\t\t\t\t\n\n<span class=\"ipsType_reset ipsType_medium ipsType_light\" data-excludequote=\"None\" >\n\t<strong >Edited <time datetime=\"2013-06-21T19:29:35Z\" title=\"06/21/2013 07:29  PM\" data-short=\"7 yr\" >June 21, 2013</time> by CDWriter</strong>\n\t\n\t\n</span>\n\t\t\t\n\t\t</div>"
        },
        {
            "id": 75832,
            "timestamp": 1371638199,
            "author": {
                "id": 7695,
                "name": "CyberClaus",
                "image": null
            },
            "comment": "<p >Keep up +1</p>"
        },
        {
            "id": 75977,
            "timestamp": 1371680046,
            "author": {
                "id": 17582,
                "name": "CDWriter",
                "image": null
            },
            "comment": "\n<p >ooo and for everyone ...dont use the toon steve for testing ...i have used him so much he needs deleted and start again ... You will get errors and bugs with him ....  the toon not the account</p>\n<p > </p>\n<p >CDWriter</p>\n"
        },
        {
            "id": 76411,
            "timestamp": 1371852564,
            "author": {
                "id": 2069,
                "name": "LikeToMove",
                "image": null
            },
            "comment": "<p >Better you empty all t_characters from your release, its not hard to create new users ;)</p>"
        },
        {
            "id": 76426,
            "timestamp": 1371863695,
            "author": {
                "id": 17582,
                "name": "CDWriter",
                "image": null
            },
            "comment": "<p >next release ill clean it all and truncate each table. restarts t<span style=\"color:rgb(0,0,0);font-family:Helvetica, Arial, sans-serif;\" >he table handler does not remember the last used </span>AUTO_INCREMENT<span style=\"color:rgb(0,0,0);font-family:Helvetica, Arial, sans-serif;\" > value, but starts counting from the beginning.</span></p>\n\n\t\t\t\n\t\t\t\t\n\n<span class=\"ipsType_reset ipsType_medium ipsType_light\" data-excludequote=\"None\" >\n\t<strong >Edited <time datetime=\"2013-06-22T05:25:42Z\" title=\"06/22/2013 05:25  AM\" data-short=\"7 yr\" >June 22, 2013</time> by CDWriter</strong>\n\t\n\t\n</span>\n\t\t\t\n\t\t</div>"
        },
        {
            "id": 76716,
            "timestamp": 1372017417,
            "author": {
                "id": 17582,
                "name": "CDWriter",
                "image": null
            },
            "comment": "\n<p >SPECIAL RELEASE to fix all Soul and Guild Skills ..... just IMPORT to your newporject_data</p>\n<p > </p>\n<p >it will replace your t_skill with this one .....and it will be in V3 release </p>\n<p > </p>\n<p ><a href=\"http://fbe.am/lzU\" rel=\"external nofollow\" >http://fbe.am/lzU</a></p>\n<p > </p>\n<p > </p>\n<p ><img alt=\"ojim.jpg\" src=\"https://img689.imageshack.us/img689/5076/ojim.jpg\" /></p>\n<p > </p>\n<p ><img alt=\"yaal.jpg\" src=\"https://img28.imageshack.us/img28/41/yaal.jpg\" /></p>\n<p > </p>\n<p >Guild skills above </p>\n<p > </p>\n<p ><img alt=\"1di0.jpg\" src=\"https://img839.imageshack.us/img839/695/1di0.jpg\" /></p>\n<p > </p>\n<p ><img alt=\"uhod.jpg\" src=\"https://img829.imageshack.us/img829/633/uhod.jpg\" /></p>\n<p > </p>\n<p >Sorcerer Soul ...all the others should work now Thanks too Question for telling me what Souls skill everyone was talking about..... </p>\n<p > </p>\n<p >any others let me know ...</p>\n"
        },
        {
            "id": 76723,
            "timestamp": 1372018653,
            "author": {
                "id": 17474,
                "name": "kixtzz",
                "image": null
            },
            "comment": "<p >thanks for you helping the community and ill install the cent os to tell about the bugs</p>"
        },
        {
            "id": 76781,
            "timestamp": 1372042434,
            "author": {
                "id": 17582,
                "name": "CDWriter",
                "image": null
            },
            "comment": "<p >Version 3 Released ....Close topic</p>"
        },
        {
            "id": 76782,
            "timestamp": 1372043502,
            "author": {
                "id": 5891,
                "name": "wowa296",
                "image": null
            },
            "comment": "<p >download for V3 ?</p>"
        },
        {
            "id": 76788,
            "timestamp": 1372052329,
            "author": {
                "id": 17582,
                "name": "CDWriter",
                "image": null
            },
            "comment": "<p >wait for New Post to be added or look at shout box</p>\n\n\t\t\t\n\t\t\t\t\n\n<span class=\"ipsType_reset ipsType_medium ipsType_light\" data-excludequote=\"None\" >\n\t<strong >Edited <time datetime=\"2013-06-24T05:39:02Z\" title=\"06/24/2013 05:39  AM\" data-short=\"7 yr\" >June 24, 2013</time> by CDWriter</strong>\n\t\n\t\n</span>\n\t\t\t\n\t\t</div>"
        }
    ]
}