{
    "meta": {
        "threadId": 10092,
        "threadName": "Old Juno \" Skyrim Texture sky \" V1.2",
        "dateCreated": "2013-06-19T22:37:36+0000",
        "datePublished": "2013-06-19T22:37:36+0000",
        "pageCount": 1,
        "originalUrl": "https://lckb.dev/forum/index.php?/topic/10092-old-juno-skyrim-texture-sky-v12/",
        "authorId": 7119,
        "position": [
            {
                "@type": "ListItem",
                "position": 1,
                "item": {
                    "@id": "https://lckb.dev/forum/index.php?/forum/271-general-section/",
                    "name": "General Section"
                }
            },
            {
                "@type": "ListItem",
                "position": 2,
                "item": {
                    "@id": "https://lckb.dev/forum/index.php?/forum/43-development-showroom/",
                    "name": "Development Showroom"
                }
            }
        ]
    },
    "commentData": [
        {
            "id": 75979,
            "timestamp": 1371681456,
            "author": {
                "id": 7119,
                "name": "MANGUSTA788",
                "image": null
            },
            "comment": "\n<p >  <a href=\"https://www.youtube.com/watch?v=S5vyS6JZers&feature=youtu.be%C2%A0%C2%A0%C2%A0\" rel=\"external nofollow\" >http://www.youtube.com/watch?v=S5vyS6JZers&feature=youtu.be   </a> <span ><span >finished work</span> <span >for today :bye:</span></span><span ><span > </span></span></p>\n<p > </p>\n<p > </p>\n"
        },
        {
            "id": 75981,
            "timestamp": 1371682825,
            "author": {
                "id": 13494,
                "name": "Ichy",
                "image": null
            },
            "comment": "<p >Wow, Rlly nice work!</p>"
        }
    ]
}