{
    "meta": {
        "threadId": 1009,
        "threadName": "Server Status shower",
        "dateCreated": "2011-10-11T18:00:53+0000",
        "datePublished": "2011-10-11T18:00:53+0000",
        "pageCount": 1,
        "originalUrl": "https://lckb.dev/forum/index.php?/topic/1009-server-status-shower/",
        "authorId": 3231,
        "position": [
            {
                "@type": "ListItem",
                "position": 1,
                "item": {
                    "@id": "https://lckb.dev/forum/index.php?/forum/271-general-section/",
                    "name": "General Section"
                }
            },
            {
                "@type": "ListItem",
                "position": 2,
                "item": {
                    "@id": "https://lckb.dev/forum/index.php?/forum/259-general-discussion/",
                    "name": "General Discussion"
                }
            }
        ]
    },
    "commentData": [
        {
            "id": 8319,
            "timestamp": 1318356053,
            "author": {
                "id": 3231,
                "name": "Darquise",
                "image": null
            },
            "comment": "\n<p >I need a php programm that shows my user the serverstatus(if the login/gameserver is online or offline)</p>\n<p >they only have to stand if the gameserver/loginserver is online:</p>\n<p >gameserver:</p>\n<p ><span style=\"color:#00FF00;\" >online</span></p>\n<p >loginserver:</p>\n<p ><span style=\"color:#00FF00;\" >online</span></p>\n<p >And if an server is offline there should stand offline of course and the color in red.</p>\n<p > </p>\n<p >I hope someone cane make this.</p>\n<p > </p>\n<p >Thanks a lot</p>\n<p > </p>\n<p >peace</p>\n"
        },
        {
            "id": 8320,
            "timestamp": 1318356172,
            "author": {
                "id": null,
                "name": "Guest MonarC",
                "image": null
            },
            "comment": "<p >Is your server a ep 1 or ep2 ?</p>"
        },
        {
            "id": 8322,
            "timestamp": 1318356407,
            "author": {
                "id": null,
                "name": "Guest Jackster",
                "image": null
            },
            "comment": "\n<p >Easy to do this with PHP.</p>\n<p > </p>\n<p >I write something later.</p>\n"
        },
        {
            "id": 8333,
            "timestamp": 1318363659,
            "author": {
                "id": 37,
                "name": "BashVendetta",
                "image": null
            },
            "comment": "\n<p >$ServerIP = \"SERVER IP HERE\"; </p>\n<p >\t\t\t\t\t\t$ServerPort = \"4110\";</p>\n<p >\t\t\t\t\t\t$Sockres = @FSockOpen($ServerIP, $ServerPort, $errno, $errstr, 1);</p>\n<p >\t\t\t\t\t\tif (!$Sockres) {</p>\n<p >\t\t\t\t\t\t\t$Count = 0;</p>\n<p >\t\t\t\t\t\t\t$Status = \"<font color=\"#FF0000\" >Offline</font>\";\t</p>\n<p >\t\t\t\t\t\t} </p>\n<p >\t\t\t\t\t\telse {</p>\n<p >\t\t\t\t\t\t\t@FClose($Sockres);</p>\n<p >\t\t\t\t\t\t\t$Status = \"<font color=\"#008000\" >Online</font>\";</p>\n<p >\t\t\t\t\t\t}</p>\n"
        },
        {
            "id": 8378,
            "timestamp": 1318421901,
            "author": {
                "id": 3231,
                "name": "Darquise",
                "image": null
            },
            "comment": "<p >I use ep2</p>"
        },
        {
            "id": 8381,
            "timestamp": 1318425873,
            "author": {
                "id": null,
                "name": "Guest joken",
                "image": null
            },
            "comment": "\n<p >Hey, </p>\n<p > </p>\n<p >i wrote a small Server Start+Stop Tool - and a upload function (uploads a textfile on your webspace with Login/Game-Server Status), is that enough? Ill publish it then.</p>\n<p > </p>\n<p >Cheers</p>\n"
        },
        {
            "id": 8439,
            "timestamp": 1318443160,
            "author": {
                "id": 3231,
                "name": "Darquise",
                "image": null
            },
            "comment": "\n<blockquote data-ipsquote=\"\" class=\"ipsQuote\" data-ipsquote-contentapp=\"forums\" data-ipsquote-contenttype=\"forums\" data-ipsquote-contentid=\"1009\" data-ipsquote-contentclass=\"forums_Topic\" ><div >aSH' date=' post: 10848\"']$ServerIP = \"SERVER IP HERE\"; <p >\t\t\t\t\t\t$ServerPort = \"4110\";</p>\n<p >\t\t\t\t\t\t$Sockres = @FSockOpen($ServerIP, $ServerPort, $errno, $errstr, 1);</p>\n<p >\t\t\t\t\t\tif (!$Sockres) {</p>\n<p >\t\t\t\t\t\t\t$Count = 0;</p>\n<p >\t\t\t\t\t\t\t$Status = \"<font color=\"#FF0000\" >Offline</font>\";\t</p>\n<p >\t\t\t\t\t\t} </p>\n<p >\t\t\t\t\t\telse {</p>\n<p >\t\t\t\t\t\t\t@FClose($Sockres);</p>\n<p >\t\t\t\t\t\t\t$Status = \"<font color=\"#008000\" >Online</font>\";</p>\n<p >\t\t\t\t\t\t}</p>\n</div></blockquote>\n<p > </p>\n<p >this does not work for me</p>\n"
        },
        {
            "id": 8441,
            "timestamp": 1318443560,
            "author": {
                "id": null,
                "name": "Guest Jackster",
                "image": null
            },
            "comment": "\n<blockquote data-ipsquote=\"\" class=\"ipsQuote\" data-ipsquote-username=\"\\\" data-cite=\"\\\" data-ipsquote-contentapp=\"forums\" data-ipsquote-contenttype=\"forums\" data-ipsquote-contentid=\"1009\" data-ipsquote-contentclass=\"forums_Topic\" ><div >this does not work for me</div></blockquote>\n<p > </p>\n<p >It is not the full code.</p>\n"
        },
        {
            "id": 8502,
            "timestamp": 1318505910,
            "author": {
                "id": 37,
                "name": "BashVendetta",
                "image": null
            },
            "comment": "\n<p >Here is the exact coding I use for Server Status, Users Online, Accounts Created, also a small rates part as well and Castle Owner reader.</p>\n<p > </p>\n<p ><span style=\"color:#FF0000;\" >NOTE: I have done a db cleanup I no longer have newproject_db_auth as I have merged it to be more organised with coding, I also wont release the sql dump due to customised tables etc for security.</span></p>\n<p > </p>\n<blockquote data-ipsquote=\"\" class=\"ipsQuote\" data-ipsquote-contentapp=\"forums\" data-ipsquote-contenttype=\"forums\" data-ipsquote-contentid=\"1009\" data-ipsquote-contentclass=\"forums_Topic\" ><div >\n<p >\t\t\t\t\t<?</p>\n<p >\t\t\t\t\t\t$CountOnlineUsersQuery = MySQL_Query(\"SELECT a_zone_num FROM t_users WHERE a_zone_num > -1\");</p>\n<p >\t\t\t\t\t\t$CountUsers = Mysql_Num_Rows($CountOnlineUsersQuery);</p>\n<p >\t\t\t\t\t\t$CountAccounts = 0;</p>\n<p >\t\t\t\t\t\t$CountAccountsQuery = Mysql_Query(\"SELECT * from bg_user\");</p>\n<p >\t\t\t\t\t\tWHILE ($AccountRows = MySQL_Fetch_Array($CountAccountsQuery)) {</p>\n<p >\t\t\t\t\t\t\t$CountAccounts++;</p>\n<p >\t\t\t\t\t\t}</p>\n<p >\t\t\t\t\t\t$ServerIP = \"PUT SERVER IP HERE\"; </p>\n<p >\t\t\t\t\t\t$ServerPort = \"4110\";</p>\n<p >\t\t\t\t\t\t$Sockres = @FSockOpen($ServerIP, $ServerPort, $errno, $errstr, 1);</p>\n<p >\t\t\t\t\t\tif (!$Sockres) {</p>\n<p >\t\t\t\t\t\t\t$Status = \"<font color=\"#FF0000\" >Offline</font>\";\t</p>\n<p >\t\t\t\t\t\t} </p>\n<p >\t\t\t\t\t\telse {</p>\n<p >\t\t\t\t\t\t\t@FClose($Sockres);</p>\n<p >\t\t\t\t\t\t\t$Status = \"<font color=\"#008000\" >Online</font>\";</p>\n<p >\t\t\t\t\t\t}</p>\n<p >\t\t\t\t\t\techo\"</p>\n<p >\t\t\t\t\t\t<b >Server Status:</b> $Status </p>\n<p > </p>\n<p >\t\t\t\t\t\t<b >Users Online:</b> $CountUsers </p>\n<p > </p>\n<p >\t\t\t\t\t\t<b >Accounts:</b> $CountAccounts </p>\n<p > </p>\n<p > </p>\n<p >\";</p>\n<p >\t\t\t\t\t\t$GetMeracCastleOwnerQuery = Mysql_Query(\"SELECT a_owner_guild_name FROM t_castle WHERE a_zone_index = 7\");</p>\n<p >\t\t\t\t\t\t$GetMeracCastleOwnerFetch = Mysql_Fetch_Array($GetMeracCastleOwnerQuery);</p>\n<p >\t\t\t\t\t\t$MeracOwner = $GetMeracCastleOwnerFetch[a_owner_guild_name];</p>\n<p >\t\t\t\t\t\t$GetDratanCastleOwnerQuery = Mysql_Query(\"SELECT a_owner_guild_name FROM t_castle WHERE a_zone_index = 4\");</p>\n<p >\t\t\t\t\t\t$GetDratanCastleOwnerFetch = Mysql_Fetch_Array($GetDratanCastleOwnerQuery);</p>\n<p >\t\t\t\t\t\t$DratanOwner = $GetDratanCastleOwnerFetch[a_owner_guild_name];</p>\n<p >\t\t\t\t\t\tIF ($MeracOwner == NULL) {</p>\n<p >\t\t\t\t\t\t\t$MeracOwner = \"NO GUILD\";</p>\n<p >\t\t\t\t\t\t}</p>\n<p >\t\t\t\t\t\tIF ($DratanOwner == NULL) {</p>\n<p >\t\t\t\t\t\t\t$DratanOwner = \"NO GUILD\";</p>\n<p >\t\t\t\t\t\t}</p>\n<p >\t\t\t\t\t\techo\"</p>\n<p >\t\t\t\t\t\t<b >Merac Owner:</b> <font color=\"#FF0000\" >$MeracOwner</font></p>\n<p > </p>\n<p >\t\t\t\t\t\t<b >Dratan Owner:</b> <font color=\"#FFFF00\" >$DratanOwner</font></p>\n<p > </p>\n<p > </p>\n<p > </p>\n<p >\t\t\t\t\t\t<b >Rates:</b></p>\n<p > </p>\n<p >\t\t\t\t\t\t<b >Exp:</b> x1 </p>\n<p > </p>\n<p >\t\t\t\t\t\t<b >SP:</b> x1 </p>\n<p > </p>\n<p >\t\t\t\t\t\t<b >Drop:</b> x1 </p>\n<p > </p>\n<p >\t\t\t\t\t\t<b >Gold:</b> x1 </p>\n<p >\";</p>\n<p >\t\t\t\t\t?></p>\n<p ></p>\n</p></div></blockquote>\n"
        },
        {
            "id": 8678,
            "timestamp": 1318718715,
            "author": {
                "id": 3231,
                "name": "Darquise",
                "image": null
            },
            "comment": "<p >Nice but I only need the severstatus how can I delete all the other stuff?</p>"
        },
        {
            "id": 8694,
            "timestamp": 1318753479,
            "author": {
                "id": 37,
                "name": "BashVendetta",
                "image": null
            },
            "comment": "\n<p >Yeah just use:</p>\n<p > </p>\n<p >$ServerIP = \"PUT SERVER IP HERE\"; </p>\n<p >$ServerPort = \"4110\";</p>\n<p > $Sockres = @FSockOpen($ServerIP, $ServerPort, $errno, $errstr, 1);</p>\n<p > if (!$Sockres) {</p>\n<p > $Status = \"<font color=\"#FF0000\" >Offline</font>\"; </p>\n<p >} </p>\n<p >else {</p>\n<p > @FClose($Sockres);</p>\n<p > $Status = \"<font color=\"#008000\" >Online</font>\";</p>\n<p > }</p>\n"
        },
        {
            "id": 8715,
            "timestamp": 1318763922,
            "author": {
                "id": 3231,
                "name": "Darquise",
                "image": null
            },
            "comment": "\n<blockquote data-ipsquote=\"\" class=\"ipsQuote\" data-ipsquote-contentapp=\"forums\" data-ipsquote-contenttype=\"forums\" data-ipsquote-contentid=\"1009\" data-ipsquote-contentclass=\"forums_Topic\" ><div >aSH' date=' post: 11309\"']Yeah just use:<p > </p>\n<p >$ServerIP = \"PUT SERVER IP HERE\"; </p>\n<p >$ServerPort = \"4110\";</p>\n<p > $Sockres = @FSockOpen($ServerIP, $ServerPort, $errno, $errstr, 1);</p>\n<p > if (!$Sockres) {</p>\n<p > $Status = \"<font color=\"#FF0000\" >Offline</font>\"; </p>\n<p >} </p>\n<p >else {</p>\n<p > @FClose($Sockres);</p>\n<p > $Status = \"<font color=\"#008000\" >Online</font>\";</p>\n<p > }</p>\n</div></blockquote>\n<p > </p>\n<p > </p>\n<p >hmm but this isn\u00c2\u00b4t working.</p>\n"
        },
        {
            "id": 8720,
            "timestamp": 1318765411,
            "author": {
                "id": null,
                "name": "Guest joken",
                "image": null
            },
            "comment": "<p >If you want you can try out my tool. It can be found <a href=\"http://chaos.wizatek.be/showthread.php?1452-EAT-Emulator-Administration-Tool\" rel=\"external nofollow\" >here</a>.</p>"
        },
        {
            "id": 8777,
            "timestamp": 1318870459,
            "author": {
                "id": 37,
                "name": "BashVendetta",
                "image": null
            },
            "comment": "\n<blockquote data-ipsquote=\"\" class=\"ipsQuote\" data-ipsquote-username=\"\\\" data-cite=\"\\\" data-ipsquote-contentapp=\"forums\" data-ipsquote-contenttype=\"forums\" data-ipsquote-contentid=\"1009\" data-ipsquote-contentclass=\"forums_Topic\" ><div >hmm but this isn\u00c2\u00b4t working.</div></blockquote>\n<p > </p>\n<p >Works fine for me.</p>\n"
        },
        {
            "id": 11527,
            "timestamp": 1321610159,
            "author": {
                "id": null,
                "name": "Guest --1--",
                "image": null
            },
            "comment": "<p >Where can I save those php code?</p>"
        }
    ]
}