{
    "meta": {
        "threadId": 10094,
        "threadName": "Using Linux (OpenSUSE) in windows",
        "dateCreated": "2013-06-20T01:54:07+0000",
        "datePublished": "2013-06-20T01:54:07+0000",
        "pageCount": 1,
        "originalUrl": "https://lckb.dev/forum/index.php?/topic/10094-using-linux-opensuse-in-windows/",
        "authorId": 18211,
        "position": [
            {
                "@type": "ListItem",
                "position": 1,
                "item": {
                    "@id": "https://lckb.dev/forum/index.php?/forum/100-guides-help-section/",
                    "name": "Guides &amp; Help Section"
                }
            },
            {
                "@type": "ListItem",
                "position": 2,
                "item": {
                    "@id": "https://lckb.dev/forum/index.php?/forum/332-tutorials-guides/",
                    "name": "Tutorials &amp; Guides"
                }
            },
            {
                "@type": "ListItem",
                "position": 3,
                "item": {
                    "@id": "https://lckb.dev/forum/index.php?/forum/107-ep2-guides/",
                    "name": "Ep2 Guides"
                }
            }
        ]
    },
    "commentData": [
        {
            "id": 75983,
            "timestamp": 1371693247,
            "author": {
                "id": 18211,
                "name": "mrseed",
                "image": null
            },
            "comment": "\n<p >Hi guys,<br /><br />I want to share my finding for using linux in windows. Still more to download  :blink:</p>\n<p >This is only for information not a guide for installing LC episode 2/3 (which right now im still testing it).<br />Also, im not in linux but im learning  :ignat_02:</p>\n<p > </p>\n<p >What you need is (to download) and make sure you have current version that meet you pcs requirement :<br /><br /><a href=\"https://www.virtualbox.org/\" rel=\"external nofollow\" >Virtual Box</a><br />and</p>\n<p ><a href=\"https://www.opensuse.org/en/\" rel=\"external nofollow\" >OpenSuSE</a></p>\n<p > </p>\n<p >youtube tutorial:<br /> </p>\n<p >\n</p>\n<div class=\"ipsEmbeddedVideo\" ><div ><iframe width=\"200\" height=\"113\" frameborder=\"0\" allowfullscreen=\"\" data-embed-src=\"https://www.youtube.com/embed/Fu6z12W8u_k?feature=oembed\" ></iframe></div></div>\n<p >\n</p>\n<div class=\"ipsEmbeddedVideo\" ><div ><iframe width=\"200\" height=\"113\" frameborder=\"0\" allowfullscreen=\"\" data-embed-src=\"https://www.youtube.com/embed/_fJfDD-KzUM?feature=oembed\" ></iframe></div></div>\n<p > </p>\n<p >Soon, i will post my tutorial on how to use this linux version in installing LC latest episode.<br /><br /><span style=\"color:#0000ff;\" ><strong >if this help, \"like this\" button much appreciated.  :ignat_02:</strong></span><strong > </strong></p>\n<p > </p>\n"
        }
    ]
}