{
    "meta": {
        "threadId": 10093,
        "threadName": "Juno Edit ~ New Arena ~ New Spawn zone",
        "dateCreated": "2013-06-20T01:14:23+0000",
        "datePublished": "2013-06-20T01:14:23+0000",
        "pageCount": 2,
        "originalUrl": "https://lckb.dev/forum/index.php?/topic/10093-juno-edit-~-new-arena-~-new-spawn-zone/",
        "authorId": 1300,
        "position": [
            {
                "@type": "ListItem",
                "position": 1,
                "item": {
                    "@id": "https://lckb.dev/forum/index.php?/forum/271-general-section/",
                    "name": "General Section"
                }
            },
            {
                "@type": "ListItem",
                "position": 2,
                "item": {
                    "@id": "https://lckb.dev/forum/index.php?/forum/43-development-showroom/",
                    "name": "Development Showroom"
                }
            }
        ]
    },
    "commentData": [
        {
            "id": 75982,
            "timestamp": 1371690863,
            "author": {
                "id": 1300,
                "name": "XxTINTINxX",
                "image": null
            },
            "comment": "\n<p >Hey !<br /><br />This is the first map I edited  with the LastChaos Serious Editor.<br /><br />I hope you enjoy :)</p>\n<p > </p>\n<p > </p>\n<p > </p>\n<p ><u ><span style=\"font-family:'comic sans ms', cursive;\" ><span style=\"font-size:24px;\" >Arena :</span></span></u></p>\n<p > </p>\n<p ><img alt=\"648641junoxx1.jpg\" src=\"http://img15.hostingpics.net/pics/648641junoxx1.jpg\" /></p>\n<p > </p>\n<p ><span style=\"font-size:24px;\" ><span style=\"font-family:'comic sans ms', cursive;\" ><u >Spawn Zone :</u></span></span></p>\n<p > </p>\n<p ><img alt=\"130622031342419826.png\" src=\"http://nsa34.casimages.com/img/2013/06/22/130622031342419826.png\" /></p>\n\n\n\t\t\t\n\t\t\t\t\n\n<span class=\"ipsType_reset ipsType_medium ipsType_light\" data-excludequote=\"None\" >\n\t<strong >Edited <time datetime=\"2013-06-22T01:14:35Z\" title=\"06/22/2013 01:14  AM\" data-short=\"7 yr\" >June 22, 2013</time> by XxTINTINxX</strong>\n\t\n\t\n</span>\n\t\t\t\n\t\t</div>"
        },
        {
            "id": 75985,
            "timestamp": 1371694489,
            "author": {
                "id": 15369,
                "name": "DieYoung",
                "image": null
            },
            "comment": "<p >that looks nice :D good job</p>"
        },
        {
            "id": 75987,
            "timestamp": 1371695532,
            "author": {
                "id": 1300,
                "name": "XxTINTINxX",
                "image": null
            },
            "comment": "<p >Thx :)</p>"
        },
        {
            "id": 76000,
            "timestamp": 1371706758,
            "author": {
                "id": 3095,
                "name": "evrey1995",
                "image": null
            },
            "comment": "<p >good</p>"
        },
        {
            "id": 76004,
            "timestamp": 1371708885,
            "author": {
                "id": 15306,
                "name": "Noizy",
                "image": null
            },
            "comment": "<p >Looks cool :) but you edited blockzones too? :D</p>\n\n\t\t\t\n\t\t\t\t\n\n<span class=\"ipsType_reset ipsType_medium ipsType_light\" data-excludequote=\"None\" >\n\t<strong >Edited <time datetime=\"2013-06-20T06:16:00Z\" title=\"06/20/2013 06:16  AM\" data-short=\"7 yr\" >June 20, 2013</time> by Noizy</strong>\n\t\n\t\n</span>\n\t\t\t\n\t\t</div>"
        },
        {
            "id": 76037,
            "timestamp": 1371725910,
            "author": {
                "id": 13502,
                "name": "XxMachaxX",
                "image": null
            },
            "comment": "<p >Nice TinTin</p>"
        },
        {
            "id": 76044,
            "timestamp": 1371728641,
            "author": {
                "id": 17220,
                "name": "Bonnie",
                "image": null
            },
            "comment": "<p >Cool! :D </p>"
        },
        {
            "id": 76096,
            "timestamp": 1371739929,
            "author": {
                "id": 2167,
                "name": "dethunter12",
                "image": null
            },
            "comment": "<p >nice!</p>"
        },
        {
            "id": 76118,
            "timestamp": 1371743316,
            "author": {
                "id": 6038,
                "name": "RomainLastChaos",
                "image": null
            },
            "comment": "<p >Easy</p>"
        },
        {
            "id": 76144,
            "timestamp": 1371749919,
            "author": {
                "id": 1300,
                "name": "XxTINTINxX",
                "image": null
            },
            "comment": "<p ># New screens added, thx to noizy for his help with the zone bloc :)</p>\n\n\t\t\t\n\t\t\t\t\n\n<span class=\"ipsType_reset ipsType_medium ipsType_light\" data-excludequote=\"None\" >\n\t<strong >Edited <time datetime=\"2013-06-20T17:38:52Z\" title=\"06/20/2013 05:38  PM\" data-short=\"7 yr\" >June 20, 2013</time> by XxTINTINxX</strong>\n\t\n\t\n</span>\n\t\t\t\n\t\t</div>"
        },
        {
            "id": 76150,
            "timestamp": 1371750858,
            "author": {
                "id": 3721,
                "name": "filix_93",
                "image": null
            },
            "comment": "\n<p >the first have a rly bad look xD</p>\n<p > </p>\n<p >but the second one its very nice :)</p>\n"
        },
        {
            "id": 76151,
            "timestamp": 1371751023,
            "author": {
                "id": 1300,
                "name": "XxTINTINxX",
                "image": null
            },
            "comment": "\n<blockquote data-ipsquote=\"\" class=\"ipsQuote\" data-ipsquote-contentcommentid=\"76150\" data-ipsquote-contentapp=\"forums\" data-ipsquote-contenttype=\"forums\" data-ipsquote-contentclass=\"forums_Topic\" data-ipsquote-contentid=\"10093\" data-ipsquote-username=\"filix_93\" data-cite=\"filix_93\" data-ipsquote-timestamp=\"1371750858\" ><div ><div >\n<p >the first have a rly bad look xD</p>\n<p > </p>\n<p >but the second one its very nice :)</p>\n</div></div></blockquote>\n<p >Yeah xD the first was just a test.</p>\n"
        },
        {
            "id": 76157,
            "timestamp": 1371753007,
            "author": {
                "id": 13652,
                "name": "MrSKULL",
                "image": null
            },
            "comment": "<p >Good job , dude.</p>"
        },
        {
            "id": 76162,
            "timestamp": 1371755406,
            "author": {
                "id": 1300,
                "name": "XxTINTINxX",
                "image": null
            },
            "comment": "\n<blockquote data-ipsquote=\"\" class=\"ipsQuote\" data-ipsquote-contentcommentid=\"76157\" data-ipsquote-contentapp=\"forums\" data-ipsquote-contenttype=\"forums\" data-ipsquote-contentclass=\"forums_Topic\" data-ipsquote-contentid=\"10093\" data-ipsquote-username=\"MrSKULL\" data-cite=\"MrSKULL\" data-ipsquote-timestamp=\"1371753007\" ><div ><div ><p >Good job , dude.</p></div></div></blockquote>\n<p >Thx :)</p>\n"
        },
        {
            "id": 76167,
            "timestamp": 1371756202,
            "author": {
                "id": 161,
                "name": "Koko",
                "image": null
            },
            "comment": "<p >Looks kinda nice, well done ;) Lets see how creative ppl can be now this tool is public!</p>"
        },
        {
            "id": 76171,
            "timestamp": 1371756503,
            "author": {
                "id": 1300,
                "name": "XxTINTINxX",
                "image": null
            },
            "comment": "\n<blockquote data-ipsquote=\"\" class=\"ipsQuote\" data-ipsquote-contentcommentid=\"76167\" data-ipsquote-contentapp=\"forums\" data-ipsquote-contenttype=\"forums\" data-ipsquote-contentclass=\"forums_Topic\" data-ipsquote-contentid=\"10093\" data-ipsquote-username=\"Koko\" data-cite=\"Koko\" data-ipsquote-timestamp=\"1371756202\" ><div ><div ><p >Looks kinda nice, well done ;) Lets see how creative ppl can be now this tool is public!</p></div></div></blockquote>\n<p >Yes, I hope we will have some new nice maps :)</p>\n"
        },
        {
            "id": 76178,
            "timestamp": 1371757275,
            "author": {
                "id": 15306,
                "name": "Noizy",
                "image": null
            },
            "comment": "\n<blockquote data-ipsquote=\"\" class=\"ipsQuote\" data-ipsquote-contentcommentid=\"76171\" data-ipsquote-contentapp=\"forums\" data-ipsquote-contenttype=\"forums\" data-ipsquote-contentclass=\"forums_Topic\" data-ipsquote-contentid=\"10093\" data-ipsquote-username=\"XxTINTINxX\" data-cite=\"XxTINTINxX\" data-ipsquote-timestamp=\"1371756503\" ><div ><div ><p >Yes, I hope we will have some new nice maps :)</p></div></div></blockquote>\n<p >with this editor no :) if anyone have public then maybe :P</p>\n"
        },
        {
            "id": 76209,
            "timestamp": 1371763038,
            "author": {
                "id": 13494,
                "name": "Ichy",
                "image": null
            },
            "comment": "<p >Good job! it\u00c3\u201a\u00c2\u00b4s really good</p>"
        },
        {
            "id": 76210,
            "timestamp": 1371763219,
            "author": {
                "id": 1300,
                "name": "XxTINTINxX",
                "image": null
            },
            "comment": "\n<blockquote data-ipsquote=\"\" class=\"ipsQuote\" data-ipsquote-contentcommentid=\"76209\" data-ipsquote-contentapp=\"forums\" data-ipsquote-contenttype=\"forums\" data-ipsquote-contentclass=\"forums_Topic\" data-ipsquote-contentid=\"10093\" data-ipsquote-username=\"Ichy\" data-cite=\"Ichy\" data-ipsquote-timestamp=\"1371763038\" ><div ><div ><p >Good job! it\u00c3\u201a\u00c2\u00b4s really good</p></div></div></blockquote>\n<p >Thx :D</p>\n"
        },
        {
            "id": 76211,
            "timestamp": 1371763799,
            "author": {
                "id": 17439,
                "name": "peke1996",
                "image": null
            },
            "comment": "<p >Nice!</p>"
        },
        {
            "id": 76215,
            "timestamp": 1371764907,
            "author": {
                "id": 1300,
                "name": "XxTINTINxX",
                "image": null
            },
            "comment": "\n<blockquote data-ipsquote=\"\" class=\"ipsQuote\" data-ipsquote-contentcommentid=\"76211\" data-ipsquote-contentapp=\"forums\" data-ipsquote-contenttype=\"forums\" data-ipsquote-contentclass=\"forums_Topic\" data-ipsquote-contentid=\"10093\" data-ipsquote-username=\"peke1996\" data-cite=\"peke1996\" data-ipsquote-timestamp=\"1371763799\" ><div ><div ><p >Nice!</p></div></div></blockquote>\n<p >Thanks :)</p>\n"
        },
        {
            "id": 76238,
            "timestamp": 1371797615,
            "author": {
                "id": 18192,
                "name": "bratyxa",
                "image": null
            },
            "comment": "<p >God job man !! ^_^</p>"
        },
        {
            "id": 76279,
            "timestamp": 1371813439,
            "author": {
                "id": 1139,
                "name": "lordzik112",
                "image": null
            },
            "comment": "<p >Nice <3</p>"
        },
        {
            "id": 76344,
            "timestamp": 1371830865,
            "author": {
                "id": 1300,
                "name": "XxTINTINxX",
                "image": null
            },
            "comment": "<p >Thx guys :D</p>"
        },
        {
            "id": 76427,
            "timestamp": 1371863699,
            "author": {
                "id": 1300,
                "name": "XxTINTINxX",
                "image": null
            },
            "comment": "<p >#Spawn Zone screen added</p>"
        },
        {
            "id": 76430,
            "timestamp": 1371864057,
            "author": {
                "id": 2835,
                "name": "halohalo",
                "image": null
            },
            "comment": "<p >really nice spawn :) With this editor, everyone can show its own imagination and creativity :)</p>\n\n\t\t\t\n\t\t\t\t\n\n<span class=\"ipsType_reset ipsType_medium ipsType_light\" data-excludequote=\"None\" >\n\t<strong >Edited <time datetime=\"2013-06-22T01:21:08Z\" title=\"06/22/2013 01:21  AM\" data-short=\"7 yr\" >June 22, 2013</time> by halohalo</strong>\n\t\n\t\n</span>\n\t\t\t\n\t\t</div>"
        },
        {
            "id": 76450,
            "timestamp": 1371887883,
            "author": {
                "id": 10637,
                "name": "redbull",
                "image": null
            },
            "comment": "<p >nice : ))) release it please : ))</p>"
        },
        {
            "id": 76454,
            "timestamp": 1371890989,
            "author": {
                "id": 161,
                "name": "Koko",
                "image": null
            },
            "comment": "<p >Really like the spawn zone!</p>"
        },
        {
            "id": 76455,
            "timestamp": 1371891183,
            "author": {
                "id": 13494,
                "name": "Ichy",
                "image": null
            },
            "comment": "<p >Looks rlly rlly nice! I love that spawn area</p>"
        },
        {
            "id": 76456,
            "timestamp": 1371891409,
            "author": {
                "id": 13652,
                "name": "MrSKULL",
                "image": null
            },
            "comment": "\n<p >LOL AMAZING SPAWN ZONE !</p>\n<p > </p>\n<p >GOOD JOB !</p>\n"
        },
        {
            "id": 76463,
            "timestamp": 1371897189,
            "author": {
                "id": 17613,
                "name": "ZaTii",
                "image": null
            },
            "comment": "\n<p >Blockzone done too?</p>\n<p > </p>\n<p >When not its useless..</p>\n"
        },
        {
            "id": 76482,
            "timestamp": 1371901006,
            "author": {
                "id": 1300,
                "name": "XxTINTINxX",
                "image": null
            },
            "comment": "<p >yes :) I finish to fix some litle bug and I will release this map :)</p>"
        },
        {
            "id": 76488,
            "timestamp": 1371902365,
            "author": {
                "id": 17613,
                "name": "ZaTii",
                "image": null
            },
            "comment": "\n<blockquote data-ipsquote=\"\" class=\"ipsQuote\" data-ipsquote-contentcommentid=\"76482\" data-ipsquote-contentapp=\"forums\" data-ipsquote-contenttype=\"forums\" data-ipsquote-contentclass=\"forums_Topic\" data-ipsquote-contentid=\"10093\" data-ipsquote-username=\"XxTINTINxX\" data-cite=\"XxTINTINxX\" data-ipsquote-timestamp=\"1371901006\" ><div ><div ><p >yes :) I finish to fix some litle bug and I will release this map :)</p></div></div></blockquote>\n<p >gj</p>\n<p > </p>\n<p >maybe add me in skype `?</p>\n"
        },
        {
            "id": 76498,
            "timestamp": 1371904056,
            "author": {
                "id": 1300,
                "name": "XxTINTINxX",
                "image": null
            },
            "comment": "\n<blockquote data-ipsquote=\"\" class=\"ipsQuote\" data-ipsquote-contentcommentid=\"76488\" data-ipsquote-contentapp=\"forums\" data-ipsquote-contenttype=\"forums\" data-ipsquote-contentclass=\"forums_Topic\" data-ipsquote-contentid=\"10093\" data-ipsquote-username=\"ZaTii\" data-cite=\"ZaTii\" data-ipsquote-timestamp=\"1371902365\" ><div ><div >\n<p >gj</p>\n<p > </p>\n<p >maybe add me in skype `?</p>\n</div></div></blockquote>\n<p >Added :)</p>\n"
        },
        {
            "id": 76505,
            "timestamp": 1371906514,
            "author": {
                "id": 588,
                "name": "Natzn",
                "image": null
            },
            "comment": "<p >Yeah this is really nice :)</p>"
        },
        {
            "id": 76507,
            "timestamp": 1371907480,
            "author": {
                "id": 2835,
                "name": "halohalo",
                "image": null
            },
            "comment": "<p >My question is, players will spawn around the new spawn zone or below the stairs? Because i think you may have to edit gs to spawn it around it...</p>\n\n\t\t\t\n\t\t\t\t\n\n<span class=\"ipsType_reset ipsType_medium ipsType_light\" data-excludequote=\"None\" >\n\t<strong >Edited <time datetime=\"2013-06-22T13:25:17Z\" title=\"06/22/2013 01:25  PM\" data-short=\"7 yr\" >June 22, 2013</time> by halohalo</strong>\n\t\n\t\n</span>\n\t\t\t\n\t\t</div>"
        },
        {
            "id": 76508,
            "timestamp": 1371907595,
            "author": {
                "id": 1300,
                "name": "XxTINTINxX",
                "image": null
            },
            "comment": "<p >yes for the moment I spawn  under the spawnzone but I will try to fix it :)</p>"
        },
        {
            "id": 76509,
            "timestamp": 1371908255,
            "author": {
                "id": 161,
                "name": "Koko",
                "image": null
            },
            "comment": "<p >Couldnt u fix it by adding a second layer?</p>"
        },
        {
            "id": 76511,
            "timestamp": 1371908410,
            "author": {
                "id": 1300,
                "name": "XxTINTINxX",
                "image": null
            },
            "comment": "\n<blockquote data-ipsquote=\"\" class=\"ipsQuote\" data-ipsquote-contentcommentid=\"76509\" data-ipsquote-contentapp=\"forums\" data-ipsquote-contenttype=\"forums\" data-ipsquote-contentclass=\"forums_Topic\" data-ipsquote-contentid=\"10093\" data-ipsquote-username=\"Koko\" data-cite=\"Koko\" data-ipsquote-timestamp=\"1371908255\" ><div ><div ><p >Couldnt u fix it by adding a second layer?</p></div></div></blockquote>\n<p >Yes its a good idea, I will try. For the moment I can walk on the stairs, but I spawn under... :S</p>\n<p > </p>\n<p ><img alt=\"shot_06_22_13_15_35_13.jpg\" src=\"http://s15.postimg.org/jgi21pp3u/shot_06_22_13_15_35_13.jpg\" /></p>\n"
        },
        {
            "id": 76534,
            "timestamp": 1371914856,
            "author": {
                "id": 16301,
                "name": "PhoenixFIaver",
                "image": null
            },
            "comment": "<p >This is lush I like it  :)</p>"
        },
        {
            "id": 76542,
            "timestamp": 1371917730,
            "author": {
                "id": 16954,
                "name": "spadge88",
                "image": null
            },
            "comment": "<p >nice :D</p>"
        },
        {
            "id": 76544,
            "timestamp": 1371919653,
            "author": {
                "id": 10456,
                "name": "Tarissuis",
                "image": null
            },
            "comment": "\n<blockquote data-ipsquote=\"\" class=\"ipsQuote\" data-ipsquote-contentcommentid=\"76508\" data-ipsquote-contentapp=\"forums\" data-ipsquote-contenttype=\"forums\" data-ipsquote-contentclass=\"forums_Topic\" data-ipsquote-contentid=\"10093\" data-ipsquote-username=\"XxTINTINxX\" data-cite=\"XxTINTINxX\" data-ipsquote-timestamp=\"1371907595\" ><div ><div ><p >yes for the moment I spawn  under the spawnzone but I will try to fix it :)</p></div></div></blockquote>\n<p > </p>\n<p >just add a second layer as already mentioned, then itll work 100%, ive already done it like this. I like what youre doing, Ill keep an eye on your posts ;)</p>\n<p > </p>\n<p >PS: Editor was made public on elitepvpers for all of you who are still searching for it.</p>\n<p > </p>\n<p >Regards</p>\n<p >Tarissuis</p>\n"
        },
        {
            "id": 76545,
            "timestamp": 1371920113,
            "author": {
                "id": 1300,
                "name": "XxTINTINxX",
                "image": null
            },
            "comment": "\n<blockquote data-ipsquote=\"\" class=\"ipsQuote\" data-ipsquote-contentcommentid=\"76542\" data-ipsquote-contentapp=\"forums\" data-ipsquote-contenttype=\"forums\" data-ipsquote-contentclass=\"forums_Topic\" data-ipsquote-contentid=\"10093\" data-ipsquote-username=\"spadge88\" data-cite=\"spadge88\" data-ipsquote-timestamp=\"1371917730\" ><div ><div ><p >nice :D</p></div></div></blockquote>\n<p > </p>\n<p > </p>\n<blockquote data-ipsquote=\"\" class=\"ipsQuote\" data-ipsquote-contentcommentid=\"76544\" data-ipsquote-contentapp=\"forums\" data-ipsquote-contenttype=\"forums\" data-ipsquote-contentclass=\"forums_Topic\" data-ipsquote-contentid=\"10093\" data-ipsquote-username=\"ITarissuisI\" data-cite=\"ITarissuisI\" data-ipsquote-timestamp=\"1371919653\" ><div ><div >\n<p >just add a second layer as already mentioned, then itll work 100%, ive already done it like this. I like what youre doing, Ill keep an eye on your posts ;)</p>\n<p > </p>\n<p >PS: Editor was made public on elitepvpers for all of you who are still searching for it.</p>\n<p > </p>\n<p >Regards</p>\n<p >Tarissuis</p>\n</div></div></blockquote>\n<p > </p>\n<p >Thx a lot :)</p>\n"
        }
    ]
}