{
    "meta": {
        "threadId": 1011,
        "threadName": "Problem with pet",
        "dateCreated": "2011-10-12T06:10:36+0000",
        "datePublished": "2011-10-12T06:10:36+0000",
        "pageCount": 1,
        "originalUrl": "https://lckb.dev/forum/index.php?/topic/1011-problem-with-pet/",
        "authorId": null,
        "position": [
            {
                "@type": "ListItem",
                "position": 1,
                "item": {
                    "@id": "https://lckb.dev/forum/index.php?/forum/271-general-section/",
                    "name": "General Section"
                }
            },
            {
                "@type": "ListItem",
                "position": 2,
                "item": {
                    "@id": "https://lckb.dev/forum/index.php?/forum/259-general-discussion/",
                    "name": "General Discussion"
                }
            }
        ]
    },
    "commentData": [
        {
            "id": 8355,
            "timestamp": 1318399836,
            "author": {
                "id": null,
                "name": "Guest ichigo14000",
                "image": null
            },
            "comment": "\n<p >hi everyone i have little lol problem with pet i kill mob kill blabla and not get pet eg..ok i not cry i make egg or pet...and no quest o_O?why?...and so...ok im PET i click summon and not happening :-\\ what the problem I?plz tell me</p>\n<p >--fixed Pet ID 0 0 1 0 0 0 0 and work :P</p>\n<p >but no normal drop -_-</p>\n"
        }
    ]
}