{
    "meta": {
        "threadId": 1012,
        "threadName": "Fucking Bug in dratan -_-",
        "dateCreated": "2011-10-12T06:32:37+0000",
        "datePublished": "2011-10-12T06:32:37+0000",
        "pageCount": 1,
        "originalUrl": "https://lckb.dev/forum/index.php?/topic/1012-fucking-bug-in-dratan-_/",
        "authorId": null,
        "position": [
            {
                "@type": "ListItem",
                "position": 1,
                "item": {
                    "@id": "https://lckb.dev/forum/index.php?/forum/271-general-section/",
                    "name": "General Section"
                }
            },
            {
                "@type": "ListItem",
                "position": 2,
                "item": {
                    "@id": "https://lckb.dev/forum/index.php?/forum/259-general-discussion/",
                    "name": "General Discussion"
                }
            }
        ]
    },
    "commentData": [
        {
            "id": 8356,
            "timestamp": 1318401157,
            "author": {
                "id": null,
                "name": "Guest ichigo14000",
                "image": null
            },
            "comment": "<p >hi everyone i found bad big bug..i teleport dratan after logout and relogin my charater totaly DEAD why ?>dead=crash</p>"
        }
    ]
}