{
    "meta": {
        "threadId": 10128,
        "threadName": "libmysqlclient error",
        "dateCreated": "2013-06-21T20:25:12+0000",
        "datePublished": "2013-06-21T20:25:12+0000",
        "pageCount": 4,
        "originalUrl": "https://lckb.dev/forum/index.php?/topic/10128-libmysqlclient-error/",
        "authorId": 2640,
        "position": [
            {
                "@type": "ListItem",
                "position": 1,
                "item": {
                    "@id": "https://lckb.dev/forum/index.php?/forum/100-guides-help-section/",
                    "name": "Guides &amp; Help Section"
                }
            },
            {
                "@type": "ListItem",
                "position": 2,
                "item": {
                    "@id": "https://lckb.dev/forum/index.php?/forum/335-help-support/",
                    "name": "Help &amp; Support"
                }
            },
            {
                "@type": "ListItem",
                "position": 3,
                "item": {
                    "@id": "https://lckb.dev/forum/index.php?/forum/120-ep2-support/",
                    "name": "Ep2 Support"
                }
            },
            {
                "@type": "ListItem",
                "position": 4,
                "item": {
                    "@id": "https://lckb.dev/forum/index.php?/forum/134-solved-topics/",
                    "name": "Solved Topics"
                }
            }
        ]
    },
    "commentData": [
        {
            "id": 76383,
            "timestamp": 1371846312,
            "author": {
                "id": 2640,
                "name": "Kenpachi",
                "image": null
            },
            "comment": "\n<p >can someone tell me what this means and how to fix it if possible please the error I keep getting is: ./Messenger: error while loading shared libraries: /lib/libmysqlclient.so.12: invalid ELF header</p>\n<p > </p>\n<p > </p>\n<p >Ive asked a few good friends of mine but there clueless as well. Thanks for the help in advanced :)</p>\n"
        },
        {
            "id": 76458,
            "timestamp": 1371893799,
            "author": {
                "id": 7695,
                "name": "CyberClaus",
                "image": null
            },
            "comment": "\n<p >HI, try out install the lib in question with the command :</p>\n<p > </p>\n<p ><u ><strong >yum install libmysqlclient.so.12</strong></u></p>\n<p > </p>\n<p >Cheers</p>\n"
        },
        {
            "id": 76916,
            "timestamp": 1372091828,
            "author": {
                "id": 2640,
                "name": "Kenpachi",
                "image": null
            },
            "comment": "<p >Okay I have that fixed but now I keep getting a Cannot connect to DB error o.O</p>"
        },
        {
            "id": 76942,
            "timestamp": 1372095733,
            "author": {
                "id": 7695,
                "name": "CyberClaus",
                "image": null
            },
            "comment": "<p >Did you configured your newstobm.ini correctly? Do you use password in your MySQL? A lil bit more of info pls</p>"
        },
        {
            "id": 76943,
            "timestamp": 1372095982,
            "author": {
                "id": 2640,
                "name": "Kenpachi",
                "image": null
            },
            "comment": "<p >No passwords for anything and yes I have the DB files set to 127.0.0.1 and it wont connect</p>"
        },
        {
            "id": 77178,
            "timestamp": 1372173037,
            "author": {
                "id": 2640,
                "name": "Kenpachi",
                "image": null
            },
            "comment": "\n<p >Okay update, I have tripled checked my firewall, I have checked all IP address and set all database IPs to 127.0.0.1 even tried a new Linux system. Now using Mint Linux 15 Cinn. I still get:  ~/Desktop/server/connector $ ./Connector<br />Loading Setting File...<br />2013/06/25 10:07:31 :: SYS_ERR > Connect DB</p>\n<p > </p>\n<p >If anyone can help I would really apperciate it thanks :)<br /> </p>\n"
        },
        {
            "id": 77182,
            "timestamp": 1372173485,
            "author": {
                "id": 7695,
                "name": "CyberClaus",
                "image": null
            },
            "comment": "\n<p >try this : service mysqld start</p>\n<p >if its not helping, try this</p>\n<p > </p>\n<p >go in terminal and type :</p>\n<p >mysql -uroot -p</p>\n<p > </p>\n<p >then type :</p>\n<p >use newproject_auth</p>\n<p > </p>\n<p >then :</p>\n<p >source /dirofyoursqlfiles/newproject_auth.sql</p>\n<p > </p>\n<p >and the same thing for the other databases.</p>\n"
        },
        {
            "id": 77183,
            "timestamp": 1372173886,
            "author": {
                "id": 2640,
                "name": "Kenpachi",
                "image": null
            },
            "comment": "\n<p >This is the new error I get when I do that.</p>\n<p > </p>\n<p > </p>\n<p >mysql -uroot -p<br />Enter password:<br />Welcome to the MySQL monitor.  Commands end with ; or \\g.<br />Your MySQL connection id is 336<br />Server version: 5.5.31-0ubuntu0.13.04.1 (Ubuntu)<br /><br />Copyright \u00a9 2000, 2013, Oracle and/or its affiliates. All rights reserved.<br /><br />Oracle is a registered trademark of Oracle Corporation and/or its<br />affiliates. Other names may be trademarks of their respective<br />owners.<br /><br />Type help; or \\h for help. Type \\c to clear the current input statement.<br /><br />mysql> use newproject_auth<br />ERROR 1049 (42000): Unknown database newproject_auth</p>\n"
        },
        {
            "id": 77222,
            "timestamp": 1372179113,
            "author": {
                "id": 7695,
                "name": "CyberClaus",
                "image": null
            },
            "comment": "<p >i posted newproject_auth as an example, you need to put the name of your database... come on, work with me, think a bit... i cant do all the work...</p>"
        },
        {
            "id": 77224,
            "timestamp": 1372179308,
            "author": {
                "id": 2640,
                "name": "Kenpachi",
                "image": null
            },
            "comment": "\n<p >I never changed my files thats what there called I am thinking and I know how to get everything going on a windows server. Just for some reason with linux it its not working. all my files are orignal name and all</p>\n<p > </p>\n<p >newproject_data</p>\n<p >newproject_db</p>\n<p >newproject_db_auth</p>\n<p >newproject_post</p>\n<p > </p>\n<p >those are my file names</p>\n<p > </p>\n<p >okay forgot the db part lmao</p>\n"
        },
        {
            "id": 77226,
            "timestamp": 1372180125,
            "author": {
                "id": 2640,
                "name": "Kenpachi",
                "image": null
            },
            "comment": "<p >okay all work successful now but still connection error, Iptables is disabled and firewall is off</p>"
        },
        {
            "id": 77267,
            "timestamp": 1372190444,
            "author": {
                "id": 7695,
                "name": "CyberClaus",
                "image": null
            },
            "comment": "<p >ok, you canged the ip in sl.dta? and the ports? you checked them? And the client? is patched?</p>"
        },
        {
            "id": 77277,
            "timestamp": 1372194722,
            "author": {
                "id": 2640,
                "name": "Kenpachi",
                "image": null
            },
            "comment": "<p >Not trying to run client yet because server wont start</p>"
        },
        {
            "id": 77279,
            "timestamp": 1372195048,
            "author": {
                "id": 267,
                "name": "SutWick",
                "image": null
            },
            "comment": "\n<p >I got this same problem.. server dont connect but my linux mysql client can.</p>\n<p >think im missing the libs, do you have them?</p>\n"
        },
        {
            "id": 77280,
            "timestamp": 1372195164,
            "author": {
                "id": 2640,
                "name": "Kenpachi",
                "image": null
            },
            "comment": "<p >Yea when I first tried it was saying missing libmysqlclient.so.12 then libssl.so.0.9.7 but I have them and still not working</p>"
        },
        {
            "id": 77281,
            "timestamp": 1372195445,
            "author": {
                "id": 7695,
                "name": "CyberClaus",
                "image": null
            },
            "comment": "\n<p >ok, give me a second. did you run yum update, before all?do this in terminal and tell me the result:</p>\n<p > </p>\n<p >1 - service mysqld start</p>\n<p > </p>\n<p >2 - service httpd start</p>\n"
        },
        {
            "id": 77282,
            "timestamp": 1372195511,
            "author": {
                "id": 2640,
                "name": "Kenpachi",
                "image": null
            },
            "comment": "<p >Yes even updated the system and all programs</p>"
        },
        {
            "id": 77283,
            "timestamp": 1372195581,
            "author": {
                "id": 7695,
                "name": "CyberClaus",
                "image": null
            },
            "comment": "<p >About the libs, which one are you missing?</p>"
        },
        {
            "id": 77284,
            "timestamp": 1372195627,
            "author": {
                "id": 2640,
                "name": "Kenpachi",
                "image": null
            },
            "comment": "<p >Ill have to do it when home, had to go out. Ill post update when I try it. And thanks for helping me</p>"
        },
        {
            "id": 77285,
            "timestamp": 1372195737,
            "author": {
                "id": 7695,
                "name": "CyberClaus",
                "image": null
            },
            "comment": "<p >You welcome, thats why we are here! at least myself...looool</p>"
        },
        {
            "id": 77286,
            "timestamp": 1372195932,
            "author": {
                "id": 267,
                "name": "SutWick",
                "image": null
            },
            "comment": "\n<p >I found a release of the libs in the ep2 release.</p>\n<p >\nI had already done the yum update</p>\n<p >\n </p>\n<p >\nstill no mysql connection from lc server but is working with mysql -h ip -u username -p</p>\n<p > </p>\n<p > </p>\n<p >\n<a href=\"http://grabilla.com/03619-446aa53c-795a-46d1-988e-e85a1a5503ed.html\" rel=\"external nofollow\" ><img alt=\"03619-446aa53c-795a-46d1-988e-e85a1a5503\" src=\"http://grabilla.com/03619-446aa53c-795a-46d1-988e-e85a1a5503ed.png\" ></img></a></p>\n<p > </p>\n<p >\nwtf..............</p>\n"
        },
        {
            "id": 77288,
            "timestamp": 1372196566,
            "author": {
                "id": 7695,
                "name": "CyberClaus",
                "image": null
            },
            "comment": "\n<p >Do something for me, in terminal put : ifconfig</p>\n<p >now tell me if the loopback connection is set as 127.0.0.1</p>\n<p >and another thing, its a physical machine or a VM?</p>\n"
        },
        {
            "id": 77289,
            "timestamp": 1372196910,
            "author": {
                "id": 267,
                "name": "SutWick",
                "image": null
            },
            "comment": "\n<p >yea my loopback is 127.0.0.1</p>\n<p > </p>\n<p >\nI forgot to say, my mysql server is on a spare pc on my home network on 192.168.1.155</p>\n<p >\nVbox is on my laptop running under 192.168.1.157 an my laptop is 192.168.1.150</p>\n<p > </p>\n<p >\nVbox & my laptop can connect to mysql on 192.168.1.155 in Windows navi & linux mysql client</p>\n<p >\nbut the lc server fails connection.</p>\n<p >\nLC server & lunix mysql client are on the same vbox image :-/ if one can connect the other should also but it dont.</p>\n<p > </p>\n<p >\nI have now changed the login username to root without password an still not working but the other two work fine still.</p>\n"
        },
        {
            "id": 77290,
            "timestamp": 1372197085,
            "author": {
                "id": 7695,
                "name": "CyberClaus",
                "image": null
            },
            "comment": "\n<p >ok, you have something closing the connection/port</p>\n<p >Did you disabled iptables and tested?</p>\n<p >Also, your configuracion is set correctly?</p>\n<p >And another thing, the configuration of the mysql is done correctly?</p>\n"
        },
        {
            "id": 77292,
            "timestamp": 1372197233,
            "author": {
                "id": 267,
                "name": "SutWick",
                "image": null
            },
            "comment": "\n<pre class=\"ipsCode prettyprint lang-auto linenums:0\" ><br >\n[Server]<br >\nNumber=1<br >\nIP=192.168.1.157<br >\nPort=50483<br >\nUserPort=4102<br >\nMAXSIZE=1000<br ><br >\n[Char DB]<br >\nIP=192.168.1.155<br >\nDBName=ep2_db<br >\nUser=root<br >\nPassword=<br ><br >\n[Post DB]<br >\nIP=192.168.1.155<br >\nDBName=ep2_post<br >\nUser=root<br >\nPassword=<br ></br></br></br></br></br></br></br></br></br></br></br></br></br></br></br></br></br></br></br></pre>How do i turn off iptables, Im quite the n00b when it comes to linux xD"
        },
        {
            "id": 77293,
            "timestamp": 1372197246,
            "author": {
                "id": 7695,
                "name": "CyberClaus",
                "image": null
            },
            "comment": "\n<p >ahhhhhhhhhhhhhhhhhhhhhhhhhhhhh!!!! i know whats wrong XD</p>\n<p >tell me something, this test server you building, is for your own use or you will put it live?</p>\n"
        },
        {
            "id": 76383,
            "timestamp": 1371846312,
            "author": {
                "id": 2640,
                "name": "Kenpachi",
                "image": null
            },
            "comment": "\n<p >can someone tell me what this means and how to fix it if possible please the error I keep getting is: ./Messenger: error while loading shared libraries: /lib/libmysqlclient.so.12: invalid ELF header</p>\n<p > </p>\n<p > </p>\n<p >Ive asked a few good friends of mine but there clueless as well. Thanks for the help in advanced :)</p>\n"
        },
        {
            "id": 77294,
            "timestamp": 1372197310,
            "author": {
                "id": 7695,
                "name": "CyberClaus",
                "image": null
            },
            "comment": "\n<p >to disable iptables you issue the following commands : service iptables stop</p>\n<p >BUT, do this if you not putting it live</p>\n"
        },
        {
            "id": 77295,
            "timestamp": 1372197404,
            "author": {
                "id": 267,
                "name": "SutWick",
                "image": null
            },
            "comment": "\n<p >yep its just a local test server for me to mess with, totally local setup</p>\n<p >\nty for the command will test now.</p>\n"
        },
        {
            "id": 77296,
            "timestamp": 1372197469,
            "author": {
                "id": 7695,
                "name": "CyberClaus",
                "image": null
            },
            "comment": "<p >if even that way doesnt work, then you need to give permissions to the root user</p>"
        },
        {
            "id": 77297,
            "timestamp": 1372197588,
            "author": {
                "id": 267,
                "name": "SutWick",
                "image": null
            },
            "comment": "\n<p >nope it didnt work.</p>\n<p > </p>\n<p >\n</p>\n<blockquote data-ipsquote=\"\" class=\"ipsQuote\" data-ipsquote-contentcommentid=\"77296\" data-ipsquote-contentapp=\"forums\" data-ipsquote-contenttype=\"forums\" data-ipsquote-contentclass=\"forums_Topic\" data-ipsquote-contentid=\"10128\" data-ipsquote-username=\"CyberClaus\" data-cite=\"CyberClaus\" data-ipsquote-timestamp=\"1372197469\" ><div ><p >if even that way doesnt work, then you need to give permissions to the root user</p></div></blockquote>But doing this connects an i can see my databases from the same vbox lc server is on:<p >\nmysql -h 192.168.1.155 -u root</p>\n"
        },
        {
            "id": 77298,
            "timestamp": 1372197863,
            "author": {
                "id": 7695,
                "name": "CyberClaus",
                "image": null
            },
            "comment": "\n<p >We have 2 option more.</p>\n<p >1- giving the full privileges to the user root by using the \"%\" to ensure it gives full connection.</p>\n<p >2 - check in my.cnf file if its binding only to your loopback, if so, then will never accept outside connections.</p>\n<p > </p>\n<p >If you go for the first option, dont forget to flush privileges, or wont do anything</p>\n"
        },
        {
            "id": 77299,
            "timestamp": 1372198214,
            "author": {
                "id": 267,
                "name": "SutWick",
                "image": null
            },
            "comment": "\n<p >hmm..</p>\n<p > </p>\n<p >\nThe mysql SERVER is on a diff machine thats windows 7 not linux.</p>\n<p >\nMy Vbox and laptop CAN connect to that mysql server machine fine but only the LC server cant.</p>\n<p >\nThe same Vbox the LC server is on thats not working CAN connect fine with linux command mysql.</p>\n<p > </p>\n<p >\nI really dont see how them 2 options would effect my problem as its clear the vbox CAN connect.</p>\n"
        },
        {
            "id": 77301,
            "timestamp": 1372198523,
            "author": {
                "id": 7695,
                "name": "CyberClaus",
                "image": null
            },
            "comment": "<p >yeahn you are right, im sorry just now i understood the config. Hmmm your machine with win7 have the firewall deactivated?</p>"
        },
        {
            "id": 77302,
            "timestamp": 1372198854,
            "author": {
                "id": 267,
                "name": "SutWick",
                "image": null
            },
            "comment": "\n<p >Still again if there was a block the linux command would also fail connection.<br ><br >Look closely to this image from my vbox:</br></br></p>\n<p ><img alt=\"Untitled.png\" src=\"http://s14.postimg.org/c4047szf5/Untitled.png\" ></img></p>\n<p > </p>\n<p >See how SubHelper is failing connection an right after I connect with mysql command fine :-/</p>\n<p >Very strange an I just cant work out wtf is going on.</p>\n<p >I have checked the bin config an its fine it should work!!</p>\n"
        },
        {
            "id": 77303,
            "timestamp": 1372199354,
            "author": {
                "id": 7695,
                "name": "CyberClaus",
                "image": null
            },
            "comment": "\n<p >although, its not thru the same port.... MaX, please go to my.cnf file and change :</p>\n<p > </p>\n<p >bind-address = 0.0.0.0</p>\n<p > </p>\n<p >I know you have connection, BUT the game server uses the root user to access thru another port, what makes me belive that , mysql is blocking the connection.</p>\n"
        },
        {
            "id": 77304,
            "timestamp": 1372199470,
            "author": {
                "id": 7695,
                "name": "CyberClaus",
                "image": null
            },
            "comment": "<p >And another thing, Centos 6.4 has been reported faulty. Maybe you should stick with 6.3, after trying all these things, and if none work</p>"
        },
        {
            "id": 77305,
            "timestamp": 1372199673,
            "author": {
                "id": 267,
                "name": "SutWick",
                "image": null
            },
            "comment": "<p >for my mysql server? if so done an still lc no conn</p>"
        },
        {
            "id": 77306,
            "timestamp": 1372199787,
            "author": {
                "id": 7695,
                "name": "CyberClaus",
                "image": null
            },
            "comment": "<p >give all permissions to user root with \"%\" if this doesnt work... well i need to think more</p>"
        },
        {
            "id": 77307,
            "timestamp": 1372199885,
            "author": {
                "id": 267,
                "name": "SutWick",
                "image": null
            },
            "comment": "\n<p >lol ok will try it.</p>\n<p >Im starting to think maybe just install mysql on vbox xD would be alot easier -,-</p>\n<p > </p>\n<p >Thankyou for your help, I think its time to call this idea quits an go the simple way :P</p>\n<p >Install mysql on vbox an use the loopback 127.0.0.1</p>\n"
        },
        {
            "id": 77308,
            "timestamp": 1372200247,
            "author": {
                "id": 7695,
                "name": "CyberClaus",
                "image": null
            },
            "comment": "\n<p >thats the simplest way, althouh the less funny :P</p>\n<p > </p>\n<p >if you still want to try then go on mysql command and issue this :</p>\n<p > </p>\n<p ><span >GRANT</span><span > </span><span >ALL</span><span > </span><span >ON</span><span > </span><span >*.*</span><span > </span><span >TO</span><span > </span><span >root</span><span >@</span><span >%</span><span >;</span></p>\n<p >flush privileges;</p>\n<p >quit</p>\n"
        },
        {
            "id": 77309,
            "timestamp": 1372200447,
            "author": {
                "id": 267,
                "name": "SutWick",
                "image": null
            },
            "comment": "\n<p ></p>\n<pre class=\"ipsCode prettyprint lang-auto linenums:0\" >mysql> GRANT ALL ON *.* TO <a href=\"/cdn-cgi/l/email-protection\" class=\"__cf_email__\" data-cfemail=\"493b26263d09\" >[email protected]</a>%;\nflush privileges;\nquit\n</pre>Query OK, 0 rows affected<p > </p>\n<p >Query OK, 0 rows affected</p>\n<p > </p>\n<p >hmm.. does this mean nothing changed :? nvm it did i checked the users</p>\n<p > </p>\n<p >LC still cant connect grrrrrr</p>\n"
        },
        {
            "id": 77310,
            "timestamp": 1372200549,
            "author": {
                "id": 7695,
                "name": "CyberClaus",
                "image": null
            },
            "comment": "<p >XD well try it, cause that means nothing</p>"
        },
        {
            "id": 77311,
            "timestamp": 1372200914,
            "author": {
                "id": 7695,
                "name": "CyberClaus",
                "image": null
            },
            "comment": "<p >MaX, install the server on centos, and use your loopback, mysql will never reject a localhost connection</p>"
        },
        {
            "id": 77312,
            "timestamp": 1372200967,
            "author": {
                "id": 267,
                "name": "SutWick",
                "image": null
            },
            "comment": "\n<p >didnt work!</p>\n<p > </p>\n<p >\nI giveup lol will try install mysql on vbox later when Im less pissy 12am now</p>\n"
        },
        {
            "id": 77313,
            "timestamp": 1372201027,
            "author": {
                "id": 7695,
                "name": "CyberClaus",
                "image": null
            },
            "comment": "<p >lol ok, if you need help on that, add me on skype</p>"
        },
        {
            "id": 77314,
            "timestamp": 1372201210,
            "author": {
                "id": 267,
                "name": "SutWick",
                "image": null
            },
            "comment": "\n<p >oh my god!!! its not my night to night haha!</p>\n<p > </p>\n<p >\n<a href=\"http://grabilla.com/03619-2debe5d0-247a-469b-ab9d-e3e0b6dfcdb3.html\" rel=\"external nofollow\" ><img alt=\"03619-2debe5d0-247a-469b-ab9d-e3e0b6dfcd\" src=\"http://grabilla.com/03619-2debe5d0-247a-469b-ab9d-e3e0b6dfcdb3.png\" ></img></a></p>\n<p > </p>\n<p >\nO.O</p>\n<p >\nOk powering down an relaxing to some TV will start over 2morra, sorry for wasting your time with this but was bugging be an thought I did something wrong.</p>\n"
        },
        {
            "id": 77315,
            "timestamp": 1372201366,
            "author": {
                "id": 7695,
                "name": "CyberClaus",
                "image": null
            },
            "comment": "<p >You dont bother, i like to help and i love challenges.</p>"
        },
        {
            "id": 77372,
            "timestamp": 1372242437,
            "author": {
                "id": 267,
                "name": "SutWick",
                "image": null
            },
            "comment": "\n<p >Ok I solved my problem now.</p>\n<p >Installed mysql server on vbox an now it connects on 127.0.0.1</p>\n<p > </p>\n<p >Seems the LC server files dont support password & connecting to a remote database</p>\n"
        },
        {
            "id": 77374,
            "timestamp": 1372242923,
            "author": {
                "id": 7695,
                "name": "CyberClaus",
                "image": null
            },
            "comment": "\n<p >password yes, it does MaX, you just need to change a line in my.cnf and put : old_passwords=1</p>\n<p >after that it will let you have root user with password. And remote connecting, it has also to work, the problem is that mysql, for security reasons, is too picky, and the configuration has to be done correctly. Im glad you have it working, anything else just ask.</p>\n"
        },
        {
            "id": 77869,
            "timestamp": 1372421666,
            "author": {
                "id": 16983,
                "name": "Jaiz",
                "image": null
            },
            "comment": "<p >install phpmyadmin and go to the users and change the version of the mysql test it yourself.</p>"
        },
        {
            "id": 78444,
            "timestamp": 1372684331,
            "author": {
                "id": 2640,
                "name": "Kenpachi",
                "image": null
            },
            "comment": "\n<p >Okay sorry for late response, I got busy with work past few days. I have tried everything you and max have talked about and I still get: Loading Setting File... 2013/07/07 08:0852 :: SYS_ERR > Connect DB</p>\n<p > </p>\n<p >This is seriously driving me insane lol</p>\n"
        },
        {
            "id": 76383,
            "timestamp": 1371846312,
            "author": {
                "id": 2640,
                "name": "Kenpachi",
                "image": null
            },
            "comment": "\n<p >can someone tell me what this means and how to fix it if possible please the error I keep getting is: ./Messenger: error while loading shared libraries: /lib/libmysqlclient.so.12: invalid ELF header</p>\n<p > </p>\n<p > </p>\n<p >Ive asked a few good friends of mine but there clueless as well. Thanks for the help in advanced :)</p>\n"
        },
        {
            "id": 78448,
            "timestamp": 1372684726,
            "author": {
                "id": 7695,
                "name": "CyberClaus",
                "image": null
            },
            "comment": "<p >hmmm... Kenpachi, post your newstobm.bin pls. and try to reinstall your mysql. if you dont know, tell me and ill tell you how</p>"
        },
        {
            "id": 78451,
            "timestamp": 1372685433,
            "author": {
                "id": 2640,
                "name": "Kenpachi",
                "image": null
            },
            "comment": "\n<p >[server]<br />Number=1<br />MaxSubServer=1<br />IP=127.0.0.1<br />Port=4006<br /><br />[user DB]<br />IP=127.0.0.1<br />DBName=newproject_db_auth<br />User=root<br />Password=<br /><br />[Auth DB]<br />IP=127.0.0.1<br />DBName=newproject_db_auth<br />User=root<br />Password=<br /><br />[billing Server]<br />IP=127.0.0.1<br />Port=8888</p>\n<p > </p>\n<p > </p>\n<p >As for re-install mysql on linux Im clueless</p>\n"
        },
        {
            "id": 78458,
            "timestamp": 1372686779,
            "author": {
                "id": 7695,
                "name": "CyberClaus",
                "image": null
            },
            "comment": "\n<p >check if the DBName are correct please, meanwhile going to write how to reinstall mysql on centos</p>\n<p >Well, before i start writing, please open the web browser on centos, and put in address bar :</p>\n<p >127.0.0.1/phpmyadmin</p>\n"
        },
        {
            "id": 78460,
            "timestamp": 1372687087,
            "author": {
                "id": 2640,
                "name": "Kenpachi",
                "image": null
            },
            "comment": "<p >When I go to phpmyadmin I have a access forbidden page displayed</p>"
        },
        {
            "id": 78461,
            "timestamp": 1372687544,
            "author": {
                "id": 7695,
                "name": "CyberClaus",
                "image": null
            },
            "comment": "\n<p >XD ahhhhhhhhhhhhhh!!! you just have a faulty configuration :)</p>\n<p >do this and tell me if works :</p>\n<p > </p>\n<p >go to terminal and write : nano /etc/httpd/conf.d/phpmyadmin.conf</p>\n<p > </p>\n<p >now comment the first 2 lines :</p>\n<p > </p>\n<p ><strong >Order Allow,Deny<br />Deny from all</strong><br />Allow from 127.0.0.1</p>\n<p > </p>\n<p >So, it will look, like this:</p>\n<p ><strong >#Order Allow,Deny<br />#Deny from all</strong><br />Allow from 127.0.0.1</p>\n<p > </p>\n<p >Now save and restart services with :</p>\n<p > </p>\n<p >service httpd restart</p>\n<p >and</p>\n<p >service mysqld restart</p>\n"
        },
        {
            "id": 78464,
            "timestamp": 1372687808,
            "author": {
                "id": 3680,
                "name": "Kotetsu",
                "image": null
            },
            "comment": "\n<p >I have the same problem of your old Kenpachi (libmysqlclient.so.12) but when i do yum install libmysqlclient.so.12, i got \"No package libmysqlclient.so.12 available\"</p>\n<p ><img alt=\"S7fLf.png\" src=\"http://i.epvpimg.com/S7fLf.png\" /></p>\n"
        },
        {
            "id": 78465,
            "timestamp": 1372687923,
            "author": {
                "id": 2640,
                "name": "Kenpachi",
                "image": null
            },
            "comment": "<p >okay tried that and now when I restart I have httpd: unrecognized service and same thing for mysqld</p>"
        },
        {
            "id": 78466,
            "timestamp": 1372687973,
            "author": {
                "id": 7695,
                "name": "CyberClaus",
                "image": null
            },
            "comment": "\n<blockquote data-ipsquote=\"\" class=\"ipsQuote\" data-ipsquote-contentcommentid=\"78464\" data-ipsquote-contentapp=\"forums\" data-ipsquote-contenttype=\"forums\" data-ipsquote-contentclass=\"forums_Topic\" data-ipsquote-contentid=\"10128\" data-ipsquote-username=\"Kotetsu\" data-cite=\"Kotetsu\" data-ipsquote-timestamp=\"1372687808\" ><div ><div >\n<p >I have the same problem of your old Kenpachi (libmysqlclient.so.12) but when i do yum install libmysqlclient.so.12, i got \"No package libmysqlclient.so.12 available\"</p>\n<p ><img alt=\"S7fLf.png\" src=\"http://i.epvpimg.com/S7fLf.png\" /></p>\n</div></div></blockquote>\n<p > </p>\n<p >try this</p>\n<p >yum install mysql mysql-devel mysql-lib</p>\n"
        },
        {
            "id": 78467,
            "timestamp": 1372688009,
            "author": {
                "id": 2640,
                "name": "Kenpachi",
                "image": null
            },
            "comment": "<p >I downloaded that file from here <a href=\"https://www.mediafire.com/download/8dca7nqempsc09e/libmysqlclient.so.12\" rel=\"external nofollow\" >http://www.mediafire.com/download/8dca7nqempsc09e/libmysqlclient.so.12</a> and put it in lib folder under root user</p>"
        },
        {
            "id": 78468,
            "timestamp": 1372688035,
            "author": {
                "id": 7695,
                "name": "CyberClaus",
                "image": null
            },
            "comment": "\n<blockquote data-ipsquote=\"\" class=\"ipsQuote\" data-ipsquote-contentcommentid=\"78465\" data-ipsquote-contentapp=\"forums\" data-ipsquote-contenttype=\"forums\" data-ipsquote-contentclass=\"forums_Topic\" data-ipsquote-contentid=\"10128\" data-ipsquote-username=\"Kenpachi\" data-cite=\"Kenpachi\" data-ipsquote-timestamp=\"1372687923\" ><div ><div ><p >okay tried that and now when I restart I have httpd: unrecognized service and same thing for mysqld</p></div></div></blockquote>\n<p > </p>\n<p >Did you install Lampp or something in your centos???</p>\n"
        },
        {
            "id": 78469,
            "timestamp": 1372688090,
            "author": {
                "id": 2640,
                "name": "Kenpachi",
                "image": null
            },
            "comment": "<p >yea cause nothing else was working</p>"
        },
        {
            "id": 78472,
            "timestamp": 1372688174,
            "author": {
                "id": 3680,
                "name": "Kotetsu",
                "image": null
            },
            "comment": "\n<p >The installation worked fine, but always get the following error :</p>\n<p ><strong >error while loading shared libraries: libmysqlclient.so.12: cannot open shared object file: No such file or directory</strong></p>\n<p > Thanks you, i will test your answer Kenpachi</p>\n<p >Thx you very much for your helps :)</p>\n"
        },
        {
            "id": 78473,
            "timestamp": 1372688186,
            "author": {
                "id": 7695,
                "name": "CyberClaus",
                "image": null
            },
            "comment": "<p >:/ well... seems that your installation is faulty all over. i advise you to make a backup of your files, and install everything all over, but this time, ill give you the steps to the installation. First use centos 6.3 and please do no use the live version.</p>"
        },
        {
            "id": 78476,
            "timestamp": 1372688248,
            "author": {
                "id": 2640,
                "name": "Kenpachi",
                "image": null
            },
            "comment": "<p >okay Ill restart everything thanks for the help, be back when its done</p>"
        },
        {
            "id": 78477,
            "timestamp": 1372688361,
            "author": {
                "id": 3680,
                "name": "Kotetsu",
                "image": null
            },
            "comment": "\n<p >Well.. Work fine the Kenpachis answer, but, now, still get the same error of Kenpachi ( Cannot Connect DB !! > )</p>\n<p >Thanks again.</p>\n<p > </p>\n<p >EDIT : I need to reinstall all too ?</p>\n\n\n\t\t\t\n\t\t\t\t\n\n<span class=\"ipsType_reset ipsType_medium ipsType_light\" data-excludequote=\"None\" >\n\t<strong >Edited <time datetime=\"2013-07-01T14:20:00Z\" title=\"07/01/2013 02:20  PM\" data-short=\"7 yr\" >July 1, 2013</time> by Kotetsu</strong>\n\t\n\t\n</span>\n\t\t\t\n\t\t</div>"
        },
        {
            "id": 78478,
            "timestamp": 1372688407,
            "author": {
                "id": 7695,
                "name": "CyberClaus",
                "image": null
            },
            "comment": "<p >ok, after installing centos, please get back here, ill try to post a small tuto on how you can install everything without problems.</p>"
        },
        {
            "id": 78479,
            "timestamp": 1372688524,
            "author": {
                "id": 7695,
                "name": "CyberClaus",
                "image": null
            },
            "comment": "\n<blockquote data-ipsquote=\"\" class=\"ipsQuote\" data-ipsquote-contentcommentid=\"78477\" data-ipsquote-contentapp=\"forums\" data-ipsquote-contenttype=\"forums\" data-ipsquote-contentclass=\"forums_Topic\" data-ipsquote-contentid=\"10128\" data-ipsquote-username=\"Kotetsu\" data-cite=\"Kotetsu\" data-ipsquote-timestamp=\"1372688361\" ><div ><div >\n<p >Well.. Work fine the Kenpachis answer, but, now, still get the same error of Kenpachi ( Cannot Connect DB !! > )</p>\n<p >Thanks again.</p>\n<p > </p>\n<p >EDIT : I need to reinstall all too ?</p>\n</div></div></blockquote>\n<p > </p>\n<p >Im not sure Kotetsu, Kenpachi seems to have some sort of incompatibility or something. Im not sure what he did. open a terminal and write:</p>\n<p >service mysqld status</p>\n<p >and tell me what it says</p>\n<p >also</p>\n<p >service httpd status</p>\n"
        },
        {
            "id": 78486,
            "timestamp": 1372689623,
            "author": {
                "id": 3680,
                "name": "Kotetsu",
                "image": null
            },
            "comment": "\n<p >service mysqld status :<br />mysqld (PID  983) wird ausgef\u00c3\u0192\u00c6\u2019\u00c3\u201a\u00c2\u00bchrt ...<br /> </p>\n<p >service httpd status:<br />httpd (PID  2876) wird ausgef\u00c3\u0192\u00c6\u2019\u00c3\u201a\u00c2\u00bchrt ...<br /> </p>\n<p ><img alt=\"cr30g.png\" src=\"http://i.epvpimg.com/cr30g.png\" /></p>\n<p > </p>\n<p >EDIT : Its in german, bcoz, its a linux german computer.</p>\n\n\n\t\t\t\n\t\t\t\t\n\n<span class=\"ipsType_reset ipsType_medium ipsType_light\" data-excludequote=\"None\" >\n\t<strong >Edited <time datetime=\"2013-07-01T14:42:58Z\" title=\"07/01/2013 02:42  PM\" data-short=\"7 yr\" >July 1, 2013</time> by Kotetsu</strong>\n\t\n\t\n</span>\n\t\t\t\n\t\t</div>"
        },
        {
            "id": 78487,
            "timestamp": 1372689696,
            "author": {
                "id": 7695,
                "name": "CyberClaus",
                "image": null
            },
            "comment": "\n<p >Ok, a quick and small tuto on how to install everything correctly in centos 6.3. Dont jumo steps, if you dont understand or dont know how to do it, ASK!</p>\n<p >Lets try to be quick.</p>\n<p > </p>\n<p ><span style=\"color:#0000cd;\" ><span style=\"font-size:18px;\" ><span style=\"font-family:'comic sans ms', cursive;\" ><u ><em ><strong >Installing mysql:</strong></em></u></span></span></span></p>\n<pre class=\"ipsCode prettyprint\" >yum install mysql mysql-server</pre>\n<pre class=\"ipsCode prettyprint\" >chkconfig --levels 235 mysqld on\n/etc/init.d/mysqld start</pre>\n<pre class=\"ipsCode prettyprint\" >mysql_secure_installation</pre>\n<p ><span style=\"color:#0000cd;\" ><span style=\"font-size:18px;\" ><span style=\"font-family:'comic sans ms', cursive;\" ><u ><em ><strong >Installing Apache2</strong></em></u></span></span></span><span style=\"color:#0000cd;\" ><span style=\"font-size:18px;\" ><span style=\"font-family:'comic sans ms', cursive;\" ><u ><em ><strong >:</strong></em></u></span></span></span></p>\n<pre class=\"ipsCode prettyprint\" >yum install httpd</pre>\n<pre class=\"ipsCode prettyprint\" >chkconfig --levels 235 httpd on</pre>\n<pre class=\"ipsCode prettyprint\" >/etc/init.d/httpd start</pre>\n<p ><span style=\"color:#0000cd;\" ><span style=\"font-size:18px;\" ><span style=\"font-family:'comic sans ms', cursive;\" ><u ><em ><strong >Installing PHP5</strong></em></u></span></span></span><span style=\"color:#0000cd;\" ><span style=\"font-size:18px;\" ><span style=\"font-family:'comic sans ms', cursive;\" ><u ><em ><strong >:</strong></em></u></span></span></span></p>\n<pre class=\"ipsCode prettyprint\" >yum install php</pre>\n<pre class=\"ipsCode prettyprint\" >/etc/init.d/httpd restart</pre>\n<p ><span style=\"color:#0000cd;\" ><span style=\"font-size:18px;\" ><span style=\"font-family:'comic sans ms', cursive;\" ><u ><em ><strong >Installing Setting things for support</strong></em></u></span></span></span><span style=\"color:#0000cd;\" ><span style=\"font-size:18px;\" ><span style=\"font-family:'comic sans ms', cursive;\" ><u ><em ><strong >:</strong></em></u></span></span></span></p>\n<pre class=\"ipsCode prettyprint\" >yum search php</pre>\n<pre class=\"ipsCode prettyprint\" >yum install php-mysql php-gd php-imap php-ldap php-mbstring php-odbc php-pear php-xml php-xmlrpc</pre>\n<pre class=\"ipsCode prettyprint\" >yum install php-pecl-apc</pre>\n<pre class=\"ipsCode prettyprint\" >/etc/init.d/httpd restart</pre>\n<p ><span style=\"color:#0000cd;\" ><span style=\"font-size:18px;\" ><span style=\"font-family:'comic sans ms', cursive;\" ><u ><em ><strong >Installing Phpmyadmin</strong></em></u></span></span></span><span style=\"color:#0000cd;\" ><span style=\"font-size:18px;\" ><span style=\"font-family:'comic sans ms', cursive;\" ><u ><em ><strong >:</strong></em></u></span></span></span></p>\n<pre class=\"ipsCode prettyprint\" >rpm --import http://dag.wieers.com/rpm/packages/RPM-GPG-KEY.dag.txt</pre>\n<p >now, i dont know if you use 64bits system or 32bits, so ill post for both you do, the one that suits your system.</p>\n<p ><span style=\"color:#ff0000;\" >64Bits</span></p>\n<pre class=\"ipsCode prettyprint\" >yum install http://pkgs.repoforge.org/rpmforge-release/rpmforge-release-0.5.2-2.el6.rf.x86_64.rpm</pre>\n<p ><span style=\"color:#ff0000;\" >32Bits</span></p>\n<pre class=\"ipsCode prettyprint\" >yum install http://pkgs.repoforge.org/rpmforge-release/rpmforge-release-0.5.2-2.el6.rf.i686.rpm</pre>\n<pre class=\"ipsCode prettyprint\" >yum install phpmyadmin</pre>\n<p >Now for configuring this:</p>\n<pre class=\"ipsCode prettyprint\" >nano /etc/httpd/conf.d/phpmyadmin.conf</pre>\n<p >Make sure yours look like mine, if not copy it :</p>\n<pre class=\"ipsCode prettyprint\" >#\n#  Web application to manage MySQL\n#\n\n#<directory \"=\"None\" usr=\"None\" share=\"None\" phpmyadmin\"=\"None\" >\n#  Order Deny,Allow\n#  Deny from all\n#  Allow from 127.0.0.1\n#</directory>\n\nAlias /phpmyadmin /usr/share/phpmyadmin\nAlias /phpMyAdmin /usr/share/phpmyadmin\nAlias /mysqladmin /usr/share/phpmyadmin\n</pre>\n<p >Now change the authentication:</p>\n<pre class=\"ipsCode prettyprint\" >nano /usr/share/phpmyadmin/config.inc.php</pre>\n<pre class=\"ipsCode prettyprint\" >[...]\n/* Authentication type */\n$cfg[Servers][$i][auth_type] = http;\n[...]\n</pre>\n<p >Make sure you have set it to http just like mine.</p>\n<pre class=\"ipsCode prettyprint\" >/etc/init.d/httpd restart</pre>\n<p >Now you should be able to access phpmyadmin, open your browser and write : 127.0.0.1/phpmyadmin</p>\n<p > </p>\n<p >Cheers, and please press thanks if this is usefull.</p>\n"
        },
        {
            "id": 78488,
            "timestamp": 1372689787,
            "author": {
                "id": 7695,
                "name": "CyberClaus",
                "image": null
            },
            "comment": "\n<blockquote data-ipsquote=\"\" class=\"ipsQuote\" data-ipsquote-contentcommentid=\"78486\" data-ipsquote-contentapp=\"forums\" data-ipsquote-contenttype=\"forums\" data-ipsquote-contentclass=\"forums_Topic\" data-ipsquote-contentid=\"10128\" data-ipsquote-username=\"Kotetsu\" data-cite=\"Kotetsu\" data-ipsquote-timestamp=\"1372689623\" ><div ><div >\n<p >service mysqld status :</p>\n<p >mysqld (PID  983) wird ausgef\u00c3\u0192\u00c6\u2019\u00c3\u201a\u00c2\u00bchrt ...</p>\n<p > </p>\n<p >service httpd status:</p>\n<p >httpd (PID  2876) wird ausgef\u00c3\u0192\u00c6\u2019\u00c3\u201a\u00c2\u00bchrt ...</p>\n<p > </p>\n<p ><img alt=\"cr30g.png\" src=\"http://i.epvpimg.com/cr30g.png\" /></p>\n</div></div></blockquote>\n<p >Unfortunatly i dont understand that language, if it says its running, then its your configuration. Check the above tuto and see if you did the same thing. if not make the proper changes.</p>\n"
        },
        {
            "id": 78489,
            "timestamp": 1372689968,
            "author": {
                "id": 3680,
                "name": "Kotetsu",
                "image": null
            },
            "comment": "\n<p >I dont understand it too xDD.</p>\n<p > </p>\n<p >I think i will reinstall and follow your tutorial :).</p>\n<p >Thanks you very much for your helps !</p>\n"
        },
        {
            "id": 78490,
            "timestamp": 1372689995,
            "author": {
                "id": 7695,
                "name": "CyberClaus",
                "image": null
            },
            "comment": "<p >you welcome, hope it helps</p>"
        },
        {
            "id": 78500,
            "timestamp": 1372693805,
            "author": {
                "id": 3680,
                "name": "Kotetsu",
                "image": null
            },
            "comment": "\n<blockquote data-ipsquote=\"\" class=\"ipsQuote\" data-ipsquote-contentcommentid=\"78487\" data-ipsquote-contentapp=\"forums\" data-ipsquote-contenttype=\"forums\" data-ipsquote-contentclass=\"forums_Topic\" data-ipsquote-contentid=\"10128\" data-ipsquote-username=\"CyberClaus\" data-cite=\"CyberClaus\" data-ipsquote-timestamp=\"1372689696\" ><div ><div >Now for configuring this:<p ></p>\n<pre class=\"ipsCode prettyprint\" >nano /etc/httpd/conf.d/phpmyadmin.conf</pre>\n<p >Make sure yours look like mine, if not copy it :</p>\n<pre class=\"ipsCode prettyprint\" >#\n#  Web application to manage MySQL\n#\n\n#<directory \"=\"None\" usr=\"None\" share=\"None\" phpmyadmin\"=\"None\" >\n#  Order Deny,Allow\n#  Deny from all\n#  Allow from 127.0.0.1\n#</directory>\n\nAlias /phpmyadmin /usr/share/phpmyadmin\nAlias /phpMyAdmin /usr/share/phpmyadmin\nAlias /mysqladmin /usr/share/phpmyadmin\n</pre>\n</div></div></blockquote>\n<p > </p>\n<p >When i do that, it say always \"Kommando Nicht Gefunden\"</p>\n<p >(Command hasnt been founded)</p>\n<p > </p>\n<p >Can you help me pls ? >.<</p>\n"
        },
        {
            "id": 78567,
            "timestamp": 1372706173,
            "author": {
                "id": 2640,
                "name": "Kenpachi",
                "image": null
            },
            "comment": "<p >Still getting same error :/</p>"
        },
        {
            "id": 78571,
            "timestamp": 1372708039,
            "author": {
                "id": 2640,
                "name": "Kenpachi",
                "image": null
            },
            "comment": "\n<p >okay I have no idea what I did but Im still missing a lib file named: libstdc++2.10-glib2.2 anyone know where to find it google had some site but the links in them werent found</p>\n<p > </p>\n<p >Fixed found at: <a href=\"https://archive.debian.net/sarge/i386/libstdc++2.10-glibc2.2/download\" rel=\"external nofollow\" >http://archive.debian.net/sarge/i386/libstdc++2.10-glibc2.2/download</a></p>\n\n\n\t\t\t\n\t\t\t\t\n\n<span class=\"ipsType_reset ipsType_medium ipsType_light\" data-excludequote=\"None\" >\n\t<strong >Edited <time datetime=\"2013-07-01T19:56:34Z\" title=\"07/01/2013 07:56  PM\" data-short=\"7 yr\" >July 1, 2013</time> by Kenpachi</strong>\n\t\n\t\n</span>\n\t\t\t\n\t\t</div>"
        },
        {
            "id": 76383,
            "timestamp": 1371846312,
            "author": {
                "id": 2640,
                "name": "Kenpachi",
                "image": null
            },
            "comment": "\n<p >can someone tell me what this means and how to fix it if possible please the error I keep getting is: ./Messenger: error while loading shared libraries: /lib/libmysqlclient.so.12: invalid ELF header</p>\n<p > </p>\n<p > </p>\n<p >Ive asked a few good friends of mine but there clueless as well. Thanks for the help in advanced :)</p>\n"
        },
        {
            "id": 78575,
            "timestamp": 1372708950,
            "author": {
                "id": 7695,
                "name": "CyberClaus",
                "image": null
            },
            "comment": "\n<blockquote data-ipsquote=\"\" class=\"ipsQuote\" data-ipsquote-contentcommentid=\"78500\" data-ipsquote-contentapp=\"forums\" data-ipsquote-contenttype=\"forums\" data-ipsquote-contentclass=\"forums_Topic\" data-ipsquote-contentid=\"10128\" data-ipsquote-username=\"Kotetsu\" data-cite=\"Kotetsu\" data-ipsquote-timestamp=\"1372693805\" ><div ><div >\n<p >When i do that, it say always \"Kommando Nicht Gefunden\"</p>\n<p >(Command hasnt been founded)</p>\n<p > </p>\n<p >Can you help me pls ? >.<</p>\n</div></div></blockquote>\n<p > </p>\n<p >Well, i probably didnt make me understand. you write this in the terminal :</p>\n<p > </p>\n<p ><span >nano </span><span >/</span><span >etc</span><span >/</span><span >httpd</span><span >/</span><span >conf</span><span >.</span><span >d</span><span >/</span><span >phpmyadmin</span><span >.</span><span >conf</span></p>\n<p ><span >if you dont have nano then use vi so make this :</span></p>\n<p ><span >vi </span><span >/</span><span >etc</span><span >/</span><span >httpd</span><span >/</span><span >conf</span><span >.</span><span >d</span><span >/</span><span >phpmyadmin</span><span >.</span><span >conf</span></p>\n<p > </p>\n<p ><span >and then a file opens and you see the rest</span></p>\n"
        },
        {
            "id": 78576,
            "timestamp": 1372709029,
            "author": {
                "id": 7695,
                "name": "CyberClaus",
                "image": null
            },
            "comment": "\n<blockquote data-ipsquote=\"\" class=\"ipsQuote\" data-ipsquote-contentcommentid=\"78571\" data-ipsquote-contentapp=\"forums\" data-ipsquote-contenttype=\"forums\" data-ipsquote-contentclass=\"forums_Topic\" data-ipsquote-contentid=\"10128\" data-ipsquote-username=\"Kenpachi\" data-cite=\"Kenpachi\" data-ipsquote-timestamp=\"1372708039\" ><div ><div >\n<p >okay I have no idea what I did but Im still missing a lib file named: libstdc++2.10-glib2.2 anyone know where to find it google had some site but the links in them werent found</p>\n<p > </p>\n<p >Fixed found at: <a href=\"https://archive.debian.net/sarge/i386/libstdc++2.10-glibc2.2/download\" rel=\"external nofollow\" >http://archive.debian.net/sarge/i386/libstdc++2.10-glibc2.2/download</a></p>\n</div></div></blockquote>\n<p > </p>\n<p >So you have it working now?</p>\n"
        },
        {
            "id": 78580,
            "timestamp": 1372710110,
            "author": {
                "id": 2640,
                "name": "Kenpachi",
                "image": null
            },
            "comment": "<p >Only thing that will start is Messenger now rest is still giving DB error login is saying Im missing libssl.so.6 so looking for that now</p>"
        },
        {
            "id": 78583,
            "timestamp": 1372710650,
            "author": {
                "id": 12456,
                "name": "gallito",
                "image": null
            },
            "comment": "<p ><a href=\"http://www.multiupload.nl/WXTX40TKWZ\" rel=\"external nofollow\" >http://www.multiupload.nl/WXTX40TKWZ</a></p>"
        },
        {
            "id": 78584,
            "timestamp": 1372710693,
            "author": {
                "id": 2640,
                "name": "Kenpachi",
                "image": null
            },
            "comment": "\n<p >Thanks :) needed that. okay now all still same problem connection to DB :/</p>\n<p > </p>\n<p >Messenger only one that will work</p>\n"
        },
        {
            "id": 78585,
            "timestamp": 1372710997,
            "author": {
                "id": 12456,
                "name": "gallito",
                "image": null
            },
            "comment": "<p >could put a picture of the error?</p>"
        },
        {
            "id": 78586,
            "timestamp": 1372711028,
            "author": {
                "id": 7695,
                "name": "CyberClaus",
                "image": null
            },
            "comment": "\n<p >Kenpachi, do this in terminal and tell me the output:</p>\n<p > </p>\n<p >Service mysqld status</p>\n<p >and</p>\n<p >service httpd status</p>\n"
        },
        {
            "id": 78587,
            "timestamp": 1372711347,
            "author": {
                "id": 2640,
                "name": "Kenpachi",
                "image": null
            },
            "comment": "\n<p >Heres a image of what both say. For some reason http and mysql installed but cant use service</p>\n<p > </p>\n<p > </p>\n<p > </p>\n<p > </p>\n<p > </p>\n<p ><a href=\"http://s206.photobucket.com/user/Mennis343/media/Screenshotfrom2013-07-01153919_zps9809f448.png.html?sort=3&o=0\" rel=\"external nofollow\" >http://s206.photobucket.com/user/Mennis343/media/Screenshotfrom2013-07-01153919_zps9809f448.png.html?sort=3&o=0</a></p>\n"
        },
        {
            "id": 78588,
            "timestamp": 1372711631,
            "author": {
                "id": 7695,
                "name": "CyberClaus",
                "image": null
            },
            "comment": "\n<p >do :</p>\n<p >service httpd start</p>\n<p > </p>\n<p >and i had a typo there, linux is too picky with capital letters, so do :</p>\n<p >service mysqld status</p>\n"
        },
        {
            "id": 78592,
            "timestamp": 1372712151,
            "author": {
                "id": 2640,
                "name": "Kenpachi",
                "image": null
            },
            "comment": "<p ><a href=\"/cdn-cgi/l/email-protection\" class=\"__cf_email__\" data-cfemail=\"2c4d40474d444b6c4d40474d444b0165425f5c455e4342011d191e19\" >[email protected]</a> ~/Desktop/server/connector $ serivce httpd start<br />No command serivce found, did you mean:<br /> Command service from package sysvinit-utils (main)<br />serivce: command not found<br /><a href=\"/cdn-cgi/l/email-protection\" class=\"__cf_email__\" data-cfemail=\"6e0f02050f06092e0f02050f06094327001d1e071c0100435f5b5c5b\" >[email protected]</a></p>"
        },
        {
            "id": 78593,
            "timestamp": 1372712220,
            "author": {
                "id": 7695,
                "name": "CyberClaus",
                "image": null
            },
            "comment": "\n<p >of course is not going to work that way, you are writing it wrongly XD</p>\n<p > </p>\n<p >its service not serivce</p>\n"
        },
        {
            "id": 78594,
            "timestamp": 1372712311,
            "author": {
                "id": 12456,
                "name": "gallito",
                "image": null
            },
            "comment": "<p >serivce is not service  :D</p>"
        },
        {
            "id": 78596,
            "timestamp": 1372712651,
            "author": {
                "id": 2640,
                "name": "Kenpachi",
                "image": null
            },
            "comment": "\n<p ><a href=\"/cdn-cgi/l/email-protection\" class=\"__cf_email__\" data-cfemail=\"5a3b36313b323d1a3b36313b323d771334292a33283534776b6f686f\" >[email protected]</a> ~/Desktop/server/connector $ service httpd start<br />httpd: unrecognized service<br /> </p>\n<p > </p>\n<p >yeah my bad was typing to fast been working on this since 7:30am and its now 4:00pm here lol</p>\n"
        },
        {
            "id": 78597,
            "timestamp": 1372712693,
            "author": {
                "id": 3680,
                "name": "Kotetsu",
                "image": null
            },
            "comment": "\n<blockquote data-ipsquote=\"\" class=\"ipsQuote\" data-ipsquote-contentcommentid=\"78583\" data-ipsquote-contentapp=\"forums\" data-ipsquote-contenttype=\"forums\" data-ipsquote-contentclass=\"forums_Topic\" data-ipsquote-contentid=\"10128\" data-ipsquote-username=\"gallito\" data-cite=\"gallito\" data-ipsquote-timestamp=\"1372710650\" ><div ><div ><p ><a href=\"http://www.multiupload.nl/WXTX40TKWZ\" rel=\"external nofollow\" >http://www.multiupload.nl/WXTX40TKWZ</a></p></div></div></blockquote>\n<p > Thanks you very much !!!!!!!!!!</p>\n<p >It work fine !</p>\n"
        },
        {
            "id": 78598,
            "timestamp": 1372712972,
            "author": {
                "id": 7695,
                "name": "CyberClaus",
                "image": null
            },
            "comment": "<p >Kenpachi, im sorry. i asked a friend of mine that is a Mod in a linux forum, and says that the config of lampp in linux mint is a bit different. So we are probably not doing it correctly. Can i advise you to use centos? its the one im most used too and of course as been tested several times and reported working flawlessly. Also openSuse, although i would advise centos for the simplicity</p>"
        },
        {
            "id": 78599,
            "timestamp": 1372713038,
            "author": {
                "id": 2640,
                "name": "Kenpachi",
                "image": null
            },
            "comment": "<p >Yeah use what verison and I will. I have CentOS 6.4 but its all bugged</p>"
        },
        {
            "id": 78600,
            "timestamp": 1372713130,
            "author": {
                "id": 7695,
                "name": "CyberClaus",
                "image": null
            },
            "comment": "\n<p >centos 6.3</p>\n<p ><a href=\"http://mirror.wiredtree.com/centos/6.3/isos/x86_64/\" rel=\"external nofollow\" >http://mirror.wiredtree.com/centos/6.3/isos/x86_64/</a></p>\n<p > </p>\n<p >download this one, not the live cds</p>\n<p >CentOS-6.3-x86_64-bin-DVD1.iso</p>\n"
        },
        {
            "id": 78601,
            "timestamp": 1372713167,
            "author": {
                "id": 2640,
                "name": "Kenpachi",
                "image": null
            },
            "comment": "<p >okay Ill download it now and install it, Thanks</p>"
        },
        {
            "id": 78905,
            "timestamp": 1372874625,
            "author": {
                "id": 2640,
                "name": "Kenpachi",
                "image": null
            },
            "comment": "<p >Its working now if anyone has any problems just follow CyberClaus guide. Work great after :). Thanks for all the help Cyber</p>"
        }
    ]
}