{
    "meta": {
        "threadId": 1013,
        "threadName": "Invetory clear?",
        "dateCreated": "2011-10-12T07:26:43+0000",
        "datePublished": "2011-10-12T07:26:43+0000",
        "pageCount": 1,
        "originalUrl": "https://lckb.dev/forum/index.php?/topic/1013-invetory-clear/",
        "authorId": null,
        "position": [
            {
                "@type": "ListItem",
                "position": 1,
                "item": {
                    "@id": "https://lckb.dev/forum/index.php?/forum/271-general-section/",
                    "name": "General Section"
                }
            },
            {
                "@type": "ListItem",
                "position": 2,
                "item": {
                    "@id": "https://lckb.dev/forum/index.php?/forum/259-general-discussion/",
                    "name": "General Discussion"
                }
            }
        ]
    },
    "commentData": [
        {
            "id": 8358,
            "timestamp": 1318404403,
            "author": {
                "id": null,
                "name": "Guest ichigo14000",
                "image": null
            },
            "comment": "<p >i how delete invetoryO_O? i have bad item end idk how to remove simple drop wont work...</p>"
        },
        {
            "id": 8360,
            "timestamp": 1318406382,
            "author": {
                "id": null,
                "name": "Guest Jackster",
                "image": null
            },
            "comment": "<p >Search the forum. Some one has already asked this.</p>"
        }
    ]
}