{
    "meta": {
        "threadId": 10151,
        "threadName": "MagicProtoList Load Error",
        "dateCreated": "2013-06-23T17:20:31+0000",
        "datePublished": "2013-06-23T17:20:31+0000",
        "pageCount": 1,
        "originalUrl": "https://lckb.dev/forum/index.php?/topic/10151-magicprotolist-load-error/",
        "authorId": 588,
        "position": [
            {
                "@type": "ListItem",
                "position": 1,
                "item": {
                    "@id": "https://lckb.dev/forum/index.php?/forum/100-guides-help-section/",
                    "name": "Guides &amp; Help Section"
                }
            },
            {
                "@type": "ListItem",
                "position": 2,
                "item": {
                    "@id": "https://lckb.dev/forum/index.php?/forum/335-help-support/",
                    "name": "Help &amp; Support"
                }
            },
            {
                "@type": "ListItem",
                "position": 3,
                "item": {
                    "@id": "https://lckb.dev/forum/index.php?/forum/120-ep2-support/",
                    "name": "Ep2 Support"
                }
            },
            {
                "@type": "ListItem",
                "position": 4,
                "item": {
                    "@id": "https://lckb.dev/forum/index.php?/forum/134-solved-topics/",
                    "name": "Solved Topics"
                }
            }
        ]
    },
    "commentData": [
        {
            "id": 76682,
            "timestamp": 1372008031,
            "author": {
                "id": 588,
                "name": "Natzn",
                "image": null
            },
            "comment": "\n<p >Hi Community,</p>\n<p >When I start my GameServer every time this error is there:</p>\n<p > </p>\n<p ><img alt=\"03617-cf70be82-7693-4bf8-98f2-62f5a11fb2\" src=\"http://grabilla.com/03617-cf70be82-7693-4bf8-98f2-62f5a11fb281.png\" /></p>\n<p > </p>\n<p >I have used the search function but nothing worked.</p>\n<p >I tried these:</p>\n<div >table t_magiclevel to t_magicLevel and t_magiclevel_temp to t_magicLevel_temp</div>\n<div >table t_skilllevel to t_skillLevel and t_skilllevel_temp to t_skillLevel_temp</div>\n<div >table t_luckydrawneed to t_luckydrawNeed and t_luckydrawresult to t_luckydrawResult</div>\n<div >But it doesnt work.</div>\n<div > </div>\n<div >Please help.</div>\n<div > </div>\n<div >Regards Natzn</div>\n<p > </p>\n<p > </p>\n<p > </p>\n<p > </p>\n\n\n\t\t\t\n\t\t\t\t\n\n<span class=\"ipsType_reset ipsType_medium ipsType_light\" data-excludequote=\"None\" >\n\t<strong >Edited <time datetime=\"2013-06-24T20:07:28Z\" title=\"06/24/2013 08:07  PM\" data-short=\"7 yr\" >June 24, 2013</time> by Natzn</strong>\n\t\n\t\n</span>\n\t\t\t\n\t\t</div>"
        },
        {
            "id": 76683,
            "timestamp": 1372008572,
            "author": {
                "id": 6038,
                "name": "RomainLastChaos",
                "image": null
            },
            "comment": "\n<p >Check here if you have the same </p>\n<p > </p>\n<p >with same letters</p>\n<p > </p>\n<p ><a href=\"http://grabilla.com/03617-d56c6630-efd0-4f78-b27b-c7c503df0bf2.html\" rel=\"external nofollow\" ><img alt=\"03617-d56c6630-efd0-4f78-b27b-c7c503df0b\" src=\"http://grabilla.com/03617-d56c6630-efd0-4f78-b27b-c7c503df0bf2.png\" /></a></p>\n\n\n\t\t\t\n\t\t\t\t\n\n<span class=\"ipsType_reset ipsType_medium ipsType_light\" data-excludequote=\"None\" >\n\t<strong >Edited <time datetime=\"2013-06-23T17:29:55Z\" title=\"06/23/2013 05:29  PM\" data-short=\"7 yr\" >June 23, 2013</time> by Question</strong>\n\t\n\t\n</span>\n\t\t\t\n\t\t</div>"
        },
        {
            "id": 76687,
            "timestamp": 1372009387,
            "author": {
                "id": 588,
                "name": "Natzn",
                "image": null
            },
            "comment": "<p >I have checked but all have the same letters :/</p>"
        },
        {
            "id": 76688,
            "timestamp": 1372009655,
            "author": {
                "id": 6038,
                "name": "RomainLastChaos",
                "image": null
            },
            "comment": "\n<p >wierd try delete </p>\n<p > </p>\n<p >->  <span style=\"color:rgb(40,40,40);font-family:arial, helvetica, clean, sans-serif;\" >t_magiclevel_temp</span></p>\n<p >->  t<span style=\"color:rgb(40,40,40);font-family:arial, helvetica, clean, sans-serif;\" >_skilllevel_temp</span></p>\n<p >to see if work i dont have it and i dont have any error </p>\n"
        },
        {
            "id": 76689,
            "timestamp": 1372009835,
            "author": {
                "id": 588,
                "name": "Natzn",
                "image": null
            },
            "comment": "<p >Does not help</p>"
        },
        {
            "id": 76697,
            "timestamp": 1372013192,
            "author": {
                "id": 6038,
                "name": "RomainLastChaos",
                "image": null
            },
            "comment": "<p >im sorry i never have this error i cant help you more about that problem</p>\n\n\t\t\t\n\t\t\t\t\n\n<span class=\"ipsType_reset ipsType_medium ipsType_light\" data-excludequote=\"None\" >\n\t<strong >Edited <time datetime=\"2013-06-23T18:46:41Z\" title=\"06/23/2013 06:46  PM\" data-short=\"7 yr\" >June 23, 2013</time> by Question</strong>\n\t\n\t\n</span>\n\t\t\t\n\t\t</div>"
        },
        {
            "id": 76698,
            "timestamp": 1372013342,
            "author": {
                "id": 588,
                "name": "Natzn",
                "image": null
            },
            "comment": "<p >Ok, but thank for helping :)</p>"
        },
        {
            "id": 76703,
            "timestamp": 1372014648,
            "author": {
                "id": 6038,
                "name": "RomainLastChaos",
                "image": null
            },
            "comment": "<p >no problem if i can help ill help if i cannot i cannot xD</p>\n\n\t\t\t\n\t\t\t\t\n\n<span class=\"ipsType_reset ipsType_medium ipsType_light\" data-excludequote=\"None\" >\n\t<strong >Edited <time datetime=\"2013-06-23T19:11:02Z\" title=\"06/23/2013 07:11  PM\" data-short=\"7 yr\" >June 23, 2013</time> by Question</strong>\n\t\n\t\n</span>\n\t\t\t\n\t\t</div>"
        },
        {
            "id": 76787,
            "timestamp": 1372052201,
            "author": {
                "id": 17582,
                "name": "CDWriter",
                "image": null
            },
            "comment": "\n<p >Use Both ...</p>\n<p >t_magiclevel</p>\n<p >t_magicLevel</p>\n<p >t_skilllevel</p>\n<p >t_skillLevel</p>\n<p > </p>\n<p >becuase u will need it for the editor .......there is no temp</p>\n\n\n\t\t\t\n\t\t\t\t\n\n<span class=\"ipsType_reset ipsType_medium ipsType_light\" data-excludequote=\"None\" >\n\t<strong >Edited <time datetime=\"2013-06-24T05:37:23Z\" title=\"06/24/2013 05:37  AM\" data-short=\"7 yr\" >June 24, 2013</time> by CDWriter</strong>\n\t\n\t\n</span>\n\t\t\t\n\t\t</div>"
        },
        {
            "id": 76978,
            "timestamp": 1372104418,
            "author": {
                "id": 588,
                "name": "Natzn",
                "image": null
            },
            "comment": "\n<p >Ok, thanks CDWriter :)</p>\n<p >This was the problem.</p>\n<p > </p>\n<p >Thanks to all!</p>\n"
        }
    ]
}