{
    "meta": {
        "threadId": 10158,
        "threadName": "LC ep2 hamachi",
        "dateCreated": "2013-06-23T22:56:37+0000",
        "datePublished": "2013-06-23T22:56:37+0000",
        "pageCount": 1,
        "originalUrl": "https://lckb.dev/forum/index.php?/topic/10158-lc-ep2-hamachi/",
        "authorId": 17404,
        "position": [
            {
                "@type": "ListItem",
                "position": 1,
                "item": {
                    "@id": "https://lckb.dev/forum/index.php?/forum/100-guides-help-section/",
                    "name": "Guides &amp; Help Section"
                }
            },
            {
                "@type": "ListItem",
                "position": 2,
                "item": {
                    "@id": "https://lckb.dev/forum/index.php?/forum/335-help-support/",
                    "name": "Help &amp; Support"
                }
            },
            {
                "@type": "ListItem",
                "position": 3,
                "item": {
                    "@id": "https://lckb.dev/forum/index.php?/forum/37-emulation-support/",
                    "name": "Emulation Support"
                }
            },
            {
                "@type": "ListItem",
                "position": 4,
                "item": {
                    "@id": "https://lckb.dev/forum/index.php?/forum/136-solved-topics/",
                    "name": "Solved Topics"
                }
            }
        ]
    },
    "commentData": [
        {
            "id": 76747,
            "timestamp": 1372028197,
            "author": {
                "id": 17404,
                "name": "Proteo007",
                "image": null
            },
            "comment": "\n<p >Hi all!!</p>\n<p > </p>\n<p >I have a problem with the hamachi.</p>\n<p >What I have to do, to configure correctly the hamachi for an ep2, in the linux?</p>\n<p >I mean, how can I set online, with hamachi, my server ep2</p>\n<p > </p>\n<p >Another question xD.</p>\n<p >When I start my last chaos, I appear out of the juno city, how can I correct that? (the problem is caused because I have put the textures of juno city ep1, but the navicat is configurated with the juno city ep2). Which tables I have to modify?.</p>\n<p > </p>\n<p >Id be so grateful if you reply me in skype: proteooo007</p>\n<p > </p>\n<p >Thanks all!!! :D</p>\n"
        },
        {
            "id": 76755,
            "timestamp": 1372031708,
            "author": {
                "id": 2167,
                "name": "dethunter12",
                "image": null
            },
            "comment": "<p >wrong section?</p>"
        },
        {
            "id": 76764,
            "timestamp": 1372034661,
            "author": {
                "id": 17404,
                "name": "Proteo007",
                "image": null
            },
            "comment": "<p >lol? help me with my problem or tell me which is the correct section please.</p>"
        },
        {
            "id": 76824,
            "timestamp": 1372072097,
            "author": {
                "id": 6038,
                "name": "RomainLastChaos",
                "image": null
            },
            "comment": "\n<p >change spawm zone of the zone in t_zonedata a_pos etc 1111 952 1111 952 1111 952 (center juno)</p>\n<p > </p>\n<p >hamachi there is a guide how to setup hamachi in centos on the guides section</p>\n<p > </p>\n<p >PS Wrong section there is emulator Windows </p>\n"
        }
    ]
}