{
    "meta": {
        "threadId": 10160,
        "threadName": "Installing Screen on Putty",
        "dateCreated": "2013-06-24T01:31:08+0000",
        "datePublished": "2013-06-24T01:31:08+0000",
        "pageCount": 1,
        "originalUrl": "https://lckb.dev/forum/index.php?/topic/10160-installing-screen-on-putty/",
        "authorId": 2835,
        "position": [
            {
                "@type": "ListItem",
                "position": 1,
                "item": {
                    "@id": "https://lckb.dev/forum/index.php?/forum/100-guides-help-section/",
                    "name": "Guides &amp; Help Section"
                }
            },
            {
                "@type": "ListItem",
                "position": 2,
                "item": {
                    "@id": "https://lckb.dev/forum/index.php?/forum/335-help-support/",
                    "name": "Help &amp; Support"
                }
            },
            {
                "@type": "ListItem",
                "position": 3,
                "item": {
                    "@id": "https://lckb.dev/forum/index.php?/forum/120-ep2-support/",
                    "name": "Ep2 Support"
                }
            },
            {
                "@type": "ListItem",
                "position": 4,
                "item": {
                    "@id": "https://lckb.dev/forum/index.php?/forum/134-solved-topics/",
                    "name": "Solved Topics"
                }
            }
        ]
    },
    "commentData": [
        {
            "id": 76768,
            "timestamp": 1372037468,
            "author": {
                "id": 2835,
                "name": "halohalo",
                "image": null
            },
            "comment": "\n<p >Hey guys, i have installed screen on Putty, but then, how i start the server or open the screen? I coudnt find any command for it, i tried \"screen\" only but it only shows a black screen for more commands ;/</p>\n<p > </p>\n<p >Hope someone can help me out</p>\n<p > </p>\n<p >Thank you</p>\n\n\n\t\t\t\n\t\t\t\t\n\n<span class=\"ipsType_reset ipsType_medium ipsType_light\" data-excludequote=\"None\" >\n\t<strong >Edited <time datetime=\"2013-06-24T02:36:53Z\" title=\"06/24/2013 02:36  AM\" data-short=\"7 yr\" >June 24, 2013</time> by halohalo</strong>\n\t\n\t\n</span>\n\t\t\t\n\t\t</div>"
        },
        {
            "id": 76769,
            "timestamp": 1372037635,
            "author": {
                "id": 2016,
                "name": "pwesty",
                "image": null
            },
            "comment": "\n<p >screen -r for resuming a detached one or screen -x for starting a new one</p>\n<p > </p>\n<p > </p>\n<p >and im almost certain screen --help will display all possible commands</p>\n\n\n\t\t\t\n\t\t\t\t\n\n<span class=\"ipsType_reset ipsType_medium ipsType_light\" data-excludequote=\"None\" >\n\t<strong >Edited <time datetime=\"2013-06-24T01:34:37Z\" title=\"06/24/2013 01:34  AM\" data-short=\"7 yr\" >June 24, 2013</time> by pwesty</strong>\n\t\n\t\n</span>\n\t\t\t\n\t\t</div>"
        },
        {
            "id": 76772,
            "timestamp": 1372039123,
            "author": {
                "id": 2835,
                "name": "halohalo",
                "image": null
            },
            "comment": "<p >The problem is that if i start usa gameserver on putty then i cant use any other command to close it like: logout, exit, nothing...anyway to close it and keep it on? or to fix it</p>\n\n\t\t\t\n\t\t\t\t\n\n<span class=\"ipsType_reset ipsType_medium ipsType_light\" data-excludequote=\"None\" >\n\t<strong >Edited <time datetime=\"2013-06-24T01:58:51Z\" title=\"06/24/2013 01:58  AM\" data-short=\"7 yr\" >June 24, 2013</time> by halohalo</strong>\n\t\n\t\n</span>\n\t\t\t\n\t\t</div>"
        },
        {
            "id": 76773,
            "timestamp": 1372039370,
            "author": {
                "id": 2016,
                "name": "pwesty",
                "image": null
            },
            "comment": "<p >the startService.sh is a script that was made for that reason which was released with the german files in the main folder</p>"
        },
        {
            "id": 76777,
            "timestamp": 1372041461,
            "author": {
                "id": 2835,
                "name": "halohalo",
                "image": null
            },
            "comment": "<p >Its fixed, we had to made \"startx\" and then we have be able to start the Screen^^</p>"
        },
        {
            "id": 76784,
            "timestamp": 1372049101,
            "author": {
                "id": 2041,
                "name": "HateMe",
                "image": null
            },
            "comment": "\n<p >a start script for screen...</p>\n<p > </p>\n<p > </p>\n<p > </p>\n<pre class=\"ipsCode prettyprint\" >PATH=/bin:/usr/bin:/sbin:/usr/sbin\n\n#\n# DONT FORGET TO CHANGE THE PATH TO YOUR NEEDS!\nDIR=/home/lcserver/Connector\n\n#\nDAEMON=$DIR/run\n\nPARAMS=\" connector_test start &\"\n\nNAME=USA_LCConnector_Fun\nDESC=\"USA_LC Connector_Fun\"\n\n\ncase \"$1\" in\n start)\n   if [[ `screen -ls |grep $NAME` ]]\n   then\n    echo \"Already Running!!!\"\n   else\n       echo \"Starting $DESC: $NAME\"\n       \n    if [ -e $DIR ];\n           then\n            cd $DIR\n           screen -d -m -S $NAME $DAEMON $PARAMS\n           else echo \"No such directory: $DIR!\"\n    fi\n   fi\n   ;;\n\n stop)\n   if [[ `screen -ls |grep $NAME` ]]\n   then\n       echo -n \"Stopping $DESC: $NAME\"\n    screen -r ${NAME} -X quit\n       echo \" ... done.\"\n   else\n       echo \"Coulndt find a running $DESC\"\n   fi\n   ;;\n\n restart)\n   if [[ `screen -ls |grep $NAME` ]]\n   then\n       echo -n \"Stopping $DESC: $NAME\"\n    screen -r ${NAME} -X quit\n       echo \" ... done.\"\n   else\n       echo \"Coulndt find a running $DESC\"\n   fi\n   \n   echo -n \"Starting $DESC: $NAME\"\n   cd $DIR\n   screen -d -m -S $NAME $DAEMON $PARAMS\n   echo \" ... done.\"\n   ;;\n \n status)\n   ps aux | grep -v grep | grep $NAME | grep SCREEN > /dev/null\n   CHECK=$?\n   [ $CHECK -eq 0 ] && echo \"Server is UP\" || echo \"Server is DOWN\"\n   ;;\n\nconsole)\n       if [[ `screen -ls |grep $NAME` ]]\n       then\n       screen -r $NAME    \n       else\n    echo \"Coulndt find a running $DESC\"\n    fi\n   ;;\n \n *)\n   echo \"Usage: $0 {start|stop|status|restart|console}\"\n   exit 1\n   ;;\nesac\n\nexit 0\n \n</pre>\n"
        }
    ]
}