{
    "meta": {
        "threadId": 10185,
        "threadName": "USA GS Channel's",
        "dateCreated": "2013-06-25T02:18:30+0000",
        "datePublished": "2013-06-25T02:18:30+0000",
        "pageCount": 1,
        "originalUrl": "https://lckb.dev/forum/index.php?/topic/10185-usa-gs-channels/",
        "authorId": 2835,
        "position": [
            {
                "@type": "ListItem",
                "position": 1,
                "item": {
                    "@id": "https://lckb.dev/forum/index.php?/forum/100-guides-help-section/",
                    "name": "Guides &amp; Help Section"
                }
            },
            {
                "@type": "ListItem",
                "position": 2,
                "item": {
                    "@id": "https://lckb.dev/forum/index.php?/forum/335-help-support/",
                    "name": "Help &amp; Support"
                }
            },
            {
                "@type": "ListItem",
                "position": 3,
                "item": {
                    "@id": "https://lckb.dev/forum/index.php?/forum/120-ep2-support/",
                    "name": "Ep2 Support"
                }
            },
            {
                "@type": "ListItem",
                "position": 4,
                "item": {
                    "@id": "https://lckb.dev/forum/index.php?/forum/134-solved-topics/",
                    "name": "Solved Topics"
                }
            }
        ]
    },
    "commentData": [
        {
            "id": 77015,
            "timestamp": 1372126710,
            "author": {
                "id": 2835,
                "name": "halohalo",
                "image": null
            },
            "comment": "\n<p >i have configure login and connector to max=4 and config a second gs correctly with port= 9101 (GS1-> 8101) but after it loads it closes. But, even if i dont start it, the channel doesnt show on Channel Selection ingame...</p>\n<p > </p>\n<p >Anyone knows the problem?</p>\n<p > </p>\n<p >Thanks, i want 4 channel but even i configure it, they dont show or show at least the channel in maitenance</p>\n\n\n\t\t\t\n\t\t\t\t\n\n<span class=\"ipsType_reset ipsType_medium ipsType_light\" data-excludequote=\"None\" >\n\t<strong >Edited <time datetime=\"2013-06-25T19:52:55Z\" title=\"06/25/2013 07:52  PM\" data-short=\"7 yr\" >June 25, 2013</time> by halohalo</strong>\n\t\n\t\n</span>\n\t\t\t\n\t\t</div>"
        },
        {
            "id": 77023,
            "timestamp": 1372133414,
            "author": {
                "id": 17582,
                "name": "CDWriter",
                "image": null
            },
            "comment": "\n<div >[Guide Server Setup] How to make multi gamesservers.<p > </p>\n</div>\n<div > </div>\n<div >Ill make the guide for 4 channel that are enough(its the same for 5-6-7-8)</div>\n<div >1) Go in connector folder and open newStorm.bin</div>\n<div >where there is    MaxSubServer=1    ,  set it to   MaxSubServer=4</div>\n<div >2)Go in LoginServer folder and open newStorm.bin</div>\n<div >where there is</div>\n<div >[Connector_0]</div>\n<div >Number=1</div>\n<div >MaxSubNumber=1</div>\n<div >IP=........</div>\n<div > </div>\n<div >set it to</div>\n<div > </div>\n<div >[Connector_0]</div>\n<div >Number=1</div>\n<div >MaxSubNumber=4</div>\n<div >IP=..........</div>\n<div > </div>\n<div >3)make 3 copy of GameServer folder</div>\n<div >so you will have 4 folder :</div>\n<div >-GameServer</div>\n<div >-GameServer1</div>\n<div >-GameServer2</div>\n<div >-Gameserver3</div>\n<div > </div>\n<div >go in data folder of each GameServer and open newStorm.bin</div>\n<div >now we have to edit [server] ( the first one )</div>\n<div > </div>\n<div >on -GameServer  set :</div>\n<div >[server]</div>\n<div >Number=1</div>\n<div >SubNumber=1</div>\n<div >IP=YOUR IP</div>\n<div >Port=4101</div>\n<div >AllowExternalIP=TRUE</div>\n<div > </div>\n<div >on -GameServer1 set :</div>\n<div >[server]</div>\n<div >Number=1</div>\n<div >SubNumber=2</div>\n<div >IP=YOUR IP</div>\n<div >Port=5101</div>\n<div >AllowExternalIP=TRUE</div>\n<div > </div>\n<div >on -GameServer2 set :</div>\n<div >[server]</div>\n<div >Number=1</div>\n<div >SubNumber=3</div>\n<div >IP=YOUR IP</div>\n<div >Port=6101</div>\n<div >AllowExternalIP=TRUE</div>\n<div > </div>\n<div >on -GameServer3 set :</div>\n<div >[server]</div>\n<div >Number=1</div>\n<div >SubNumber=4</div>\n<div >IP=YOUR IP</div>\n<div >Port=7101</div>\n<div >AllowExternalIP=TRUE</div>\n<div > </div>\n<div >than run messenger , subhelper , helper , connector , loginserver , gameserver , gameserver1 , gameserver2 , gameserver3   and have fun </div>\n<div > </div>\n<div >I hope Ive help someone .</div>\n<div > </div>\n<p >NOT done by me ..but i saved it ...</p>\n<p >CDWriter</p>\n\n\n\t\t\t\n\t\t\t\t\n\n<span class=\"ipsType_reset ipsType_medium ipsType_light\" data-excludequote=\"None\" >\n\t<strong >Edited <time datetime=\"2013-06-25T04:11:37Z\" title=\"06/25/2013 04:11  AM\" data-short=\"7 yr\" >June 25, 2013</time> by CDWriter</strong>\n\t\n\t\n</span>\n\t\t\t\n\t\t</div>"
        },
        {
            "id": 77024,
            "timestamp": 1372133480,
            "author": {
                "id": 17582,
                "name": "CDWriter",
                "image": null
            },
            "comment": "\n<div >[Guide Server Setup] How to make multi server groups<p > </p>\n</div>\n<div >1. Make a copy of you Connector and name it Connector 2</div>\n<div > </div>\n<div >2. Make a copy of your GameServer Folder and name it GameServer 2</div>\n<div > </div>\n<div >3.1 Open you LoginServer Folder</div>\n<div > </div>\n<div >3.2 Open newStobm.bin of the LoginServer</div>\n<div > </div>\n<div >3.3     [Connector Server]</div>\n<div >        Count=1 <- Change to 2</div>\n<div > </div>\n<div >3.4 Between [Connector_0] and [Auto Block] add:</div>\n<div >    </div>\n<div >    [Connector_1]</div>\n<div >    Number=2</div>\n<div >    MaxSubNumber=1</div>\n<div >    IP=127.0.0.1</div>\n<div >    Port=50201</div>\n<div > </div>\n<div >3.5 Save and close newStobm.bin</div>\n<div > </div>\n<div > </div>\n<div >4.1 Open Connector 2 Folder</div>\n<div > </div>\n<div >4.2 Open newStobn.bin of the Connector 2</div>\n<div > </div>\n<div >4.3     [server]</div>\n<div >    Number=1 <- Change to 2</div>\n<div >    MaxSubServer=1</div>\n<div >    IP=127.0.0.1</div>\n<div >    Port=50200 <- Change to 50201</div>\n<div > </div>\n<div >4.4 Save and close newStobm.bin</div>\n<div > </div>\n<div > </div>\n<div >5.1 Open GameServer 2 Folder</div>\n<div > </div>\n<div >5.2 Go to data and open newStobm.bin</div>\n<div > </div>\n<div >5.3     [server]</div>\n<div >    Number=1 <- Change to 2</div>\n<div >    SubNumber=1</div>\n<div >    IP=127.0.0.1</div>\n<div >    Port=4101 <- Change to 4102</div>\n<div >    AllowExternalIP=TRUE</div>\n<div > </div>\n<div >and</div>\n<div > </div>\n<div >   [connector Server]</div>\n<div >   IP=127.0.0.1</div>\n<div >   Port=50200   <- change to 50201 our what u made the connector 2 at</div>\n<div > </div>\n<div > </div>\n<div >5.4 save and close newStobm.bin</div>\n<div > </div>\n<div > </div>\n<div >6.1 Make a new newproject_db and newproject_data for GameServer 2</div>\n<div > </div>\n<div >6.2 Add the new DB names into the newStobm.bins</div>\n"
        },
        {
            "id": 77052,
            "timestamp": 1372151655,
            "author": {
                "id": 7695,
                "name": "CyberClaus",
                "image": null
            },
            "comment": "<p >CDWriter, its the second time i see a post were you copy from another post and dont give credits. Wouldnt you like, if someone uses your DB and tell anothers it was your work? Think about it</p>"
        },
        {
            "id": 77055,
            "timestamp": 1372151796,
            "author": {
                "id": 3721,
                "name": "filix_93",
                "image": null
            },
            "comment": "<p ><a href=\"http://toxic-l33t.ddns.net/forum/index.php?/topic/8064-guidehow-to-make-more-channel/\" rel=\"external nofollow\" >http://toxic-l33t.ddns.net/forum/index.php?/topic/8064-guidehow-to-make-more-channel/</a></p>"
        },
        {
            "id": 77234,
            "timestamp": 1372181380,
            "author": {
                "id": 17582,
                "name": "CDWriter",
                "image": null
            },
            "comment": "\n<p >@<a contenteditable=\"false\" data-ipshover=\"\" href=\"https://lckb.dev/forum/index.php?/profile/7695-cyberclaus/\" data-ipshover-target=\"https://lckb.dev/forum/index.php?/profile/7695-cyberclaus/&do=hovercard\" data-mentionid=\"7695\" rel=\"\" >@CyberClaus</a></p>\n<p > </p>\n<blockquote data-ipsquote=\"\" class=\"ipsQuote\" ><div >\n<br /><p >NOT done by me ..but i saved it ...</p>\n</div></blockquote>\n<p > </p>\n<p >i just answered it too help ....its not my fualt they did not SEARCH ....for the orginal post ....and me telling them that would have been just rude ...so would it not be more Polite to say \" hey @<a contenteditable=\"false\" data-ipshover=\"\" href=\"https://lckb.dev/forum/index.php?/profile/2835-halohalo/\" data-ipshover-target=\"https://lckb.dev/forum/index.php?/profile/2835-halohalo/&do=hovercard\" data-mentionid=\"2835\" rel=\"\" >@halohalo</a> you know how to search its been answered\"  I did not do this because i am not a mod ...i just here to help,  will not answer anyone any more.....</p>\n<p > </p>\n<p >and i did post i did not DO this  but saved it </p>\n<p > </p>\n<p >it was not my intentions to steal the credit from anyone ....sorry @<a contenteditable=\"false\" data-ipshover=\"\" href=\"https://lckb.dev/forum/index.php?/profile/3721-filix_93/\" data-ipshover-target=\"https://lckb.dev/forum/index.php?/profile/3721-filix_93/&do=hovercard\" data-mentionid=\"3721\" rel=\"\" >@filix_93</a></p>\n\n\n\t\t\t\n\t\t\t\t\n\n<span class=\"ipsType_reset ipsType_medium ipsType_light\" data-excludequote=\"None\" >\n\t<strong >Edited <time datetime=\"2013-06-25T17:43:03Z\" title=\"06/25/2013 05:43  PM\" data-short=\"7 yr\" >June 25, 2013</time> by CDWriter</strong>\n\t\n\t\n</span>\n\t\t\t\n\t\t</div>"
        },
        {
            "id": 77249,
            "timestamp": 1372187975,
            "author": {
                "id": 7695,
                "name": "CyberClaus",
                "image": null
            },
            "comment": "<p >Its ok CDWriter, you are not beeing unpolite if you say that its already answered. And your help is appreciated, just think of it, in the end of the post feels good to see our name, no? At least when i mentioned your DB to another user, i said clearly, that it was YOUR work. I just want to see some credits to who deserves. OK? its all ok CDWriter, keep the good work.</p>"
        },
        {
            "id": 77266,
            "timestamp": 1372189281,
            "author": {
                "id": 2835,
                "name": "halohalo",
                "image": null
            },
            "comment": "\n<p >First, i searched the post, second i did it with those guides without posting and it didnt worked, thats why i asked...</p>\n<p > </p>\n<p >Edit: We had reboot the screen on putty, and started again all server, now works.</p>\n\n\n\t\t\t\n\t\t\t\t\n\n<span class=\"ipsType_reset ipsType_medium ipsType_light\" data-excludequote=\"None\" >\n\t<strong >Edited <time datetime=\"2013-06-25T19:49:19Z\" title=\"06/25/2013 07:49  PM\" data-short=\"7 yr\" >June 25, 2013</time> by halohalo</strong>\n\t\n\t\n</span>\n\t\t\t\n\t\t</div>"
        }
    ]
}