{
    "meta": {
        "threadId": 10202,
        "threadName": "Info on seals",
        "dateCreated": "2013-06-25T19:20:53+0000",
        "datePublished": "2013-06-25T19:20:53+0000",
        "pageCount": 1,
        "originalUrl": "https://lckb.dev/forum/index.php?/topic/10202-info-on-seals/",
        "authorId": 17582,
        "position": [
            {
                "@type": "ListItem",
                "position": 1,
                "item": {
                    "@id": "https://lckb.dev/forum/index.php?/forum/271-general-section/",
                    "name": "General Section"
                }
            },
            {
                "@type": "ListItem",
                "position": 2,
                "item": {
                    "@id": "https://lckb.dev/forum/index.php?/forum/259-general-discussion/",
                    "name": "General Discussion"
                }
            }
        ]
    },
    "commentData": [
        {
            "id": 77250,
            "timestamp": 1372188053,
            "author": {
                "id": 17582,
                "name": "CDWriter",
                "image": null
            },
            "comment": "\n<p >I ve looked many time on the net about seals and there not much there on witch item has what ? is this a random thing ? could someone explain them too me or send me too a site where there explained on what item has what ...</p>\n<p > </p>\n<p > </p>\n<p >as for this web site here </p>\n<p > </p>\n<p ><a href=\"http://lastchaosinfo.wetpaint.com/page/145-165+armor+seals\" rel=\"external nofollow\" >http://lastchaosinfo.wetpaint.com/page/145-165+armor+seals</a></p>\n<p > </p>\n<p >I take it all <span style=\"color:rgb(51,51,51);font-family:Arial, Verdana, Helvetica, sans-serif;font-size:13px;\" >Gloves, </span><span style=\"color:rgb(51,51,51);font-family:Arial, Verdana, Helvetica, sans-serif;font-size:13px;\" >Shirt and boots have?</span></p>\n<p > </p>\n<p ><span style=\"color:rgb(51,51,51);font-family:Arial, Verdana, Helvetica, sans-serif;font-size:10pt;\" >Evasion: 45</span></p>\n<p >Melee Evasion: 56<br />Ranged Evasion: 56<br />Dexterity: 12<br />Evasion: 45</p>\n<p > </p>\n<p >is that correct?</p>\n<p >then we have the color differences .......hmm Guess i need to read a lot of it to understand it a lot more ... but a quick reference would be GREAT..</p>\n<p > </p>\n<p >Thanks CDWriter</p>\n\n\n\t\t\t\n\t\t\t\t\n\n<span class=\"ipsType_reset ipsType_medium ipsType_light\" data-excludequote=\"None\" >\n\t<strong >Edited <time datetime=\"2013-06-25T19:25:39Z\" title=\"06/25/2013 07:25  PM\" data-short=\"7 yr\" >June 25, 2013</time> by CDWriter</strong>\n\t\n\t\n</span>\n\t\t\t\n\t\t</div>"
        },
        {
            "id": 77254,
            "timestamp": 1372188399,
            "author": {
                "id": 3721,
                "name": "filix_93",
                "image": null
            },
            "comment": "\n<p >nothing its random .</p>\n<p >depends what seals you mean , purple seals its on t_item table , rareoption seals are into t_rareoption and id of rareoption into t_item .</p>\n"
        },
        {
            "id": 77256,
            "timestamp": 1372188587,
            "author": {
                "id": 17582,
                "name": "CDWriter",
                "image": null
            },
            "comment": "\n<p >thanks @<a contenteditable=\"false\" data-ipshover=\"\" href=\"https://lckb.dev/forum/index.php?/profile/3721-filix_93/\" data-ipshover-target=\"https://lckb.dev/forum/index.php?/profile/3721-filix_93/&do=hovercard\" data-mentionid=\"3721\" rel=\"\" >@filix_93</a>... and I am refereeing to this Seals </p>\n<p > </p>\n<p ><a href=\"http://toxic-l33t.ddns.net/forum/index.php?/topic/10162-complete-database-v3-by-cdwriter/&do=findComment&comment=76850\" rel=\"external nofollow\" >http://toxic-l33t.ddns.net/forum/index.php?/topic/10162-complete-database-v3-by-cdwriter/&do=findComment&comment=76850</a></p>\n<p > </p>\n<p >what he talks about there and shows on PIC?</p>\n"
        },
        {
            "id": 77259,
            "timestamp": 1372188744,
            "author": {
                "id": 3721,
                "name": "filix_93",
                "image": null
            },
            "comment": "\n<blockquote data-ipsquote=\"\" class=\"ipsQuote\" data-ipsquote-contentcommentid=\"77256\" data-ipsquote-contentapp=\"forums\" data-ipsquote-contenttype=\"forums\" data-ipsquote-contentclass=\"forums_Topic\" data-ipsquote-contentid=\"10202\" data-ipsquote-username=\"CDWriter\" data-cite=\"CDWriter\" data-ipsquote-timestamp=\"1372188587\" ><div ><div >\n<p >thanks @<a contenteditable=\"false\" data-ipshover=\"\" href=\"https://lckb.dev/forum/index.php?/profile/3721-filix_93/\" data-ipshover-target=\"https://lckb.dev/forum/index.php?/profile/3721-filix_93/&do=hovercard\" data-mentionid=\"3721\" rel=\"\" >@filix_93</a>... and I am refereeing to this Seals </p>\n<p > </p>\n<p ><a href=\"http://toxic-l33t.ddns.net/forum/index.php?/topic/10162-complete-database-v3-by-cdwriter/&do=findComment&comment=76850\" rel=\"external nofollow\" >http://toxic-l33t.ddns.net/forum/index.php?/topic/10162-complete-database-v3-by-cdwriter/&do=findComment&comment=76850</a></p>\n<p > </p>\n<p >what he talks about there and shows on PIC?</p>\n</div></div></blockquote>\n<p >he talking about purple seals in that screen, they are only DB side in t_item table</p>\n"
        },
        {
            "id": 77270,
            "timestamp": 1372193047,
            "author": {
                "id": 17582,
                "name": "CDWriter",
                "image": null
            },
            "comment": "<p >thanks filix ...sorry at work.. so wizateks itemalll will work then</p>"
        },
        {
            "id": 77316,
            "timestamp": 1372203197,
            "author": {
                "id": 2167,
                "name": "dethunter12",
                "image": null
            },
            "comment": "<p >figured if you just use rare option part of wiza rather then purple seal it works</p>"
        },
        {
            "id": 77330,
            "timestamp": 1372224274,
            "author": {
                "id": 17582,
                "name": "CDWriter",
                "image": null
            },
            "comment": "\n<p >ok again still need the break down of Purple seals ?  i sthat what you use Magnify glasses for ?</p>\n<p > </p>\n<p >is that the <secret properties=\"None\" >  name on some items.. </secret></p>\n<p > </p>\n<p >where does it come from ....Client side? if any </p>\n<p > </p>\n<p >whats the name of the tables it saves too in t_item..  something here would be nice other then what i have gotten so far above ..</p>\n<p > </p>\n<p >thanks</p>\n"
        },
        {
            "id": 77334,
            "timestamp": 1372226706,
            "author": {
                "id": 2167,
                "name": "dethunter12",
                "image": null
            },
            "comment": "<p >okay bro you can do purple seals by simplying doing it in the options tab remeber most give 1-6 seals and  i would prefer if  you put some evasion on these seals and secret properties is the low level stuff past 70 and below 160  purple seals come directly from the database and all you gotta do is plug the values in t_item if your feeling to lazy to edit the table directly go on itemall editor  go to rare option tab  option 0 is the option id  like 58 for evasion 3 for constitution and so on . you want to edit either 0-5 dont do past that chance will be your option level  if you want it purple seals and socket choose this flag 134742078 if you dont want it to have socket choose this flag <span style=\"font-size:14px;\" >524350 socket is what allows you to </span>identify<span style=\"font-size:14px;\" > how many times you can put a jewel in the gear for each </span>piece need any help talk to me on skype bro.</p>"
        },
        {
            "id": 77337,
            "timestamp": 1372228592,
            "author": {
                "id": 17582,
                "name": "CDWriter",
                "image": null
            },
            "comment": "<p >@<a contenteditable=\"false\" data-ipshover=\"\" href=\"https://lckb.dev/forum/index.php?/profile/2167-dethunter12/\" data-ipshover-target=\"https://lckb.dev/forum/index.php?/profile/2167-dethunter12/&do=hovercard\" data-mentionid=\"2167\" rel=\"\" >@dethunter12</a> thanks , ill yell at you on skype later .... to understand it more ......but it may not be til this weekend</p>"
        },
        {
            "id": 77338,
            "timestamp": 1372228765,
            "author": {
                "id": 2167,
                "name": "dethunter12",
                "image": null
            },
            "comment": "<p >alright well im here whenever</p>"
        },
        {
            "id": 77350,
            "timestamp": 1372233227,
            "author": {
                "id": 17582,
                "name": "CDWriter",
                "image": null
            },
            "comment": "\n<p >for now i created a query for them, and i think i understand them more so ill talk to you later after i finish theses</p>\n<pre class=\"ipsCode prettyprint lang-sql\" >SELECT a_index, a_set_4, a_name, a_level, a_flag, a_job_flag, a_rare_index_1 FROM t_item WHERE a_flag = 134743076 or a_flag = 134742078;\n</pre>\n"
        }
    ]
}