{
    "meta": {
        "threadId": 1021,
        "threadName": "LastChaosUsa 1310 Client Fix",
        "dateCreated": "2011-10-12T14:48:26+0000",
        "datePublished": "2011-10-12T14:48:26+0000",
        "pageCount": 1,
        "originalUrl": "https://lckb.dev/forum/index.php?/topic/1021-lastchaosusa-1310-client-fix/",
        "authorId": 3403,
        "position": [
            {
                "@type": "ListItem",
                "position": 1,
                "item": {
                    "@id": "https://lckb.dev/forum/index.php?/forum/258-release-zone/",
                    "name": "Release Zone"
                }
            },
            {
                "@type": "ListItem",
                "position": 2,
                "item": {
                    "@id": "https://lckb.dev/forum/index.php?/forum/324-episode-1-releases/",
                    "name": "Episode 1 Releases"
                }
            },
            {
                "@type": "ListItem",
                "position": 3,
                "item": {
                    "@id": "https://lckb.dev/forum/index.php?/forum/42-client-side/",
                    "name": "Client Side"
                }
            }
        ]
    },
    "commentData": [
        {
            "id": 8388,
            "timestamp": 1318430906,
            "author": {
                "id": 3403,
                "name": "rioking",
                "image": null
            },
            "comment": "\n<p >Hi.I uploaded my 1279 usa client to 1310 but get timed out error.</p>\n<p >There is Bin Folder from 1310 - <a href=\"http://www.mediafire.com/download.php?n59evhk11e35cbn\" rel=\"external nofollow\" >DOWNLOAD!</a></p>\n<p >but it is very cool.Because after updating 1279 to 1310 adds Night Shadow Mondshine Capell and changing Stryana entrance.</p>\n<p >If someone have Engine.dll for this client upload please</p>\n<p > </p>\n<p >Why add to 1310 version.Because there is have bin folder.Bin folder completing update folders in Engine.dll</p>\n<p > </p>\n<p >Please upload engine dll for 1310 Usa version </p>\n<p >______________________________________________________</p>\n<p >There is patches:</p>\n<p ><a href=\"http://lastchaos.patch.aeriagames.com/lc_patch/1211.zip\" rel=\"external nofollow\" >1279</a> <a href=\"http://lastchaos.patch.aeriagames.com/lc_patch/1280.zip\" rel=\"external nofollow\" >1280</a> <a href=\"http://lastchaos.patch.aeriagames.com/lc_patch/1280.zip\" rel=\"external nofollow\" >1280</a> <a href=\"http://lastchaos.patch.aeriagames.com/lc_patch/1281.zip\" rel=\"external nofollow\" >1281</a> <a href=\"http://lastchaos.patch.aeriagames.com/lc_patch/1282.zip\" rel=\"external nofollow\" >1282</a> <a href=\"http://lastchaos.patch.aeriagames.com/lc_patch/1283.zip\" rel=\"external nofollow\" >1283</a> <a href=\"http://lastchaos.patch.aeriagames.com/lc_patch/1284.zip\" rel=\"external nofollow\" >1284</a> <a href=\"http://lastchaos.patch.aeriagames.com/lc_patch/1285.zip\" rel=\"external nofollow\" >1285</a> <a href=\"http://lastchaos.patch.aeriagames.com/lc_patch/1286.zip\" rel=\"external nofollow\" >1286</a> <a href=\"http://lastchaos.patch.aeriagames.com/lc_patch/1287.zip\" rel=\"external nofollow\" >1287</a> <a href=\"http://lastchaos.patch.aeriagames.com/lc_patch/1288.zip\" rel=\"external nofollow\" >1288</a> <a href=\"http://lastchaos.patch.aeriagames.com/lc_patch/1289.zip\" rel=\"external nofollow\" >1289</a> <a href=\"http://lastchaos.patch.aeriagames.com/lc_patch/1290.zip\" rel=\"external nofollow\" >1290</a> <a href=\"http://lastchaos.patch.aeriagames.com/lc_patch/1291.zip\" rel=\"external nofollow\" >1291</a> <a href=\"http://lastchaos.patch.aeriagames.com/lc_patch/1292.zip\" rel=\"external nofollow\" >1292</a> <a href=\"http://lastchaos.patch.aeriagames.com/lc_patch/1293.zip\" rel=\"external nofollow\" >1293</a> <a href=\"http://lastchaos.patch.aeriagames.com/lc_patch/1294.zip\" rel=\"external nofollow\" >1294</a> <a href=\"http://lastchaos.patch.aeriagames.com/lc_patch/1295.zip\" rel=\"external nofollow\" >1295</a> <a href=\"http://lastchaos.patch.aeriagames.com/lc_patch/1296.zip\" rel=\"external nofollow\" >1296</a> <a href=\"http://lastchaos.patch.aeriagames.com/lc_patch/1297.zip\" rel=\"external nofollow\" >1297</a> <a href=\"http://lastchaos.patch.aeriagames.com/lc_patch/1298.zip\" rel=\"external nofollow\" >1298</a> <a href=\"http://lastchaos.patch.aeriagames.com/lc_patch/1299.zip\" rel=\"external nofollow\" >1299</a> <a href=\"http://lastchaos.patch.aeriagames.com/lc_patch/1300.zip\" rel=\"external nofollow\" >1300</a> <a href=\"http://lastchaos.patch.aeriagames.com/lc_patch/1301.zip\" rel=\"external nofollow\" >1301</a> <a href=\"http://lastchaos.patch.aeriagames.com/lc_patch/1302.zip\" rel=\"external nofollow\" >1302</a> <a href=\"http://lastchaos.patch.aeriagames.com/lc_patch/1303.zip\" rel=\"external nofollow\" >1303</a> <a href=\"http://lastchaos.patch.aeriagames.com/lc_patch/1304.zip\" rel=\"external nofollow\" >1304</a> <a href=\"http://lastchaos.patch.aeriagames.com/lc_patch/1305.zip\" rel=\"external nofollow\" >1305</a> <a href=\"http://lastchaos.patch.aeriagames.com/lc_patch/1306.zip\" rel=\"external nofollow\" >1306</a> <a href=\"http://lastchaos.patch.aeriagames.com/lc_patch/1307.zip\" rel=\"external nofollow\" >1307</a> <a href=\"http://lastchaos.patch.aeriagames.com/lc_patch/1308.zip\" rel=\"external nofollow\" >1308</a> <a href=\"http://lastchaos.patch.aeriagames.com/lc_patch/1309.zip\" rel=\"external nofollow\" >1309</a> <a href=\"http://lastchaos.patch.aeriagames.com/lc_patch/1310.zip\" rel=\"external nofollow\" >1310</a></p>\n"
        },
        {
            "id": 8392,
            "timestamp": 1318431386,
            "author": {
                "id": 919,
                "name": "someone",
                "image": null
            },
            "comment": "\n<blockquote data-ipsquote=\"\" class=\"ipsQuote\" data-ipsquote-username=\"\\\" data-cite=\"\\\" data-ipsquote-contentapp=\"forums\" data-ipsquote-contenttype=\"forums\" data-ipsquote-contentid=\"1021\" data-ipsquote-contentclass=\"forums_Topic\" ><div >Hi.I uploaded my 1279 usa client to 1310 but get timed out error.<p >There is Bin Folder from 1310 - <a href=\"http://www.mediafire.com/download.php?n59evhk11e35cbn\" rel=\"external nofollow\" >DOWNLOAD!</a></p>\n<p >but it is very cool.Because after updating 1279 to 1310 adds Night Shadow Mondshine Capell and changing Stryana entrance.</p>\n<p >If someone have Engine.dll for this client upload please</p>\n<p > </p>\n<p >Why add to 1310 version.Because there is have bin folder.Bin folder completing update folders in Engine.dll</p>\n<p > </p>\n<p >Please upload engine dll for 1310 Usa version </p>\n<p >______________________________________________________</p>\n<p >There is patches:</p>\n<p ><a href=\"http://lastchaos.patch.aeriagames.com/lc_patch/1211.zip\" rel=\"external nofollow\" >1279</a> <a href=\"http://lastchaos.patch.aeriagames.com/lc_patch/1280.zip\" rel=\"external nofollow\" >1280</a> <a href=\"http://lastchaos.patch.aeriagames.com/lc_patch/1280.zip\" rel=\"external nofollow\" >1280</a> <a href=\"http://lastchaos.patch.aeriagames.com/lc_patch/1281.zip\" rel=\"external nofollow\" >1281</a> <a href=\"http://lastchaos.patch.aeriagames.com/lc_patch/1282.zip\" rel=\"external nofollow\" >1282</a> <a href=\"http://lastchaos.patch.aeriagames.com/lc_patch/1283.zip\" rel=\"external nofollow\" >1283</a> <a href=\"http://lastchaos.patch.aeriagames.com/lc_patch/1284.zip\" rel=\"external nofollow\" >1284</a> <a href=\"http://lastchaos.patch.aeriagames.com/lc_patch/1285.zip\" rel=\"external nofollow\" >1285</a> <a href=\"http://lastchaos.patch.aeriagames.com/lc_patch/1286.zip\" rel=\"external nofollow\" >1286</a> <a href=\"http://lastchaos.patch.aeriagames.com/lc_patch/1287.zip\" rel=\"external nofollow\" >1287</a> <a href=\"http://lastchaos.patch.aeriagames.com/lc_patch/1288.zip\" rel=\"external nofollow\" >1288</a> <a href=\"http://lastchaos.patch.aeriagames.com/lc_patch/1289.zip\" rel=\"external nofollow\" >1289</a> <a href=\"http://lastchaos.patch.aeriagames.com/lc_patch/1290.zip\" rel=\"external nofollow\" >1290</a> <a href=\"http://lastchaos.patch.aeriagames.com/lc_patch/1291.zip\" rel=\"external nofollow\" >1291</a> <a href=\"http://lastchaos.patch.aeriagames.com/lc_patch/1292.zip\" rel=\"external nofollow\" >1292</a> <a href=\"http://lastchaos.patch.aeriagames.com/lc_patch/1293.zip\" rel=\"external nofollow\" >1293</a> <a href=\"http://lastchaos.patch.aeriagames.com/lc_patch/1294.zip\" rel=\"external nofollow\" >1294</a> <a href=\"http://lastchaos.patch.aeriagames.com/lc_patch/1295.zip\" rel=\"external nofollow\" >1295</a> <a href=\"http://lastchaos.patch.aeriagames.com/lc_patch/1296.zip\" rel=\"external nofollow\" >1296</a> <a href=\"http://lastchaos.patch.aeriagames.com/lc_patch/1297.zip\" rel=\"external nofollow\" >1297</a> <a href=\"http://lastchaos.patch.aeriagames.com/lc_patch/1298.zip\" rel=\"external nofollow\" >1298</a> <a href=\"http://lastchaos.patch.aeriagames.com/lc_patch/1299.zip\" rel=\"external nofollow\" >1299</a> <a href=\"http://lastchaos.patch.aeriagames.com/lc_patch/1300.zip\" rel=\"external nofollow\" >1300</a> <a href=\"http://lastchaos.patch.aeriagames.com/lc_patch/1301.zip\" rel=\"external nofollow\" >1301</a> <a href=\"http://lastchaos.patch.aeriagames.com/lc_patch/1302.zip\" rel=\"external nofollow\" >1302</a> <a href=\"http://lastchaos.patch.aeriagames.com/lc_patch/1303.zip\" rel=\"external nofollow\" >1303</a> <a href=\"http://lastchaos.patch.aeriagames.com/lc_patch/1304.zip\" rel=\"external nofollow\" >1304</a> <a href=\"http://lastchaos.patch.aeriagames.com/lc_patch/1305.zip\" rel=\"external nofollow\" >1305</a> <a href=\"http://lastchaos.patch.aeriagames.com/lc_patch/1306.zip\" rel=\"external nofollow\" >1306</a> <a href=\"http://lastchaos.patch.aeriagames.com/lc_patch/1307.zip\" rel=\"external nofollow\" >1307</a> <a href=\"http://lastchaos.patch.aeriagames.com/lc_patch/1308.zip\" rel=\"external nofollow\" >1308</a> <a href=\"http://lastchaos.patch.aeriagames.com/lc_patch/1309.zip\" rel=\"external nofollow\" >1309</a> <a href=\"http://lastchaos.patch.aeriagames.com/lc_patch/1310.zip\" rel=\"external nofollow\" >1310</a></p>\n</div></blockquote>\n<p >Sorry to tell you but Episode 2 is not supported at the moment for these server files the last client that it is supported is 1282.</p>\n"
        },
        {
            "id": 8451,
            "timestamp": 1318444616,
            "author": {
                "id": 3403,
                "name": "rioking",
                "image": null
            },
            "comment": "<p >Oh THx very much :cool:</p>"
        },
        {
            "id": 12442,
            "timestamp": 1322426267,
            "author": {
                "id": 180,
                "name": "Infinity",
                "image": null
            },
            "comment": "<p >is for EP1?</p>"
        },
        {
            "id": 12531,
            "timestamp": 1322527365,
            "author": {
                "id": 3403,
                "name": "rioking",
                "image": null
            },
            "comment": "<p >1282 to 1310.This is EP2 that more.easily assume this</p>"
        },
        {
            "id": 12565,
            "timestamp": 1322566279,
            "author": {
                "id": null,
                "name": "Guest jonicena",
                "image": null
            },
            "comment": "<p >and where can we get db for ep2 client?</p>"
        },
        {
            "id": 12594,
            "timestamp": 1322601870,
            "author": {
                "id": 3403,
                "name": "rioking",
                "image": null
            },
            "comment": "<p >There is no any files for EP2 client.Goto ahead forum.there you will see EP2 SERVER</p>"
        },
        {
            "id": 16274,
            "timestamp": 1324200787,
            "author": {
                "id": 180,
                "name": "Infinity",
                "image": null
            },
            "comment": "<p >The latest client is now supported by 1287?</p>"
        },
        {
            "id": 16403,
            "timestamp": 1324231575,
            "author": {
                "id": null,
                "name": "Guest LastManyak",
                "image": null
            },
            "comment": "<p >Latest is 1289</p>"
        },
        {
            "id": 16458,
            "timestamp": 1324249888,
            "author": {
                "id": 180,
                "name": "Infinity",
                "image": null
            },
            "comment": "\n<blockquote data-ipsquote=\"\" class=\"ipsQuote\" data-ipsquote-username=\"\\\" data-cite=\"\\\" data-ipsquote-contentapp=\"forums\" data-ipsquote-contenttype=\"forums\" data-ipsquote-contentid=\"1021\" data-ipsquote-contentclass=\"forums_Topic\" ><div >Latest is 1289</div></blockquote>\n<p > </p>\n<p >u can upload the client?</p>\n"
        },
        {
            "id": 16706,
            "timestamp": 1324463973,
            "author": {
                "id": null,
                "name": "Guest Test",
                "image": null
            },
            "comment": "\n<p >Sorry fro the stupid question,</p>\n<p >but there is a version of the launcher into the assembly code? Ive looked for it but I didnt find anything >.<</p>\n<p > </p>\n<p >Thanks.</p>\n"
        },
        {
            "id": 19378,
            "timestamp": 1326244202,
            "author": {
                "id": null,
                "name": "Guest grimmenar",
                "image": null
            },
            "comment": "<p >cool</p>"
        },
        {
            "id": 19379,
            "timestamp": 1326244385,
            "author": {
                "id": 3911,
                "name": "roseon",
                "image": null
            },
            "comment": "<p >post this such in the wrong area this section ep1 not ep2</p>"
        }
    ]
}