{
    "meta": {
        "threadId": 10226,
        "threadName": "Names Changer",
        "dateCreated": "2013-06-26T21:15:49+0000",
        "datePublished": "2013-06-26T21:15:49+0000",
        "pageCount": 1,
        "originalUrl": "https://lckb.dev/forum/index.php?/topic/10226-names-changer/",
        "authorId": 16983,
        "position": [
            {
                "@type": "ListItem",
                "position": 1,
                "item": {
                    "@id": "https://lckb.dev/forum/index.php?/forum/258-release-zone/",
                    "name": "Release Zone"
                }
            },
            {
                "@type": "ListItem",
                "position": 2,
                "item": {
                    "@id": "https://lckb.dev/forum/index.php?/forum/325-episode-2-releases/",
                    "name": "Episode 2 Releases"
                }
            },
            {
                "@type": "ListItem",
                "position": 3,
                "item": {
                    "@id": "https://lckb.dev/forum/index.php?/forum/123-tools/",
                    "name": "Tools"
                }
            }
        ]
    },
    "commentData": [
        {
            "id": 77557,
            "timestamp": 1372281349,
            "author": {
                "id": 16983,
                "name": "Jaiz",
                "image": null
            },
            "comment": "\n<p ><strong >Function: </strong>Change names editing string.lod</p>\n<p > </p>\n<p ><strong >Works on: </strong>Episode 2</p>\n<p > </p>\n<p ><strong >Author: </strong>Jaiz</p>\n<p > </p>\n<p ><strong >Download: </strong><a href=\"http://lckb.downloadsbgg.com/tools/multi/Names%20Changer%20by%20Jaiz.rar\" rel=\"external nofollow\" >Download</a></p>\n<p > </p>\n<p ><strong >string_usa to use: </strong><a href=\"http://lckb.downloadsbgg.com/tools/multi/string_usa.rar\" rel=\"external nofollow\" >Download</a></p>\n<p > </p>\n<p ><strong >Images:</strong></p>\n<p > </p>\n<p > </p>\n<p style=\"text-align:center;\" ><img alt=\"2ni6043.png\" src=\"http://i42.tinypic.com/2ni6043.png\" /></p>\n\n\n\t\t\t\n\t\t\t\t\n\n<span class=\"ipsType_reset ipsType_medium ipsType_light\" data-excludequote=\"None\" >\n\t<strong >Edited <time datetime=\"2013-12-11T23:05:30Z\" title=\"12/11/2013 11:05  PM\" data-short=\"7 yr\" >December 11, 2013</time> by Wrong</strong>\n\t\n\t\n</span>\n\t\t\t\n\t\t</div>"
        },
        {
            "id": 77576,
            "timestamp": 1372283180,
            "author": {
                "id": 2069,
                "name": "LikeToMove",
                "image": null
            },
            "comment": "<p >Tested & Approved. Thx for ur release :)</p>"
        },
        {
            "id": 77577,
            "timestamp": 1372283260,
            "author": {
                "id": 16983,
                "name": "Jaiz",
                "image": null
            },
            "comment": "<p >No Problem =D</p>"
        },
        {
            "id": 77643,
            "timestamp": 1372326264,
            "author": {
                "id": 565,
                "name": "viktor145",
                "image": null
            },
            "comment": "<p >Please add support string_rus :)</p>"
        },
        {
            "id": 77646,
            "timestamp": 1372326420,
            "author": {
                "id": 16983,
                "name": "Jaiz",
                "image": null
            },
            "comment": "\n<p >no thanks, or likes dont any new releases. </p>\n<p >I dont release any new tools. Or Update.</p>\n\n\n\t\t\t\n\t\t\t\t\n\n<span class=\"ipsType_reset ipsType_medium ipsType_light\" data-excludequote=\"None\" >\n\t<strong >Edited <time datetime=\"2013-06-27T09:47:22Z\" title=\"06/27/2013 09:47  AM\" data-short=\"7 yr\" >June 27, 2013</time> by Jaiz</strong>\n\t\n\t\n</span>\n\t\t\t\n\t\t</div>"
        },
        {
            "id": 77758,
            "timestamp": 1372352434,
            "author": {
                "id": 3911,
                "name": "roseon",
                "image": null
            },
            "comment": "<p >some one forgot to add my name there xD</p>"
        },
        {
            "id": 77778,
            "timestamp": 1372357722,
            "author": {
                "id": 16983,
                "name": "Jaiz",
                "image": null
            },
            "comment": "<p >Updatet ;) </p>"
        },
        {
            "id": 77960,
            "timestamp": 1372460471,
            "author": {
                "id": 17582,
                "name": "CDWriter",
                "image": null
            },
            "comment": "\n<p >@<a contenteditable=\"false\" data-ipshover=\"\" href=\"https://lckb.dev/forum/index.php?/profile/16983-jaiz/\" data-ipshover-target=\"https://lckb.dev/forum/index.php?/profile/16983-jaiz/&do=hovercard\" data-mentionid=\"16983\" rel=\"\" >@Jaiz</a></p>\n<p > </p>\n<p >thanks</p>\n"
        },
        {
            "id": 78016,
            "timestamp": 1372506644,
            "author": {
                "id": 16983,
                "name": "Jaiz",
                "image": null
            },
            "comment": "<p >no problem @<a contenteditable=\"false\" data-ipshover=\"\" href=\"https://lckb.dev/forum/index.php?/profile/17582-cdwriter/\" data-ipshover-target=\"https://lckb.dev/forum/index.php?/profile/17582-cdwriter/&do=hovercard\" data-mentionid=\"17582\" rel=\"\" >@CDWriter</a> </p>"
        }
    ]
}