{
    "meta": {
        "threadId": 1023,
        "threadName": "Website",
        "dateCreated": "2011-10-12T16:55:08+0000",
        "datePublished": "2011-10-12T16:55:08+0000",
        "pageCount": 1,
        "originalUrl": "https://lckb.dev/forum/index.php?/topic/1023-website/",
        "authorId": null,
        "position": [
            {
                "@type": "ListItem",
                "position": 1,
                "item": {
                    "@id": "https://lckb.dev/forum/index.php?/forum/258-release-zone/",
                    "name": "Release Zone"
                }
            },
            {
                "@type": "ListItem",
                "position": 2,
                "item": {
                    "@id": "https://lckb.dev/forum/index.php?/forum/328-emulation-releases/",
                    "name": "Emulation Releases"
                }
            },
            {
                "@type": "ListItem",
                "position": 3,
                "item": {
                    "@id": "https://lckb.dev/forum/index.php?/forum/11-server-side/",
                    "name": "Server Side"
                }
            }
        ]
    },
    "commentData": [
        {
            "id": 8425,
            "timestamp": 1318438508,
            "author": {
                "id": null,
                "name": "Guest megachombas",
                "image": null
            },
            "comment": "\n<p >hello guys!</p>\n<p > </p>\n<p >well, as we had money problems, we coulndt keep the server on. soo we decided to realse the webpage code:</p>\n<p > </p>\n<p ><a href=\"https://www.mediafire.com/?vfq22ry1260ec5s\" rel=\"external nofollow\" >http://www.mediafire.com/?vfq22ry1260ec5s</a></p>\n<p > </p>\n<p > </p>\n<p > </p>\n<p >features:</p>\n<p > </p>\n<p >-coded in flash.</p>\n<p >-gm script.</p>\n<p >-login/logout, registration script.</p>\n<p >-ranking.</p>\n<p >-anouncements.</p>\n<p > </p>\n<p > </p>\n<p >i dont include the web item mall script into it. this web works only with ep2, i will relase in few the ep1 website.</p>\n<p > </p>\n<p > </p>\n<p > </p>\n<p >for the anouncements to work, you must exectue this sql querry in your ep2 database:</p>\n<p > </p>\n<p ></p>\n<pre class=\"ipsCode\" >SET SQL_SAFE_UPDATES=0; DROP TABLE IF EXISTS `anuncios`;\nCREATE TABLE `anuncios` (\n `id_anuncio` int(10) NOT NULL AUTO_INCREMENT,\n `titulo` varchar(80) NOT NULL,\n `descrip` text NOT NULL,\n `autor` varchar(30) NOT NULL,\n `tiempo` decimal(20,0) NOT NULL,\n `url` text NOT NULL,\n PRIMARY KEY (`id_anuncio`)\n) ENGINE=InnoDB AUTO_INCREMENT=3 DEFAULT CHARSET=utf8;\n\n--\n-- Dumping data for table `anuncios`\n--\n\n/*!40000 ALTER TABLE `anuncios` DISABLE KEYS */;\nINSERT INTO `anuncios` (`id_anuncio`,`titulo`,`descrip`,`autor`,`tiempo`,`url`) VALUES \n(1,Noticia 1,Lorem ipsum dolor sit amet, tempor commodo conceptam has in. Nec te quodsi mollis placerat, ferri dicunt duo an, nam ut legere eripuit necessitatibus. Mel quidam constituto ex, [CeNsOrEd] accusam epicurei aliquando ex. In omnis movet adversarium est, no vis audire aperiri tincidunt. Ne pri alia graece reprimique.,Squadron,1311904785,http://www.google.com),\n(2,Noticia 2,Texto de la Noticia 2,Squadron,1311904790,http://www.ayuvideos.com);\n/*!40000 ALTER TABLE `anuncios` ENABLE KEYS */;</pre>\n<div ></div>\n<p ></p>\n<p > </p>\n<p > </p>\n<p > </p>\n<p >for change database that will conect the website, edit the config.php, and also the index.php.</p>\n<p > </p>\n<p > </p>\n<p > </p>\n<p > </p>\n<p >all credits goes to Wrong and to me.</p>\n"
        },
        {
            "id": 8437,
            "timestamp": 1318442413,
            "author": {
                "id": null,
                "name": "Guest Jackster",
                "image": null
            },
            "comment": "\n<p >Wow that is real nice of you to do that.</p>\n<p > </p>\n<p >Ill take a look at it.</p>\n<p > </p>\n<p > </p>\n<p >[edit]</p>\n<p > </p>\n<p > </p>\n<p >Wow looks great. Might have to use it. Shame it is for EP2 and no EP1.</p>\n"
        },
        {
            "id": 8444,
            "timestamp": 1318443827,
            "author": {
                "id": null,
                "name": "Guest megachombas",
                "image": null
            },
            "comment": "<p >for ep2, just need to readapt sql querrys, and remove the gm script basicly</p>"
        },
        {
            "id": 17276,
            "timestamp": 1324827052,
            "author": {
                "id": null,
                "name": "Guest Snake",
                "image": null
            },
            "comment": "<p >error at annouce....</p>"
        },
        {
            "id": 17345,
            "timestamp": 1324872082,
            "author": {
                "id": 188,
                "name": "Cruzaders",
                "image": null
            },
            "comment": "\n<p >wrong place.</p>\n<p >Moved.</p>\n"
        },
        {
            "id": 29576,
            "timestamp": 1334930525,
            "author": {
                "id": null,
                "name": "Guest profi_z",
                "image": null
            },
            "comment": "\n<p >can you make a tutorial? i dont know who i make the folder pls help me</p>\n<p > </p>\n<p >german:</p>\n<p > </p>\n<p >kann jemand bitte ien tutorial machen? ich weis nicht wo ich das reintuen muss</p>\n"
        }
    ]
}