{
    "meta": {
        "threadId": 10244,
        "threadName": "Old School [Classic]",
        "dateCreated": "2013-06-28T09:52:23+0000",
        "datePublished": "2013-06-28T09:52:23+0000",
        "pageCount": 2,
        "originalUrl": "https://lckb.dev/forum/index.php?/topic/10244-old-school-classic/",
        "authorId": null,
        "position": [
            {
                "@type": "ListItem",
                "position": 1,
                "item": {
                    "@id": "https://lckb.dev/forum/index.php?/forum/271-general-section/",
                    "name": "General Section"
                }
            },
            {
                "@type": "ListItem",
                "position": 2,
                "item": {
                    "@id": "https://lckb.dev/forum/index.php?/forum/259-general-discussion/",
                    "name": "General Discussion"
                }
            }
        ]
    },
    "commentData": [
        {
            "id": 77850,
            "timestamp": 1372413143,
            "author": {
                "id": null,
                "name": "Guest SmoGG",
                "image": null
            },
            "comment": "\n<p style=\"text-align:center;\" ><strong >Dear LCKB Community,</strong></p>\n<br /><p style=\"text-align:center;\" > </p>\n<br /><p style=\"text-align:center;\" ><em >today I will ask you all whether you can give me maybe information ...</em></p>\n<br /><p style=\"text-align:center;\" ><em >I wanna start working on an <u >Old School (Classic)</u> Server but I played to many custom Server</em></p>\n<br /><p style=\"text-align:center;\" ><em >thats why I do not know any more a lot of old Times ... </em></p>\n<br /><p style=\"text-align:center;\" > </p>\n<br /><p style=\"text-align:center;\" ><em ><strong >My Question</strong> : Do you know maybe anything about the start from Last Chaos ?</em></p>\n<br /><p style=\"text-align:center;\" ><span style=\"color:#a9a9a9;\" ><em >(Rates, Mobs, Items, Drops, Item Mall, Skills, Quests, Level Cap, .......)</em></span></p>\n<br />"
        },
        {
            "id": 77860,
            "timestamp": 1372419342,
            "author": {
                "id": 17432,
                "name": "Nymphetamine",
                "image": null
            },
            "comment": "\n<p >Rate is better take it small since the cap level is so small. Like 85-90 would be perfect.</p>\n<p >All skills til the one lvl 70</p>\n<p >So i suggest exp x3 drop rate x5 gold rate x10 </p>\n"
        },
        {
            "id": 77871,
            "timestamp": 1372421962,
            "author": {
                "id": 7695,
                "name": "CyberClaus",
                "image": null
            },
            "comment": "<p >The very begining, when i started to play, was till level 50 XD there was just juno and dratan, without prokion XD the boss level 31 used to spawn ALOT in juno and there was quests to rescue the princess. I remember also, that firstly there was no sorcerer class,  and the exp rates were, REALLY low, although the drop rate was nice and the upgrade rate was good also, i remember to make +6 without break. Also there was no boosters of any kind and no platinum exp potion XD  Theres just a few things i remember from that time. Also there was some nice accessories, wich they took off! After that they made the earth,water,wind,fire accessories to substitute them. Hope that helps</p>"
        },
        {
            "id": 77895,
            "timestamp": 1372435307,
            "author": {
                "id": null,
                "name": "Guest SmoGG",
                "image": null
            },
            "comment": "\n<p >Yes ^^ </p>\n<p >I love a lot of Infos *o*</p>\n"
        },
        {
            "id": 77914,
            "timestamp": 1372440825,
            "author": {
                "id": 13502,
                "name": "XxMachaxX",
                "image": null
            },
            "comment": "\n<p >Exp x4</p>\n<p >SP x10 (and maybe free skill if you want :D)</p>\n<p >Drop x5</p>\n<p >Gold x15</p>\n<p >HS Succes 80%</p>\n<p > </p>\n<p >And logic, good staff ;)</p>\n<p > </p>\n<blockquote data-ipsquote=\"\" class=\"ipsQuote\" data-ipsquote-contentcommentid=\"77860\" data-ipsquote-contentapp=\"forums\" data-ipsquote-contenttype=\"forums\" data-ipsquote-contentclass=\"forums_Topic\" data-ipsquote-contentid=\"10244\" data-ipsquote-username=\"Nymphetamine\" data-cite=\"Nymphetamine\" data-ipsquote-timestamp=\"1372419342\" ><div ><div >\n<p >Rate is better take it small since the cap level is so small. Like 85-90 would be perfect.</p>\n<p >All skills til the one lvl 70</p>\n<p >So i suggest exp x3 drop rate x5 gold rate x10 </p>\n</div></div></blockquote>\n<p > </p>\n<p >Im okey with you, i think this is a good suggestion too</p>\n"
        },
        {
            "id": 77918,
            "timestamp": 1372441709,
            "author": {
                "id": null,
                "name": "Guest SmoGG",
                "image": null
            },
            "comment": "<p >Thanks Macha (:</p>"
        },
        {
            "id": 77926,
            "timestamp": 1372444119,
            "author": {
                "id": 8659,
                "name": "BayBay",
                "image": null
            },
            "comment": "\n<p >I am currently working on a similar project. Like it used to be back in the days.</p>\n<p > </p>\n<p >-lvl 70 max lvl yes.</p>\n<p >-lvling in parties in egeha killing bocu demons.</p>\n<p >-not 100% sucess maybae 70-75% sucess, making +15 weps is fun</p>\n<p >-not too many drop x5 is good ( thats why scrolls exist and idbs) </p>\n<p >-gold x10</p>\n<p >-sp could be x8 and free skills ( depends what u like )</p>\n<p > </p>\n<p >what about leveling how was it back in the day ? lvl 1 -70 ?</p>\n"
        },
        {
            "id": 77936,
            "timestamp": 1372446765,
            "author": {
                "id": 16656,
                "name": "ADMIMAX",
                "image": null
            },
            "comment": "\n<p style=\"text-align:center;\" ><span style=\"color:#000000;\" ><strong ><span >good idea</span></strong></span></p>\n<br /><p style=\"text-align:center;\" ><span ><b >good luck.</b></span></p>\n<br /><p style=\"text-align:center;\" > </p>\n<br /><p style=\"text-align:center;\" > </p>\n<br /><p style=\"text-align:center;\" > </p>\n<br /><p style=\"text-align:center;\" > </p>\n<br /><p style=\"text-align:center;\" > </p>\n<br /><p style=\"text-align:center;\" ><span ><b >P.S</b></span></p>\n<br /><p style=\"text-align:center;\" ><span ><b >im loved 777 :D</b></span></p>\n<br />"
        },
        {
            "id": 77947,
            "timestamp": 1372453229,
            "author": {
                "id": 13502,
                "name": "XxMachaxX",
                "image": null
            },
            "comment": "\n<blockquote data-ipsquote=\"\" class=\"ipsQuote\" data-ipsquote-contentcommentid=\"77936\" data-ipsquote-contentapp=\"forums\" data-ipsquote-contenttype=\"forums\" data-ipsquote-contentclass=\"forums_Topic\" data-ipsquote-contentid=\"10244\" data-ipsquote-username=\"ADMIMAX\" data-cite=\"ADMIMAX\" data-ipsquote-timestamp=\"1372446765\" ><div >\n<p > </p>\n<p ><span style=\"color:#000000;\" ><strong >good idea</strong></span></p>\n<p ><strong >good luck.</strong></p>\n<p > </p>\n<p > </p>\n<p > </p>\n<p > </p>\n<p > </p>\n<p ><strong >P.S</strong></p>\n<p ><strong >im loved 777 :D</strong></p>\n</div></blockquote>\n<p >What do You likes for rates for a oldschool server ? (Rates...) ?</p>\n"
        },
        {
            "id": 77964,
            "timestamp": 1372463011,
            "author": {
                "id": 13494,
                "name": "Ichy",
                "image": null
            },
            "comment": "\n<p >I remember the times leveling in lust trum to get the level 90! but b4 that, the big party to kil baal for nothing exactly xD</p>\n<p >Without farming alot of Sp because anyone knew what it was exactly xd, the drop of the World Bosses that you can summon them killing mobs at Juno (balrog) and something like that was the best way to get gold.</p>\n<p >I can remember the party to kill sphinx at dratan too ^^</p>\n"
        },
        {
            "id": 77986,
            "timestamp": 1372492707,
            "author": {
                "id": 17432,
                "name": "Nymphetamine",
                "image": null
            },
            "comment": "\n<p >But remember that its hard to build,and especially its hard to have a big community (100,200+)</p>\n<p >I remember there was already Classic LC,that was similar to ur ideas..it was closed since there wasnt 1 player on there.</p>\n"
        },
        {
            "id": 78008,
            "timestamp": 1372501798,
            "author": {
                "id": 16656,
                "name": "ADMIMAX",
                "image": null
            },
            "comment": "\n<blockquote data-ipsquote=\"\" class=\"ipsQuote\" data-ipsquote-contentcommentid=\"77947\" data-ipsquote-contentapp=\"forums\" data-ipsquote-contenttype=\"forums\" data-ipsquote-contentclass=\"forums_Topic\" data-ipsquote-contentid=\"10244\" data-ipsquote-username=\"XxMachaxX\" data-cite=\"XxMachaxX\" data-ipsquote-timestamp=\"1372453229\" ><div ><div ><p >What do You likes for rates for a oldschool server ? (Rates...) ?</p></div></div></blockquote>\n<p >Rates , game atmosphere, people)</p>\n<p > </p>\n<p > </p>\n<p >It would be pretty cool if returned to the good old 777</p>\n<p > </p>\n<p >Sry for my Lang..</p>\n<p >google translate use :DD</p>\n"
        },
        {
            "id": 78011,
            "timestamp": 1372502501,
            "author": {
                "id": null,
                "name": "Guest SmoGG",
                "image": null
            },
            "comment": "\n<blockquote data-ipsquote=\"\" class=\"ipsQuote\" data-ipsquote-contentcommentid=\"77986\" data-ipsquote-contentapp=\"forums\" data-ipsquote-contenttype=\"forums\" data-ipsquote-contentclass=\"forums_Topic\" data-ipsquote-contentid=\"10244\" data-ipsquote-username=\"Nymphetamine\" data-cite=\"Nymphetamine\" data-ipsquote-timestamp=\"1372492707\" ><div >\n<p >But remember that its hard to build,and especially its hard to have a big community (100,200+)</p>\n<p >I remember there was already Classic LC,that was similar to ur ideas..it was closed since there wasnt 1 player on there.</p>\n</div></blockquote>\n<p >This will be only an project.. First i will Open ep1 then ep2..</p>\n<p >If no 1 wanna Play on the ep1 Server, i will make it to starterpack</p>\n<p >project :) </p>\n<p > </p>\n<p >(sorry for my english now o.o)</p>\n"
        },
        {
            "id": 78012,
            "timestamp": 1372503888,
            "author": {
                "id": 17432,
                "name": "Nymphetamine",
                "image": null
            },
            "comment": "\n<blockquote data-ipsquote=\"\" class=\"ipsQuote\" data-ipsquote-contentcommentid=\"78011\" data-ipsquote-contentapp=\"forums\" data-ipsquote-contenttype=\"forums\" data-ipsquote-contentclass=\"forums_Topic\" data-ipsquote-contentid=\"10244\" data-ipsquote-username=\"SmoGG\" data-cite=\"SmoGG\" data-ipsquote-timestamp=\"1372502501\" ><div ><div >\n<p >This will be only an project.. First i will Open ep1 then ep2..</p>\n<p >If no 1 wanna Play on the ep1 Server, i will make it to starterpack</p>\n<p >project :)</p>\n<p > </p>\n<p >(sorry for my english now o.o)</p>\n</div></div></blockquote>\n<p >Just saying :p</p>\n<p >but if its good enough and u know a bit of people then it will have success..</p>\n<p >sadly people prefeer more custom things than classic ones</p>\n"
        },
        {
            "id": 78134,
            "timestamp": 1372540090,
            "author": {
                "id": 11986,
                "name": "SnowFox",
                "image": null
            },
            "comment": "\n<p >The idea is really great i wish you good luck into it.</p>\n<p > </p>\n<p >More have tryed to create a classic server but sadly its not a famous idea.</p>\n<p >Just wondering how much cast cooldown you wanna get ingame?</p>\n"
        },
        {
            "id": 78155,
            "timestamp": 1372555338,
            "author": {
                "id": 16656,
                "name": "ADMIMAX",
                "image": null
            },
            "comment": "\n<p >Ep1 or Ep2 ?</p>\n<p > </p>\n<p >Ep1 it;s old old school :3</p>\n"
        },
        {
            "id": 78156,
            "timestamp": 1372557666,
            "author": {
                "id": 267,
                "name": "SutWick",
                "image": null
            },
            "comment": "\n<blockquote data-ipsquote=\"\" class=\"ipsQuote\" data-ipsquote-contentcommentid=\"77986\" data-ipsquote-contentapp=\"forums\" data-ipsquote-contenttype=\"forums\" data-ipsquote-contentclass=\"forums_Topic\" data-ipsquote-contentid=\"10244\" data-ipsquote-username=\"Nymphetamine\" data-cite=\"Nymphetamine\" data-ipsquote-timestamp=\"1372492707\" ><div ><div >\n<p >But remember that its hard to build,and especially its hard to have a big community (100,200+)</p>\n<p >I remember there was already Classic LC,that was similar to ur ideas..it was closed since there wasnt 1 player on there.</p>\n</div></div></blockquote>\n<p >Your right.</p>\n<p > </p>\n<p >No1 wants this sept everyone talks about it \"old days bla\" I dont play high rate servers or heavy modded servers I hate them I think x80/90 is to much exp >.</p>\n<p >SP farming OFC an farming for pet food/armor/weapons etc thats LastChaos - FARM FARM FARM!!!!!! xD</p>\n<p > </p>\n<p >These kids got it way to easy these days :P but No1 wants to work hard on a private server so ALL low rates fail, an if your planning to go old school you need low rates so you can use all the old areas an mobs.</p>\n<p > </p>\n<p >I use to play aeria games an I still have my accounts now, took me forever to get my healer to lvl 93 haha! Use to get plevels towards the end.</p>\n<p > </p>\n<p >I love LastChaos but its not what it was an now days means nothing to me. I wanted to do the same for the LCKB server but if I did I know in my heart in a month it be dead an no1 online.</p>\n<p >So sad..</p>\n"
        },
        {
            "id": 78190,
            "timestamp": 1372584493,
            "author": {
                "id": null,
                "name": "Guest SmoGG",
                "image": null
            },
            "comment": "\n<p >Okay.. I think i will Close this project \"for First\" :/</p>\n<p > </p>\n<p >i will Write more Infos when im back on pc.</p>\n"
        },
        {
            "id": 83254,
            "timestamp": 1375053532,
            "author": {
                "id": 18617,
                "name": "WiZ",
                "image": null
            },
            "comment": "\n<p >Its really bad that no1 start a classic Server.</p>\n<p > </p>\n<p >I hope that anyone will start a EP1 Server (working on it)</p>\n<p >or start a EP2 Server with \"low\" rates and not to much custom things</p>\n<p >that people must work for their character.</p>\n<p > </p>\n<p >@SmoGG - +1 for the idea !</p>\n\n\n\t\t\t\n\t\t\t\t\n\n<span class=\"ipsType_reset ipsType_medium ipsType_light\" data-excludequote=\"None\" >\n\t<strong >Edited <time datetime=\"2013-07-28T23:20:43Z\" title=\"07/28/2013 11:20  PM\" data-short=\"7 yr\" >July 28, 2013</time> by WiZ</strong>\n\t\n\t\n</span>\n\t\t\t\n\t\t</div>"
        },
        {
            "id": 83269,
            "timestamp": 1375060676,
            "author": {
                "id": null,
                "name": "Guest SmoGG",
                "image": null
            },
            "comment": "\n<p >I will go back to EP1. Maybe many people tell that no one wanna play EP1 or any s****, but i will ignore this for now.</p>\n<p > </p>\n<p > </p>\n<p >I be \"born\" with EP1 & I will \"die\" with EP1 ! <333</p>\n"
        },
        {
            "id": 83274,
            "timestamp": 1375062793,
            "author": {
                "id": 161,
                "name": "Koko",
                "image": null
            },
            "comment": "<p >Just dont stick to the same lvlcap for ever. A stuck in time server is fun 10 minutes, but if it stays exactly the same for months, itll just be boring.</p>"
        },
        {
            "id": 83283,
            "timestamp": 1375065863,
            "author": {
                "id": null,
                "name": "Guest SmoGG",
                "image": null
            },
            "comment": "\n<p >Normal ^^<br /><br />I will start with low level cap and make it higher and higher.<br />But its boring if a Server have with the start a high level cap (example lvl 200 or higher).<br />If i see that and see that maybe 10 players max level, i would not play. I know that it takes a lot of time<br />to make this level and maybe I must pay for that (I must).<br /> </p>\n<p >I think i wanna start to create starter packs & with every release (fixes & some other things) i will \"add\"<br />10 more levels (new items, skills, mobs, ...) that if anyone start a \"classic\" server, they can take the first<br />starter pack & if anyone start a custom server, they can take the \"last\" starter pack.</p>\n<p > </p>\n<p >& <strong >maybe</strong> more people will come back to EP1 :P</p>\n"
        },
        {
            "id": 83284,
            "timestamp": 1375065995,
            "author": {
                "id": 2835,
                "name": "halohalo",
                "image": null
            },
            "comment": "<p >Im starting back the EP1 from World of Dums, it was a classic server that growed and was very fun for all^^ I decided that because i liked this EP1 Server more than i like any other ep2/ep3 servers ;)</p>"
        },
        {
            "id": 83285,
            "timestamp": 1375066141,
            "author": {
                "id": null,
                "name": "Guest SmoGG",
                "image": null
            },
            "comment": "\n<blockquote data-ipsquote=\"\" class=\"ipsQuote\" data-ipsquote-contentcommentid=\"83284\" data-ipsquote-contentapp=\"forums\" data-ipsquote-contenttype=\"forums\" data-ipsquote-contentclass=\"forums_Topic\" data-ipsquote-contentid=\"10244\" data-ipsquote-username=\"halohalo\" data-cite=\"halohalo\" data-ipsquote-timestamp=\"1375065995\" ><div ><div ><p >Im starting back the EP1 from World of Dums, it was a classic server that growed and was very fun for all^^ I decided that because i liked this EP1 Server more than i like any other ep2/ep3 servers ;)</p></div></div></blockquote>\n<p >Im not alone ! WUUUUHHHHH ^-^</p>\n"
        },
        {
            "id": 85175,
            "timestamp": 1377056798,
            "author": {
                "id": 8659,
                "name": "BayBay",
                "image": null
            },
            "comment": "\n<blockquote data-ipsquote=\"\" class=\"ipsQuote\" data-ipsquote-contentcommentid=\"83285\" data-ipsquote-contentapp=\"forums\" data-ipsquote-contenttype=\"forums\" data-ipsquote-contentclass=\"forums_Topic\" data-ipsquote-contentid=\"10244\" data-ipsquote-username=\"SmoGG\" data-cite=\"SmoGG\" data-ipsquote-timestamp=\"1375066141\" ><div ><div ><p >Im not alone ! WUUUUHHHHH ^-^</p></div></div></blockquote>\n<p >I love EP1 also im currently working on ep1 server and trying to make it really fun for everyone </p>\n"
        },
        {
            "id": 85246,
            "timestamp": 1377112729,
            "author": {
                "id": 18639,
                "name": "ISamyVegasI",
                "image": null
            },
            "comment": "<p >Join us on <a href=\"http://oldschoollc.tk/\" rel=\"external nofollow\" >http://oldschoollc.tk/</a></p>\n\n\t\t\t\n\t\t\t\t\n\n<span class=\"ipsType_reset ipsType_medium ipsType_light\" data-excludequote=\"None\" >\n\t<strong >Edited <time datetime=\"2013-08-21T19:19:27Z\" title=\"08/21/2013 07:19  PM\" data-short=\"7 yr\" >August 21, 2013</time> by ISamyVegasI</strong>\n\t\n\t\n</span>\n\t\t\t\n\t\t</div>"
        },
        {
            "id": 85248,
            "timestamp": 1377113476,
            "author": {
                "id": null,
                "name": "Guest Johnny5",
                "image": null
            },
            "comment": "<p >Topic Closed by a moderator. The reason why: Closed</p>"
        }
    ]
}