{
    "meta": {
        "threadId": 10249,
        "threadName": "HateMe Tools Pack",
        "dateCreated": "2013-06-28T16:41:58+0000",
        "datePublished": "2013-06-28T16:41:58+0000",
        "pageCount": 2,
        "originalUrl": "https://lckb.dev/forum/index.php?/topic/10249-hateme-tools-pack/",
        "authorId": 2041,
        "position": [
            {
                "@type": "ListItem",
                "position": 1,
                "item": {
                    "@id": "https://lckb.dev/forum/index.php?/forum/258-release-zone/",
                    "name": "Release Zone"
                }
            },
            {
                "@type": "ListItem",
                "position": 2,
                "item": {
                    "@id": "https://lckb.dev/forum/index.php?/forum/325-episode-2-releases/",
                    "name": "Episode 2 Releases"
                }
            },
            {
                "@type": "ListItem",
                "position": 3,
                "item": {
                    "@id": "https://lckb.dev/forum/index.php?/forum/123-tools/",
                    "name": "Tools"
                }
            }
        ]
    },
    "commentData": [
        {
            "id": 77902,
            "timestamp": 1372437718,
            "author": {
                "id": 2041,
                "name": "HateMe",
                "image": null
            },
            "comment": "\n<p ><strong >Function: </strong>Edit action.lod, affinity.lod, catalog.lod, moonstone.lod, option.lod, rareoption, quest.lod, setitemall.lod, title.lod</p>\n<p > </p>\n<p ><strong >Works on: </strong>Multi</p>\n<p > </p>\n<p ><strong >Author: </strong>HateMe</p>\n<p > </p>\n<p ><strong >Download: </strong><a href=\"http://lckb.downloadsbgg.com/tools/multi/Tools%20Pack%20by%20Hateme.rar\" rel=\"external nofollow\" >Download</a></p>\n<p > </p>\n<p ><strong >Password:</strong> HateMe</p>\n<p > </p>\n<p ><strong >Pack Contains:</strong></p>\n<p > </p>\n<p >- Action Editor (Episode 1 and Episode 2)</p>\n<p >- Affinity Editor (Episode 2)</p>\n<p >- Catalog Editor (Episode 2 and Episode 3)</p>\n<p >- Moonstone Editor (Episode 2)</p>\n<p >- Option Editor (for the GER Server and USA) (Episode 1 and Episode 2)</p>\n<p >- Rareoption Editor (Episode 1 and Episode 2)</p>\n<p >- Quest Editor (Episode 2)</p>\n<p >- Set Item All Editor (Episode 2)</p>\n<p >- TitleTool Editor (Episode 2 and Episode 3)</p>\n"
        },
        {
            "id": 77915,
            "timestamp": 1372441137,
            "author": {
                "id": 588,
                "name": "Natzn",
                "image": null
            },
            "comment": "<p > :blink:  :angry:</p>"
        },
        {
            "id": 77917,
            "timestamp": 1372441225,
            "author": {
                "id": 2167,
                "name": "dethunter12",
                "image": null
            },
            "comment": "\n<p style=\"color:rgb(40,40,40);font-family:arial, helvetica, clean, sans-serif;\" >\"everyone who will reupload them here in this forum will get a ban\"</p>\n<br /><div >im not sure if you could stop that but why release is it not better to let the people who buyed your tools sell them or maybey should put some anti leak on them?</div>\n\n\n\t\t\t\n\t\t\t\t\n\n<span class=\"ipsType_reset ipsType_medium ipsType_light\" data-excludequote=\"None\" >\n\t<strong >Edited <time datetime=\"2013-06-28T17:43:59Z\" title=\"06/28/2013 05:43  PM\" data-short=\"7 yr\" >June 28, 2013</time> by dethunter12</strong>\n\t\n\t\n</span>\n\t\t\t\n\t\t</div>"
        },
        {
            "id": 77925,
            "timestamp": 1372443221,
            "author": {
                "id": 15369,
                "name": "DieYoung",
                "image": null
            },
            "comment": "<p >thanks :D</p>"
        },
        {
            "id": 77927,
            "timestamp": 1372444341,
            "author": {
                "id": 16983,
                "name": "Jaiz",
                "image": null
            },
            "comment": "<p >that was [CeNsOrEd].. everybody has now your awesome tools -.-</p>"
        },
        {
            "id": 77930,
            "timestamp": 1372444959,
            "author": {
                "id": 2167,
                "name": "dethunter12",
                "image": null
            },
            "comment": "<p >not really he didnt gie setitemall that reads usa lod or luckdrawbox or special skill editor or skill editor those are his best tools im trying to save money in hope i can buy skill editor but 300 is alot to save xd</p>"
        },
        {
            "id": 77934,
            "timestamp": 1372446759,
            "author": {
                "id": 16931,
                "name": "Walletman987",
                "image": null
            },
            "comment": "<p >My jiggers are wigglin.</p>"
        },
        {
            "id": 77935,
            "timestamp": 1372446764,
            "author": {
                "id": 16983,
                "name": "Jaiz",
                "image": null
            },
            "comment": "<p >i have luckdrawbox editor, zonedata etc. bought from him ;) but i want skill editor too but he dont sell it anymore  :mebiro_01:  :mebiro_01:</p>"
        },
        {
            "id": 77946,
            "timestamp": 1372452161,
            "author": {
                "id": 3721,
                "name": "filix_93",
                "image": null
            },
            "comment": "<p >now all NOOBS Wont sell them anymore .</p>"
        },
        {
            "id": 77950,
            "timestamp": 1372454703,
            "author": {
                "id": 2,
                "name": "Wizatek",
                "image": null
            },
            "comment": "\n<blockquote data-ipsquote=\"\" class=\"ipsQuote\" data-ipsquote-contentcommentid=\"77927\" data-ipsquote-contentapp=\"forums\" data-ipsquote-contenttype=\"forums\" data-ipsquote-contentclass=\"forums_Topic\" data-ipsquote-contentid=\"10249\" data-ipsquote-username=\"Jaiz\" data-cite=\"Jaiz\" data-ipsquote-timestamp=\"1372444341\" ><div ><p >that was [CeNsOrEd].. everybody has now your awesome tools -.-</p></div></blockquote>\n<p >\nThey are not that awesome, 90% of them are just mine decompiled and put in a new project with his name on it.</p>\n"
        },
        {
            "id": 77953,
            "timestamp": 1372455166,
            "author": {
                "id": 2167,
                "name": "dethunter12",
                "image": null
            },
            "comment": "\n<blockquote data-ipsquote=\"\" class=\"ipsQuote\" data-ipsquote-contentcommentid=\"77950\" data-ipsquote-contentapp=\"forums\" data-ipsquote-contenttype=\"forums\" data-ipsquote-contentclass=\"forums_Topic\" data-ipsquote-contentid=\"10249\" data-ipsquote-username=\"Wizatek\" data-cite=\"Wizatek\" data-ipsquote-timestamp=\"1372454703\" ><div ><div ><p >They are not that awesome, 90% of them are just mine decompiled and put in a new project with his name on it.</p></div></div></blockquote>\n<p >burn lol</p>\n"
        },
        {
            "id": 77956,
            "timestamp": 1372458413,
            "author": {
                "id": 16983,
                "name": "Jaiz",
                "image": null
            },
            "comment": "\n<blockquote data-ipsquote=\"\" class=\"ipsQuote\" data-ipsquote-contentcommentid=\"77950\" data-ipsquote-contentapp=\"forums\" data-ipsquote-contenttype=\"forums\" data-ipsquote-contentclass=\"forums_Topic\" data-ipsquote-contentid=\"10249\" data-ipsquote-username=\"Wizatek\" data-cite=\"Wizatek\" data-ipsquote-timestamp=\"1372454703\" ><div ><div ><p >They are not that awesome, 90% of them are just mine decompiled and put in a new project with his name on it.</p></div></div></blockquote>\n<p >O.o i dont know it sorry. </p>\n"
        },
        {
            "id": 77958,
            "timestamp": 1372458935,
            "author": {
                "id": 17148,
                "name": "WorldOfWars",
                "image": null
            },
            "comment": "<p >Nice thanks :).</p>"
        },
        {
            "id": 77959,
            "timestamp": 1372460386,
            "author": {
                "id": 17582,
                "name": "CDWriter",
                "image": null
            },
            "comment": "<p >Very nice HateMe thanks you </p>"
        },
        {
            "id": 77995,
            "timestamp": 1372500396,
            "author": {
                "id": 5853,
                "name": "ucaff",
                "image": null
            },
            "comment": "<p > :angry: these have every right to be angry if you-sell your tools, but do not ever think its a lack of respect for your customers? ... they paid for something you give away right now? :angry:</p>"
        },
        {
            "id": 78020,
            "timestamp": 1372507908,
            "author": {
                "id": 16983,
                "name": "Jaiz",
                "image": null
            },
            "comment": "\n<blockquote data-ipsquote=\"\" class=\"ipsQuote\" data-ipsquote-contentcommentid=\"77995\" data-ipsquote-contentapp=\"forums\" data-ipsquote-contenttype=\"forums\" data-ipsquote-contentclass=\"forums_Topic\" data-ipsquote-contentid=\"10249\" data-ipsquote-username=\"ucaff\" data-cite=\"ucaff\" data-ipsquote-timestamp=\"1372500396\" ><div ><div ><p > :angry: these have every right to be angry if you-sell your tools, but do not ever think its a lack of respect for your customers? ... they paid for something you give away right now? :angry:</p></div></div></blockquote>\n<p >i agree with ucaff -.-</p>\n"
        },
        {
            "id": 78021,
            "timestamp": 1372508846,
            "author": {
                "id": 12456,
                "name": "gallito",
                "image": null
            },
            "comment": "<p >Hateme well done thanks to being taken advantage of your work  :D</p>"
        },
        {
            "id": 78638,
            "timestamp": 1372756544,
            "author": {
                "id": 16954,
                "name": "spadge88",
                "image": null
            },
            "comment": "<p >Thank you hateme for your release</p>"
        },
        {
            "id": 78954,
            "timestamp": 1372925203,
            "author": {
                "id": 17821,
                "name": "LongTurk",
                "image": null
            },
            "comment": "\n<blockquote data-ipsquote=\"\" class=\"ipsQuote\" data-ipsquote-contentcommentid=\"77927\" data-ipsquote-contentapp=\"forums\" data-ipsquote-contenttype=\"forums\" data-ipsquote-contentclass=\"forums_Topic\" data-ipsquote-contentid=\"10249\" data-ipsquote-username=\"Jaiz\" data-cite=\"Jaiz\" data-ipsquote-timestamp=\"1372444341\" ><div ><div ><p >that was *****.. everybody has now your awesome tools -.-</p></div></div></blockquote>\n<p >So awesome, theyre just Wizs tools decompiled and made with a new form. You wanna see how experienced HateMe really is go look at the EP2 emulator trunk on Assembla. Just because someone is capable of making tools, doesnt mean theyre any good (especially done in C#).</p>\n"
        },
        {
            "id": 78966,
            "timestamp": 1372928335,
            "author": {
                "id": 2041,
                "name": "HateMe",
                "image": null
            },
            "comment": "<p >well if you think so, some ppl did see how i did code them and the only tool i did decompile what is includet in this pack was the option editor to add the mySQL, and when i started to code on the emu i just started with C#</p>"
        },
        {
            "id": 78977,
            "timestamp": 1372936702,
            "author": {
                "id": 16983,
                "name": "Jaiz",
                "image": null
            },
            "comment": "\n<blockquote data-ipsquote=\"\" class=\"ipsQuote\" data-ipsquote-contentcommentid=\"78954\" data-ipsquote-contentapp=\"forums\" data-ipsquote-contenttype=\"forums\" data-ipsquote-contentclass=\"forums_Topic\" data-ipsquote-contentid=\"10249\" data-ipsquote-username=\"LongTurk\" data-cite=\"LongTurk\" data-ipsquote-timestamp=\"1372925203\" ><div ><div ><p >So awesome, theyre just Wizs tools decompiled and made with a new form. You wanna see how experienced HateMe really is go look at the EP2 emulator trunk on Assembla. Just because someone is capable of making tools, doesnt mean theyre any good (especially done in C#).</p></div></div></blockquote>\n<p >i know that crap turk. im longer than you deveoler please shout up noob.</p>\n"
        },
        {
            "id": 79102,
            "timestamp": 1372971267,
            "author": {
                "id": 17821,
                "name": "LongTurk",
                "image": null
            },
            "comment": "\n<blockquote data-ipsquote=\"\" class=\"ipsQuote\" data-ipsquote-contentcommentid=\"78977\" data-ipsquote-contentapp=\"forums\" data-ipsquote-contenttype=\"forums\" data-ipsquote-contentclass=\"forums_Topic\" data-ipsquote-contentid=\"10249\" data-ipsquote-username=\"Jaiz\" data-cite=\"Jaiz\" data-ipsquote-timestamp=\"1372936702\" ><div ><div ><p >i know that ***** turk. im longer than you deveoler please shout up noob.</p></div></div></blockquote>\n<p >You think so?  :rolleyes:</p>\n"
        },
        {
            "id": 79228,
            "timestamp": 1373041092,
            "author": {
                "id": 16983,
                "name": "Jaiz",
                "image": null
            },
            "comment": "<p >Yes. Please shout up now, thats not the right section</p>"
        },
        {
            "id": 79814,
            "timestamp": 1373386587,
            "author": {
                "id": 16202,
                "name": "Ilshatus123",
                "image": null
            },
            "comment": "<p >Thank you , nice tools !)</p>"
        },
        {
            "id": 79965,
            "timestamp": 1373407936,
            "author": {
                "id": 15376,
                "name": "\u00e2\u02dc\u00a3 WARFACE \u00e2\u02dc\u00a3",
                "image": null
            },
            "comment": "\n<blockquote data-ipsquote=\"\" class=\"ipsQuote\" data-ipsquote-contentcommentid=\"78966\" data-ipsquote-contentapp=\"forums\" data-ipsquote-contenttype=\"forums\" data-ipsquote-contentclass=\"forums_Topic\" data-ipsquote-contentid=\"10249\" data-ipsquote-username=\"HateMe\" data-cite=\"HateMe\" data-ipsquote-timestamp=\"1372928335\" ><div ><div ><p >well if you think so, some ppl did see how i did code them and the only tool i did decompile what is includet in this pack was the option editor to add the mySQL, and when i started to code on the emu i just started with C#</p></div></div></blockquote>\n<p >Thx</p>\n"
        },
        {
            "id": 81092,
            "timestamp": 1374000654,
            "author": {
                "id": 13618,
                "name": "maybe",
                "image": null
            },
            "comment": "<p >Thanks, cool tools.</p>"
        },
        {
            "id": 81112,
            "timestamp": 1374007201,
            "author": {
                "id": 7041,
                "name": "maggi",
                "image": null
            },
            "comment": "<p >thx for toolpack</p>"
        },
        {
            "id": 89307,
            "timestamp": 1383295719,
            "author": {
                "id": 17325,
                "name": "General",
                "image": null
            },
            "comment": "<p >The package was RareOption Editor with support for Russian language. redownload or sale please</p>"
        },
        {
            "id": 89345,
            "timestamp": 1383367855,
            "author": {
                "id": 10894,
                "name": "Izirayd",
                "image": null
            },
            "comment": "\n<blockquote data-ipsquote=\"\" class=\"ipsQuote\" data-ipsquote-contentcommentid=\"89307\" data-ipsquote-contentapp=\"forums\" data-ipsquote-contenttype=\"forums\" data-ipsquote-contentclass=\"forums_Topic\" data-ipsquote-contentid=\"10249\" data-ipsquote-username=\"General\" data-cite=\"General\" data-ipsquote-timestamp=\"1383295719\" ><div ><div ><p >The package was RareOption Editor with support for Russian language. redownload or sale please</p></div></div></blockquote>\n<p ><a href=\"https://mega.co.nz/#\" rel=\"external nofollow\" >https://mega.co.nz/#</a>!QYVGwSJR!KTHJBQiyPrAJmbiii7TzilaYCyAgrrnJCBTUfsFPE5E</p>\n"
        },
        {
            "id": 89357,
            "timestamp": 1383395235,
            "author": {
                "id": 17519,
                "name": "lukaslt",
                "image": null
            },
            "comment": "\n<p >Page not found<br />Error: 404</p>\n<p > </p>\n<p >HateMe could you re-upload them or you decided to keep them private :/ ?</p>\n"
        },
        {
            "id": 89358,
            "timestamp": 1383398492,
            "author": {
                "id": 13584,
                "name": "Slash",
                "image": null
            },
            "comment": "<p >Can you re-upload ?</p>"
        },
        {
            "id": 89360,
            "timestamp": 1383402756,
            "author": {
                "id": 6038,
                "name": "RomainLastChaos",
                "image": null
            },
            "comment": "<blockquote data-ipsquote=\"\" class=\"ipsQuote\" data-ipsquote-contentcommentid=\"77902\" data-ipsquote-contentapp=\"forums\" data-ipsquote-contenttype=\"forums\" data-ipsquote-contentclass=\"forums_Topic\" data-ipsquote-contentid=\"10249\" data-ipsquote-username=\"HateMe\" data-cite=\"HateMe\" data-ipsquote-timestamp=\"1372437718\" ><div ><div >\n<p > </p>\n<p > </p>\n<p >everyone who will reupload them here in this forum will get a ban</p>\n</div></div></blockquote>"
        },
        {
            "id": 89389,
            "timestamp": 1383431751,
            "author": {
                "id": 17519,
                "name": "lukaslt",
                "image": null
            },
            "comment": "<p >Well yeah i asked yeah HateMe not someone else xD</p>"
        },
        {
            "id": 89394,
            "timestamp": 1383432959,
            "author": {
                "id": 2041,
                "name": "HateMe",
                "image": null
            },
            "comment": "\n<p >reuploaded</p>\n<p > </p>\n<p ><a href=\"https://www.mediafire.com/download/9h9l74bnvk17gb6/EP2_Tools.rar\" rel=\"external nofollow\" >LINK</a></p>\n"
        },
        {
            "id": 90159,
            "timestamp": 1384612149,
            "author": {
                "id": 19238,
                "name": "jeremie",
                "image": null
            },
            "comment": "<p >ty :) nice tools!</p>"
        },
        {
            "id": 92738,
            "timestamp": 1387116495,
            "author": {
                "id": 17991,
                "name": "iSixxer",
                "image": null
            },
            "comment": "\n<p >Nice ,thx for releas</p>\t "
        }
    ]
}