{
    "meta": {
        "threadId": 10248,
        "threadName": "My arena Old Juno impression?",
        "dateCreated": "2013-06-28T16:03:34+0000",
        "datePublished": "2013-06-28T16:03:34+0000",
        "pageCount": 1,
        "originalUrl": "https://lckb.dev/forum/index.php?/topic/10248-my-arena-old-juno-impression/",
        "authorId": 6038,
        "position": [
            {
                "@type": "ListItem",
                "position": 1,
                "item": {
                    "@id": "https://lckb.dev/forum/index.php?/forum/271-general-section/",
                    "name": "General Section"
                }
            },
            {
                "@type": "ListItem",
                "position": 2,
                "item": {
                    "@id": "https://lckb.dev/forum/index.php?/forum/259-general-discussion/",
                    "name": "General Discussion"
                }
            }
        ]
    },
    "commentData": [
        {
            "id": 77896,
            "timestamp": 1372435414,
            "author": {
                "id": 6038,
                "name": "RomainLastChaos",
                "image": null
            },
            "comment": "\n<p ><span style=\"font-family:'comic sans ms', cursive;\" ><span style=\"font-size:14px;\" ><span style=\"color:#ffa07a;\" >Hello community today i have edit the Old Juno about the arena do you like it?</span></span></span></p>\n<p > </p>\n<p ><span style=\"font-family:'comic sans ms', cursive;\" ><span style=\"font-size:14px;\" ><span style=\"color:#ffa07a;\" >something to add or edits ?</span></span></span></p>\n<p > </p>\n<p ><a href=\"http://http//grabilla.com/0361c-72bfe7fc-2e76-4d33-8c45-1d1e24429e3a.html\" rel=\"external nofollow\" ><img alt=\"0361c-72bfe7fc-2e76-4d33-8c45-1d1e24429e\" src=\"http://grabilla.com/0361c-72bfe7fc-2e76-4d33-8c45-1d1e24429e3a.png\" /></a></p>\n\n\n\t\t\t\n\t\t\t\t\n\n<span class=\"ipsType_reset ipsType_medium ipsType_light\" data-excludequote=\"None\" >\n\t<strong >Edited <time datetime=\"2013-06-28T16:03:52Z\" title=\"06/28/2013 04:03  PM\" data-short=\"7 yr\" >June 28, 2013</time> by Question</strong>\n\t\n\t\n</span>\n\t\t\t\n\t\t</div>"
        },
        {
            "id": 77901,
            "timestamp": 1372437637,
            "author": {
                "id": 2167,
                "name": "dethunter12",
                "image": null
            },
            "comment": "<p >i think its way to big thats just my opinion take it or dont</p>\n\n\t\t\t\n\t\t\t\t\n\n<span class=\"ipsType_reset ipsType_medium ipsType_light\" data-excludequote=\"None\" >\n\t<strong >Edited <time datetime=\"2013-06-28T16:40:54Z\" title=\"06/28/2013 04:40  PM\" data-short=\"7 yr\" >June 28, 2013</time> by dethunter12</strong>\n\t\n\t\n</span>\n\t\t\t\n\t\t</div>"
        },
        {
            "id": 77957,
            "timestamp": 1372458490,
            "author": {
                "id": 16983,
                "name": "Jaiz",
                "image": null
            },
            "comment": "\n<p >seems to mega lc old arena xD </p>\n<p > </p>\n<p >PS: Its too big^^</p>\n"
        },
        {
            "id": 77967,
            "timestamp": 1372467441,
            "author": {
                "id": 14868,
                "name": "Gambit",
                "image": null
            },
            "comment": "<p >yeap just 2 big, people will just play catching each other.</p>"
        },
        {
            "id": 78019,
            "timestamp": 1372507395,
            "author": {
                "id": 16983,
                "name": "Jaiz",
                "image": null
            },
            "comment": "<p >i prefer a small arena only styled :D</p>"
        },
        {
            "id": 78128,
            "timestamp": 1372538315,
            "author": {
                "id": 6038,
                "name": "RomainLastChaos",
                "image": null
            },
            "comment": "<p >i think i will edit -3 size</p>"
        },
        {
            "id": 78187,
            "timestamp": 1372582633,
            "author": {
                "id": 16983,
                "name": "Jaiz",
                "image": null
            },
            "comment": "<p >you can make 2 arenas Xd</p>"
        },
        {
            "id": 78257,
            "timestamp": 1372599613,
            "author": {
                "id": 6038,
                "name": "RomainLastChaos",
                "image": null
            },
            "comment": "<p >yes i know but not the thing i will make</p>"
        },
        {
            "id": 78611,
            "timestamp": 1372725897,
            "author": {
                "id": 462,
                "name": "blade5000",
                "image": null
            },
            "comment": "<p >is nice my is better :ignat_02:</p>"
        },
        {
            "id": 79308,
            "timestamp": 1373070514,
            "author": {
                "id": 201,
                "name": "Wrong",
                "image": null
            },
            "comment": "<p >Id suggest you to make one as big as the Rumble Zone or Dratan PvP, bigger than that would be too much</p>"
        },
        {
            "id": 79346,
            "timestamp": 1373103154,
            "author": {
                "id": 17432,
                "name": "Nymphetamine",
                "image": null
            },
            "comment": "<p >Nice looks like divine divinity ahahah but its a bit too big in my mind</p>"
        },
        {
            "id": 86633,
            "timestamp": 1378726514,
            "author": {
                "id": 15327,
                "name": "Lolek1PL",
                "image": null
            },
            "comment": "<p >Why you dont do 2 or 3 arenas? :)</p>"
        }
    ]
}