{
    "meta": {
        "threadId": 1025,
        "threadName": "Fix pvp on/off",
        "dateCreated": "2011-10-12T18:33:35+0000",
        "datePublished": "2011-10-12T18:33:35+0000",
        "pageCount": 1,
        "originalUrl": "https://lckb.dev/forum/index.php?/topic/1025-fix-pvp-onoff/",
        "authorId": null,
        "position": [
            {
                "@type": "ListItem",
                "position": 1,
                "item": {
                    "@id": "https://lckb.dev/forum/index.php?/forum/271-general-section/",
                    "name": "General Section"
                }
            },
            {
                "@type": "ListItem",
                "position": 2,
                "item": {
                    "@id": "https://lckb.dev/forum/index.php?/forum/259-general-discussion/",
                    "name": "General Discussion"
                }
            }
        ]
    },
    "commentData": [
        {
            "id": 8449,
            "timestamp": 1318444415,
            "author": {
                "id": null,
                "name": "Guest Aquilis",
                "image": null
            },
            "comment": "<p >Anyone know? in hex</p>"
        },
        {
            "id": 8454,
            "timestamp": 1318446416,
            "author": {
                "id": 368,
                "name": "blankname",
                "image": null
            },
            "comment": "\n<p >its not so easy. you need to add a new section in the exe and add alot of code</p>\n<p > </p>\n<p ><span style=\"color:#FF0000;\" >PVP mode patch v3</span> (you can set a subserver to be non-pvp by adding NON_PK=TRUE inside the gameserver config file)</p>\n<p > </p>\n<p ></p>\n<pre class=\"ipsCode\" >00459826                 jz      loc_7EC000</pre>\n<div ></div>\n<p ></p>\n<p > </p>\n<p >and in our new section located at offset 35100 (virtual address 7EC000)</p>\n<p > </p>\n<p ></p>\n<pre class=\"ipsCode\" >007EC000                 mov     eax, [ebp+arg_0]\n007EC003                 cmp     dword ptr [eax+34h], 0\n007EC007                 jle     loc_45991F\n007EC00D                 mov     eax, [ebp+arg_0]\n007EC010                 cmp     dword ptr [eax+0AE4h], 0\n007EC017                 jnz     loc_45991F\n007EC01D                 mov     eax, [ebp+arg_0]\n007EC020                 mov     edx, [eax+5ACh]\n007EC026                 cmp     dword ptr [edx], 8\n007EC029                 jz      loc_45991F\n007EC02F                 mov     eax, [ebp+arg_0]\n007EC032                 cmp     dword ptr [eax+20h], 0Fh\n007EC036                 jle     loc_45991F\n007EC03C                 push    10h\n007EC03E                 mov     ecx, [ebp+arg_0]\n007EC041                 call    sub_4077A0\n007EC046                 movzx   eax, al\n007EC049                 test    eax, eax\n007EC04B                 jnz     loc_45991F\n007EC051                 push    20h\n007EC053                 mov     ecx, [ebp+arg_0]\n007EC056                 call    sub_4077A0\n007EC05B                 movzx   eax, al\n007EC05E                 test    eax, eax\n007EC060                 jnz     loc_45991F\n007EC066                 push    40h\n007EC068                 mov     ecx, [ebp+arg_0]\n007EC06B                 call    sub_4077A0\n007EC070                 movzx   eax, al\n007EC073                 test    eax, eax\n007EC075                 jnz     loc_45991F\n007EC07B                 push    0\n007EC07D                 mov     ecx, [ebp+arg_0]\n007EC080                 call    sub_4245D0\n007EC085                 movzx   eax, al\n007EC088                 test    eax, eax\n007EC08A                 jnz     loc_45991F\n007EC090                 mov     ecx, [ebp+arg_0]\n007EC093                 call    sub_425650\n007EC098                 movzx   eax, al\n007EC09B                 cmp     eax, 46h\n007EC09E                 jz      loc_45991F\n007EC0A4                 movzx   eax, byte_7E02E0\n007EC0AB                 cmp     eax, 1\n007EC0AE                 jz      loc_45991F\n007EC0B4                 push    8\n007EC0B6                 mov     ecx, [ebp+arg_0]\n007EC0B9                 call    sub_4077A0\n007EC0BE                 movzx   eax, al\n007EC0C1                 test    eax, eax\n007EC0C3                 jz      short loc_7EC0DE\n007EC0C5                 push    10h\n007EC0C7                 mov     ecx, [ebp+arg_0]\n007EC0CA                 call    sub_411D80\n007EC0CF                 mov     eax, [ebp+arg_0]\n007EC0D2                 mov     dword ptr [eax+0D84h], 64h\n007EC0DC                 jmp     short loc_7EC0E8\n007EC0DE                 push    8\n007EC0E0                 mov     ecx, [ebp+arg_0]\n007EC0E3                 call    sub_459A00\n007EC0E8                 jmp     loc_459930\n</pre>\n<div ></div>\n<p ></p>\n"
        },
        {
            "id": 8456,
            "timestamp": 1318447915,
            "author": {
                "id": null,
                "name": "Guest Aquilis",
                "image": null
            },
            "comment": "\n<p ><a href=\"https://img812.imageshack.us/img812/2990/semttuloic.png\" rel=\"external nofollow\" >http://img812.imageshack.us/img812/2990/semttuloic.png</a></p>\n<p > </p>\n<p >hex code?</p>\n"
        },
        {
            "id": 8472,
            "timestamp": 1318463741,
            "author": {
                "id": null,
                "name": "Guest Aquilis",
                "image": null
            },
            "comment": "<p >I am having trouble creating a new section</p>"
        },
        {
            "id": 8703,
            "timestamp": 1318760183,
            "author": {
                "id": null,
                "name": "Guest Bubbles",
                "image": null
            },
            "comment": "<p >Yea in Hex would be nice ;D</p>"
        },
        {
            "id": 8707,
            "timestamp": 1318761058,
            "author": {
                "id": 919,
                "name": "someone",
                "image": null
            },
            "comment": "\n<blockquote data-ipsquote=\"\" class=\"ipsQuote\" data-ipsquote-username=\"\\\" data-cite=\"\\\" data-ipsquote-contentapp=\"forums\" data-ipsquote-contenttype=\"forums\" data-ipsquote-contentid=\"1025\" data-ipsquote-contentclass=\"forums_Topic\" ><div >I am having trouble creating a new section</div></blockquote>\n<p > You can use PEditor, (portable executable editor).</p>\n"
        },
        {
            "id": 8805,
            "timestamp": 1318943234,
            "author": {
                "id": 37,
                "name": "BashVendetta",
                "image": null
            },
            "comment": "\n<p >Do we change: <strong >00459826  |. 0F84 F3000000  JE GameServ.0045991F</strong> to</p>\n<p > </p>\n<p ><strong >00459826                 jz      loc_7EC000</strong> or do we add this? Also above or below?</p>\n<p > </p>\n<p >I think if people are going to explain how things are done at least give a bit more explanation..... like add... or show a before and after maybe? You all criticise people for not know what the hell is going on but again you dont assist in giving a hand to people with whats going on. I dont want the \"If you dont know this then dont run a server bla bla bullcrap\" because that is purely a greater example of why YOU shouldnt be running a server.</p>\n"
        },
        {
            "id": 8806,
            "timestamp": 1318944555,
            "author": {
                "id": 37,
                "name": "BashVendetta",
                "image": null
            },
            "comment": "<p >Whenever I attempt to add or change the above I get \"Unknown Identifer\"....</p>"
        },
        {
            "id": 8841,
            "timestamp": 1319015294,
            "author": {
                "id": 37,
                "name": "BashVendetta",
                "image": null
            },
            "comment": "<p >No one can answer?</p>"
        },
        {
            "id": 8842,
            "timestamp": 1319016076,
            "author": {
                "id": 919,
                "name": "someone",
                "image": null
            },
            "comment": "\n<blockquote data-ipsquote=\"\" class=\"ipsQuote\" data-ipsquote-contentapp=\"forums\" data-ipsquote-contenttype=\"forums\" data-ipsquote-contentid=\"1025\" data-ipsquote-contentclass=\"forums_Topic\" ><div >aSH' date=' post: 11531\"']No one can answer?</div></blockquote>\n<p > </p>\n<p >Use at this address: 00459826 </p>\n<p ></p>\n<pre class=\"ipsCode\" >jz 7EC000</pre>\n<div ></div>\n<p ></p>\n<p >I dont know if you have a segment that starts at address 7EC000, goto 7EC000 and see if exists if not then use PEditor to add a new segment.</p>\n"
        },
        {
            "id": 8843,
            "timestamp": 1319016875,
            "author": {
                "id": 37,
                "name": "BashVendetta",
                "image": null
            },
            "comment": "<p >What would you recommend as a good software for PEditor? I got 1.7 and it dont have anything to even view the addresses....</p>"
        },
        {
            "id": 8976,
            "timestamp": 1319262107,
            "author": {
                "id": 605,
                "name": "b4rr4cud4",
                "image": null
            },
            "comment": "<p >If I could only figure this out,I can add the new section but dont get the hang of adding the code with ollydbg. Guess google will be my best friend 4 a few hours tonight lol. Ill figure it out sooner or later. Thanks 4 the code.</p>"
        },
        {
            "id": 10475,
            "timestamp": 1320585456,
            "author": {
                "id": null,
                "name": "Guest Gothic",
                "image": null
            },
            "comment": "<p >Could someone Falos game server with the PVP mode 3 upload?</p>"
        },
        {
            "id": 10980,
            "timestamp": 1321096525,
            "author": {
                "id": 588,
                "name": "Natzn",
                "image": null
            },
            "comment": "\n<p >Hi,</p>\n<p >how to add the section in PEditor? I dont know what I have to enter.</p>\n<p >There are already the sections: .text, .rdata, .data, .data and .falo</p>\n"
        },
        {
            "id": 10989,
            "timestamp": 1321102648,
            "author": {
                "id": 919,
                "name": "someone",
                "image": null
            },
            "comment": "\n<blockquote data-ipsquote=\"\" class=\"ipsQuote\" data-ipsquote-username=\"\\\" data-cite=\"\\\" data-ipsquote-contentapp=\"forums\" data-ipsquote-contenttype=\"forums\" data-ipsquote-contentid=\"1025\" data-ipsquote-contentclass=\"forums_Topic\" ><div >Hi,<p >how to add the section in PEditor? I dont know what I have to enter.</p>\n<p >There are already the sections: .text, .rdata, .data, .data and .falo</p>\n</div></blockquote>\n<p > </p>\n<p >Just create a new section and alocate some bytes into that section.</p>\n<p > </p>\n<p >After that open the gameserver with HexEditor, and insert the amount of bytes you allocated at the end of the file.</p>\n<p > </p>\n<p >For 1000bytes  in hex means 3E8(in PEditor and Hex Editor)</p>\n"
        },
        {
            "id": 12378,
            "timestamp": 1322402883,
            "author": {
                "id": null,
                "name": "Guest LukyanXz",
                "image": null
            },
            "comment": "<p >o someone can fix the pvp server?</p>"
        },
        {
            "id": 17430,
            "timestamp": 1324939866,
            "author": {
                "id": 161,
                "name": "Koko",
                "image": null
            },
            "comment": "\n<p >Little bump. Im currently trying to fix that pvp thing; but after adding the new section, i get an error message when i open the gameserver with ollydbg (\"blahblah cant open the file\").</p>\n<p > </p>\n<p >Heres what i changed to add the section:</p>\n<p > </p>\n<p ><img alt=\"section.jpg\" src=\"https://img835.imageshack.us/img835/5607/section.jpg\" /></p>\n<p > </p>\n<p >Anything wrong, or anything i forgot?</p>\n"
        },
        {
            "id": 17431,
            "timestamp": 1324940570,
            "author": {
                "id": null,
                "name": "Guest renehnew",
                "image": null
            },
            "comment": "<p >i  have pvp fix (:</p>"
        },
        {
            "id": 17432,
            "timestamp": 1324940710,
            "author": {
                "id": null,
                "name": "Guest renehnew",
                "image": null
            },
            "comment": "<a href=\"http://www.multiupload.com/PNCXW4JT5P\" rel=\"external nofollow\" >http://www.multiupload.com/PNCXW4JT5P</a>"
        },
        {
            "id": 17433,
            "timestamp": 1324941324,
            "author": {
                "id": 161,
                "name": "Koko",
                "image": null
            },
            "comment": "<p >Thats nice :) but im not only interested by the fix itself, but also by the \"how to\" ;)</p>"
        },
        {
            "id": 17447,
            "timestamp": 1324976585,
            "author": {
                "id": 919,
                "name": "someone",
                "image": null
            },
            "comment": "\n<blockquote data-ipsquote=\"\" class=\"ipsQuote\" data-ipsquote-username=\"\\\" data-cite=\"\\\" data-ipsquote-contentapp=\"forums\" data-ipsquote-contenttype=\"forums\" data-ipsquote-contentid=\"1025\" data-ipsquote-contentclass=\"forums_Topic\" ><div >Thats nice :) but im not only interested by the fix itself, but also by the \"how to\" ;)</div></blockquote>\n<p > </p>\n<p >Make this section to have executable proprieties from char wizard.</p>\n<p > </p>\n<p >Now open the Gameserver with a hex editor, Go to the end, of the file, and insert 1000BYtes (in hex, if in PEditor you made the size 1000, in hex editor insert 1000 in Hex not dec).Save the file and reopen it with PEditor, rebuild(now you have the new section, to add code).</p>\n<p > </p>\n<p >You can add the code at the address 3f2000(you can see your section from ollydbg by pressing CTRL+Nm or view-> memory).</p>\n"
        },
        {
            "id": 17460,
            "timestamp": 1324989976,
            "author": {
                "id": 161,
                "name": "Koko",
                "image": null
            },
            "comment": "\n<blockquote data-ipsquote=\"\" class=\"ipsQuote\" data-ipsquote-username=\"\\\" data-cite=\"\\\" data-ipsquote-contentapp=\"forums\" data-ipsquote-contenttype=\"forums\" data-ipsquote-contentid=\"1025\" data-ipsquote-contentclass=\"forums_Topic\" ><div >Use at this address: 00459826 <p ></p>\n<pre class=\"ipsCode\" >jz 7EC000</pre>\n<div ></div>\n<p ></p>\n<p >I dont know if you have a segment that starts at address 7EC000, goto 7EC000 and see if exists if not then use PEditor to add a new segment.</p>\n</div></blockquote>\n<p > </p>\n<p >Lets get back to that post. I have some \"blank\" lines starting at 7EC000 (\"ADD BYTE PTR DS:[EAX],AL\"). So i dont need to add a new segment?</p>\n<p > </p>\n<p >Also, i cant use</p>\n<p > </p>\n<p ></p>\n<pre class=\"ipsCode\" >mov eax, [ebp+arg_0]</pre>\n<div ></div>\n<p ></p>\n<p > </p>\n<p >at 0007EC000, always the \"Unrecognized identifier\" message.</p>\n<p > </p>\n<p >Im definitely a noob with that stuff lol</p>\n"
        },
        {
            "id": 17463,
            "timestamp": 1324990780,
            "author": {
                "id": 439,
                "name": "rodnapk",
                "image": null
            },
            "comment": "<p >this is very hard to me too=/</p>"
        },
        {
            "id": 17466,
            "timestamp": 1324992398,
            "author": {
                "id": 919,
                "name": "someone",
                "image": null
            },
            "comment": "\n<p >Every 7ECXXX change it into 7F2XXX(Your code sections, you can find it pressing, ALT+M, pvp section address).</p>\n<p > </p>\n<p ></p>\n<pre class=\"ipsCode\" >mov eax, [ebp+arg_0]</pre>\n<div ></div>\n<p ></p>\n<p >This notation is for IDA, in OllyDbg is(Size ofan address 8bytes):</p>\n<p ></p>\n<pre class=\"ipsCode\" >mov eax, [ebp+8]</pre>\n<div ></div>\n<p > or</p>\n<p ></p>\n<pre class=\"ipsCode\" >mov eax, DWORD PTR SS:[ebp+8]</pre>\n<div ></div>\n<p ></p>\n<p > </p>\n<blockquote data-ipsquote=\"\" class=\"ipsQuote\" data-ipsquote-contentapp=\"forums\" data-ipsquote-contenttype=\"forums\" data-ipsquote-contentid=\"1025\" data-ipsquote-contentclass=\"forums_Topic\" ><div >at 0007EC000, always the \"Unrecognized identifier\" message.</div></blockquote>\n<p >It doesnt have 8 bytes, it has 9.</p>\n"
        }
    ]
}