{
    "meta": {
        "threadId": 10263,
        "threadName": "Looking for string.dta",
        "dateCreated": "2013-06-29T12:54:38+0000",
        "datePublished": "2013-06-29T12:54:38+0000",
        "pageCount": 1,
        "originalUrl": "https://lckb.dev/forum/index.php?/topic/10263-looking-for-stringdta/",
        "authorId": 17432,
        "position": [
            {
                "@type": "ListItem",
                "position": 1,
                "item": {
                    "@id": "https://lckb.dev/forum/index.php?/forum/100-guides-help-section/",
                    "name": "Guides &amp; Help Section"
                }
            },
            {
                "@type": "ListItem",
                "position": 2,
                "item": {
                    "@id": "https://lckb.dev/forum/index.php?/forum/335-help-support/",
                    "name": "Help &amp; Support"
                }
            },
            {
                "@type": "ListItem",
                "position": 3,
                "item": {
                    "@id": "https://lckb.dev/forum/index.php?/forum/44-ep1-support/",
                    "name": "Ep1 Support"
                }
            },
            {
                "@type": "ListItem",
                "position": 4,
                "item": {
                    "@id": "https://lckb.dev/forum/index.php?/forum/135-solved-topics/",
                    "name": "Solved Topics"
                }
            }
        ]
    },
    "commentData": [
        {
            "id": 78037,
            "timestamp": 1372510478,
            "author": {
                "id": 17432,
                "name": "Nymphetamine",
                "image": null
            },
            "comment": "\n<p >Hello.</p>\n<p >As title say im looking for string.dta in german ,in italian,in french and in spanish</p>\n<p >If someone has Last Chaos installed in GER,IT or FR,can please upload it and post the link here of the file?</p>\n<p >Thanks</p>\n\n\n\t\t\t\n\t\t\t\t\n\n<span class=\"ipsType_reset ipsType_medium ipsType_light\" data-excludequote=\"None\" >\n\t<strong >Edited <time datetime=\"2013-07-07T16:04:06Z\" title=\"07/07/2013 04:04  PM\" data-short=\"7 yr\" >July 7, 2013</time> by Nymphetamine</strong>\n\t\n\t\n</span>\n\t\t\t\n\t\t</div>"
        },
        {
            "id": 78299,
            "timestamp": 1372612456,
            "author": {
                "id": 16983,
                "name": "Jaiz",
                "image": null
            },
            "comment": "<p >I have english and german string.dta if you want pm me</p>"
        },
        {
            "id": 78416,
            "timestamp": 1372668488,
            "author": {
                "id": 17432,
                "name": "Nymphetamine",
                "image": null
            },
            "comment": "\n<blockquote data-ipsquote=\"\" class=\"ipsQuote\" data-ipsquote-contentcommentid=\"78299\" data-ipsquote-contentapp=\"forums\" data-ipsquote-contenttype=\"forums\" data-ipsquote-contentclass=\"forums_Topic\" data-ipsquote-contentid=\"10263\" data-ipsquote-username=\"Jaiz\" data-cite=\"Jaiz\" data-ipsquote-timestamp=\"1372612456\" ><div ><div ><p >I have english and german string.dta if you want pm me</p></div></div></blockquote>\n<p >I have sent. Thanks very much.</p>\n<p >No one other is having PL,SPA,FR and ITA string.dta?</p>\n<p >Edit: Looks like your inbox is full :S Upload it here :P</p>\n\n\n\t\t\t\n\t\t\t\t\n\n<span class=\"ipsType_reset ipsType_medium ipsType_light\" data-excludequote=\"None\" >\n\t<strong >Edited <time datetime=\"2013-07-01T09:02:23Z\" title=\"07/01/2013 09:02  AM\" data-short=\"7 yr\" >July 1, 2013</time> by Nymphetamine</strong>\n\t\n\t\n</span>\n\t\t\t\n\t\t</div>"
        },
        {
            "id": 78608,
            "timestamp": 1372717678,
            "author": {
                "id": 161,
                "name": "Koko",
                "image": null
            },
            "comment": "<p >Got the _mex (Bila spanish) if u need.</p>"
        },
        {
            "id": 78629,
            "timestamp": 1372749577,
            "author": {
                "id": 17432,
                "name": "Nymphetamine",
                "image": null
            },
            "comment": "\n<blockquote data-ipsquote=\"\" class=\"ipsQuote\" data-ipsquote-contentcommentid=\"78608\" data-ipsquote-contentapp=\"forums\" data-ipsquote-contenttype=\"forums\" data-ipsquote-contentclass=\"forums_Topic\" data-ipsquote-contentid=\"10263\" data-ipsquote-username=\"Koko\" data-cite=\"Koko\" data-ipsquote-timestamp=\"1372717678\" ><div ><div ><p >Got the _mex (Bila spanish) if u need.</p></div></div></blockquote>\n<p >Thanks,can you upload it?</p>\n"
        },
        {
            "id": 79354,
            "timestamp": 1373105082,
            "author": {
                "id": 17432,
                "name": "Nymphetamine",
                "image": null
            },
            "comment": "<p >I cant mark it as solved.. Doesnt show edit.  Close it : Thanks all</p>\n\n\t\t\t\n\t\t\t\t\n\n<span class=\"ipsType_reset ipsType_medium ipsType_light\" data-excludequote=\"None\" >\n\t<strong >Edited <time datetime=\"2013-07-06T10:05:20Z\" title=\"07/06/2013 10:05  AM\" data-short=\"7 yr\" >July 6, 2013</time> by Nymphetamine</strong>\n\t\n\t\n</span>\n\t\t\t\n\t\t</div>"
        }
    ]
}