{
    "meta": {
        "threadId": 10272,
        "threadName": "[LASTCHAOS]Luxury EP2 New juno",
        "dateCreated": "2013-06-30T02:38:59+0000",
        "datePublished": "2013-06-30T02:38:59+0000",
        "pageCount": 1,
        "originalUrl": "https://lckb.dev/forum/index.php?/topic/10272-lastchaosluxury-ep2-new-juno/",
        "authorId": 3911,
        "position": [
            {
                "@type": "ListItem",
                "position": 1,
                "item": {
                    "@id": "https://lckb.dev/forum/index.php?/forum/271-general-section/",
                    "name": "General Section"
                }
            },
            {
                "@type": "ListItem",
                "position": 2,
                "item": {
                    "@id": "https://lckb.dev/forum/index.php?/forum/43-development-showroom/",
                    "name": "Development Showroom"
                }
            }
        ]
    },
    "commentData": [
        {
            "id": 78158,
            "timestamp": 1372559939,
            "author": {
                "id": 3911,
                "name": "roseon",
                "image": null
            },
            "comment": "\n<p >Our new Styled Juno </p>\n<p ><a href=\"http://http//grabilla.com/0361e-692457d2-cd88-4a7c-9189-01220f00823d.html\" rel=\"external nofollow\" ><img alt=\"0361e-692457d2-cd88-4a7c-9189-01220f0082\" src=\"http://grabilla.com/0361e-692457d2-cd88-4a7c-9189-01220f00823d.png\" /></a></p>\n"
        },
        {
            "id": 78163,
            "timestamp": 1372568763,
            "author": {
                "id": 15369,
                "name": "DieYoung",
                "image": null
            },
            "comment": "<p >no one evar releases!! hehe but it looks really nice :) good job</p>"
        },
        {
            "id": 78173,
            "timestamp": 1372575243,
            "author": {
                "id": 3911,
                "name": "roseon",
                "image": null
            },
            "comment": "<p >we can release it after we have lot of it workign right</p>"
        },
        {
            "id": 78175,
            "timestamp": 1372576225,
            "author": {
                "id": 15306,
                "name": "Noizy",
                "image": null
            },
            "comment": "<p >nice, emh did u knew that u  can delete shadow effects just with one click ? :D:D:D</p>"
        },
        {
            "id": 78177,
            "timestamp": 1372578068,
            "author": {
                "id": 3911,
                "name": "roseon",
                "image": null
            },
            "comment": "<p >Well yea i just dont wanna remove it lol</p>"
        },
        {
            "id": 78388,
            "timestamp": 1372633653,
            "author": {
                "id": 17186,
                "name": "alex1997q",
                "image": null
            },
            "comment": "<p >I have now to download?</p>"
        },
        {
            "id": 78389,
            "timestamp": 1372633731,
            "author": {
                "id": 17186,
                "name": "alex1997q",
                "image": null
            },
            "comment": "\n<blockquote data-ipsquote=\"\" class=\"ipsQuote\" data-ipsquote-contentcommentid=\"78158\" data-ipsquote-contentapp=\"forums\" data-ipsquote-contenttype=\"forums\" data-ipsquote-contentclass=\"forums_Topic\" data-ipsquote-contentid=\"10272\" data-ipsquote-username=\"roseon\" data-cite=\"roseon\" data-ipsquote-timestamp=\"1372559939\" ><div ><div >\n<p >Our new Styled Juno </p>\n<p ><a href=\"http://http//grabilla.com/0361e-692457d2-cd88-4a7c-9189-01220f00823d.html\" rel=\"external nofollow\" ><img alt=\"0361e-692457d2-cd88-4a7c-9189-01220f0082\" src=\"http://grabilla.com/0361e-692457d2-cd88-4a7c-9189-01220f00823d.png\" /></a></p>\n</div></div></blockquote>\n<p >you have to link downlodad?</p>\n"
        },
        {
            "id": 78394,
            "timestamp": 1372639855,
            "author": {
                "id": 13502,
                "name": "XxMachaxX",
                "image": null
            },
            "comment": "<p >I dont like :s</p>"
        },
        {
            "id": 78395,
            "timestamp": 1372649924,
            "author": {
                "id": 3911,
                "name": "roseon",
                "image": null
            },
            "comment": "<p >no cause im not releasing my juno 0.o</p>"
        },
        {
            "id": 78396,
            "timestamp": 1372651232,
            "author": {
                "id": 2167,
                "name": "dethunter12",
                "image": null
            },
            "comment": "<p >cant just use startzone folder :P?</p>"
        },
        {
            "id": 78397,
            "timestamp": 1372654870,
            "author": {
                "id": 17821,
                "name": "LongTurk",
                "image": null
            },
            "comment": "\n<blockquote data-ipsquote=\"\" class=\"ipsQuote\" data-ipsquote-contentcommentid=\"78395\" data-ipsquote-contentapp=\"forums\" data-ipsquote-contenttype=\"forums\" data-ipsquote-contentclass=\"forums_Topic\" data-ipsquote-contentid=\"10272\" data-ipsquote-username=\"roseon\" data-cite=\"roseon\" data-ipsquote-timestamp=\"1372649924\" ><div ><div ><p >no cause im not releasing my juno 0.o</p></div></div></blockquote>\n<p >People can just rob it from your client once you apply it to your server.  :ignat_02:</p>\n"
        },
        {
            "id": 78398,
            "timestamp": 1372655034,
            "author": {
                "id": 3911,
                "name": "roseon",
                "image": null
            },
            "comment": "\n<p >go ahaid lol</p>\n<p >download my full client just</p>\n<p >just for my juno xD</p>\n"
        }
    ]
}