{
    "meta": {
        "threadId": 1027,
        "threadName": "Minor Error",
        "dateCreated": "2011-10-12T20:19:29+0000",
        "datePublished": "2011-10-12T20:19:29+0000",
        "pageCount": 1,
        "originalUrl": "https://lckb.dev/forum/index.php?/topic/1027-minor-error/",
        "authorId": 37,
        "position": [
            {
                "@type": "ListItem",
                "position": 1,
                "item": {
                    "@id": "https://lckb.dev/forum/index.php?/forum/271-general-section/",
                    "name": "General Section"
                }
            },
            {
                "@type": "ListItem",
                "position": 2,
                "item": {
                    "@id": "https://lckb.dev/forum/index.php?/forum/259-general-discussion/",
                    "name": "General Discussion"
                }
            }
        ]
    },
    "commentData": [
        {
            "id": 8460,
            "timestamp": 1318450769,
            "author": {
                "id": 37,
                "name": "BashVendetta",
                "image": null
            },
            "comment": "\n<p >Hi,</p>\n<p > </p>\n<p >Just a small error cant seem to figure out whats causing it, is this normal for these files?</p>\n<p > </p>\n<p >They are not crashing the server nore are they interupting anything so I am slightly confused.</p>\n<p > </p>\n<p ></p>\n<pre class=\"ipsCode\" >2011/10/12 21:16:17 :: PerformSocketRead >  : read error : 0\n</pre>\n<div ></div>\n<p ></p>\n"
        },
        {
            "id": 8463,
            "timestamp": 1318453458,
            "author": {
                "id": 2,
                "name": "Wizatek",
                "image": null
            },
            "comment": "\n<p >Looks like its trying to read from a socket thats not opened. </p>\n<p >Perhaps its the itemmall server it wants to talk to ?</p>\n"
        },
        {
            "id": 8465,
            "timestamp": 1318454260,
            "author": {
                "id": 37,
                "name": "BashVendetta",
                "image": null
            },
            "comment": "<p >Ya I thought the same, but the port only opens when the item mall is opened and well I didnt open the item mall I just left the server running.</p>"
        }
    ]
}