{
    "meta": {
        "threadId": 10275,
        "threadName": "My [NEW] Randol",
        "dateCreated": "2013-06-30T07:50:24+0000",
        "datePublished": "2013-06-30T07:50:24+0000",
        "pageCount": 1,
        "originalUrl": "https://lckb.dev/forum/index.php?/topic/10275-my-new-randol/",
        "authorId": 17022,
        "position": [
            {
                "@type": "ListItem",
                "position": 1,
                "item": {
                    "@id": "https://lckb.dev/forum/index.php?/forum/271-general-section/",
                    "name": "General Section"
                }
            },
            {
                "@type": "ListItem",
                "position": 2,
                "item": {
                    "@id": "https://lckb.dev/forum/index.php?/forum/43-development-showroom/",
                    "name": "Development Showroom"
                }
            }
        ]
    },
    "commentData": [
        {
            "id": 78179,
            "timestamp": 1372578624,
            "author": {
                "id": 17022,
                "name": "RomeoST",
                "image": null
            },
            "comment": "\n<p > :rolleyes:</p>\n<p > </p>\n<p ><img alt=\"0cjcodt1wvxy2v0fb4yzs9gb5.png\" src=\"http://imghost.in/img/2013-06/30/0cjcodt1wvxy2v0fb4yzs9gb5.png\" /></p>\n<p > </p>\n<p ><img alt=\"d5ch2okj6stweq8q3zwqvz01m.png\" src=\"http://imghost.in/img/2013-06/30/d5ch2okj6stweq8q3zwqvz01m.png\" /></p>\n<p > </p>\n<p ><img alt=\"40fjxn8g90a9ic5bi0a67wyi2.png\" src=\"http://imghost.in/img/2013-06/30/40fjxn8g90a9ic5bi0a67wyi2.png\" /></p>\n<p > </p>\n<p ><img alt=\"942w17aguoe1md1lm3fobeo7b.png\" src=\"http://imghost.in/img/2013-06/30/942w17aguoe1md1lm3fobeo7b.png\" /></p>\n<p > </p>\n<p ><img alt=\"avj2tdtk1khwkngys8bwxm9qr.png\" src=\"http://imghost.in/img/2013-06/30/avj2tdtk1khwkngys8bwxm9qr.png\" /></p>\n<p > </p>\n<p ><img alt=\"nrw2oy3a9utbd52ncoyqum9rn.png\" src=\"http://imghost.in/img/2013-06/30/nrw2oy3a9utbd52ncoyqum9rn.png\" /></p>\n<p > </p>\n<p ><img alt=\"uf1twi7e6ytqtradte9ksaygr.png\" src=\"http://imghost.in/img/2013-06/30/uf1twi7e6ytqtradte9ksaygr.png\" /></p>\n<p > </p>\n<p ><img alt=\"v1in4o2idesal71dgxngfwt6s.png\" src=\"http://imghost.in/img/2013-06/30/v1in4o2idesal71dgxngfwt6s.png\" /></p>\n<p > </p>\n"
        },
        {
            "id": 78183,
            "timestamp": 1372580631,
            "author": {
                "id": 16931,
                "name": "Walletman987",
                "image": null
            },
            "comment": "<p >That sir, is bootyful.</p>\n\n\t\t\t\n\t\t\t\t\n\n<span class=\"ipsType_reset ipsType_medium ipsType_light\" data-excludequote=\"None\" >\n\t<strong >Edited <time datetime=\"2013-06-30T08:24:09Z\" title=\"06/30/2013 08:24  AM\" data-short=\"7 yr\" >June 30, 2013</time> by Walletman987</strong>\n\t\n\t\n</span>\n\t\t\t\n\t\t</div>"
        },
        {
            "id": 78197,
            "timestamp": 1372586578,
            "author": {
                "id": 15306,
                "name": "Noizy",
                "image": null
            },
            "comment": "<p >nice :) but why noone wants to save Custom Concept from V3? :D</p>"
        },
        {
            "id": 78261,
            "timestamp": 1372601690,
            "author": {
                "id": 13652,
                "name": "MrSKULL",
                "image": null
            },
            "comment": "\n<p >Great work !</p>\n<p > </p>\n<p >I like the way in the middle of juno .</p>\n"
        },
        {
            "id": 78265,
            "timestamp": 1372603578,
            "author": {
                "id": 17432,
                "name": "Nymphetamine",
                "image": null
            },
            "comment": "\n<p >Awesome work!</p>\n<p >Looks like a small city ahahah. So nice! :p</p>\n"
        },
        {
            "id": 78266,
            "timestamp": 1372603784,
            "author": {
                "id": 16656,
                "name": "ADMIMAX",
                "image": null
            },
            "comment": "\n<p > :3</p>\n<p > </p>\n<p >realy beautiful</p>\n\n\n\t\t\t\n\t\t\t\t\n\n<span class=\"ipsType_reset ipsType_medium ipsType_light\" data-excludequote=\"None\" >\n\t<strong >Edited <time datetime=\"2013-06-30T14:49:53Z\" title=\"06/30/2013 02:49  PM\" data-short=\"7 yr\" >June 30, 2013</time> by ADMIMAX</strong>\n\t\n\t\n</span>\n\t\t\t\n\t\t</div>"
        },
        {
            "id": 78283,
            "timestamp": 1372611167,
            "author": {
                "id": 15369,
                "name": "DieYoung",
                "image": null
            },
            "comment": "<p >that is really nice, good job :)</p>"
        },
        {
            "id": 78298,
            "timestamp": 1372612357,
            "author": {
                "id": 16983,
                "name": "Jaiz",
                "image": null
            },
            "comment": "<p >nice work</p>"
        },
        {
            "id": 78313,
            "timestamp": 1372613737,
            "author": {
                "id": 16954,
                "name": "spadge88",
                "image": null
            },
            "comment": "<p >Very nice!</p>"
        },
        {
            "id": 78357,
            "timestamp": 1372620899,
            "author": {
                "id": 17022,
                "name": "RomeoST",
                "image": null
            },
            "comment": "\n<p >Thank you all)</p>\n<p >This is not the end  :)</p>\n"
        },
        {
            "id": 78360,
            "timestamp": 1372623667,
            "author": {
                "id": 18367,
                "name": "danibruno",
                "image": null
            },
            "comment": "<p >good job</p>"
        },
        {
            "id": 78428,
            "timestamp": 1372675735,
            "author": {
                "id": 10456,
                "name": "Tarissuis",
                "image": null
            },
            "comment": "<p >I like everything but the flags, theyre ugly as [CeNsOrEd] :D</p>"
        },
        {
            "id": 78434,
            "timestamp": 1372678033,
            "author": {
                "id": 2167,
                "name": "dethunter12",
                "image": null
            },
            "comment": "<p >nice</p>"
        },
        {
            "id": 80104,
            "timestamp": 1373540588,
            "author": {
                "id": 17022,
                "name": "RomeoST",
                "image": null
            },
            "comment": "\n<p >Night came  :)</p>\n<p > </p>\n<p ><img alt=\"mwjlybfrjedjuy1qgzcgx5yet.png\" src=\"http://imghost.in/img/2013-07/11/mwjlybfrjedjuy1qgzcgx5yet.png\" /></p>\n\n\n\t\t\t\n\t\t\t\t\n\n<span class=\"ipsType_reset ipsType_medium ipsType_light\" data-excludequote=\"None\" >\n\t<strong >Edited <time datetime=\"2013-07-11T11:03:52Z\" title=\"07/11/2013 11:03  AM\" data-short=\"7 yr\" >July 11, 2013</time> by RomeoST</strong>\n\t\n\t\n</span>\n\t\t\t\n\t\t</div>"
        },
        {
            "id": 80107,
            "timestamp": 1373543357,
            "author": {
                "id": 2835,
                "name": "halohalo",
                "image": null
            },
            "comment": "<p >very nice +10 :)</p>"
        },
        {
            "id": 80110,
            "timestamp": 1373544097,
            "author": {
                "id": 2167,
                "name": "dethunter12",
                "image": null
            },
            "comment": "<p >it looks amazing </p>"
        },
        {
            "id": 80124,
            "timestamp": 1373550466,
            "author": {
                "id": 13494,
                "name": "Ichy",
                "image": null
            },
            "comment": "<p >LOL, looks rlly good</p>"
        },
        {
            "id": 80129,
            "timestamp": 1373552304,
            "author": {
                "id": 10456,
                "name": "Tarissuis",
                "image": null
            },
            "comment": "<p >I think its a little bit too blue, but i still like it, good job, keep it up!</p>"
        }
    ]
}