{
    "meta": {
        "threadId": 10281,
        "threadName": "Fastlist2",
        "dateCreated": "2013-06-30T11:52:03+0000",
        "datePublished": "2013-06-30T11:52:03+0000",
        "pageCount": 1,
        "originalUrl": "https://lckb.dev/forum/index.php?/topic/10281-fastlist2/",
        "authorId": 2,
        "position": [
            {
                "@type": "ListItem",
                "position": 1,
                "item": {
                    "@id": "https://lckb.dev/forum/index.php?/forum/258-release-zone/",
                    "name": "Release Zone"
                }
            },
            {
                "@type": "ListItem",
                "position": 2,
                "item": {
                    "@id": "https://lckb.dev/forum/index.php?/forum/325-episode-2-releases/",
                    "name": "Episode 2 Releases"
                }
            },
            {
                "@type": "ListItem",
                "position": 3,
                "item": {
                    "@id": "https://lckb.dev/forum/index.php?/forum/124-client-side/",
                    "name": "Client Side"
                }
            }
        ]
    },
    "commentData": [
        {
            "id": 78236,
            "timestamp": 1372593123,
            "author": {
                "id": 2,
                "name": "Wizatek",
                "image": null
            },
            "comment": "<p >Made this more then a year ago, but its still very usefull<br ><br ><br ><img alt=\"0361e-d11abd56-4c2a-4fa2-a32e-18472eda44\" src=\"http://grabilla.com/0361e-d11abd56-4c2a-4fa2-a32e-18472eda44e5.png\" ><br > <br > <br ><a data-ipb=\"nomediaparse\" href=\"http://download.wizatek.be/FastList2.exe\" rel=\"external nofollow\" >http://download.wizatek.be/FastList2.exe</a><br ><br ><br >Just download it, start it, select the lastchaos folder and u are all set up.<br >It doesnt need images because it will use the ItemBtn.tex files</br></br></br></br></br></br></br></img></br></br></br></p>"
        },
        {
            "id": 78239,
            "timestamp": 1372593554,
            "author": {
                "id": 16656,
                "name": "ADMIMAX",
                "image": null
            },
            "comment": "<p >link broken</p>"
        },
        {
            "id": 78245,
            "timestamp": 1372593942,
            "author": {
                "id": 13652,
                "name": "MrSKULL",
                "image": null
            },
            "comment": "<p >Great work , but your link is broken o.O ?</p>"
        },
        {
            "id": 78319,
            "timestamp": 1372614678,
            "author": {
                "id": 2,
                "name": "Wizatek",
                "image": null
            },
            "comment": "\n<p >Oh wow, my bad</p>\n<p > </p>\n<p >\n<a data-ipb=\"nomediaparse\" href=\"http://download.wizatek.be/FastList2.exe\" rel=\"external nofollow\" >http://download.wizatek.be/FastList2.exe</a></p>\n<p > </p>\n<p >\nForgot the capital L</p>\n"
        },
        {
            "id": 78321,
            "timestamp": 1372614853,
            "author": {
                "id": 588,
                "name": "Natzn",
                "image": null
            },
            "comment": "\n<blockquote data-ipsquote=\"\" class=\"ipsQuote\" data-ipsquote-contentcommentid=\"78319\" data-ipsquote-contentapp=\"forums\" data-ipsquote-contenttype=\"forums\" data-ipsquote-contentclass=\"forums_Topic\" data-ipsquote-contentid=\"10281\" data-ipsquote-username=\"Wizatek\" data-cite=\"Wizatek\" data-ipsquote-timestamp=\"1372614678\" ><div ><div >\n<p >Oh wow, my bad</p>\n<p > </p>\n<p ><a href=\"http://download.wizatek.be/FastList2.exe\" rel=\"external nofollow\" >http://download.wizatek.be/FastList2.exe</a></p>\n<p > </p>\n<p >Forgot the capital L</p>\n</div></div></blockquote>\n<p >Classic :D</p>\n<p >\"t_cashItemdate\" :D</p>\n"
        },
        {
            "id": 78356,
            "timestamp": 1372620502,
            "author": {
                "id": 17439,
                "name": "peke1996",
                "image": null
            },
            "comment": "<p >Good Gork Wiza!</p>"
        },
        {
            "id": 78358,
            "timestamp": 1372622069,
            "author": {
                "id": 16983,
                "name": "Jaiz",
                "image": null
            },
            "comment": "<p >its work with ep2 too? because i got a error.</p>"
        },
        {
            "id": 78383,
            "timestamp": 1372632363,
            "author": {
                "id": 3680,
                "name": "Kotetsu",
                "image": null
            },
            "comment": "\n<p >wow.. Really nice.</p>\n<p >Gw !</p>\n"
        },
        {
            "id": 78412,
            "timestamp": 1372665074,
            "author": {
                "id": 5853,
                "name": "ucaff",
                "image": null
            },
            "comment": "<p >very nice  :ignat_02:</p>"
        },
        {
            "id": 78436,
            "timestamp": 1372678175,
            "author": {
                "id": 2167,
                "name": "dethunter12",
                "image": null
            },
            "comment": "<p >thanks</p>"
        },
        {
            "id": 78462,
            "timestamp": 1372687588,
            "author": {
                "id": 18312,
                "name": "Assasin",
                "image": null
            },
            "comment": "<p >not open USA files </p>"
        },
        {
            "id": 78494,
            "timestamp": 1372692375,
            "author": {
                "id": 2,
                "name": "Wizatek",
                "image": null
            },
            "comment": "<p >It opens usa files fine</p>"
        },
        {
            "id": 78512,
            "timestamp": 1372695020,
            "author": {
                "id": 2041,
                "name": "HateMe",
                "image": null
            },
            "comment": "\n<p >he probaly mean the full updated USA Client</p>\n<p > </p>\n<p >#</p>\n<p > </p>\n<p >changet the link fom to post to the workign link</p>\n"
        },
        {
            "id": 78609,
            "timestamp": 1372717960,
            "author": {
                "id": 14609,
                "name": "EiSyntax",
                "image": null
            },
            "comment": "<p >Open Russian client files?</p>"
        },
        {
            "id": 78639,
            "timestamp": 1372756635,
            "author": {
                "id": 16983,
                "name": "Jaiz",
                "image": null
            },
            "comment": "\n<blockquote data-ipsquote=\"\" class=\"ipsQuote\" data-ipsquote-contentcommentid=\"78512\" data-ipsquote-contentapp=\"forums\" data-ipsquote-contenttype=\"forums\" data-ipsquote-contentclass=\"forums_Topic\" data-ipsquote-contentid=\"10281\" data-ipsquote-username=\"HateMe\" data-cite=\"HateMe\" data-ipsquote-timestamp=\"1372695020\" ><div ><div >\n<p >he probaly mean the full updated USA Client</p>\n<p > </p>\n<p >#</p>\n<p > </p>\n<p >changet the link fom to post to the workign link</p>\n</div></div></blockquote>\n<p >jes the full updatet USA Client dont work^^</p>\n"
        },
        {
            "id": 78668,
            "timestamp": 1372773269,
            "author": {
                "id": 2069,
                "name": "LikeToMove",
                "image": null
            },
            "comment": "<p >Great release Wiza :)</p>"
        },
        {
            "id": 79141,
            "timestamp": 1373014282,
            "author": {
                "id": 13494,
                "name": "Ichy",
                "image": null
            },
            "comment": "<p >Nice release, but it doesnt work for me ._. xd</p>"
        },
        {
            "id": 79143,
            "timestamp": 1373014522,
            "author": {
                "id": 17432,
                "name": "Nymphetamine",
                "image": null
            },
            "comment": "\n<blockquote data-ipsquote=\"\" class=\"ipsQuote\" data-ipsquote-contentcommentid=\"79141\" data-ipsquote-contentapp=\"forums\" data-ipsquote-contenttype=\"forums\" data-ipsquote-contentclass=\"forums_Topic\" data-ipsquote-contentid=\"10281\" data-ipsquote-username=\"Ichy\" data-cite=\"Ichy\" data-ipsquote-timestamp=\"1373014282\" ><div ><div ><p >Nice release, but it doesnt work for me ._. xd</p></div></div></blockquote>\n<p >Works just for episode 2 servers</p>\n"
        }
    ]
}