{
    "meta": {
        "threadId": 10280,
        "threadName": "Help - Increase Ignition Rate",
        "dateCreated": "2013-06-30T11:51:20+0000",
        "datePublished": "2013-06-30T11:51:20+0000",
        "pageCount": 1,
        "originalUrl": "https://lckb.dev/forum/index.php?/topic/10280-help-increase-ignition-rate/",
        "authorId": 13233,
        "position": [
            {
                "@type": "ListItem",
                "position": 1,
                "item": {
                    "@id": "https://lckb.dev/forum/index.php?/forum/100-guides-help-section/",
                    "name": "Guides &amp; Help Section"
                }
            },
            {
                "@type": "ListItem",
                "position": 2,
                "item": {
                    "@id": "https://lckb.dev/forum/index.php?/forum/335-help-support/",
                    "name": "Help &amp; Support"
                }
            },
            {
                "@type": "ListItem",
                "position": 3,
                "item": {
                    "@id": "https://lckb.dev/forum/index.php?/forum/120-ep2-support/",
                    "name": "Ep2 Support"
                }
            },
            {
                "@type": "ListItem",
                "position": 4,
                "item": {
                    "@id": "https://lckb.dev/forum/index.php?/forum/134-solved-topics/",
                    "name": "Solved Topics"
                }
            }
        ]
    },
    "commentData": [
        {
            "id": 78234,
            "timestamp": 1372593080,
            "author": {
                "id": 13233,
                "name": "fliegendeflasche97",
                "image": null
            },
            "comment": "\n<p >hello everyone (:  i want to know how to increase the ignition rate.</p>\n<p >because the acctually ignition rate is like the normal of lc.</p>\n<p >hope that someone can help me.</p>\n<p > </p>\n<p >also if someone knows. i search a workin ep2 rates changer. because gothics one dont work for me.</p>\n<p > </p>\n<p >thanks</p>\n\n\n\t\t\t\n\t\t\t\t\n\n<span class=\"ipsType_reset ipsType_medium ipsType_light\" data-excludequote=\"None\" >\n\t<strong >Edited <time datetime=\"2013-06-30T17:14:31Z\" title=\"06/30/2013 05:14  PM\" data-short=\"7 yr\" >June 30, 2013</time> by fliegendeflasche97</strong>\n\t\n\t\n</span>\n\t\t\t\n\t\t</div>"
        },
        {
            "id": 78258,
            "timestamp": 1372599893,
            "author": {
                "id": 6038,
                "name": "RomainLastChaos",
                "image": null
            },
            "comment": "<p >already ask here  is the SP rate ...</p>"
        },
        {
            "id": 78260,
            "timestamp": 1372600808,
            "author": {
                "id": 13233,
                "name": "fliegendeflasche97",
                "image": null
            },
            "comment": "<p >nonoe knows? i need help pls /:</p>"
        },
        {
            "id": 78263,
            "timestamp": 1372602986,
            "author": {
                "id": 588,
                "name": "Natzn",
                "image": null
            },
            "comment": "<p >Its like Qustion said, you need to increase the skillpoint rate.</p>"
        },
        {
            "id": 78271,
            "timestamp": 1372605410,
            "author": {
                "id": 13233,
                "name": "fliegendeflasche97",
                "image": null
            },
            "comment": "\n<p >ok now i understand :)</p>\n<p >thank you. but anyone have a rates changer? i tryed gothics one but its not workin for me</p>\n"
        },
        {
            "id": 78273,
            "timestamp": 1372605983,
            "author": {
                "id": 13652,
                "name": "MrSKULL",
                "image": null
            },
            "comment": "\n<p >Use the right SQL Code .</p>\n<p > </p>\n<p ><a href=\"http://toxic-l33t.ddns.net/forum/index.php?/topic/6957-sql-codes-usefull-codes-for-ep2/\" rel=\"external nofollow\" >Thread</a></p>\n"
        },
        {
            "id": 78275,
            "timestamp": 1372606179,
            "author": {
                "id": 13656,
                "name": "YnVnZ2VyX2F",
                "image": null
            },
            "comment": "\n<p ><span >For what do you need tool, one command in mysql console line are enough</span>.</p>\n<pre class=\"ipsCode prettyprint\" >SET @sp = 200;\nUPDATE t_npc SET a_skill_point = a_skill_point*@sp;</pre>\n\n\n\t\t\t\n\t\t\t\t\n\n<span class=\"ipsType_reset ipsType_medium ipsType_light\" data-excludequote=\"None\" >\n\t<strong >Edited <time datetime=\"2013-06-30T15:30:33Z\" title=\"06/30/2013 03:30  PM\" data-short=\"7 yr\" >June 30, 2013</time> by xDayEnd</strong>\n\t\n\t\n</span>\n\t\t\t\n\t\t</div>"
        },
        {
            "id": 78295,
            "timestamp": 1372612075,
            "author": {
                "id": 16983,
                "name": "Jaiz",
                "image": null
            },
            "comment": "<p >i agree with dayend its only one command copy and paste and write what you want so easy. I have a tool where you can increase or decrease the rate but non public(It has many functions)^^</p>"
        }
    ]
}