{
    "meta": {
        "threadId": 10283,
        "threadName": "Reading Data\\Etc\\binary.lod",
        "dateCreated": "2013-06-30T13:55:49+0000",
        "datePublished": "2013-06-30T13:55:49+0000",
        "pageCount": 1,
        "originalUrl": "https://lckb.dev/forum/index.php?/topic/10283-reading-dataetcbinarylod/",
        "authorId": 919,
        "position": [
            {
                "@type": "ListItem",
                "position": 1,
                "item": {
                    "@id": "https://lckb.dev/forum/index.php?/forum/272-programmers-gateway/",
                    "name": "Programmers Gateway"
                }
            },
            {
                "@type": "ListItem",
                "position": 2,
                "item": {
                    "@id": "https://lckb.dev/forum/index.php?/forum/79-coders-talk/",
                    "name": "Coders Talk"
                }
            }
        ]
    },
    "commentData": [
        {
            "id": 78259,
            "timestamp": 1372600549,
            "author": {
                "id": 919,
                "name": "someone",
                "image": null
            },
            "comment": "\n<p >Dont know if someone posted something like this, so here is how to read  binary.lod</p>\n<pre class=\"ipsCode prettyprint\" >const unsigned char key[0x32] ={\n\t0x3B, 0x21, 0x6B, 0x2E, 0x61, 0x7A, 0x22, 0x4D, 0x41, 0x45, 0x6A, 0x68, 0x67, 0x61, 0x73, 0x62,\n\t0x75, 0x62, 0x65, 0x31, 0x38, 0x33, 0x34, 0x30, 0x2D, 0x66, 0x5A, 0x2C, 0x3B, 0x61, 0x73, 0x41,\n\t0x4F, 0x4A, 0x4D, 0x2E, 0x6A, 0x6F, 0x71, 0x77, 0x41, 0x73, 0x65, 0x66, 0x46, 0x73, 0x46, 0x6A, \n\t0x64, 0x00\n\n};\n\nconst unsigned char* Getkey(int &pKeyLen){\n\tpKeyLen = 0x31;\n\treturn key;\n}\nvoid DecriptBinary_lod(unsigned char* output, int keylen,const unsigned char* input ,int length){\n\tconst unsigned char* key = Getkey(keylen);\n\tif (length  == 0){\n\t\treturn NULL;\n\t}\n\tint randomlen =  length;\n\tfor(int i = 0; i < length; i++){\n\t\tint bKey = key[(randomlen) % keylen];\n\t\tint bData = input[i];\n\t\tbKey = (bKey ^ bData) << 0x10;\n\t\tint bResult = (length -i)& 0x80000007;\n\t\tif(! bResult){\n\t\t\tbResult--;\n\t\t\tbResult = bResult | 0xFFFFFFF8;\n\t\t\tbResult++;\n\t\t}\n\t\tbKey = bKey << (unsigned char)7 - bResult;\n\t\tint  reusult  = bKey;\n\t\tbKey = bKey >> 0x10;\n\t\treusult = reusult >> 0x18;\n\t\toutput[i] = (unsigned char)(reusult | bKey);\n\t\trandomlen += 0x17;\n\t}\n}\n</pre>\n<p >Output:</p>\n<pre class=\"ipsCode prettyprint\" >5\n20130611_160529\nBin\\Engine.dll\n4870248\nBin\\EntitiesMP.dll\n2162800\nBin\\GameMP.dll\n155752\nBin\\Shaders.dll\n106602\nBin\\Nksp.exe\n659556\n</pre>\n"
        }
    ]
}