{
    "meta": {
        "threadId": 10294,
        "threadName": "Gameserver cant connect DB *Solved*",
        "dateCreated": "2013-06-30T22:25:59+0000",
        "datePublished": "2013-06-30T22:25:59+0000",
        "pageCount": 1,
        "originalUrl": "https://lckb.dev/forum/index.php?/topic/10294-gameserver-cant-connect-db-solved/",
        "authorId": 13233,
        "position": [
            {
                "@type": "ListItem",
                "position": 1,
                "item": {
                    "@id": "https://lckb.dev/forum/index.php?/forum/100-guides-help-section/",
                    "name": "Guides &amp; Help Section"
                }
            },
            {
                "@type": "ListItem",
                "position": 2,
                "item": {
                    "@id": "https://lckb.dev/forum/index.php?/forum/335-help-support/",
                    "name": "Help &amp; Support"
                }
            },
            {
                "@type": "ListItem",
                "position": 3,
                "item": {
                    "@id": "https://lckb.dev/forum/index.php?/forum/120-ep2-support/",
                    "name": "Ep2 Support"
                }
            },
            {
                "@type": "ListItem",
                "position": 4,
                "item": {
                    "@id": "https://lckb.dev/forum/index.php?/forum/134-solved-topics/",
                    "name": "Solved Topics"
                }
            }
        ]
    },
    "commentData": [
        {
            "id": 78379,
            "timestamp": 1372631159,
            "author": {
                "id": 13233,
                "name": "fliegendeflasche97",
                "image": null
            },
            "comment": "\n<p >all was working very well.</p>\n<p >i was online on my server all day long.</p>\n<p >now i restarted my vmware workstation. </p>\n<p >starting hamachi and all servers. all servers running. only gameserver cant connect to db.</p>\n<p >i dont know why. its just since i restarted vmware workstation</p>\n<p > </p>\n<p >this is the error message in terminal:</p>\n<div > </div>\n<div >Load setting file....</div>\n<div >2013/06/30 15:23:22 :: Error: Character DB Check: Not Found t_cashitemdate.a_xxx_new! > </div>\n<div > </div>\n\n\n\t\t\t\n\t\t\t\t\n\n<span class=\"ipsType_reset ipsType_medium ipsType_light\" data-excludequote=\"None\" >\n\t<strong >Edited <time datetime=\"2013-06-30T22:41:12Z\" title=\"06/30/2013 10:41  PM\" data-short=\"7 yr\" >June 30, 2013</time> by fliegendeflasche97</strong>\n\t\n\t\n</span>\n\t\t\t\n\t\t</div>"
        },
        {
            "id": 78380,
            "timestamp": 1372631685,
            "author": {
                "id": 3911,
                "name": "roseon",
                "image": null
            },
            "comment": "<p >in database rename <span style=\"color:rgb(40,40,40);font-family:arial, helvetica, clean, sans-serif;\" > t_cashItemdate </span>it to <span style=\"color:rgb(40,40,40);font-family:arial, helvetica, clean, sans-serif;\" > t_cashitemdate Smaller i Letter</span></p>"
        },
        {
            "id": 78381,
            "timestamp": 1372632041,
            "author": {
                "id": 13233,
                "name": "fliegendeflasche97",
                "image": null
            },
            "comment": "\n<p >omg thank you roseon *o* i didnt noticed the big i in table name. and also dont know how its changed.</p>\n<p >but ty.</p>\n"
        }
    ]
}