{
    "meta": {
        "threadId": 10328,
        "threadName": "Easy way to get RemoteDesktop centos 6.x",
        "dateCreated": "2013-07-02T16:32:03+0000",
        "datePublished": "2013-07-02T16:32:03+0000",
        "pageCount": 1,
        "originalUrl": "https://lckb.dev/forum/index.php?/topic/10328-easy-way-to-get-remotedesktop-centos-6x/",
        "authorId": 5184,
        "position": [
            {
                "@type": "ListItem",
                "position": 1,
                "item": {
                    "@id": "https://lckb.dev/forum/index.php?/forum/100-guides-help-section/",
                    "name": "Guides &amp; Help Section"
                }
            },
            {
                "@type": "ListItem",
                "position": 2,
                "item": {
                    "@id": "https://lckb.dev/forum/index.php?/forum/332-tutorials-guides/",
                    "name": "Tutorials &amp; Guides"
                }
            },
            {
                "@type": "ListItem",
                "position": 3,
                "item": {
                    "@id": "https://lckb.dev/forum/index.php?/forum/107-ep2-guides/",
                    "name": "Ep2 Guides"
                }
            }
        ]
    },
    "commentData": [
        {
            "id": 78703,
            "timestamp": 1372782723,
            "author": {
                "id": 5184,
                "name": "fonsy84",
                "image": null
            },
            "comment": "<p ><span style=\"color:rgb(0,0,0);font-family:Tahoma;font-size:12px;\" >yum upgrade -y;</span><br /><span style=\"color:rgb(0,0,0);font-family:Tahoma;font-size:12px;\" >yum groupinstall \"Desktop\" \"Desktop Platform\" \"X Window System\" \"Fonts\";</span><br /><span style=\"color:rgb(0,0,0);font-family:Tahoma;font-size:12px;\" >wget </span><a href=\"http://64.34.173.142/download/3.5.0/Linux/nxclient-3.5.0-7.x86_64.rpm\" rel=\"external nofollow\" >http://64.34.173.142/download/3.5.0/Linux/nxclient-3.5.0-7.x86_64.rpm</a><a href=\"http://64.34.173.142/download/3.5.0/Linux/nxnode-3.5.0-9.x86_64.rpm\" rel=\"external nofollow\" >http://64.34.173.142/download/3.5.0/Linux/nxnode-3.5.0-9.x86_64.rpm</a><a href=\"http://64.34.173.142/download/3.5.0/Linux/FE/nxserver-3.5.0-11.x86_64.rpm;\" rel=\"external nofollow\" >http://64.34.173.142/download/3.5.0/Linux/FE/nxserver-3.5.0-11.x86_64.rpm;</a><br /><span style=\"color:rgb(0,0,0);font-family:Tahoma;font-size:12px;\" >rpm -Uhv nxclient-3.5.0-7.x86_64.rpm nxnode-3.5.0-9.x86_64.rpm nxserver-3.5.0-11.x86_64.rpm;</span><br /><span style=\"color:rgb(0,0,0);font-family:Tahoma;font-size:12px;\" >yum install audiofile firefox;</span><br /><span style=\"color:rgb(0,0,0);font-family:Tahoma;font-size:12px;\" >nano /usr/NX/etc/server.cfg; </span><br /><span style=\"color:rgb(0,0,0);font-family:Tahoma;font-size:12px;\" >Edit: EnableAdministratorLogin = \"1\"</span><br /><br /><span style=\"color:rgb(0,0,0);font-family:Tahoma;font-size:12px;\" >install client/NX-Client: </span><a href=\"https://www.nomachine.com/download-client-windows.php\" rel=\"external nofollow\" >http://www.nomachine.com/download-client-windows.php</a></p>"
        },
        {
            "id": 78919,
            "timestamp": 1372881035,
            "author": {
                "id": 17148,
                "name": "WorldOfWars",
                "image": null
            },
            "comment": "<p >its for add a desskop at a root server?</p>"
        },
        {
            "id": 79685,
            "timestamp": 1373307559,
            "author": {
                "id": 5184,
                "name": "fonsy84",
                "image": null
            },
            "comment": "<p >yes</p>"
        },
        {
            "id": 79701,
            "timestamp": 1373325811,
            "author": {
                "id": 17148,
                "name": "WorldOfWars",
                "image": null
            },
            "comment": "<p >without graphique interface?</p>"
        },
        {
            "id": 84525,
            "timestamp": 1376595619,
            "author": {
                "id": 18731,
                "name": "GuXPw",
                "image": null
            },
            "comment": "\n<p >With graphical interface :</p>\n<p > </p>\n<p >- Open ports (idk the exactly port, maybe 5900 like VNC)</p>\n<p > </p>\n<p >- Go to taskbar, system, desktop remote</p>\n<p > </p>\n<p >- Activate, put password</p>\n<p > </p>\n<p >- Download tightVNC viewer put the ip of your server, he ask only your password<br /> </p>\n<p >Work for me after want put vncserver packet and see Desktop remote was very more simply :D</p>\n\n\n\t\t\t\n\t\t\t\t\n\n<span class=\"ipsType_reset ipsType_medium ipsType_light\" data-excludequote=\"None\" >\n\t<strong >Edited <time datetime=\"2013-08-15T19:40:43Z\" title=\"08/15/2013 07:40  PM\" data-short=\"7 yr\" >August 15, 2013</time> by GuXPw</strong>\n\t\n\t\n</span>\n\t\t\t\n\t\t</div>"
        },
        {
            "id": 84528,
            "timestamp": 1376600280,
            "author": {
                "id": 267,
                "name": "SutWick",
                "image": null
            },
            "comment": "\n<p >Why not just use PuTTy and connect to your Vbox local IP on port 22</p>\n<p > </p>\n<p >\nxD 100% easier.</p>\n<p > </p>\n<p >\n<a data-ipb=\"nomediaparse\" href=\"http://grabilla.com/0380f-3e7e6ed6-cf4e-4391-9999-643bee54b334.html\" rel=\"external nofollow\" >http://grabilla.com/0380f-3e7e6ed6-cf4e-4391-9999-643bee54b334.html</a></p>\n<p >\n<a data-ipb=\"nomediaparse\" href=\"http://grabilla.com/0380f-1452711d-0877-404c-a850-62483b82e9cc.html\" rel=\"external nofollow\" >http://grabilla.com/0380f-1452711d-0877-404c-a850-62483b82e9cc.html</a></p>\n<p >\n<a data-ipb=\"nomediaparse\" href=\"http://grabilla.com/0380f-0b0eb6fd-d9bd-4b68-96de-c30b4472c948.html\" rel=\"external nofollow\" >http://grabilla.com/0380f-0b0eb6fd-d9bd-4b68-96de-c30b4472c948.html</a></p>\n<p >\n<a data-ipb=\"nomediaparse\" href=\"http://grabilla.com/0380f-d77f15f3-548a-4d45-a8e2-3ad922c54660.html\" rel=\"external nofollow\" >http://grabilla.com/0380f-d77f15f3-548a-4d45-a8e2-3ad922c54660.html</a></p>\n<p > </p>\n<p >\nImages from Windows 7 desktop</p>\n"
        },
        {
            "id": 84535,
            "timestamp": 1376610087,
            "author": {
                "id": 18731,
                "name": "GuXPw",
                "image": null
            },
            "comment": "<p >Yes its good but with putty <span ><span >you do</span> <span >not</span></span> graphical interface :D Remote desktop inclued to centos is simply, I use in my cellphone ^^</p>"
        },
        {
            "id": 85863,
            "timestamp": 1377728307,
            "author": {
                "id": 5184,
                "name": "fonsy84",
                "image": null
            },
            "comment": "\n<blockquote data-ipsquote=\"\" class=\"ipsQuote\" data-ipsquote-contentcommentid=\"84528\" data-ipsquote-contentapp=\"forums\" data-ipsquote-contenttype=\"forums\" data-ipsquote-contentclass=\"forums_Topic\" data-ipsquote-contentid=\"10328\" data-ipsquote-username=\"MaX\" data-cite=\"MaX\" data-ipsquote-timestamp=\"1376600280\" ><div ><div >\n<p >Why not just use PuTTy and connect to your Vbox local IP on port 22</p>\n<p > </p>\n<p >xD 100% easier.</p>\n<p > </p>\n<p ><a href=\"http://grabilla.com/0380f-3e7e6ed6-cf4e-4391-9999-643bee54b334.html\" rel=\"external nofollow\" >http://grabilla.com/0380f-3e7e6ed6-cf4e-4391-9999-643bee54b334.html</a></p>\n<p ><a href=\"http://grabilla.com/0380f-1452711d-0877-404c-a850-62483b82e9cc.html\" rel=\"external nofollow\" >http://grabilla.com/0380f-1452711d-0877-404c-a850-62483b82e9cc.html</a></p>\n<p ><a href=\"http://grabilla.com/0380f-0b0eb6fd-d9bd-4b68-96de-c30b4472c948.html\" rel=\"external nofollow\" >http://grabilla.com/0380f-0b0eb6fd-d9bd-4b68-96de-c30b4472c948.html</a></p>\n<p ><a href=\"http://grabilla.com/0380f-d77f15f3-548a-4d45-a8e2-3ad922c54660.html\" rel=\"external nofollow\" >http://grabilla.com/0380f-d77f15f3-548a-4d45-a8e2-3ad922c54660.html</a></p>\n<p > </p>\n<p >Images from Windows 7 desktop</p>\n</div></div></blockquote>\n<p >this is to have graphic as whit virtualbox , i used this for example for used navicat in dedicated server .</p>\n"
        },
        {
            "id": 95597,
            "timestamp": 1389776811,
            "author": {
                "id": 19694,
                "name": "xHowiPwn",
                "image": null
            },
            "comment": "\n<blockquote data-ipsquote=\"\" class=\"ipsQuote\" data-ipsquote-contentcommentid=\"85863\" data-ipsquote-contentapp=\"forums\" data-ipsquote-contenttype=\"forums\" data-ipsquote-contentclass=\"forums_Topic\" data-ipsquote-contentid=\"10328\" data-ipsquote-username=\"fonsy84\" data-cite=\"fonsy84\" data-ipsquote-timestamp=\"1377728307\" ><div ><div ><p >this is to have graphic as whit virtualbox , i used this for example for used navicat in dedicated server .</p></div></div></blockquote>\n<p >You can set permission for a new sql user...</p>\n<p >So you can use Navicat on your Computer at home</p>\n"
        },
        {
            "id": 95599,
            "timestamp": 1389780175,
            "author": {
                "id": 2,
                "name": "Wizatek",
                "image": null
            },
            "comment": "<p >I dont really understand why u need a graphical environment as its not needed at all to run a server</p>"
        },
        {
            "id": 95715,
            "timestamp": 1389890265,
            "author": {
                "id": 267,
                "name": "SutWick",
                "image": null
            },
            "comment": "\n<p >True that.. running the linux UI would just use up more ram an cpu.. I really dont see the point when putty is simple fast an effective.</p>\n<p >You dont need Navicat you can just type mysql in the linux command or create a new mysql user with password an set the host to your wan ip</p>\n<p >This way you can connect navicat from your home pc directly to your lc database.</p>\n"
        }
    ]
}