{
    "meta": {
        "threadId": 1033,
        "threadName": "Problem with connector",
        "dateCreated": "2011-10-13T09:37:25+0000",
        "datePublished": "2011-10-13T09:37:25+0000",
        "pageCount": 1,
        "originalUrl": "https://lckb.dev/forum/index.php?/topic/1033-problem-with-connector/",
        "authorId": 2433,
        "position": [
            {
                "@type": "ListItem",
                "position": 1,
                "item": {
                    "@id": "https://lckb.dev/forum/index.php?/forum/271-general-section/",
                    "name": "General Section"
                }
            },
            {
                "@type": "ListItem",
                "position": 2,
                "item": {
                    "@id": "https://lckb.dev/forum/index.php?/forum/259-general-discussion/",
                    "name": "General Discussion"
                }
            }
        ]
    },
    "commentData": [
        {
            "id": 8486,
            "timestamp": 1318498645,
            "author": {
                "id": 2433,
                "name": "Azkeel",
                "image": null
            },
            "comment": "\n<p >Hi, im starting to set up a server and for that i downloaded and used Warmongers Guide and everything worked fine except for the Connector and LoginServer. I cant make them work, they just instantly closed (ive read that its becuse the IP its not correctly setted but i used wizas IPTOOL to set all the bins at the same time)</p>\n<p > </p>\n<p >Connectors bin </p>\n<pre class=\"ipsCode\" >[server]\nNumber=1\nMaxSubServer=1\nIP=5.33.41.153\nPort=3000\n\n[user DB]\nIP=127.0.0.1\nDBName=newproject_db\nUser=root\nPassword=1724ab337e\n\n[Auth DB]\nIP=127.0.0.1\nDBName=newproject_db_auth\nUser=root\nPassword=1724ab337e\n\n[Event DB]\nIP=127.0.0.1\nDBName=newproject_db_auth\nUser=root\nPassword=1724ab337e\n\n[Log DB]\nIP=127.0.0.1\nDBName=newproject_db_auth\nUser=root\nPassword=1724ab337e\n\n[billing Server]\nIP=127.0.0.1\nPort=8888\n</pre>\n<div ></div>\n<p ></p>\n<p > </p>\n<p >LoginServers bin </p>\n<pre class=\"ipsCode\" >[server]\nNo=1\nIP=5.33.41.153\nPort=4001\nAllowExternalIP=TRUE\n\n[user DB]\nIP=127.0.0.1\nDBName=newproject_db\nUser=root\nPassword=1724ab337e\n\n[Data DB]\nIP=127.0.0.1\nDBName=newproject_data\nUser=root\nPassword=1724ab337e\n\n[Auth DB]\nIP=127.0.0.1\nDBName=newproject_db_auth\nUser=root\nPassword=1724ab337e\n\n[Messenger Server]\nIP=5.33.41.153\nPort=4100\n\n[Connector Server]\nCount=1\n\n[Connector_0]\nNumber=1\nMaxSubNumber=1\nIP=5.33.41.153\nPort=4006\n\n[block IP]\nNumber=0\n\n[block Band]\nNumber=0\nBand0=A-191.000.000.000-191.000.000.000\n\n[Auto Block]\nRefresh=2\nMaxTry=5\nExIP191.000.000.000=1\n\n[block ExID]\nExIDckh386=1\n</pre>\n<div ></div>\n<p ></p>\n"
        },
        {
            "id": 8494,
            "timestamp": 1318502505,
            "author": {
                "id": null,
                "name": "Guest megachombas",
                "image": null
            },
            "comment": "<p >soo, first at all, if you put in the connector the port 3000, you must put in connector_0 in the loginserver the port 3000, and not 4006</p>"
        },
        {
            "id": 8496,
            "timestamp": 1318504884,
            "author": {
                "id": 2433,
                "name": "Azkeel",
                "image": null
            },
            "comment": "\n<p >Thanks for the reply mega</p>\n<p > </p>\n<p >They have the same port now but both still closes instantly</p>\n<p > </p>\n<p >This is how i run them:</p>\n<p >1 - Messenger</p>\n<p >2 - Connector</p>\n<p >3 - Helper</p>\n<p >4 - GameServer (wait for it to load)</p>\n<p >5 - LoginServer</p>\n<p > </p>\n<p > </p>\n<p >Edit:</p>\n<p >I also tried to open all the ports in my router that i saw being used in the bins file, open all of them TCP/UDP but nothing</p>\n"
        },
        {
            "id": 8498,
            "timestamp": 1318505124,
            "author": {
                "id": null,
                "name": "Guest Jackster",
                "image": null
            },
            "comment": "\n<p >Use this</p>\n<p ><a href=\"http://195.166.150.227:8001/LCSM.exe\" rel=\"external nofollow\" >http://195.166.150.227:8001/LCSM.exe</a></p>\n"
        },
        {
            "id": 8499,
            "timestamp": 1318505413,
            "author": {
                "id": 2433,
                "name": "Azkeel",
                "image": null
            },
            "comment": "\n<blockquote data-ipsquote=\"\" class=\"ipsQuote\" data-ipsquote-username=\"\\\" data-cite=\"\\\" data-ipsquote-contentapp=\"forums\" data-ipsquote-contenttype=\"forums\" data-ipsquote-contentid=\"1033\" data-ipsquote-contentclass=\"forums_Topic\" ><div >Use this<p ><a href=\"http://195.166.150.227:8001/LCSM.exe\" rel=\"external nofollow\" >http://195.166.150.227:8001/LCSM.exe</a></p>\n</div></blockquote>\n<p > </p>\n<p >This is what i get: </p>\n<p ><img alt=\"semttuloha.png\" src=\"https://img849.imageshack.us/img849/3914/semttuloha.png\" /></p>\n<p > </p>\n<p >And it doesnt move from there</p>\n"
        },
        {
            "id": 8500,
            "timestamp": 1318505669,
            "author": {
                "id": null,
                "name": "Guest Jackster",
                "image": null
            },
            "comment": "<p >You are just going to have to open them up separately then.</p>"
        },
        {
            "id": 8503,
            "timestamp": 1318505993,
            "author": {
                "id": 2433,
                "name": "Azkeel",
                "image": null
            },
            "comment": "<p >Is it possible that the problem is in the db?</p>"
        },
        {
            "id": 8504,
            "timestamp": 1318506178,
            "author": {
                "id": null,
                "name": "Guest Jackster",
                "image": null
            },
            "comment": "<p >Might be.</p>"
        },
        {
            "id": 8506,
            "timestamp": 1318507553,
            "author": {
                "id": 2433,
                "name": "Azkeel",
                "image": null
            },
            "comment": "\n<blockquote data-ipsquote=\"\" class=\"ipsQuote\" data-ipsquote-username=\"\\\" data-cite=\"\\\" data-ipsquote-contentapp=\"forums\" data-ipsquote-contenttype=\"forums\" data-ipsquote-contentid=\"1033\" data-ipsquote-contentclass=\"forums_Topic\" ><div >Its pretty self explanatory, read what the console puts out, it stopped on on SYS_ERR which is short for System Error. And it says it cant connect to the database. Either your login info is wrong or sql is not running.</div></blockquote>\n<p > </p>\n<p >Thats why i asked if the problem could be in the db</p>\n<p >All the newStobm.bin files have the same login settings and all work exept for these two. According to xampp my sql is running and i have the 3 db filess icon turned green on navicat</p>\n"
        },
        {
            "id": 8521,
            "timestamp": 1318515918,
            "author": {
                "id": 2433,
                "name": "Azkeel",
                "image": null
            },
            "comment": "\n<p >Problem solved, my firewall was blocking the connector thats why it didnt work.. sigh</p>\n<p > </p>\n<p >Thank you all for the replys</p>\n"
        }
    ]
}