{
    "meta": {
        "threadId": 10339,
        "threadName": "[Blackfire Premium] Re-Design",
        "dateCreated": "2013-07-03T09:05:57+0000",
        "datePublished": "2013-07-03T09:05:57+0000",
        "pageCount": 1,
        "originalUrl": "https://lckb.dev/forum/index.php?/topic/10339-blackfire-premium-re-design/",
        "authorId": 2791,
        "position": [
            {
                "@type": "ListItem",
                "position": 1,
                "item": {
                    "@id": "https://lckb.dev/forum/index.php?/forum/40-website-scripting-security/",
                    "name": "Website Scripting &amp; Security"
                }
            },
            {
                "@type": "ListItem",
                "position": 2,
                "item": {
                    "@id": "https://lckb.dev/forum/index.php?/forum/368-website-releases/",
                    "name": "Website Releases"
                }
            },
            {
                "@type": "ListItem",
                "position": 3,
                "item": {
                    "@id": "https://lckb.dev/forum/index.php?/forum/307-ep1-websites/",
                    "name": "Ep1 Websites"
                }
            }
        ]
    },
    "commentData": [
        {
            "id": 78791,
            "timestamp": 1372842357,
            "author": {
                "id": 2791,
                "name": "cyborg2009",
                "image": null
            },
            "comment": "\n<div style=\"text-align:center;\" ><span style=\"font-size:18px;\" ><span style=\"font-family:georgia, serif;\" >hello,</span></span></div>\n<br /><div style=\"text-align:center;\" > </div>\n<br /><div style=\"text-align:center;\" ><span style=\"font-size:18px;\" ><span style=\"font-family:georgia, serif;\" >I had boredom, and have the time Blackfire premium website a bit re-designed.</span></span></div>\n<br /><div style=\"text-align:center;\" > </div>\n<br /><div style=\"text-align:center;\" ><span style=\"color:#ff0000;\" ><span style=\"font-size:18px;\" ><span style=\"font-family:georgia, serif;\" >PICTURE:</span></span></span></div>\n<br /><div style=\"text-align:center;\" >\n<div class=\"ipsSpoiler\" data-ipsspoiler=\"\" >\n<div class=\"ipsSpoiler_header\" ><span ></span></div>\n<div class=\"ipsSpoiler_contents\" ><p ><a href=\"http://www.pic-upload.de/view-19930098/Unbenannt.jpg.html\" rel=\"external nofollow\" ><img alt=\"49uk44wbzctv.jpg\" src=\"http://www10.pic-upload.de/03.07.13/49uk44wbzctv.jpg\" /></a></p></div>\n</div>\n<p ></p>\n</div>\n<br /><div style=\"text-align:center;\" > </div>\n<br /><div style=\"text-align:center;\" ><span style=\"color:#ff0000;\" ><span style=\"font-size:18px;\" ><span style=\"font-family:georgia, serif;\" >DOWNLOAD:</span></span></span></div>\n<br /><div style=\"text-align:center;\" ><span style=\"font-size:14px;\" ><span style=\"font-family:georgia, serif;\" ><a href=\"https://mega.co.nz/#!BoxFhYbB!OVGNInKVgEXlwCxkhPcM0V2e0XFpjlBkod-3N50A8BE\" rel=\"external nofollow\" ></a><a href=\"https://mega.co.nz/#!BoxFhYbB!OVGNInKVgEXlwCxkhPcM0V2e0XFpjlBkod-3N50A8BE\" rel=\"external nofollow\" >>>> klick here<<<</a></span></span></div>\n<br /><div style=\"text-align:center;\" > </div>\n<br /><div style=\"text-align:center;\" ><span style=\"font-size:18px;\" >greets</span></div>\n<br /><div style=\"text-align:center;\" ><span style=\"font-size:18px;\" >Cyborg2009</span></div>\n<br /><div style=\"text-align:center;\" > </div>\n<br /><div style=\"text-align:center;\" ><span style=\"font-size:18px;\" >@Blackfire , thx for this template</span></div>\n"
        },
        {
            "id": 78982,
            "timestamp": 1372941001,
            "author": {
                "id": 18226,
                "name": "OldHM",
                "image": null
            },
            "comment": "\n<p >Good job!</p>\n<p >\nBut when i want to register an account it says:</p>\n<p > </p>\n<p >\nNotice: Undefined index: dbase1 in C:\\xampp\\htdocs\\site\\page\\page_register.php on line 30</p>\n"
        },
        {
            "id": 79138,
            "timestamp": 1373013351,
            "author": {
                "id": null,
                "name": "Guest SmoGG",
                "image": null
            },
            "comment": "<p >Open the Index.php , go to line 30 and Change \"dbase1\" to db1 or anything ^^ (online with Handy, cant give better Info :s)</p>"
        },
        {
            "id": 79140,
            "timestamp": 1373013963,
            "author": {
                "id": 13494,
                "name": "Ichy",
                "image": null
            },
            "comment": "<p >Not bad :3 how is that font named? (the one that you use for all)</p>"
        },
        {
            "id": 82577,
            "timestamp": 1374718785,
            "author": {
                "id": 2791,
                "name": "cyborg2009",
                "image": null
            },
            "comment": "<p >\"Bleeding Cowboy\" is the Font</p>"
        },
        {
            "id": 101665,
            "timestamp": 1412093274,
            "author": {
                "id": 19238,
                "name": "jeremie",
                "image": null
            },
            "comment": "<p >nice :)</p>"
        }
    ]
}