{
    "meta": {
        "threadId": 10337,
        "threadName": "Raise Level Cap",
        "dateCreated": "2013-07-03T04:07:54+0000",
        "datePublished": "2013-07-03T04:07:54+0000",
        "pageCount": 1,
        "originalUrl": "https://lckb.dev/forum/index.php?/topic/10337-raise-level-cap/",
        "authorId": 16931,
        "position": [
            {
                "@type": "ListItem",
                "position": 1,
                "item": {
                    "@id": "https://lckb.dev/forum/index.php?/forum/100-guides-help-section/",
                    "name": "Guides &amp; Help Section"
                }
            },
            {
                "@type": "ListItem",
                "position": 2,
                "item": {
                    "@id": "https://lckb.dev/forum/index.php?/forum/335-help-support/",
                    "name": "Help &amp; Support"
                }
            },
            {
                "@type": "ListItem",
                "position": 3,
                "item": {
                    "@id": "https://lckb.dev/forum/index.php?/forum/120-ep2-support/",
                    "name": "Ep2 Support"
                }
            },
            {
                "@type": "ListItem",
                "position": 4,
                "item": {
                    "@id": "https://lckb.dev/forum/index.php?/forum/134-solved-topics/",
                    "name": "Solved Topics"
                }
            }
        ]
    },
    "commentData": [
        {
            "id": 78780,
            "timestamp": 1372824474,
            "author": {
                "id": 16931,
                "name": "Walletman987",
                "image": null
            },
            "comment": "<p >I have a tool to raise the level cap of my server, but Im very skeptical.  Should I make a copy of my gameserver and test it first, or is it certain to work? </p>\n\n\t\t\t\n\t\t\t\t\n\n<span class=\"ipsType_reset ipsType_medium ipsType_light\" data-excludequote=\"None\" >\n\t<strong >Edited <time datetime=\"2013-07-03T22:12:19Z\" title=\"07/03/2013 10:12  PM\" data-short=\"7 yr\" >July 3, 2013</time> by Walletman987</strong>\n\t\n\t\n</span>\n\t\t\t\n\t\t</div>"
        },
        {
            "id": 78798,
            "timestamp": 1372847423,
            "author": {
                "id": 7695,
                "name": "CyberClaus",
                "image": null
            },
            "comment": "<p >Always do a backup before changing whatever. Be in the gs, or ls or DB or your prom photo... ALWAYS</p>"
        },
        {
            "id": 78799,
            "timestamp": 1372847676,
            "author": {
                "id": 16983,
                "name": "Jaiz",
                "image": null
            },
            "comment": "<p >Can you me a screen how its shows ?</p>"
        },
        {
            "id": 78831,
            "timestamp": 1372856541,
            "author": {
                "id": 17432,
                "name": "Nymphetamine",
                "image": null
            },
            "comment": "<p >Backup never hurts</p>"
        },
        {
            "id": 78857,
            "timestamp": 1372860307,
            "author": {
                "id": 16931,
                "name": "Walletman987",
                "image": null
            },
            "comment": "<p >Speaking of raising level caps, how would I make it from 180 to 200?  Im using lc usa files and stuffy stuff.</p>"
        },
        {
            "id": 78909,
            "timestamp": 1372874885,
            "author": {
                "id": 201,
                "name": "Wrong",
                "image": null
            },
            "comment": "<p >Just edit it to lvl 200 with the gs editor and add the lvl fields in t_exp with the settings you want</p>"
        },
        {
            "id": 78932,
            "timestamp": 1372889522,
            "author": {
                "id": 16931,
                "name": "Walletman987",
                "image": null
            },
            "comment": "<p >Thanks for the help everyone!</p>"
        }
    ]
}