{
    "meta": {
        "threadId": 10343,
        "threadName": "Cubes, CUBES EVERYWHERE!",
        "dateCreated": "2013-07-03T11:36:28+0000",
        "datePublished": "2013-07-03T11:36:28+0000",
        "pageCount": 1,
        "originalUrl": "https://lckb.dev/forum/index.php?/topic/10343-cubes-cubes-everywhere/",
        "authorId": 16931,
        "position": [
            {
                "@type": "ListItem",
                "position": 1,
                "item": {
                    "@id": "https://lckb.dev/forum/index.php?/forum/100-guides-help-section/",
                    "name": "Guides &amp; Help Section"
                }
            },
            {
                "@type": "ListItem",
                "position": 2,
                "item": {
                    "@id": "https://lckb.dev/forum/index.php?/forum/335-help-support/",
                    "name": "Help &amp; Support"
                }
            },
            {
                "@type": "ListItem",
                "position": 3,
                "item": {
                    "@id": "https://lckb.dev/forum/index.php?/forum/120-ep2-support/",
                    "name": "Ep2 Support"
                }
            },
            {
                "@type": "ListItem",
                "position": 4,
                "item": {
                    "@id": "https://lckb.dev/forum/index.php?/forum/134-solved-topics/",
                    "name": "Solved Topics"
                }
            }
        ]
    },
    "commentData": [
        {
            "id": 78808,
            "timestamp": 1372851388,
            "author": {
                "id": 16931,
                "name": "Walletman987",
                "image": null
            },
            "comment": "\n<p ><a href=\"http://grabilla.com/03703-278710a9-f2dd-45d4-a3b1-c2f41a043fa3.html#\" rel=\"external nofollow\" >http://grabilla.com/03703-278710a9-f2dd-45d4-a3b1-c2f41a043fa3.html#</a></p>\n<p ><a href=\"http://grabilla.com/03703-2a1a3dc3-238c-44eb-88bb-a3a75aa7aec7.html#\" rel=\"external nofollow\" >http://grabilla.com/03703-2a1a3dc3-238c-44eb-88bb-a3a75aa7aec7.html#</a></p>\n<p ><a href=\"http://grabilla.com/03703-75abbba3-c3ef-44d3-b971-b6e82ee0a02a.html#\" rel=\"external nofollow\" >http://grabilla.com/03703-75abbba3-c3ef-44d3-b971-b6e82ee0a02a.html#</a></p>\n<p ><a href=\"http://grabilla.com/03703-9ae0b307-61d2-452e-a0cc-1f402a99856c.html#\" rel=\"external nofollow\" >http://grabilla.com/03703-9ae0b307-61d2-452e-a0cc-1f402a99856c.html#</a></p>\n<p > </p>\n<p >Looks like a demonic horde of red cubes have taken over my game 0.o.  Ive re-extracted my game, replaced the moball and mobname with an old version of it, and raged for a few minutes.  Does anyone know whats going on?  Help would be appreciated. </p>\n\n\n\t\t\t\n\t\t\t\t\n\n<span class=\"ipsType_reset ipsType_medium ipsType_light\" data-excludequote=\"None\" >\n\t<strong >Edited <time datetime=\"2013-07-03T14:08:18Z\" title=\"07/03/2013 02:08  PM\" data-short=\"7 yr\" >July 3, 2013</time> by Walletman987</strong>\n\t\n\t\n</span>\n\t\t\t\n\t\t</div>"
        },
        {
            "id": 78809,
            "timestamp": 1372851489,
            "author": {
                "id": 17432,
                "name": "Nymphetamine",
                "image": null
            },
            "comment": "\n<blockquote data-ipsquote=\"\" class=\"ipsQuote\" data-ipsquote-contentcommentid=\"78808\" data-ipsquote-contentapp=\"forums\" data-ipsquote-contenttype=\"forums\" data-ipsquote-contentclass=\"forums_Topic\" data-ipsquote-contentid=\"10343\" data-ipsquote-username=\"Walletman987\" data-cite=\"Walletman987\" data-ipsquote-timestamp=\"1372851388\" ><div ><div >\n<p ><a href=\"http://grabilla.com/03703-278710a9-f2dd-45d4-a3b1-c2f41a043fa3.html#\" rel=\"external nofollow\" >http://grabilla.com/03703-278710a9-f2dd-45d4-a3b1-c2f41a043fa3.html#</a></p>\n<p ><a href=\"http://grabilla.com/03703-2a1a3dc3-238c-44eb-88bb-a3a75aa7aec7.html#\" rel=\"external nofollow\" >http://grabilla.com/03703-2a1a3dc3-238c-44eb-88bb-a3a75aa7aec7.html#</a></p>\n<p ><a href=\"http://grabilla.com/03703-75abbba3-c3ef-44d3-b971-b6e82ee0a02a.html#\" rel=\"external nofollow\" >http://grabilla.com/03703-75abbba3-c3ef-44d3-b971-b6e82ee0a02a.html#</a></p>\n<p ><a href=\"http://grabilla.com/03703-9ae0b307-61d2-452e-a0cc-1f402a99856c.html#\" rel=\"external nofollow\" >http://grabilla.com/03703-9ae0b307-61d2-452e-a0cc-1f402a99856c.html#</a></p>\n<p > </p>\n<p >Looks like a demonic horde of red cubes have taken over my game 0.o.  Ive re-extracted my game, replaced the moball and mobname with an old version of it, and raged for a few minutes.  Does anyone know whats going on?  Help would be appreciated. </p>\n</div></div></blockquote>\n<p >100% a texture/model bug.. </p>\n<p >Its for sure it. Mob all and mob name has nothing to do with it</p>\n<p >All u need to do is get a new Texture/Models folder [ u can get one also from ep1 files since i dont think that there are new mobs in ep2,and also in most of ep1 files there are ep2 mobs like akan and cube ones]</p>\n\n\n\t\t\t\n\t\t\t\t\n\n<span class=\"ipsType_reset ipsType_medium ipsType_light\" data-excludequote=\"None\" >\n\t<strong >Edited <time datetime=\"2013-07-03T11:38:47Z\" title=\"07/03/2013 11:38  AM\" data-short=\"7 yr\" >July 3, 2013</time> by Nymphetamine</strong>\n\t\n\t\n</span>\n\t\t\t\n\t\t</div>"
        },
        {
            "id": 78860,
            "timestamp": 1372860478,
            "author": {
                "id": 16931,
                "name": "Walletman987",
                "image": null
            },
            "comment": "\n<blockquote data-ipsquote=\"\" class=\"ipsQuote\" data-ipsquote-contentcommentid=\"78809\" data-ipsquote-contentapp=\"forums\" data-ipsquote-contenttype=\"forums\" data-ipsquote-contentclass=\"forums_Topic\" data-ipsquote-contentid=\"10343\" data-ipsquote-username=\"Nymphetamine\" data-cite=\"Nymphetamine\" data-ipsquote-timestamp=\"1372851489\" ><div ><div >\n<p >100% a texture/model bug.. </p>\n<p >Its for sure it. Mob all and mob name has nothing to do with it</p>\n<p >All u need to do is get a new Texture/Models folder [ u can get one also from ep1 files since i dont think that there are new mobs in ep2,and also in most of ep1 files there are ep2 mobs like akan and cube ones]</p>\n</div></div></blockquote>\n<p >Alright, I got one from a diferent server, it all works fine now.  Thanks for the help.</p>\n"
        },
        {
            "id": 78863,
            "timestamp": 1372861408,
            "author": {
                "id": 17432,
                "name": "Nymphetamine",
                "image": null
            },
            "comment": "\n<blockquote data-ipsquote=\"\" class=\"ipsQuote\" data-ipsquote-contentcommentid=\"78860\" data-ipsquote-contentapp=\"forums\" data-ipsquote-contenttype=\"forums\" data-ipsquote-contentclass=\"forums_Topic\" data-ipsquote-contentid=\"10343\" data-ipsquote-username=\"Walletman987\" data-cite=\"Walletman987\" data-ipsquote-timestamp=\"1372860478\" ><div ><div ><p >Alright, I got one from a diferent server, it all works fine now.  Thanks for the help.</p></div></div></blockquote>\n<p >Glad to help</p>\n"
        },
        {
            "id": 78938,
            "timestamp": 1372896652,
            "author": {
                "id": 11986,
                "name": "SnowFox",
                "image": null
            },
            "comment": "\n<p >Nice to see its solved also i like to give you a advice.</p>\n<p > </p>\n<p >When you are in game and see a cube were normally need to be a model just open your console. [Key ~]<br /> </p>\n<p >Example:</p>\n<p ><img alt=\"03704-c2964334-cef4-4d35-9cc1-54f32d84e4\" src=\"http://grabilla.com/03704-c2964334-cef4-4d35-9cc1-54f32d84e404.png\" /></p>\n<p > </p>\n<p >You are enable to see what files he is trying to load for the monster/npc.</p>\n<p >Just go to the right folder and put the models into that folder. </p>\n<p > </p>\n<p >I hope this little advice can help you in the future.</p>\n\n\n\t\t\t\n\t\t\t\t\n\n<span class=\"ipsType_reset ipsType_medium ipsType_light\" data-excludequote=\"None\" >\n\t<strong >Edited <time datetime=\"2013-07-04T00:16:08Z\" title=\"07/04/2013 12:16  AM\" data-short=\"7 yr\" >July 4, 2013</time> by ArrowOfDead</strong>\n\t\n\t\n</span>\n\t\t\t\n\t\t</div>"
        },
        {
            "id": 78939,
            "timestamp": 1372896825,
            "author": {
                "id": 2167,
                "name": "dethunter12",
                "image": null
            },
            "comment": "\n<blockquote data-ipsquote=\"\" class=\"ipsQuote\" data-ipsquote-contentcommentid=\"78938\" data-ipsquote-contentapp=\"forums\" data-ipsquote-contenttype=\"forums\" data-ipsquote-contentclass=\"forums_Topic\" data-ipsquote-contentid=\"10343\" data-ipsquote-username=\"ArrowOfDead\" data-cite=\"ArrowOfDead\" data-ipsquote-timestamp=\"1372896652\" ><div ><div >\n<p >Nice to see its solved also i like to give you a advice.</p>\n<p > </p>\n<p >When you are in game and see a cube were normally need to be a model just open your console. [Key ~] (You must be in /whoami mode of course)</p>\n<p > </p>\n<p >Example:</p>\n<p ><img alt=\"03704-c2964334-cef4-4d35-9cc1-54f32d84e4\" src=\"http://grabilla.com/03704-c2964334-cef4-4d35-9cc1-54f32d84e404.png\" /></p>\n<p > </p>\n<p >You are enable to see what files he is trying to load for the monster/npc.</p>\n<p >Just go to the right folder and put the models into that folder. </p>\n<p > </p>\n<p >I hope this little advice can help you in the future.</p>\n<p > </p>\n</div></div></blockquote>\n<p >thanks but this will not work for the eternia mobs will it :P?</p>\n"
        },
        {
            "id": 78940,
            "timestamp": 1372897981,
            "author": {
                "id": 11986,
                "name": "SnowFox",
                "image": null
            },
            "comment": "\n<blockquote data-ipsquote=\"\" class=\"ipsQuote\" data-ipsquote-contentcommentid=\"78939\" data-ipsquote-contentapp=\"forums\" data-ipsquote-contenttype=\"forums\" data-ipsquote-contentclass=\"forums_Topic\" data-ipsquote-contentid=\"10343\" data-ipsquote-username=\"dethunter12\" data-cite=\"dethunter12\" data-ipsquote-timestamp=\"1372896825\" ><div ><div ><p >thanks but this will not work for the eternia mobs will it :P?</p></div></div></blockquote>\n<p >Basically it must work on every server were you have the console.</p>\n<p >Since its just shows you what it is trying to load and from where.</p>\n<p > </p>\n<p >(If this is not the case then let me know please)</p>\n\n\n\t\t\t\n\t\t\t\t\n\n<span class=\"ipsType_reset ipsType_medium ipsType_light\" data-excludequote=\"None\" >\n\t<strong >Edited <time datetime=\"2013-07-04T00:33:42Z\" title=\"07/04/2013 12:33  AM\" data-short=\"7 yr\" >July 4, 2013</time> by ArrowOfDead</strong>\n\t\n\t\n</span>\n\t\t\t\n\t\t</div>"
        }
    ]
}