{
    "meta": {
        "threadId": 1036,
        "threadName": "Itemall_usa Bugfix",
        "dateCreated": "2011-10-13T14:18:47+0000",
        "datePublished": "2011-10-13T14:18:47+0000",
        "pageCount": 1,
        "originalUrl": "https://lckb.dev/forum/index.php?/topic/1036-itemall_usa-bugfix/",
        "authorId": 3403,
        "position": [
            {
                "@type": "ListItem",
                "position": 1,
                "item": {
                    "@id": "https://lckb.dev/forum/index.php?/forum/258-release-zone/",
                    "name": "Release Zone"
                }
            },
            {
                "@type": "ListItem",
                "position": 2,
                "item": {
                    "@id": "https://lckb.dev/forum/index.php?/forum/324-episode-1-releases/",
                    "name": "Episode 1 Releases"
                }
            },
            {
                "@type": "ListItem",
                "position": 3,
                "item": {
                    "@id": "https://lckb.dev/forum/index.php?/forum/42-client-side/",
                    "name": "Client Side"
                }
            }
        ]
    },
    "commentData": [
        {
            "id": 8519,
            "timestamp": 1318515527,
            "author": {
                "id": 3403,
                "name": "rioking",
                "image": null
            },
            "comment": "\n<p >Hi all.Today i tested damonas Client Itemall_usa on LC usa 090313 client.</p>\n<p >And all items worked.Max 165</p>\n<p >But there is a bug  On any level you can take any level armor or weapon.How it fix.</p>\n<p >There is most intersting stuff this </p>\n<p >All characters cant take weps and armors over 69+</p>\n<p >But on damonas clent characters take any wep or any armor on any level </p>\n<p >When i delete this Itemall_usa(damonas)from my Data folder items levels doesnt decreased.again can take any wep on any level.when changing all stuffs like itemname actions_usa options_usa etc. and put this own files.the be normal </p>\n<p >Please help to fix this</p>\n<p >or put tehere worked Itemall_usa</p>\n<p >This is Domans Itemall_usa.lod - <a href=\"http://www.mediafire.com/download.php?96sxeea6lvpftt3\" rel=\"external nofollow\" >HERE!</a></p>\n<p >This is mine - <a href=\"http://www.mediafire.com/download.php?5f1wrwdajadt7sg\" rel=\"external nofollow\" >HERE!</a></p>\n"
        },
        {
            "id": 10019,
            "timestamp": 1320269875,
            "author": {
                "id": null,
                "name": "Guest damona",
                "image": null
            },
            "comment": "\n<p >i know the flag are delete and the flag is 62 of all items over 69 but its not to hard make a normal flag :) i hope i can help you with this information</p>\n<p > </p>\n<p > </p>\n<p >i have a ep 3 itemall/itemname</p>\n"
        },
        {
            "id": 10064,
            "timestamp": 1320321844,
            "author": {
                "id": 588,
                "name": "Natzn",
                "image": null
            },
            "comment": "<p >And her/his name is Damon->a<- xD</p>"
        },
        {
            "id": 10633,
            "timestamp": 1320719046,
            "author": {
                "id": 3403,
                "name": "rioking",
                "image": null
            },
            "comment": "<p >Hmm.Just try.Thx Damon :)</p>"
        },
        {
            "id": 10659,
            "timestamp": 1320756506,
            "author": {
                "id": 235,
                "name": "Baikim",
                "image": null
            },
            "comment": "\n<blockquote data-ipsquote=\"\" class=\"ipsQuote\" data-ipsquote-username=\"\\\" data-cite=\"\\\" data-ipsquote-contentapp=\"forums\" data-ipsquote-contenttype=\"forums\" data-ipsquote-contentid=\"1036\" data-ipsquote-contentclass=\"forums_Topic\" ><div >i know the flag are delete and the flag is 62 of all items over 69 but its not to hard make a normal flag :) i hope i can help you with this information<p > </p>\n<p > </p>\n<p ><span style=\"font-size:48px;\" >i have a ep 3 itemall/itemname</span></p>\n</div></blockquote>\n<p > </p>\n<p >Yeah all on this forum know u have all ep3 itemmall, 165 mobs, 165 full skills, best client, no crashes.....But if u go to keep it for u stop trash talking here, please :D</p>\n<p >o... u like having the private message box full, and feel like a \"god\" or anything like that? Really i dont see the point :S</p>\n<p > </p>\n<p >If u want to help like in the first part of your message, well is so good to see people who know, helping others.</p>\n<p >Just my opinion :D .</p>\n"
        },
        {
            "id": 10911,
            "timestamp": 1320973790,
            "author": {
                "id": 3403,
                "name": "rioking",
                "image": null
            },
            "comment": "<p >Ni hahahahhaha GOd Answer Owesome :)</p>"
        },
        {
            "id": 10912,
            "timestamp": 1320976520,
            "author": {
                "id": null,
                "name": "Guest Warmonger",
                "image": null
            },
            "comment": "\n<blockquote data-ipsquote=\"\" class=\"ipsQuote\" data-ipsquote-username=\"\\\" data-cite=\"\\\" data-ipsquote-contentapp=\"forums\" data-ipsquote-contenttype=\"forums\" data-ipsquote-contentid=\"1036\" data-ipsquote-contentclass=\"forums_Topic\" ><div >Yeah <span style=\"font-size:18px;\" >all on this forum know u have all ep3 itemmall, 165 mobs, 165 full skills, best client, no crashes...</span>..But if u go to keep it for u stop trash talking here, please :D<p >o... u like having the private message box full, and feel like a \"god\" or anything like that? Really i dont see the point :S</p>\n<p > </p>\n<p >If u want to help like in the first part of your message, well is so good to see people who know, helping others.</p>\n<p >Just my opinion :D .</p>\n</div></blockquote>\n<p > </p>\n<p >I lold</p>\n"
        },
        {
            "id": 10938,
            "timestamp": 1321024530,
            "author": {
                "id": null,
                "name": "Guest damona",
                "image": null
            },
            "comment": "\n<p >lol when my server ready is I write here in this forum :)</p>\n<p > </p>\n<p > </p>\n<p >and i help all by server the people all pn me and i help</p>\n"
        },
        {
            "id": 12532,
            "timestamp": 1322527503,
            "author": {
                "id": 3403,
                "name": "rioking",
                "image": null
            },
            "comment": "<p >hmmmmm :)</p>"
        }
    ]
}