{
    "meta": {
        "threadId": 10366,
        "threadName": "Custom New Buttons ITEM SHOP",
        "dateCreated": "2013-07-04T15:12:44+0000",
        "datePublished": "2013-07-04T15:12:44+0000",
        "pageCount": 1,
        "originalUrl": "https://lckb.dev/forum/index.php?/topic/10366-custom-new-buttons-item-shop/",
        "authorId": 18123,
        "position": [
            {
                "@type": "ListItem",
                "position": 1,
                "item": {
                    "@id": "https://lckb.dev/forum/index.php?/forum/271-general-section/",
                    "name": "General Section"
                }
            },
            {
                "@type": "ListItem",
                "position": 2,
                "item": {
                    "@id": "https://lckb.dev/forum/index.php?/forum/43-development-showroom/",
                    "name": "Development Showroom"
                }
            }
        ]
    },
    "commentData": [
        {
            "id": 79026,
            "timestamp": 1372950764,
            "author": {
                "id": 18123,
                "name": "CoDuX",
                "image": null
            },
            "comment": "\n<p ><span style=\"font-size:24px;\" ><strong >UPDATE :  Item shop button + other things ( and much more I didnt made public yet )  xD</strong></span></p>\n<p > </p>\n<p ><a href=\"http://content.screencast.com/users/CoDuX/folders/Jing/media/bab3eb68-f221-4d74-a396-1e0b444315dc/1.png\" rel=\"external nofollow\" ><img height=\"107\" width=\"548\" alt=\"1.png\" src=\"http://content.screencast.com/users/CoDuX/folders/Jing/media/bab3eb68-f221-4d74-a396-1e0b444315dc/1.png\" /></a></p>\n<p > </p>\n<p ><a href=\"http://content.screencast.com/users/CoDuX/folders/Jing/media/6436c9da-73c8-44b4-956c-563222a22834/1.png\" rel=\"external nofollow\" ><img height=\"708\" width=\"605\" alt=\"1.png\" src=\"http://content.screencast.com/users/CoDuX/folders/Jing/media/6436c9da-73c8-44b4-956c-563222a22834/1.png\" /></a></p>\n<p ><a href=\"http://content.screencast.com/users/CoDuX/folders/Jing/media/cc95b2f7-f776-4704-bad6-9730f130e3fe/2.png\" rel=\"external nofollow\" ><img height=\"708\" width=\"605\" alt=\"2.png\" src=\"http://content.screencast.com/users/CoDuX/folders/Jing/media/cc95b2f7-f776-4704-bad6-9730f130e3fe/2.png\" /></a></p>\n<p ><a href=\"http://content.screencast.com/users/CoDuX/folders/Jing/media/7549cd95-20ed-4543-ab01-9b6130f811c2/3.png\" rel=\"external nofollow\" ><img height=\"708\" width=\"605\" alt=\"3.png\" src=\"http://content.screencast.com/users/CoDuX/folders/Jing/media/7549cd95-20ed-4543-ab01-9b6130f811c2/3.png\" /></a></p>\n<p ><a href=\"http://content.screencast.com/users/CoDuX/folders/Jing/media/74f00622-2d6c-48d6-899e-1642c0dc0972/4.png\" rel=\"external nofollow\" ><img height=\"708\" width=\"605\" alt=\"4.png\" src=\"http://content.screencast.com/users/CoDuX/folders/Jing/media/74f00622-2d6c-48d6-899e-1642c0dc0972/4.png\" /></a></p>\n\n\n\t\t\t\n\t\t\t\t\n\n<span class=\"ipsType_reset ipsType_medium ipsType_light\" data-excludequote=\"None\" >\n\t<strong >Edited <time datetime=\"2013-07-05T13:34:36Z\" title=\"07/05/2013 01:34  PM\" data-short=\"7 yr\" >July 5, 2013</time> by Meliant</strong>\n\t\n\t\n</span>\n\t\t\t\n\t\t</div>"
        },
        {
            "id": 79057,
            "timestamp": 1372959499,
            "author": {
                "id": 14419,
                "name": "FanatikLC",
                "image": null
            },
            "comment": "<p >Nice work! :)</p>"
        },
        {
            "id": 79061,
            "timestamp": 1372959760,
            "author": {
                "id": 18123,
                "name": "CoDuX",
                "image": null
            },
            "comment": "<p >Thanks :D</p>"
        },
        {
            "id": 79066,
            "timestamp": 1372960323,
            "author": {
                "id": 2573,
                "name": "Mr.Speedy",
                "image": null
            },
            "comment": "<p >Nice work! Where i can download it :)? </p>"
        },
        {
            "id": 79085,
            "timestamp": 1372965355,
            "author": {
                "id": 18123,
                "name": "CoDuX",
                "image": null
            },
            "comment": "\n<blockquote data-ipsquote=\"\" class=\"ipsQuote\" data-ipsquote-contentcommentid=\"79066\" data-ipsquote-contentapp=\"forums\" data-ipsquote-contenttype=\"forums\" data-ipsquote-contentclass=\"forums_Topic\" data-ipsquote-contentid=\"10366\" data-ipsquote-username=\"Mr.Speedy\" data-cite=\"Mr.Speedy\" data-ipsquote-timestamp=\"1372960323\" ><div ><div ><p >Nice work! Where i can download it :)? </p></div></div></blockquote>\n<p > </p>\n<p >Is not for  download, I created it for 1 server only, if  you need a custom menu for item shop different than this one...... I am not doing it for free</p>\n"
        },
        {
            "id": 79087,
            "timestamp": 1372965761,
            "author": {
                "id": 1503,
                "name": "Paramount",
                "image": null
            },
            "comment": "<p >Not bad,good work. Like</p>"
        },
        {
            "id": 79095,
            "timestamp": 1372966729,
            "author": {
                "id": 18123,
                "name": "CoDuX",
                "image": null
            },
            "comment": "<p >Ajajaja</p>"
        },
        {
            "id": 79096,
            "timestamp": 1372967190,
            "author": {
                "id": 18123,
                "name": "CoDuX",
                "image": null
            },
            "comment": "\n<blockquote data-ipsquote=\"\" class=\"ipsQuote\" data-ipsquote-contentcommentid=\"79087\" data-ipsquote-contentapp=\"forums\" data-ipsquote-contenttype=\"forums\" data-ipsquote-contentclass=\"forums_Topic\" data-ipsquote-contentid=\"10366\" data-ipsquote-username=\"Paramount\" data-cite=\"Paramount\" data-ipsquote-timestamp=\"1372965761\" ><div ><div ><p >Not bad,good work. Like</p></div></div></blockquote>\n<p >Ty man :)</p>\n"
        },
        {
            "id": 79114,
            "timestamp": 1372977120,
            "author": {
                "id": 14868,
                "name": "Gambit",
                "image": null
            },
            "comment": "\n<blockquote data-ipsquote=\"\" class=\"ipsQuote\" data-ipsquote-contentcommentid=\"79085\" data-ipsquote-contentapp=\"forums\" data-ipsquote-contenttype=\"forums\" data-ipsquote-contentclass=\"forums_Topic\" data-ipsquote-contentid=\"10366\" data-ipsquote-username=\"Meliant\" data-cite=\"Meliant\" data-ipsquote-timestamp=\"1372965355\" ><div ><div ><p >Is not for  download, I created it for 1 server only, if  you need a custom menu for item shop different than this one...... I am not doing it for free</p></div></div></blockquote>\n<p > </p>\n<p >Ridiculous, you are heartless, this is the easiest thing to do, why even bother sharing it here then saying you are not doing it for free for an easiest thing to do....</p>\n<p > </p>\n<p >God help us....</p>\n"
        },
        {
            "id": 79129,
            "timestamp": 1373006227,
            "author": {
                "id": 16931,
                "name": "Walletman987",
                "image": null
            },
            "comment": "\n<blockquote data-ipsquote=\"\" class=\"ipsQuote\" data-ipsquote-contentcommentid=\"79114\" data-ipsquote-contentapp=\"forums\" data-ipsquote-contenttype=\"forums\" data-ipsquote-contentclass=\"forums_Topic\" data-ipsquote-contentid=\"10366\" data-ipsquote-username=\"chevell\" data-cite=\"chevell\" data-ipsquote-timestamp=\"1372977120\" ><div ><div >\n<p >Ridiculous, you are heartless, this is the easiest thing to do, why even bother sharing it here then saying you are not doing it for free for an easiest thing to do....</p>\n<p > </p>\n<p >God help us....</p>\n</div></div></blockquote>\n<p >+1</p>\n"
        },
        {
            "id": 79133,
            "timestamp": 1373010725,
            "author": {
                "id": 17432,
                "name": "Nymphetamine",
                "image": null
            },
            "comment": "\n<blockquote data-ipsquote=\"\" class=\"ipsQuote\" data-ipsquote-contentcommentid=\"79114\" data-ipsquote-contentapp=\"forums\" data-ipsquote-contenttype=\"forums\" data-ipsquote-contentclass=\"forums_Topic\" data-ipsquote-contentid=\"10366\" data-ipsquote-username=\"chevell\" data-cite=\"chevell\" data-ipsquote-timestamp=\"1372977120\" ><div ><div >\n<p >Ridiculous, you are heartless, this is the easiest thing to do, why even bother sharing it here then saying you are not doing it for free for an easiest thing to do....</p>\n<p > </p>\n<p >God help us....</p>\n</div></div></blockquote>\n<p >In my mind it shouldnt be also in development section haha.</p>\n<p >My God u say u dont release it when its copy > paste? For a something done with textool?  <img alt=\"tumblr_lxldixNnbw1qj71q9.gif\" src=\"https://media.tumblr.com/tumblr_lxldixNnbw1qj71q9.gif\" /></p>\n\n\n\t\t\t\n\t\t\t\t\n\n<span class=\"ipsType_reset ipsType_medium ipsType_light\" data-excludequote=\"None\" >\n\t<strong >Edited <time datetime=\"2013-07-05T07:52:43Z\" title=\"07/05/2013 07:52  AM\" data-short=\"7 yr\" >July 5, 2013</time> by Nymphetamine</strong>\n\t\n\t\n</span>\n\t\t\t\n\t\t</div>"
        },
        {
            "id": 79137,
            "timestamp": 1373013085,
            "author": {
                "id": 3680,
                "name": "Kotetsu",
                "image": null
            },
            "comment": "\n<p >Try to do it.</p>\n<p >Its not done with ONLY TexTool.</p>\n<p >This can be take a long of time to do..</p>\n<p > </p>\n<p > </p>\n<p >Nice.</p>\n"
        },
        {
            "id": 79177,
            "timestamp": 1373023422,
            "author": {
                "id": 14922,
                "name": "ren0d1",
                "image": null
            },
            "comment": "\n<p >Look  well but with the screen you released, we can make the same cashshop interface than yours ;)</p>\n<p >1.Only take the picture,</p>\n<p >2.Open our picture inside the client,</p>\n<p >3.Cut part of the new interface you  showed us,</p>\n<p >4.Set at the right size,</p>\n<p >5.Paste on the right  place on your client interface,</p>\n<p >6.Save it on the interface size of client and save it as .tex file,</p>\n<p >7.Set the .tex file in the client and you have the same interface than him.</p>\n\n\n\t\t\t\n\t\t\t\t\n\n<span class=\"ipsType_reset ipsType_medium ipsType_light\" data-excludequote=\"None\" >\n\t<strong >Edited <time datetime=\"2013-07-05T11:26:42Z\" title=\"07/05/2013 11:26  AM\" data-short=\"7 yr\" >July 5, 2013</time> by ren0d1</strong>\n\t\n\t\n</span>\n\t\t\t\n\t\t</div>"
        },
        {
            "id": 79200,
            "timestamp": 1373031524,
            "author": {
                "id": 18123,
                "name": "CoDuX",
                "image": null
            },
            "comment": "\n<blockquote data-ipsquote=\"\" class=\"ipsQuote\" data-ipsquote-contentcommentid=\"79114\" data-ipsquote-contentapp=\"forums\" data-ipsquote-contenttype=\"forums\" data-ipsquote-contentclass=\"forums_Topic\" data-ipsquote-contentid=\"10366\" data-ipsquote-username=\"chevell\" data-cite=\"chevell\" data-ipsquote-timestamp=\"1372977120\" ><div ><div >\n<p >Ridiculous, you are heartless, this is the easiest thing to do, why even bother sharing it here then saying you are not doing it for free for an easiest thing to do....</p>\n<p > </p>\n<p >God help us....</p>\n</div></div></blockquote>\n<p > </p>\n<p >if this is the easies thing to do then why dont you make one ??     you only have to open Photoshop.exe  .  , All people want to copy everything... I posted the image here because I seen no one than has done this before, and you might come up with new ideas, and create your own.</p>\n"
        },
        {
            "id": 79201,
            "timestamp": 1373031661,
            "author": {
                "id": 18123,
                "name": "CoDuX",
                "image": null
            },
            "comment": "<blockquote data-ipsquote=\"\" class=\"ipsQuote\" data-ipsquote-contentcommentid=\"79133\" data-ipsquote-contentapp=\"forums\" data-ipsquote-contenttype=\"forums\" data-ipsquote-contentclass=\"forums_Topic\" data-ipsquote-contentid=\"10366\" data-ipsquote-username=\"Nymphetamine\" data-cite=\"Nymphetamine\" data-ipsquote-timestamp=\"1373010725\" ><div ><div >\n<p >In my mind it shouldnt be also in development section haha.</p>\n<p >My God u say u dont release it when its copy > paste? For a something done with textool?  <img alt=\"tumblr_lxldixNnbw1qj71q9.gif\" src=\"https://media.tumblr.com/tumblr_lxldixNnbw1qj71q9.gif\" /></p>\n<p >Somethig done textool ? ??  ahhahah   lol man... textool does nothing .... I only use textool to save the image to .PNG and back to .TEX   , I use Photoshop, and if you are so smarty .... go create it with textool , make a video and show me how u done it hahahahhahaha</p>\n</div></div></blockquote>"
        },
        {
            "id": 79202,
            "timestamp": 1373031703,
            "author": {
                "id": 17432,
                "name": "Nymphetamine",
                "image": null
            },
            "comment": "\n<blockquote data-ipsquote=\"\" class=\"ipsQuote\" data-ipsquote-contentcommentid=\"79201\" data-ipsquote-contentapp=\"forums\" data-ipsquote-contenttype=\"forums\" data-ipsquote-contentclass=\"forums_Topic\" data-ipsquote-contentid=\"10366\" data-ipsquote-username=\"Meliant\" data-cite=\"Meliant\" data-ipsquote-timestamp=\"1373031661\" ><div ><div >\n<p > </p>\n<blockquote data-ipsquote=\"\" class=\"ipsQuote\" data-ipsquote-contentcommentid=\"79133\" data-ipsquote-contentapp=\"forums\" data-ipsquote-contenttype=\"forums\" data-ipsquote-contentclass=\"forums_Topic\" data-ipsquote-contentid=\"10366\" data-ipsquote-username=\"Nymphetamine\" data-cite=\"Nymphetamine\" data-ipsquote-timestamp=\"1373010725\" ><div ><div >\n<p >In my mind it shouldnt be also in development section haha.</p>\n<p >My God u say u dont release it when its copy > paste? For a something done with textool?  <img alt=\"tumblr_lxldixNnbw1qj71q9.gif\" src=\"https://media.tumblr.com/tumblr_lxldixNnbw1qj71q9.gif\" /></p>\n<p >Somethig done textool ? ??  ahhahah   lol man... textool does nothing .... I only use textool to save the image to .PNG and back to .TEX   , I use Photoshop, and if you are so smarty .... go create it with textool , make a video and show me how u done it hahahahhahaha</p>\n</div></div></blockquote>\n<p > </p>\n</div></div></blockquote>\n<p >Professionist photoshopper. </p>\n"
        },
        {
            "id": 79203,
            "timestamp": 1373032108,
            "author": {
                "id": 18123,
                "name": "CoDuX",
                "image": null
            },
            "comment": "<p >Lol</p>\n\n\t\t\t\n\t\t\t\t\n\n<span class=\"ipsType_reset ipsType_medium ipsType_light\" data-excludequote=\"None\" >\n\t<strong >Edited <time datetime=\"2013-07-05T20:20:19Z\" title=\"07/05/2013 08:20  PM\" data-short=\"7 yr\" >July 5, 2013</time> by Meliant</strong>\n\t\n\t\n</span>\n\t\t\t\n\t\t</div>"
        },
        {
            "id": 79208,
            "timestamp": 1373034438,
            "author": {
                "id": 18123,
                "name": "CoDuX",
                "image": null
            },
            "comment": "<p >By the way.... this menu has 26 layers in photoshop</p>\n\n\t\t\t\n\t\t\t\t\n\n<span class=\"ipsType_reset ipsType_medium ipsType_light\" data-excludequote=\"None\" >\n\t<strong >Edited <time datetime=\"2013-07-05T14:27:31Z\" title=\"07/05/2013 02:27  PM\" data-short=\"7 yr\" >July 5, 2013</time> by Meliant</strong>\n\t\n\t\n</span>\n\t\t\t\n\t\t</div>"
        },
        {
            "id": 79592,
            "timestamp": 1373235510,
            "author": {
                "id": 14868,
                "name": "Gambit",
                "image": null
            },
            "comment": "\n<p >my foot, here copy and paste your images over whatever you want, also google the images for best results....  lol ease </p>\n<p > </p>\n<p ><img alt=\"6yfkp5.png\" src=\"http://i44.tinypic.com/6yfkp5.png\" /></p>\n<p > </p>\n<p > </p>\n<p >EDIT:   Nice that you edited your thread and removed the \"not free\" part.... </p>\n\n\n\t\t\t\n\t\t\t\t\n\n<span class=\"ipsType_reset ipsType_medium ipsType_light\" data-excludequote=\"None\" >\n\t<strong >Edited <time datetime=\"2013-07-07T22:22:19Z\" title=\"07/07/2013 10:22  PM\" data-short=\"7 yr\" >July 7, 2013</time> by chevell</strong>\n\t\n\t\n</span>\n\t\t\t\n\t\t</div>"
        },
        {
            "id": 80149,
            "timestamp": 1373561307,
            "author": {
                "id": 3680,
                "name": "Kotetsu",
                "image": null
            },
            "comment": "\n<p >Guys, stop copy everything..</p>\n<p >If you is a big noob in graphism, try to learn it or pay a graphist..</p>\n<p >Its so pathetic..</p>\n"
        },
        {
            "id": 80273,
            "timestamp": 1373622498,
            "author": {
                "id": 15306,
                "name": "Noizy",
                "image": null
            },
            "comment": "<p >hmm, that shop buttons is really easy, but exactly for me that Panda armor and Guardian is not easy to make </p>"
        }
    ]
}