{
    "meta": {
        "threadId": 10413,
        "threadName": "StartService.sh",
        "dateCreated": "2013-07-07T01:30:43+0000",
        "datePublished": "2013-07-07T01:30:43+0000",
        "pageCount": 1,
        "originalUrl": "https://lckb.dev/forum/index.php?/topic/10413-startservicesh/",
        "authorId": 16931,
        "position": [
            {
                "@type": "ListItem",
                "position": 1,
                "item": {
                    "@id": "https://lckb.dev/forum/index.php?/forum/100-guides-help-section/",
                    "name": "Guides &amp; Help Section"
                }
            },
            {
                "@type": "ListItem",
                "position": 2,
                "item": {
                    "@id": "https://lckb.dev/forum/index.php?/forum/335-help-support/",
                    "name": "Help &amp; Support"
                }
            },
            {
                "@type": "ListItem",
                "position": 3,
                "item": {
                    "@id": "https://lckb.dev/forum/index.php?/forum/120-ep2-support/",
                    "name": "Ep2 Support"
                }
            },
            {
                "@type": "ListItem",
                "position": 4,
                "item": {
                    "@id": "https://lckb.dev/forum/index.php?/forum/134-solved-topics/",
                    "name": "Solved Topics"
                }
            }
        ]
    },
    "commentData": [
        {
            "id": 79465,
            "timestamp": 1373160643,
            "author": {
                "id": 16931,
                "name": "Walletman987",
                "image": null
            },
            "comment": "<p >How can I implement this into my server,  Ive been running the server on my pc for about 2 weeks now.  I think my pc is gonna blow D:</p>\n\n\t\t\t\n\t\t\t\t\n\n<span class=\"ipsType_reset ipsType_medium ipsType_light\" data-excludequote=\"None\" >\n\t<strong >Edited <time datetime=\"2013-07-08T04:22:18Z\" title=\"07/08/2013 04:22  AM\" data-short=\"7 yr\" >July 8, 2013</time> by Walletman987</strong>\n\t\n\t\n</span>\n\t\t\t\n\t\t</div>"
        },
        {
            "id": 79483,
            "timestamp": 1373189603,
            "author": {
                "id": 7695,
                "name": "CyberClaus",
                "image": null
            },
            "comment": "<p >What do you mean? you want a start service.sh? or you have one that does not work?</p>"
        },
        {
            "id": 79488,
            "timestamp": 1373191909,
            "author": {
                "id": 2167,
                "name": "dethunter12",
                "image": null
            },
            "comment": "<p >think he wants to be able to keep it on without damaging his pc</p>"
        },
        {
            "id": 79490,
            "timestamp": 1373194274,
            "author": {
                "id": 7695,
                "name": "CyberClaus",
                "image": null
            },
            "comment": "<p >im sorry, i do not know what that has to be with startservice.sh...</p>"
        },
        {
            "id": 79494,
            "timestamp": 1373197088,
            "author": {
                "id": 16931,
                "name": "Walletman987",
                "image": null
            },
            "comment": "<p >I was told thats what keeps the server running even if I turn my pc off, I guess he was wrong.</p>"
        },
        {
            "id": 79505,
            "timestamp": 1373202054,
            "author": {
                "id": 7695,
                "name": "CyberClaus",
                "image": null
            },
            "comment": "<p >Well mate, seems that who ever told you that, didnt explain himself correctly. If you have a vps, you dont have to keep your pc on, if you have the server on your pc, then you have to keep it on... Explain me what is your configuration, if you a vps, dedicated server, or running from home, and i explain it to you.</p>"
        },
        {
            "id": 79524,
            "timestamp": 1373212005,
            "author": {
                "id": 16931,
                "name": "Walletman987",
                "image": null
            },
            "comment": "\n<blockquote data-ipsquote=\"\" class=\"ipsQuote\" data-ipsquote-contentcommentid=\"79505\" data-ipsquote-contentapp=\"forums\" data-ipsquote-contenttype=\"forums\" data-ipsquote-contentclass=\"forums_Topic\" data-ipsquote-contentid=\"10413\" data-ipsquote-username=\"CyberClaus\" data-cite=\"CyberClaus\" data-ipsquote-timestamp=\"1373202054\" ><div ><div ><p >Well mate, seems that who ever told you that, didnt explain himself correctly. If you have a vps, you dont have to keep your pc on, if you have the server on your pc, then you have to keep it on... Explain me what is your configuration, if you a vps, dedicated server, or running from home, and i explain it to you.</p></div></div></blockquote>\n<p >Im using a VPS from www.gridlane.com . I was recomended by sp1ke to use that, I hope its not too hard to deal with.</p>\n"
        },
        {
            "id": 79525,
            "timestamp": 1373212275,
            "author": {
                "id": 17432,
                "name": "Nymphetamine",
                "image": null
            },
            "comment": "\n<blockquote data-ipsquote=\"\" class=\"ipsQuote\" data-ipsquote-contentcommentid=\"79524\" data-ipsquote-contentapp=\"forums\" data-ipsquote-contenttype=\"forums\" data-ipsquote-contentclass=\"forums_Topic\" data-ipsquote-contentid=\"10413\" data-ipsquote-username=\"Walletman987\" data-cite=\"Walletman987\" data-ipsquote-timestamp=\"1373212005\" ><div ><div ><p >Im using a VPS from www.gridlane.com . I was recomended by sp1ke to use that, I hope its not too hard to deal with.</p></div></div></blockquote>\n<p >VPS stays online even if you put off your PC</p>\n"
        },
        {
            "id": 79526,
            "timestamp": 1373213533,
            "author": {
                "id": 7695,
                "name": "CyberClaus",
                "image": null
            },
            "comment": "<p >As Nymphetamine said, it stays online. The explanation is easy, putting your server to run in an VPS is the same as putting it in your friend computer, you dont need to have your pc on, only your friend. And the VPS, is 99% of the times on, unless something happenes to the physicall machine or the server facilities connection. Do not worry, and turn off your computer, your server will be up and running. As for the startservice.sh is an executable for linux, that starts your services, Connector,Helper, SubHelper, etc without the need to start one by one. Did i made myself clear?</p>"
        },
        {
            "id": 79529,
            "timestamp": 1373215312,
            "author": {
                "id": 16931,
                "name": "Walletman987",
                "image": null
            },
            "comment": "\n<blockquote data-ipsquote=\"\" class=\"ipsQuote\" data-ipsquote-contentcommentid=\"79526\" data-ipsquote-contentapp=\"forums\" data-ipsquote-contenttype=\"forums\" data-ipsquote-contentclass=\"forums_Topic\" data-ipsquote-contentid=\"10413\" data-ipsquote-username=\"CyberClaus\" data-cite=\"CyberClaus\" data-ipsquote-timestamp=\"1373213533\" ><div ><div ><p >As Nymphetamine said, it stays online. The explanation is easy, putting your server to run in an VPS is the same as putting it in your friend computer, you dont need to have your pc on, only your friend. And the VPS, is 99% of the times on, unless something happenes to the physicall machine or the server facilities connection. Do not worry, and turn off your computer, your server will be up and running. As for the startservice.sh is an executable for linux, that starts your services, Connector,Helper, SubHelper, etc without the need to start one by one. Did i made myself clear?</p></div></div></blockquote>\n<p >Yea, its very clear, but if my itnernet disconnects the server goes down with me,  I dont know why it does that.</p>\n<p >+</p>\n"
        },
        {
            "id": 79546,
            "timestamp": 1373221460,
            "author": {
                "id": 7695,
                "name": "CyberClaus",
                "image": null
            },
            "comment": "\n<pre class=\"ipsCode prettyprint\" >#!/bin/sh\n\n\ncd Connector/Connector;\n./Connector &;\nsleep 5;\n\ncd ../../;\ncd Helper/Helper;\n./Helper &;\nsleep 5;\n\ncd ../../;\ncd SubHelper/SubHelper;\n./SubHelper &;\nsleep 5;\n\ncd ../../;\ncd Messenger/Messenger;\n./Messenger &;\nsleep 5;\n\ncd ../../;\ncd GameServer;\n\ncd GameServer1;\n./GameServer_d &;\ncd ..;\n\ncd ../../;\ncd LoginServer/LoginServer;\n./LoginServer &;\n\n</pre>\n<p >Try out mate. You have to configure for your configuration. If you have more GameServers runing, just copy for your config.</p>\n"
        },
        {
            "id": 79553,
            "timestamp": 1373223934,
            "author": {
                "id": 201,
                "name": "Wrong",
                "image": null
            },
            "comment": "\n<blockquote data-ipsquote=\"\" class=\"ipsQuote\" data-ipsquote-contentcommentid=\"79529\" data-ipsquote-contentapp=\"forums\" data-ipsquote-contenttype=\"forums\" data-ipsquote-contentclass=\"forums_Topic\" data-ipsquote-contentid=\"10413\" data-ipsquote-username=\"Walletman987\" data-cite=\"Walletman987\" data-ipsquote-timestamp=\"1373215312\" ><div ><div >\n<p >Yea, its very clear, but if my itnernet disconnects the server goes down with me,  I dont know why it does that.</p>\n<p >+</p>\n</div></div></blockquote>\n<p > </p>\n<p >How could your internet disconect you when getting out of the VPS lol?</p>\n<p >How do you connect to it?</p>\n"
        },
        {
            "id": 79579,
            "timestamp": 1373232761,
            "author": {
                "id": 16931,
                "name": "Walletman987",
                "image": null
            },
            "comment": "\n<blockquote data-ipsquote=\"\" class=\"ipsQuote\" data-ipsquote-contentcommentid=\"79553\" data-ipsquote-contentapp=\"forums\" data-ipsquote-contenttype=\"forums\" data-ipsquote-contentclass=\"forums_Topic\" data-ipsquote-contentid=\"10413\" data-ipsquote-username=\"Wrong\" data-cite=\"Wrong\" data-ipsquote-timestamp=\"1373223934\" ><div ><div >\n<p >How could your internet disconect you when getting out of the VPS lol?</p>\n<p >How do you connect to it?</p>\n</div></div></blockquote>\n<p >I didnt say that, Im saying when ever my internet disconnects the whole server goes down with me,  the  VPS isnt causing my net to disconnect. </p>\n"
        },
        {
            "id": 79581,
            "timestamp": 1373232821,
            "author": {
                "id": 16931,
                "name": "Walletman987",
                "image": null
            },
            "comment": "\n<blockquote data-ipsquote=\"\" class=\"ipsQuote\" data-ipsquote-contentcommentid=\"79546\" data-ipsquote-contentapp=\"forums\" data-ipsquote-contenttype=\"forums\" data-ipsquote-contentclass=\"forums_Topic\" data-ipsquote-contentid=\"10413\" data-ipsquote-username=\"CyberClaus\" data-cite=\"CyberClaus\" data-ipsquote-timestamp=\"1373221460\" ><div ><div >\n<pre class=\"ipsCode prettyprint\" >#!/bin/sh\n\n\ncd Connector/Connector;\n./Connector &;\nsleep 5;\n\ncd ../../;\ncd Helper/Helper;\n./Helper &;\nsleep 5;\n\ncd ../../;\ncd SubHelper/SubHelper;\n./SubHelper &;\nsleep 5;\n\ncd ../../;\ncd Messenger/Messenger;\n./Messenger &;\nsleep 5;\n\ncd ../../;\ncd GameServer;\n\ncd GameServer1;\n./GameServer_d &;\ncd ..;\n\ncd ../../;\ncd LoginServer/LoginServer;\n./LoginServer &;\n\n</pre>\n<p >Try out mate. You have to configure for your configuration. If you have more GameServers runing, just copy for your config.</p>\n<p > </p>\n</div></div></blockquote>\n<p >Ill try this out when I get home.</p>\n"
        },
        {
            "id": 79601,
            "timestamp": 1373237680,
            "author": {
                "id": 14868,
                "name": "Gambit",
                "image": null
            },
            "comment": "\n<blockquote data-ipsquote=\"\" class=\"ipsQuote\" data-ipsquote-contentcommentid=\"79494\" data-ipsquote-contentapp=\"forums\" data-ipsquote-contenttype=\"forums\" data-ipsquote-contentclass=\"forums_Topic\" data-ipsquote-contentid=\"10413\" data-ipsquote-username=\"Walletman987\" data-cite=\"Walletman987\" data-ipsquote-timestamp=\"1373197088\" ><div ><div ><p >I was told thats what keeps the server running even if I turn my pc off, I guess he was wrong.</p></div></div></blockquote>\n<p > </p>\n<p >Based on this I think you are after whats called \"Screen\", it keeps your processes on centos running even when you shut down your computer, so your server will never go down even when you exit PuTTY. All you have to do is type, \"Screen\" and run your services in \"screen\" but follow the link below and install it, you will also find commands on bottom.</p>\n<p > </p>\n<p >Here is the link how to install it.   <a href=\"http://www.rackaid.com/resources/linux-screen-tutorial-and-how-to/\" rel=\"external nofollow\" >http://www.rackaid.com/resources/linux-screen-tutorial-and-how-to/</a></p>\n"
        },
        {
            "id": 79602,
            "timestamp": 1373238001,
            "author": {
                "id": 7695,
                "name": "CyberClaus",
                "image": null
            },
            "comment": "\n<blockquote data-ipsquote=\"\" class=\"ipsQuote\" data-ipsquote-contentcommentid=\"79601\" data-ipsquote-contentapp=\"forums\" data-ipsquote-contenttype=\"forums\" data-ipsquote-contentclass=\"forums_Topic\" data-ipsquote-contentid=\"10413\" data-ipsquote-username=\"chevell\" data-cite=\"chevell\" data-ipsquote-timestamp=\"1373237680\" ><div ><div >\n<p >Based on this I think you are after whats called \"Screen\", it keeps your processes on centos running even when you shut down your computer, so your server will never go down even when you exit PuTTY. All you have to do is type, \"Screen\" and run your services in \"screen\" but follow the link below and install it, you will also find commands on bottom.</p>\n<p > </p>\n<p >Here is the link how to install it.   <a href=\"http://www.rackaid.com/resources/linux-screen-tutorial-and-how-to/\" rel=\"external nofollow\" >http://www.rackaid.com/resources/linux-screen-tutorial-and-how-to/</a></p>\n</div></div></blockquote>\n<p > </p>\n<p >i guess chevell answers is more accurate for your need... once chevell posted this i thought that i didnt understand your first question, and i was giving you just the startservice.sh you asked, and not solving your problem. im sorry for leading you in the wrong way. Screen is actually what you are looking for. Great work chevell, and thanks for correcting me,</p>\n"
        },
        {
            "id": 79611,
            "timestamp": 1373255708,
            "author": {
                "id": 2016,
                "name": "pwesty",
                "image": null
            },
            "comment": "\n<p >i run a vps and ive ran these files on my personal Gentoo HARDENED Linux  server, and when running, that ./startService.sh script  you can close out as soon as it starts, via putty or via terminal on your pc and it stays connected.screen is doing the same thing, if you are running on your pc and you shutdown your pc its gonna close the connection out ^^ simple as that..if you need help understanding ill create a video showing you its the same thing ^^ just extra junk your vps running thats not needed ^^</p>\n<p > </p>\n<p > </p>\n<p > </p>\n<p >if you are going into every single server folder and running the ./LoginServer ./GameServer_d ./Messenger ./Helper ./Subhelper ./Connector in your vps or via terminal  and you close out the terminal or putty, it close that process out, the command cyber told you fixes that ^^</p>\n\n\n\t\t\t\n\t\t\t\t\n\n<span class=\"ipsType_reset ipsType_medium ipsType_light\" data-excludequote=\"None\" >\n\t<strong >Edited <time datetime=\"2013-07-08T04:02:46Z\" title=\"07/08/2013 04:02  AM\" data-short=\"7 yr\" >July 8, 2013</time> by pwesty</strong>\n\t\n\t\n</span>\n\t\t\t\n\t\t</div>"
        },
        {
            "id": 79614,
            "timestamp": 1373257297,
            "author": {
                "id": 16931,
                "name": "Walletman987",
                "image": null
            },
            "comment": "\n<blockquote data-ipsquote=\"\" class=\"ipsQuote\" data-ipsquote-contentcommentid=\"79611\" data-ipsquote-contentapp=\"forums\" data-ipsquote-contenttype=\"forums\" data-ipsquote-contentclass=\"forums_Topic\" data-ipsquote-contentid=\"10413\" data-ipsquote-username=\"pwesty\" data-cite=\"pwesty\" data-ipsquote-timestamp=\"1373255708\" ><div ><div >\n<p >i run a vps and ive ran these files on my personal Gentoo HARDENED Linux  server, and when running, that ./startService.sh script  you can close out as soon as it starts, via putty or via terminal on your pc and it stays connected.screen is doing the same thing, if you are running on your pc and you shutdown your pc its gonna close the connection out ^^ simple as that..if you need help understanding ill create a video showing you its the same thing ^^ just extra junk your vps running thats not needed ^^</p>\n<p > </p>\n<p > </p>\n<p > </p>\n<p >if you are going into every single server folder and running the ./LoginServer ./GameServer_d ./Messenger ./Helper ./Subhelper ./Connector in your vps or via terminal  and you close out the terminal or putty, it close that process out, the command cyber told you fixes that ^^</p>\n</div></div></blockquote>\n<p > </p>\n<p > </p>\n<blockquote data-ipsquote=\"\" class=\"ipsQuote\" data-ipsquote-contentcommentid=\"79602\" data-ipsquote-contentapp=\"forums\" data-ipsquote-contenttype=\"forums\" data-ipsquote-contentclass=\"forums_Topic\" data-ipsquote-contentid=\"10413\" data-ipsquote-username=\"CyberClaus\" data-cite=\"CyberClaus\" data-ipsquote-timestamp=\"1373238001\" ><div ><div ><p >i guess chevell answers is more accurate for your need... once chevell posted this i thought that i didnt understand your first question, and i was giving you just the startservice.sh you asked, and not solving your problem. im sorry for leading you in the wrong way. Screen is actually what you are looking for. Great work chevell, and thanks for correcting me,</p></div></div></blockquote>\n<p > </p>\n<p > </p>\n<blockquote data-ipsquote=\"\" class=\"ipsQuote\" data-ipsquote-contentcommentid=\"79601\" data-ipsquote-contentapp=\"forums\" data-ipsquote-contenttype=\"forums\" data-ipsquote-contentclass=\"forums_Topic\" data-ipsquote-contentid=\"10413\" data-ipsquote-username=\"chevell\" data-cite=\"chevell\" data-ipsquote-timestamp=\"1373237680\" ><div ><div >\n<p >Based on this I think you are after whats called \"Screen\", it keeps your processes on centos running even when you shut down your computer, so your server will never go down even when you exit PuTTY. All you have to do is type, \"Screen\" and run your services in \"screen\" but follow the link below and install it, you will also find commands on bottom.</p>\n<p > </p>\n<p >Here is the link how to install it.   <a href=\"http://www.rackaid.com/resources/linux-screen-tutorial-and-how-to/\" rel=\"external nofollow\" >http://www.rackaid.com/resources/linux-screen-tutorial-and-how-to/</a></p>\n</div></div></blockquote>\n<p >Thank to all three of you for helping me out, now I can let my dekstop computer cooldown and play on my laptop or something.</p>\n\n\n\t\t\t\n\t\t\t\t\n\n<span class=\"ipsType_reset ipsType_medium ipsType_light\" data-excludequote=\"None\" >\n\t<strong >Edited <time datetime=\"2013-07-08T04:31:55Z\" title=\"07/08/2013 04:31  AM\" data-short=\"7 yr\" >July 8, 2013</time> by Walletman987</strong>\n\t\n\t\n</span>\n\t\t\t\n\t\t</div>"
        }
    ]
}