{
    "meta": {
        "threadId": 10417,
        "threadName": "Sasuke's Weapon from Naruto Shippuden",
        "dateCreated": "2013-07-07T12:05:17+0000",
        "datePublished": "2013-07-07T12:05:17+0000",
        "pageCount": 1,
        "originalUrl": "https://lckb.dev/forum/index.php?/topic/10417-sasukes-weapon-from-naruto-shippuden/",
        "authorId": 13229,
        "position": [
            {
                "@type": "ListItem",
                "position": 1,
                "item": {
                    "@id": "https://lckb.dev/forum/index.php?/forum/258-release-zone/",
                    "name": "Release Zone"
                }
            },
            {
                "@type": "ListItem",
                "position": 2,
                "item": {
                    "@id": "https://lckb.dev/forum/index.php?/forum/324-episode-1-releases/",
                    "name": "Episode 1 Releases"
                }
            },
            {
                "@type": "ListItem",
                "position": 3,
                "item": {
                    "@id": "https://lckb.dev/forum/index.php?/forum/42-client-side/",
                    "name": "Client Side"
                }
            }
        ]
    },
    "commentData": [
        {
            "id": 79497,
            "timestamp": 1373198717,
            "author": {
                "id": 13229,
                "name": "neff10",
                "image": null
            },
            "comment": "\n<p ><strong >Im working on sasukes sword tomorrow ill upload the link its not finished yet look a screens</strong></p>\n<p > </p>\n<p ><span style=\"color:#00ff00;\" >#Update: added link and fixed screens :)</span></p>\n<p > </p>\n<p style=\"text-align:center;\" ><span style=\"color:#00ff00;\" ><span style=\"font-size:18px;\" ><span style=\"font-size:24px;\" ><strong ><em >Screens</em></strong></span></span></span></p>\n<p > </p>\n<p ><span style=\"color:#daa520;\" >From anime:</span></p>\n<p > </p>\n<p > </p>\n<div class=\"ipsSpoiler\" data-ipsspoiler=\"\" >\n<div class=\"ipsSpoiler_header\" ><span ></span></div>\n<div class=\"ipsSpoiler_contents\" >\n<p > </p>\n<p > </p>\n<p ><img alt=\"4221036012_db660ae6bd.jpg\" src=\"https://farm3.staticflickr.com/2586/4221036012_db660ae6bd.jpg\" /></p>\n<p > </p>\n<p ><a href=\"http://thedarkblade.com/wp-content/uploads/Sasukes-Kusanagi-Grass-Cutter.jpg\" rel=\"external nofollow\" ><img alt=\"Sasukes-Kusanagi-Grass-Cutter.jpg\" src=\"http://thedarkblade.com/wp-content/uploads/Sasukes-Kusanagi-Grass-Cutter.jpg\" /></a></p>\n<p > </p>\n<p > </p>\n</div>\n</div>\n<p > </p>\n<p > </p>\n<p ><span style=\"color:#daa520;\" >My Screens:</span></p>\n<p > </p>\n<p > </p>\n<div class=\"ipsSpoiler\" data-ipsspoiler=\"\" >\n<div class=\"ipsSpoiler_header\" ><span ></span></div>\n<div class=\"ipsSpoiler_contents\" >\n<p > </p>\n<p > </p>\n<p > </p>\n<p > </p>\n<p > </p>\n<p ><img alt=\"mk9s.png\" src=\"https://imageshack.us/a/img838/6302/mk9s.png\" /></p>\n<p > </p>\n<p ><img alt=\"2ln.png\" src=\"https://imageshack.us/a/img839/4296/2ln.png\" /></p>\n<p > </p>\n<p ><img alt=\"kx5e.png\" src=\"https://imageshack.us/a/img209/5601/kx5e.png\" /></p>\n<p > </p>\n<p > </p>\n</div>\n</div>\n<p > </p>\n<p > </p>\n<p style=\"text-align:center;\" ><span style=\"color:#00ff00;\" ><span style=\"font-size:24px;\" ><em ><strong >Download</strong></em></span></span></p>\n<p > </p>\n<p ><span style=\"color:#daa520;\" >Link: </span></p>\n<p > </p>\n<p > </p>\n<div class=\"ipsSpoiler\" data-ipsspoiler=\"\" >\n<div class=\"ipsSpoiler_header\" ><span ></span></div>\n<div class=\"ipsSpoiler_contents\" >\n<p > </p>\n<p > </p>\n<p ><a href=\"https://www.mediafire.com/?vs9bkbxf6rd35m2\" rel=\"external nofollow\" >http://www.mediafire.com/?vs9bkbxf6rd35m2</a></p>\n<p > </p>\n<p ><span style=\"font-size:14px;\" ></span></p>\n</div>\n</div>\n<p ></p>\n<p > </p>\n<p ><span style=\"color:rgb(218,165,32);\" >Link Contains:</span></p>\n<p > </p>\n<div >\n<div class=\"ipsSpoiler\" data-ipsspoiler=\"\" >\n<div class=\"ipsSpoiler_header\" ><span ></span></div>\n<div class=\"ipsSpoiler_contents\" ><p ></p></div>\n<div > </div>\n<div > </div>\n<div >\n<strong >-</strong> <span style=\"color:#808080;\" >Sasuke Weapon</span> <span style=\"color:#b22222;\" >(.bm)</span>\n</div>\n<div > </div>\n<div >\n<strong >-</strong> <span style=\"color:#808080;\" >Sasuke Weapon</span> <span style=\"color:#a52a2a;\" >(.c4d)</span> -> <em ><strong >(Can open with all of cinema 4d versions)</strong></em>\n</div>\n<div > </div>\n<div >\n<strong >-</strong> <span style=\"color:#808080;\" >Weapon Texture </span><span style=\"color:#b22222;\" >(.tex)</span>\n</div>\n<div > </div>\n<div >\n<strong >-</strong> <span style=\"color:#808080;\" >Weapon Texture</span> <span style=\"color:#b22222;\" >(.png)</span>\n</div>\n<div > </div>\n<div >\n<strong >-</strong> <span style=\"color:#808080;\" >Readme</span> <em ><strong >(You can read it if have time)</strong></em>\n</div>\n<div > </div>\n<div > </div>\n<div ><span style=\"font-size:14px;\" ></span></div>\n</div>\n<p ></p>\n</div>\n<div ><div > </div></div>\n<p ><strong >Thnx. for visit my post, more things are coming :)</strong></p>\n\n\n\t\t\t\n\t\t\t\t\n\n<span class=\"ipsType_reset ipsType_medium ipsType_light\" data-excludequote=\"None\" >\n\t<strong >Edited <time datetime=\"2013-07-07T13:28:52Z\" title=\"07/07/2013 01:28  PM\" data-short=\"7 yr\" >July 7, 2013</time> by neff10</strong>\n\t\n\t\n</span>\n\t\t\t\n\t\t</div>"
        },
        {
            "id": 79503,
            "timestamp": 1373201848,
            "author": {
                "id": 7695,
                "name": "CyberClaus",
                "image": null
            },
            "comment": "<p >Nice to see someone doing something and not only taking others work</p>"
        },
        {
            "id": 79506,
            "timestamp": 1373202237,
            "author": {
                "id": 13229,
                "name": "neff10",
                "image": null
            },
            "comment": "\n<blockquote data-ipsquote=\"\" class=\"ipsQuote\" data-ipsquote-contentcommentid=\"79503\" data-ipsquote-contentapp=\"forums\" data-ipsquote-contenttype=\"forums\" data-ipsquote-contentclass=\"forums_Topic\" data-ipsquote-contentid=\"10417\" data-ipsquote-username=\"CyberClaus\" data-cite=\"CyberClaus\" data-ipsquote-timestamp=\"1373201848\" ><div ><div ><p >Nice to see someone doing something and not only taking others work</p></div></div></blockquote>\n<p > </p>\n<p >Im diferent :)</p>\n"
        }
    ]
}