{
    "meta": {
        "threadId": 10412,
        "threadName": "BLOCK KEYS IN C++",
        "dateCreated": "2013-07-07T00:28:17+0000",
        "datePublished": "2013-07-07T00:28:17+0000",
        "pageCount": 1,
        "originalUrl": "https://lckb.dev/forum/index.php?/topic/10412-block-keys-in-c/",
        "authorId": 5574,
        "position": [
            {
                "@type": "ListItem",
                "position": 1,
                "item": {
                    "@id": "https://lckb.dev/forum/index.php?/forum/272-programmers-gateway/",
                    "name": "Programmers Gateway"
                }
            },
            {
                "@type": "ListItem",
                "position": 2,
                "item": {
                    "@id": "https://lckb.dev/forum/index.php?/forum/79-coders-talk/",
                    "name": "Coders Talk"
                }
            }
        ]
    },
    "commentData": [
        {
            "id": 79458,
            "timestamp": 1373156897,
            "author": {
                "id": 5574,
                "name": "Douglas Farias",
                "image": null
            },
            "comment": "\n<p >HI I TRY MAKE A SIMPLE BLOCK KEY BUT IT DONT WORK *-*</p>\n<p > </p>\n<p >WHAT IS INCORRECT ? IS C++ AND COMPILE OK BUT DONT WORK *-*</p>\n<p > </p>\n<ol ><li >\t<div style=\"color:rgb(0,0,0);margin:0px 0px 0px;background-color:rgb(255,255,255);\" ><span style=\"color:rgb(102,102,102);\" >// verifica teclas proibidas</span></div>\t</li>\n<li >\t<div style=\"color:rgb(0,0,0);margin:0px 0px 0px;background-color:rgb(255,255,255);\" ><span style=\"color:rgb(51,153,0);\" >#define qtdKey 25</span></div>\t</li>\t<li >\t<div style=\"color:rgb(0,0,0);margin:0px 0px 0px;background-color:rgb(255,255,255);\" >\n<span style=\"color:rgb(0,0,255);\" >static</span> DWORD checkForForbiddenKeys<span style=\"color:rgb(0,128,0);\" >(</span>LPVOID args<span style=\"color:rgb(0,128,0);\" >)</span>\n</div>\t</li>\t<li >\t<div style=\"color:rgb(0,0,0);margin:0px 0px 0px;background-color:rgb(255,255,255);\" ><span style=\"color:rgb(0,128,0);\" >{</span></div>\t</li>\t<li >\t<div style=\"color:rgb(0,0,0);margin:0px 0px 0px;background-color:rgb(255,255,255);\" >        <span style=\"color:rgb(0,0,255);\" >const</span> WORD fbKeys<span style=\"color:rgb(0,128,0);\" >[</span>qtdKey<span style=\"color:rgb(0,128,0);\" >]</span> <span style=\"color:rgb(0,0,128);\" >=</span> <span style=\"color:rgb(0,128,0);\" >{</span>\n</div>\t</li>\t<li >\t<div style=\"color:rgb(0,0,0);margin:0px 0px 0px;background-color:rgb(255,255,255);\" >                VK_UP,</div>\t</li>\t<li >\t<div style=\"color:rgb(0,0,0);margin:0px 0px 0px;background-color:rgb(255,255,255);\" >                VK_DOWN,</div>\t</li>\t<li >\t<div style=\"color:rgb(0,0,0);margin:0px 0px 0px;background-color:rgb(255,255,255);\" >                VK_LEFT,</div>\t</li>\t<li >\t<div style=\"color:rgb(0,0,0);margin:0px 0px 0px;background-color:rgb(255,255,255);\" >                VK_RIGHT,</div>\t</li>\t<li >\t<div style=\"color:rgb(0,0,0);margin:0px 0px 0px;background-color:rgb(255,255,255);\" >                VK_INSERT,</div>\t</li>\t<li >\t<div style=\"color:rgb(0,0,0);margin:0px 0px 0px;background-color:rgb(255,255,255);\" >                VK_DELETE,</div>\t</li>\t<li >\t<div style=\"color:rgb(0,0,0);margin:0px 0px 0px;background-color:rgb(255,255,255);\" >                VK_HOME,</div>\t</li>\t<li >\t<div style=\"color:rgb(0,0,0);margin:0px 0px 0px;background-color:rgb(255,255,255);\" >                VK_END,</div>\t</li>\t<li >\t<div style=\"color:rgb(0,0,0);margin:0px 0px 0px;background-color:rgb(255,255,255);\" >                VK_PAUSE,</div>\t</li>\t<li >\t<div style=\"color:rgb(0,0,0);margin:0px 0px 0px;background-color:rgb(255,255,255);\" >                VK_PRIOR,</div>\t</li>\t<li >\t<div style=\"color:rgb(0,0,0);margin:0px 0px 0px;background-color:rgb(255,255,255);\" >                VK_NEXT,</div>\t</li>\t<li >\t<div style=\"color:rgb(0,0,0);margin:0px 0px 0px;background-color:rgb(255,255,255);\" >                VK_SCROLL,</div>\t</li>\t<li >\t<div style=\"color:rgb(0,0,0);margin:0px 0px 0px;background-color:rgb(255,255,255);\" >                VK_NUMLOCK</div>\t</li>\t<li >\t<div style=\"color:rgb(0,0,0);margin:0px 0px 0px;background-color:rgb(255,255,255);\" >                VK_F12</div>\t</li>\t<li >\t<div style=\"color:rgb(0,0,0);margin:0px 0px 0px;background-color:rgb(255,255,255);\" >                VK_F11</div>\t</li>\t<li >\t<div style=\"color:rgb(0,0,0);margin:0px 0px 0px;background-color:rgb(255,255,255);\" >                VK_F10</div>\t</li>\t<li >\t<div style=\"color:rgb(0,0,0);margin:0px 0px 0px;background-color:rgb(255,255,255);\" >                VK_F9</div>\t</li>\t<li >\t<div style=\"color:rgb(0,0,0);margin:0px 0px 0px;background-color:rgb(255,255,255);\" >                VK_F8</div>\t</li>\t<li >\t<div style=\"color:rgb(0,0,0);margin:0px 0px 0px;background-color:rgb(255,255,255);\" >                VK_F7</div>\t</li>\t<li >\t<div style=\"color:rgb(0,0,0);margin:0px 0px 0px;background-color:rgb(255,255,255);\" >                VK_F6</div>\t</li>\t<li >\t<div style=\"color:rgb(0,0,0);margin:0px 0px 0px;background-color:rgb(255,255,255);\" >                VK_F5</div>\t</li>\t<li >\t<div style=\"color:rgb(0,0,0);margin:0px 0px 0px;background-color:rgb(255,255,255);\" >                VK_F4</div>\t</li>\t<li >\t<div style=\"color:rgb(0,0,0);margin:0px 0px 0px;background-color:rgb(255,255,255);\" >                VK_F3</div>\t</li>\t<li >\t<div style=\"color:rgb(0,0,0);margin:0px 0px 0px;background-color:rgb(255,255,255);\" >                VK_F2</div>\t</li>\t<li >\t<div style=\"color:rgb(0,0,0);margin:0px 0px 0px;background-color:rgb(255,255,255);\" >                VK_F1</div>\t</li>\t<li >\t<div style=\"color:rgb(0,0,0);margin:0px 0px 0px;background-color:rgb(255,255,255);\" >        <span style=\"color:rgb(0,128,0);\" >}</span><span style=\"color:rgb(0,128,128);\" >;</span>\n</div>\t</li>\t<li >\t<div style=\"color:rgb(0,0,0);margin:0px 0px 0px;background-color:rgb(255,255,255);\" >       </div>\t</li>\t<li >\t<div style=\"color:rgb(0,0,0);margin:0px 0px 0px;background-color:rgb(255,255,255);\" >        <span style=\"color:rgb(0,0,255);\" >for</span> <span style=\"color:rgb(0,128,0);\" >(</span><span style=\"color:rgb(0,128,128);\" >;;</span><span style=\"color:rgb(0,128,0);\" >)</span> <span style=\"color:rgb(0,128,0);\" >{</span>\n</div>\t</li>\t<li >\t<div style=\"color:rgb(0,0,0);margin:0px 0px 0px;background-color:rgb(255,255,255);\" >                <span style=\"color:rgb(0,0,255);\" >for</span> <span style=\"color:rgb(0,128,0);\" >(</span><span style=\"color:rgb(0,0,255);\" >unsigned</span> i <span style=\"color:rgb(0,0,128);\" >=</span> <span style=\"color:rgb(0,0,221);\" >0</span><span style=\"color:rgb(0,128,128);\" >;</span> i <span style=\"color:rgb(0,0,128);\" ><</span> qtdKey<span style=\"color:rgb(0,128,128);\" >;</span> i<span style=\"color:rgb(0,0,64);\" >++</span><span style=\"color:rgb(0,128,0);\" >)</span> <span style=\"color:rgb(0,128,0);\" >{</span>\n</div>\t</li>\t<li >\t<div style=\"color:rgb(0,0,0);margin:0px 0px 0px;background-color:rgb(255,255,255);\" >                        <span style=\"color:rgb(0,0,255);\" >if</span> <span style=\"color:rgb(0,128,0);\" >(</span>GetAsyncKeyState<span style=\"color:rgb(0,128,0);\" >(</span>fbKeys<span style=\"color:rgb(0,128,0);\" >[</span>i<span style=\"color:rgb(0,128,0);\" >]</span><span style=\"color:rgb(0,128,0);\" >)</span> <span style=\"color:rgb(0,0,64);\" >&</span> <span style=\"color:rgb(32,128,128);\" >0x8000</span><span style=\"color:rgb(0,128,0);\" >)</span>\n</div>\t</li>\t<li >\t<div style=\"color:rgb(0,0,0);margin:0px 0px 0px;background-color:rgb(255,255,255);\" >                                ExitProcess<span style=\"color:rgb(0,128,0);\" >(</span><span style=\"color:rgb(0,0,221);\" >0</span><span style=\"color:rgb(0,128,0);\" >)</span><span style=\"color:rgb(0,128,128);\" >;</span>\n</div>\t</li>\t<li >\t<div style=\"color:rgb(0,0,0);margin:0px 0px 0px;background-color:rgb(255,255,255);\" >                <span style=\"color:rgb(0,128,0);\" >}</span>\n</div>\t</li>\t<li >\t<div style=\"color:rgb(0,0,0);margin:0px 0px 0px;background-color:rgb(255,255,255);\" >                Sleep<span style=\"color:rgb(0,128,0);\" >(</span><span style=\"color:rgb(0,0,221);\" >10</span><span style=\"color:rgb(0,128,0);\" >)</span><span style=\"color:rgb(0,128,128);\" >;</span>\n</div>\t</li>\t<li >\t<div style=\"color:rgb(0,0,0);margin:0px 0px 0px;background-color:rgb(255,255,255);\" >        <span style=\"color:rgb(0,128,0);\" >}</span>\n</div>\t</li>\t<li >\t<div style=\"margin:0px 0px 0px;\" ><span style=\"color:rgb(0,128,0);\" >}</span></div>\t</li>\n</ol><div style=\"margin:0px 0px 0px;\" > </div>\n<div style=\"margin:0px 0px 0px;\" > </div>\n<div style=\"margin:0px 0px 0px;\" > </div>\n<div style=\"margin:0px 0px 0px;\" ><span style=\"color:rgb(0,128,0);\" >DONE CAN CLOSE =)</span></div>\n\n\n\t\t\t\n\t\t\t\t\n\n<span class=\"ipsType_reset ipsType_medium ipsType_light\" data-excludequote=\"None\" >\n\t<strong >Edited <time datetime=\"2013-07-07T02:03:12Z\" title=\"07/07/2013 02:03  AM\" data-short=\"7 yr\" >July 7, 2013</time> by Douglas Origens</strong>\n\t\n\t\n</span>\n\t\t\t\n\t\t</div>"
        },
        {
            "id": 79473,
            "timestamp": 1373180275,
            "author": {
                "id": null,
                "name": "Guest Johnny5",
                "image": null
            },
            "comment": "<p >Topic Closed by a moderator. The reason why: Request By Post Owned</p>"
        }
    ]
}