{
    "meta": {
        "threadId": 10423,
        "threadName": "Eternia \"EP3\" Website (Prepared by me)",
        "dateCreated": "2013-07-07T20:39:19+0000",
        "datePublished": "2013-07-07T20:39:19+0000",
        "pageCount": 1,
        "originalUrl": "https://lckb.dev/forum/index.php?/topic/10423-eternia-ep3-website-prepared-by-me/",
        "authorId": 15306,
        "position": [
            {
                "@type": "ListItem",
                "position": 1,
                "item": {
                    "@id": "https://lckb.dev/forum/index.php?/forum/40-website-scripting-security/",
                    "name": "Website Scripting &amp; Security"
                }
            },
            {
                "@type": "ListItem",
                "position": 2,
                "item": {
                    "@id": "https://lckb.dev/forum/index.php?/forum/368-website-releases/",
                    "name": "Website Releases"
                }
            },
            {
                "@type": "ListItem",
                "position": 3,
                "item": {
                    "@id": "https://lckb.dev/forum/index.php?/forum/306-ep2-websites/",
                    "name": "Ep2 Websites"
                }
            }
        ]
    },
    "commentData": [
        {
            "id": 79569,
            "timestamp": 1373229559,
            "author": {
                "id": 15306,
                "name": "Noizy",
                "image": null
            },
            "comment": "\n<p >Hello people,</p>\n<p >Glad that you reading this topic, not many ppl share now website (Including me :P), i decided to share this web with all in past i made it for Ultra LC, it`s eternia webpage, it was released EP1 version but its was many time ago so here is eternia web with:<br />1. Episode 2 register support | (thanks Sentence)</p>\n<p >2. Episode 2 login script support | (thanks Sentence)</p>\n<p >3. Stabilized ranking (Not in eternia style)</p>\n<p >4. Full character review in ranking by name</p>\n<p >5. Not messed up web folder (Mean, thats have not many .php files in mine directory, there is other folders for page parts)</p>\n<p >6. JS Page system like Eternia</p>\n<p > </p>\n<p >Screen:</p>\n<p >Hmm, when u read title u need screen again? :D simple can be seen</p>\n<p > </p>\n<p >Links:</p>\n<p >Mega - <a href=\"https://mega.co.nz/#!tgsBia6T!BZvAuXe-qVYD3zAJYvhwuTqI_UNlenJMbpmSlAHx5hg\" rel=\"external nofollow\" >Download</a></p>\n<p > </p>\n<p > </p>\n<p > </p>\n<p > </p>\n"
        },
        {
            "id": 79573,
            "timestamp": 1373230694,
            "author": {
                "id": 7695,
                "name": "CyberClaus",
                "image": null
            },
            "comment": "<p >Good work :)</p>"
        },
        {
            "id": 79574,
            "timestamp": 1373231013,
            "author": {
                "id": 10637,
                "name": "redbull",
                "image": null
            },
            "comment": "<p >nice good work</p>"
        },
        {
            "id": 79575,
            "timestamp": 1373231416,
            "author": {
                "id": 17432,
                "name": "Nymphetamine",
                "image": null
            },
            "comment": "<p >Good job and thanks</p>"
        },
        {
            "id": 79647,
            "timestamp": 1373282540,
            "author": {
                "id": 14922,
                "name": "ren0d1",
                "image": null
            },
            "comment": "<p >good work ;)</p>"
        },
        {
            "id": 79648,
            "timestamp": 1373283494,
            "author": {
                "id": 15306,
                "name": "Noizy",
                "image": null
            },
            "comment": "<p >Thanks guys :)</p>"
        },
        {
            "id": 79650,
            "timestamp": 1373283787,
            "author": {
                "id": 13172,
                "name": "soryjero",
                "image": null
            },
            "comment": "\n<p >thanks noizy!</p>\n<p > </p>\n<p >is it possible you write which tables do we need? its first ep2/ep3 web i have and i am not sure which table it uses</p>\n"
        },
        {
            "id": 79652,
            "timestamp": 1373285326,
            "author": {
                "id": 15306,
                "name": "Noizy",
                "image": null
            },
            "comment": "\n<p >include/config.php</p>\n<p > </p>\n<p >there u can set your tables</p>\n"
        },
        {
            "id": 79664,
            "timestamp": 1373288203,
            "author": {
                "id": 13172,
                "name": "soryjero",
                "image": null
            },
            "comment": "\n<blockquote data-ipsquote=\"\" class=\"ipsQuote\" data-ipsquote-contentcommentid=\"79652\" data-ipsquote-contentapp=\"forums\" data-ipsquote-contenttype=\"forums\" data-ipsquote-contentclass=\"forums_Topic\" data-ipsquote-contentid=\"10423\" data-ipsquote-username=\"Noizy\" data-cite=\"Noizy\" data-ipsquote-timestamp=\"1373285326\" ><div ><div >\n<p >include/config.php</p>\n<p > </p>\n<p >there u can set your tables</p>\n</div></div></blockquote>\n<p > </p>\n<p >ok thanks.</p>\n<p > </p>\n<p >i will try it :)</p>\n"
        },
        {
            "id": 79979,
            "timestamp": 1373422470,
            "author": {
                "id": 18316,
                "name": "Blaster666",
                "image": null
            },
            "comment": "<p >thanks. :D</p>"
        },
        {
            "id": 79981,
            "timestamp": 1373425838,
            "author": {
                "id": 2167,
                "name": "dethunter12",
                "image": null
            },
            "comment": "<p > keep up the good work and thank you :P</p>\n\n\t\t\t\n\t\t\t\t\n\n<span class=\"ipsType_reset ipsType_medium ipsType_light\" data-excludequote=\"None\" >\n\t<strong >Edited <time datetime=\"2013-07-10T03:10:58Z\" title=\"07/10/2013 03:10  AM\" data-short=\"7 yr\" >July 10, 2013</time> by dethunter12</strong>\n\t\n\t\n</span>\n\t\t\t\n\t\t</div>"
        },
        {
            "id": 79984,
            "timestamp": 1373440150,
            "author": {
                "id": 15306,
                "name": "Noizy",
                "image": null
            },
            "comment": "<p >Thanks guys :) :)</p>"
        },
        {
            "id": 80475,
            "timestamp": 1373698985,
            "author": {
                "id": 9121,
                "name": "03101997",
                "image": null
            },
            "comment": "<p >This site have Backdoors!!!!!!</p>"
        },
        {
            "id": 80485,
            "timestamp": 1373704102,
            "author": {
                "id": 3328,
                "name": "SeaLife",
                "image": null
            },
            "comment": "\n<blockquote data-ipsquote=\"\" class=\"ipsQuote\" data-ipsquote-contentcommentid=\"80475\" data-ipsquote-contentapp=\"forums\" data-ipsquote-contenttype=\"forums\" data-ipsquote-contentclass=\"forums_Topic\" data-ipsquote-contentid=\"10423\" data-ipsquote-username=\"03101997\" data-cite=\"03101997\" data-ipsquote-timestamp=\"1373698985\" ><div ><div ><p >This site have Backdoors!!!!!!</p></div></div></blockquote>\n<p > </p>\n<p > </p>\n<p >then dont use....</p>\n<p > </p>\n<p >(facepalm)</p>\n<p > </p>\n<p >If you have some knowledge in PHP you can remove them... so, dont be a noob :)</p>\n"
        },
        {
            "id": 80803,
            "timestamp": 1373827005,
            "author": {
                "id": 16954,
                "name": "spadge88",
                "image": null
            },
            "comment": "<p >nice release and thanks :)</p>"
        },
        {
            "id": 80805,
            "timestamp": 1373828241,
            "author": {
                "id": 15306,
                "name": "Noizy",
                "image": null
            },
            "comment": "\n<blockquote data-ipsquote=\"\" class=\"ipsQuote\" data-ipsquote-contentcommentid=\"80475\" data-ipsquote-contentapp=\"forums\" data-ipsquote-contenttype=\"forums\" data-ipsquote-contentclass=\"forums_Topic\" data-ipsquote-contentid=\"10423\" data-ipsquote-username=\"03101997\" data-cite=\"03101997\" data-ipsquote-timestamp=\"1373698985\" ><div ><div ><p >This site have Backdoors!!!!!!</p></div></div></blockquote>\n<p >Can you explain more? and its not pro website, so... but anyway i dont think thats have backdoors</p>\n<p > </p>\n<p >And yes, i agree with SeaLife, don`t like? don`t use it, someone said that u MUST USE IT?  :D simple...</p>\n"
        },
        {
            "id": 90543,
            "timestamp": 1385137820,
            "author": {
                "id": 775,
                "name": "CrazyApple",
                "image": null
            },
            "comment": "<p >how to disable the captcha? it did not work for me :/</p>"
        },
        {
            "id": 90647,
            "timestamp": 1385293126,
            "author": {
                "id": 775,
                "name": "CrazyApple",
                "image": null
            },
            "comment": "<p >dont talk [CeNsOrEd] if u dont want to help!</p>"
        }
    ]
}