{
    "meta": {
        "threadId": 10427,
        "threadName": "help me please.....Update Failure",
        "dateCreated": "2013-07-07T23:45:39+0000",
        "datePublished": "2013-07-07T23:45:39+0000",
        "pageCount": 1,
        "originalUrl": "https://lckb.dev/forum/index.php?/topic/10427-help-me-pleaseupdate-failure/",
        "authorId": 11916,
        "position": [
            {
                "@type": "ListItem",
                "position": 1,
                "item": {
                    "@id": "https://lckb.dev/forum/index.php?/forum/100-guides-help-section/",
                    "name": "Guides &amp; Help Section"
                }
            },
            {
                "@type": "ListItem",
                "position": 2,
                "item": {
                    "@id": "https://lckb.dev/forum/index.php?/forum/335-help-support/",
                    "name": "Help &amp; Support"
                }
            },
            {
                "@type": "ListItem",
                "position": 3,
                "item": {
                    "@id": "https://lckb.dev/forum/index.php?/forum/44-ep1-support/",
                    "name": "Ep1 Support"
                }
            },
            {
                "@type": "ListItem",
                "position": 4,
                "item": {
                    "@id": "https://lckb.dev/forum/index.php?/forum/135-solved-topics/",
                    "name": "Solved Topics"
                }
            }
        ]
    },
    "commentData": [
        {
            "id": 79604,
            "timestamp": 1373240739,
            "author": {
                "id": 11916,
                "name": "kimmaster445",
                "image": null
            },
            "comment": "\n<p ><img alt=\"helpGmpT0.jpg\" src=\"http://www.picdee.com/images/2013/07/07/helpGmpT0.jpg\" /></p>\n<p > </p>\n<p > </p>\n<p >how i can do it ?</p>\n<p > </p>\n<p >thank for any answer ^ ^</p>\n"
        },
        {
            "id": 79606,
            "timestamp": 1373243550,
            "author": {
                "id": 18226,
                "name": "OldHM",
                "image": null
            },
            "comment": "\n<p >Make folders like these:</p>\n<p > </p>\n<p >\nIf you want to do update to Data:</p>\n<p >\nData/<updates ></updates></p>\n<p > </p>\n<p >\nALWAYS do .zip not .rar as update and name them 1.zip 2.zip 3.zip then do the highest number for the new update like 4.zip and edit version and set from last update to new in this thing it would be 3->4</p>\n<p > </p>\n<p >\nand dont forget .ZIP!</p>\n<p >\ngreetz</p>\n"
        },
        {
            "id": 79624,
            "timestamp": 1373269675,
            "author": {
                "id": 11916,
                "name": "kimmaster445",
                "image": null
            },
            "comment": "\n<blockquote data-ipsquote=\"\" class=\"ipsQuote\" data-ipsquote-contentcommentid=\"79606\" data-ipsquote-contentapp=\"forums\" data-ipsquote-contenttype=\"forums\" data-ipsquote-contentclass=\"forums_Topic\" data-ipsquote-contentid=\"10427\" data-ipsquote-username=\"Mendozza\" data-cite=\"Mendozza\" data-ipsquote-timestamp=\"1373243550\" ><div ><div >\n<p >Make folders like these:</p>\n<p > </p>\n<p >If you want to do update to Data:</p>\n<p >Data/<updates ></updates></p>\n<p > </p>\n<p >ALWAYS do .zip not .rar as update and name them 1.zip 2.zip 3.zip then do the highest number for the new update like 4.zip and edit version and set from last update to new in this thing it would be 3->4</p>\n<p > </p>\n<p >and dont forget .ZIP!</p>\n<p >greetz</p>\n</div></div></blockquote>\n<p > </p>\n<blockquote data-ipsquote=\"\" class=\"ipsQuote\" data-ipsquote-contentcommentid=\"79606\" data-ipsquote-contentapp=\"forums\" data-ipsquote-contenttype=\"forums\" data-ipsquote-contentclass=\"forums_Topic\" data-ipsquote-contentid=\"10427\" data-ipsquote-username=\"Mendozza\" data-cite=\"Mendozza\" data-ipsquote-timestamp=\"1373243550\" ><div ><div >\n<p >Make folders like these:</p>\n<p > </p>\n<p >If you want to do update to Data:</p>\n<p >Data/<updates ></updates></p>\n<p > </p>\n<p >ALWAYS do .zip not .rar as update and name them 1.zip 2.zip 3.zip then do the highest number for the new update like 4.zip and edit version and set from last update to new in this thing it would be 3->4</p>\n<p > </p>\n<p >and dont forget .ZIP!</p>\n<p >greetz</p>\n</div></div></blockquote>\n<p >I try to do as you say, then it is not the same.</p>\n"
        },
        {
            "id": 79636,
            "timestamp": 1373273054,
            "author": {
                "id": null,
                "name": "Guest SmoGG",
                "image": null
            },
            "comment": "<p >Please use Next Time the search func/ktion .. You can find under \"Guide\" an Guide for the launcher</p>"
        },
        {
            "id": 79689,
            "timestamp": 1373312373,
            "author": {
                "id": 11916,
                "name": "kimmaster445",
                "image": null
            },
            "comment": "\n<blockquote data-ipsquote=\"\" class=\"ipsQuote\" data-ipsquote-contentcommentid=\"79636\" data-ipsquote-contentapp=\"forums\" data-ipsquote-contenttype=\"forums\" data-ipsquote-contentclass=\"forums_Topic\" data-ipsquote-contentid=\"10427\" data-ipsquote-username=\"SmoGG\" data-cite=\"SmoGG\" data-ipsquote-timestamp=\"1373273054\" ><div ><div ><p >Please use Next Time the search func/ktion .. You can find under \"Guide\" an Guide for the launcher</p></div></div></blockquote>\n<p >thank i can do it</p>\n"
        },
        {
            "id": 79834,
            "timestamp": 1373388233,
            "author": {
                "id": null,
                "name": "Guest SmoGG",
                "image": null
            },
            "comment": "<p >[warn=Change the Tag !!]-- This Topic will be Closed at 12.08.2013, 16:00 (dd.mm.yyyy hh:mm) [German Time];<br />If no1 change the Tag to \"SOLVED\" !! --[/warn]</p>"
        },
        {
            "id": 87459,
            "timestamp": 1379785028,
            "author": {
                "id": null,
                "name": "Guest Johnny5",
                "image": null
            },
            "comment": "<p >Moderator closed because: Solved i guess -Mendozza</p>"
        }
    ]
}