{
    "meta": {
        "threadId": 10432,
        "threadName": "question about mysql and c#",
        "dateCreated": "2013-07-08T13:03:29+0000",
        "datePublished": "2013-07-08T13:03:29+0000",
        "pageCount": 1,
        "originalUrl": "https://lckb.dev/forum/index.php?/topic/10432-question-about-mysql-and-c/",
        "authorId": 13172,
        "position": [
            {
                "@type": "ListItem",
                "position": 1,
                "item": {
                    "@id": "https://lckb.dev/forum/index.php?/forum/272-programmers-gateway/",
                    "name": "Programmers Gateway"
                }
            },
            {
                "@type": "ListItem",
                "position": 2,
                "item": {
                    "@id": "https://lckb.dev/forum/index.php?/forum/79-coders-talk/",
                    "name": "Coders Talk"
                }
            }
        ]
    },
    "commentData": [
        {
            "id": 79666,
            "timestamp": 1373288609,
            "author": {
                "id": 13172,
                "name": "soryjero",
                "image": null
            },
            "comment": "\n<p >hello,</p>\n<p > </p>\n<p >i am coding a tool and i would like how to get records from a table.</p>\n<p > </p>\n<p >i have been \"googling\" and i have found this structure:</p>\n<p > </p>\n<blockquote data-ipsquote=\"\" class=\"ipsQuote\" ><div >\n<p > </p>\n<p ><span >SqlConnection sqlconn = <a href=\"https://www.google.com/search?q=new+msdn.microsoft.com\" rel=\"external nofollow\" ><span >new</span></a> SqlConnection<span >(</span>connectionStr<span >)</span>;<br />SqlCommand sqlcomm = <a href=\"https://www.google.com/search?q=new+msdn.microsoft.com\" rel=\"external nofollow\" ><span >new</span></a> SqlCommand<span >(</span><span >\"SELECT * FROM OrderDetail\"</span>, sqlconn<span >)</span>;<br />SqlDataReader reader = sqlcomm.<span >ExecuteReader</span><span >(</span><span >)</span>;<br /><br /><span >const</span> <span >int</span> UNITPRICE = <span >0</span>;<br /><span >const</span> <span >int</span> QUANTITY = <span >1</span>;<br /><br /><span >while</span> <span >(</span>reader.<span >Read</span><span >(</span><span >)</span><span >)</span><br /><span >{</span><br />    <span >float</span> unitPrice = reader.<span >getFloat</span><span >(</span>UNITPRICE<span >)</span>;<br />    <span >int</span> quantity = reader.<span >getInt</span><span >(</span>QUANTITY<span >)</span>;<br /><br />    <span >// Do whatever with the values.</span><br /><span >}</span><br /><br />reader.<span >Dispose</span><span >(</span><span >)</span>;<br />sqlcomm.<span >Dispose</span><span >(</span><span >)</span>;<br />sqlconn.<span >Dispose</span><span >(</span><span >)</span>;</span></p>\n</div></blockquote>\n<p > </p>\n<p >but i dont know if it works and of course, i wouldnt like to work on it and finally, it doesnt work. so i would like you could help me.</p>\n<p > </p>\n<p >thanks in advance.</p>\n<p > </p>\n<p >P.S. if there is another method easier than i have found, please tell me or if this method is good and i have to modify it tell me too please</p>\n\n\n\t\t\t\n\t\t\t\t\n\n<span class=\"ipsType_reset ipsType_medium ipsType_light\" data-excludequote=\"None\" >\n\t<strong >Edited <time datetime=\"2013-07-09T09:59:26Z\" title=\"07/09/2013 09:59  AM\" data-short=\"7 yr\" >July 9, 2013</time> by soryjero</strong>\n\t\n\t\n</span>\n\t\t\t\n\t\t</div>"
        },
        {
            "id": 79682,
            "timestamp": 1373304222,
            "author": {
                "id": 919,
                "name": "someone",
                "image": null
            },
            "comment": "\n<p >Suggest using   <span >MySqlClient</span>, instead of SqlClient (since SqlClient is for MSSQL)</p>\n<p > </p>\n<p >You first need to get the Mysql Connector  from this site:</p>\n<p ><a href=\"https://dev.mysql.com/downloads/connector/net/6.7.html\" rel=\"external nofollow\" >http://dev.mysql.com/downloads/connector/net/6.7.html</a></p>\n<p > </p>\n<p >Install it: Then start your VC# - >RightClick on your project ->Add reference->.NET->Mysql.Data->OK</p>\n<p > </p>\n<p >The connection string is this:</p>\n<pre class=\"ipsCode prettyprint\" >server=YourMysqlServer;database=YourDB;uid=YourMysqlUser;password=YourMysqlUserPassword</pre>\n<p >Your code:</p>\n<pre class=\"ipsCode prettyprint\" >using MySql.Data.MySqlClient;\n...\nstring dbServer = \"127.0.0.1\";\nstring dBase = \"testdb\";\nstring dbuser = \"root\";\nstring dbPass = \"test\";\n...\ntry{\n    //Connecting to  mysql\n    string strConnection = string.Format(\"server={0};database={1};uid={2};password={3}\", dbServer, dBase, dbuser, dbPass);\n    MySqlConnection dbConnerction = new MySqlConnection(strConnection);\n    dbConnerction.Open();\n\n    //executing a query\n    string query  = \"SELECT * FROM test_table\";\n    MySqlCommand dbCommand = new MySqlCommand(query, dbConnerction);\n    MySqlDataReader dbReader = dbCommand.ExecuteReader();\n\n    //Reading the data\n    while (dbReader.Read()){\n          string stuff = dbReader[\"test_column1\"].ToString();\n          float f= dbReader.GetFloat(\"test_column2\");\n    }\n\n    //closing the reader\n    dbReader.Close();\n    dbCommand.Dispose();\n\n    //Close the connection\n    dbConnerction.Close();\n}catch (Exception ex){\n                MessageBox.Show(ex.Message, \"SQL ERROR\");\n}</pre>\n<p >You can use OleDb  or ODBC if you want to connect to the MySql as a alternative.</p>\n"
        },
        {
            "id": 79688,
            "timestamp": 1373309567,
            "author": {
                "id": 2,
                "name": "Wizatek",
                "image": null
            },
            "comment": "\n<p >While coding the emulator i noticed that in case of a exception the mysql connection doesnt close in a try catch block.</p>\n<p >And eventually will flood the connection pool.</p>\n<p >I suggest to work like this</p>\n<p > </p>\n<p ></p>\n<pre class=\"ipsCode prettyprint lang-auto linenums:0\" >\nusing(MySqlConnection dbConnerction = new MySqlConnection(strConnection))\n{\n    dbConnerction.Open();\n\n    //executing a query\n    string query  = \"SELECT * FROM test_table\";\n    MySqlCommand dbCommand = new MySqlCommand(query, dbConnerction);\n    MySqlDataReader dbReader = dbCommand.ExecuteReader();\n\n    //Reading the data\n    while (dbReader.Read()){\n          string stuff = dbReader[\"test_column1\"].ToString();\n          float f= dbReader.GetFloat(\"test_column2\");\n    }\n\n}\n</pre>This way everything inside the using block will always get disposed when leaving the using block. "
        },
        {
            "id": 79700,
            "timestamp": 1373320991,
            "author": {
                "id": 13172,
                "name": "soryjero",
                "image": null
            },
            "comment": "\n<p >thanks guys. tomorrow i will try it and if i get it i will notice here.</p>\n<p > </p>\n<p >thanks :)</p>\n"
        },
        {
            "id": 79736,
            "timestamp": 1373363927,
            "author": {
                "id": 13172,
                "name": "soryjero",
                "image": null
            },
            "comment": "\n<p >works perfectly.</p>\n<p > </p>\n<p >thanks again guys :)</p>\n<p > </p>\n<p >#solved</p>\n"
        }
    ]
}