{
    "meta": {
        "threadId": 10446,
        "threadName": "[Solved]Got a Problem with some potions/effect",
        "dateCreated": "2013-07-09T12:37:41+0000",
        "datePublished": "2013-07-09T12:37:41+0000",
        "pageCount": 1,
        "originalUrl": "https://lckb.dev/forum/index.php?/topic/10446-solvedgot-a-problem-with-some-potionseffect/",
        "authorId": 11986,
        "position": [
            {
                "@type": "ListItem",
                "position": 1,
                "item": {
                    "@id": "https://lckb.dev/forum/index.php?/forum/100-guides-help-section/",
                    "name": "Guides &amp; Help Section"
                }
            },
            {
                "@type": "ListItem",
                "position": 2,
                "item": {
                    "@id": "https://lckb.dev/forum/index.php?/forum/335-help-support/",
                    "name": "Help &amp; Support"
                }
            },
            {
                "@type": "ListItem",
                "position": 3,
                "item": {
                    "@id": "https://lckb.dev/forum/index.php?/forum/44-ep1-support/",
                    "name": "Ep1 Support"
                }
            },
            {
                "@type": "ListItem",
                "position": 4,
                "item": {
                    "@id": "https://lckb.dev/forum/index.php?/forum/135-solved-topics/",
                    "name": "Solved Topics"
                }
            }
        ]
    },
    "commentData": [
        {
            "id": 79761,
            "timestamp": 1373373461,
            "author": {
                "id": 11986,
                "name": "SnowFox",
                "image": null
            },
            "comment": "\n<p >First of all i like to say i wasnt enable to find a topic about the same kind of problem.</p>\n<p > </p>\n<p >My idea was to copy the following item:</p>\n<ul ><li >Platinum Blessed Iris</li>\n<li >Experience Booster</li>\n<li >HP Steal</li>\n<li >MP Steal</li>\n</ul><p >So i changed the flagg of the items so they cannot be sold or trade or even dropped. And i changed the names of it since they will be seen as a completely new item.</p>\n<p > </p>\n<p >My problem is now that i made a copy of those certain kind of items but they dont work anymore now. Even that they are 100% a copy of old (Same skill id etc) they just dont work anymore.</p>\n<p > </p>\n<p >I tryed to look in the database and checked every line table of those items and they are the same.</p>\n<p > </p>\n<p >Does somebody know what i forgot to do or change?</p>\n\n\n\t\t\t\n\t\t\t\t\n\n<span class=\"ipsType_reset ipsType_medium ipsType_light\" data-excludequote=\"None\" >\n\t<strong >Edited <time datetime=\"2013-07-10T21:22:15Z\" title=\"07/10/2013 09:22  PM\" data-short=\"7 yr\" >July 10, 2013</time> by ArrowOfDead</strong>\n\t\n\t\n</span>\n\t\t\t\n\t\t</div>"
        },
        {
            "id": 79771,
            "timestamp": 1373378481,
            "author": {
                "id": null,
                "name": "Guest SmoGG",
                "image": null
            },
            "comment": "<p >Only one Question ... For what do you copy the Items ?</p>"
        },
        {
            "id": 79777,
            "timestamp": 1373379083,
            "author": {
                "id": 17432,
                "name": "Nymphetamine",
                "image": null
            },
            "comment": "\n<blockquote data-ipsquote=\"\" class=\"ipsQuote\" data-ipsquote-contentcommentid=\"79771\" data-ipsquote-contentapp=\"forums\" data-ipsquote-contenttype=\"forums\" data-ipsquote-contentclass=\"forums_Topic\" data-ipsquote-contentid=\"10446\" data-ipsquote-username=\"SmoGG\" data-cite=\"SmoGG\" data-ipsquote-timestamp=\"1373378481\" ><div ><div ><p >Only one Question ... For what do you copy the Items ?</p></div></div></blockquote>\n<p >Basically he copied one Experience booster for example ,and then change the flag of the copied one for make it not tradeable.</p>\n<p >The result should be 1 Item expb tradeable,and 1 item expb not tradeable.</p>\n"
        },
        {
            "id": 79889,
            "timestamp": 1373394792,
            "author": {
                "id": 11986,
                "name": "SnowFox",
                "image": null
            },
            "comment": "\n<p >Its what Nymphetamine says i  made a copy of experience booster and changed the name in newbie experience booster to show the difference.</p>\n<p >Then i changed the flagg of it so its not tradable and dropable.</p>\n<p > </p>\n<p >This is for new players what they get with a quest at the start once. To avoid that they just make new characters to get the free boosters.</p>\n<p >So that works but what doesnt work is the effect of the booster etc.</p>\n<p > </p>\n<p >Its activates the booster etc but when i kill a monster the effect isnt used.</p>\n<p >This is same story with the hp and mp stealer and the pbi. It show up you use it but the effect what it must do isnt working.</p>\n<p > </p>\n<p >No extra exp you dont steal the life from mobs/players its just a silly icon now in the top.</p>\n<p > </p>\n<p >I hope i explained  it good enough. If more info is needed i give you.</p>\n"
        },
        {
            "id": 79929,
            "timestamp": 1373397270,
            "author": {
                "id": 8659,
                "name": "BayBay",
                "image": null
            },
            "comment": "\n<blockquote data-ipsquote=\"\" class=\"ipsQuote\" data-ipsquote-contentcommentid=\"79889\" data-ipsquote-contentapp=\"forums\" data-ipsquote-contenttype=\"forums\" data-ipsquote-contentclass=\"forums_Topic\" data-ipsquote-contentid=\"10446\" data-ipsquote-username=\"ArrowOfDead\" data-cite=\"ArrowOfDead\" data-ipsquote-timestamp=\"1373394792\" ><div ><div >\n<p >Its what Nymphetamine says i  made a copy of experience booster and changed the name in newbie experience booster to show the difference.</p>\n<p >Then i changed the flagg of it so its not tradable and dropable.</p>\n<p > </p>\n<p >This is for new players what they get with a quest at the start once. To avoid that they just make new characters to get the free boosters.</p>\n<p >So that works but what doesnt work is the effect of the booster etc.</p>\n<p > </p>\n<p >Its activates the booster etc but when i kill a monster the effect isnt used.</p>\n<p >This is same story with the hp and mp stealer and the pbi. It show up you use it but the effect what it must do isnt working.</p>\n<p > </p>\n<p >No extra exp you dont steal the life from mobs/players its just a silly icon now in the top.</p>\n<p > </p>\n<p >I hope i explained  it good enough. If more info is needed i give you.</p>\n</div></div></blockquote>\n<p >did u update both t_item in DB and ItemALL_usa.lod in client? ??</p>\n<p > </p>\n<p > </p>\n<p >P.S: i dont think u have to change the flag tho just change something in another place</p>\n\n\n\t\t\t\n\t\t\t\t\n\n<span class=\"ipsType_reset ipsType_medium ipsType_light\" data-excludequote=\"None\" >\n\t<strong >Edited <time datetime=\"2013-07-09T19:15:30Z\" title=\"07/09/2013 07:15  PM\" data-short=\"7 yr\" >July 9, 2013</time> by Curious</strong>\n\t\n\t\n</span>\n\t\t\t\n\t\t</div>"
        },
        {
            "id": 79951,
            "timestamp": 1373400056,
            "author": {
                "id": 11986,
                "name": "SnowFox",
                "image": null
            },
            "comment": "\n<blockquote data-ipsquote=\"\" class=\"ipsQuote\" data-ipsquote-contentcommentid=\"79929\" data-ipsquote-contentapp=\"forums\" data-ipsquote-contenttype=\"forums\" data-ipsquote-contentclass=\"forums_Topic\" data-ipsquote-contentid=\"10446\" data-ipsquote-username=\"Curious\" data-cite=\"Curious\" data-ipsquote-timestamp=\"1373397270\" ><div ><div >\n<p >did u update both t_item in DB and ItemALL_usa.lod in client? ??</p>\n<p > </p>\n<p > </p>\n<p >P.S: i dont think u have to change the flag tho just change something in another place</p>\n</div></div></blockquote>\n<p > </p>\n<p >Yes i did it.</p>\n<p >It appears ingame etc the items but when i lets say activate the experience booster it turn on.</p>\n<p >But when i kill a mob it stay on. I dont get the extra exp boost.</p>\n<p > </p>\n<p >And yeah since i copy the item from original it has the same magic id and level etc.</p>\n\n\n\t\t\t\n\t\t\t\t\n\n<span class=\"ipsType_reset ipsType_medium ipsType_light\" data-excludequote=\"None\" >\n\t<strong >Edited <time datetime=\"2013-07-09T20:01:25Z\" title=\"07/09/2013 08:01  PM\" data-short=\"7 yr\" >July 9, 2013</time> by ArrowOfDead</strong>\n\t\n\t\n</span>\n\t\t\t\n\t\t</div>"
        },
        {
            "id": 79952,
            "timestamp": 1373400116,
            "author": {
                "id": 17432,
                "name": "Nymphetamine",
                "image": null
            },
            "comment": "\n<blockquote data-ipsquote=\"\" class=\"ipsQuote\" data-ipsquote-contentcommentid=\"79929\" data-ipsquote-contentapp=\"forums\" data-ipsquote-contenttype=\"forums\" data-ipsquote-contentclass=\"forums_Topic\" data-ipsquote-contentid=\"10446\" data-ipsquote-username=\"Curious\" data-cite=\"Curious\" data-ipsquote-timestamp=\"1373397270\" ><div ><div >\n<p >did u update both t_item in DB and ItemALL_usa.lod in client? ??</p>\n<p > </p>\n<p > </p>\n<p >P.S: i dont think u have to change the flag tho just change something in another place</p>\n</div></div></blockquote>\n<p >Did you read what he said?</p>\n<p >He dont want to just change something in another place.</p>\n<p >He want make them not tradeable,no storable,and not sellable.</p>\n<p >So yeah u have to edit flag.</p>\n"
        },
        {
            "id": 80059,
            "timestamp": 1373486784,
            "author": {
                "id": 201,
                "name": "Wrong",
                "image": null
            },
            "comment": "<p >Those are specific items which are in the GS (also the amount of exp they give) so you cant just copy them because they wont work, if you want them to be non tradeable just edit the flags from the existing ones but you can make new ones :/</p>"
        },
        {
            "id": 80072,
            "timestamp": 1373491202,
            "author": {
                "id": 11986,
                "name": "SnowFox",
                "image": null
            },
            "comment": "\n<blockquote data-ipsquote=\"\" class=\"ipsQuote\" data-ipsquote-contentcommentid=\"80059\" data-ipsquote-contentapp=\"forums\" data-ipsquote-contenttype=\"forums\" data-ipsquote-contentclass=\"forums_Topic\" data-ipsquote-contentid=\"10446\" data-ipsquote-username=\"Wrong\" data-cite=\"Wrong\" data-ipsquote-timestamp=\"1373486784\" ><div ><div ><p >Those are specific items which are in the GS (also the amount of exp they give) so you cant just copy them because they wont work, if you want them to be non tradeable just edit the flags from the existing ones but you can make new ones :/</p></div></div></blockquote>\n<p > </p>\n<p >Oke thanks then i give up with trying to make one.</p>\n<p > </p>\n<p >I will look for something else then.</p>\n<p > </p>\n<p >Topic can be closed. Problem is not solved but it cannot be fixed.</p>\n\n\n\t\t\t\n\t\t\t\t\n\n<span class=\"ipsType_reset ipsType_medium ipsType_light\" data-excludequote=\"None\" >\n\t<strong >Edited <time datetime=\"2013-07-10T21:21:21Z\" title=\"07/10/2013 09:21  PM\" data-short=\"7 yr\" >July 10, 2013</time> by ArrowOfDead</strong>\n\t\n\t\n</span>\n\t\t\t\n\t\t</div>"
        }
    ]
}