{
    "meta": {
        "threadId": 1046,
        "threadName": "Question about client updating",
        "dateCreated": "2011-10-14T13:18:04+0000",
        "datePublished": "2011-10-14T13:18:04+0000",
        "pageCount": 1,
        "originalUrl": "https://lckb.dev/forum/index.php?/topic/1046-question-about-client-updating/",
        "authorId": null,
        "position": [
            {
                "@type": "ListItem",
                "position": 1,
                "item": {
                    "@id": "https://lckb.dev/forum/index.php?/forum/271-general-section/",
                    "name": "General Section"
                }
            },
            {
                "@type": "ListItem",
                "position": 2,
                "item": {
                    "@id": "https://lckb.dev/forum/index.php?/forum/259-general-discussion/",
                    "name": "General Discussion"
                }
            }
        ]
    },
    "commentData": [
        {
            "id": 8577,
            "timestamp": 1318598284,
            "author": {
                "id": null,
                "name": "Guest BouletteBill",
                "image": null
            },
            "comment": "\n<p >Hello community :)</p>\n<p > </p>\n<p >I have a question about client upgrading versus LCU.exe updater.</p>\n<p > </p>\n<p >For now, LCU.exe indicates that the current version of my client is 1185.</p>\n<p > </p>\n<p > </p>\n<p >Do you think it would be better if I make the upgrade to version 1279?</p>\n"
        },
        {
            "id": 8580,
            "timestamp": 1318600765,
            "author": {
                "id": null,
                "name": "Guest megachombas",
                "image": null
            },
            "comment": "<p >how the hell your client would be 1185, as original client that was updated by som3one was already in 1279, and all current versions have been built on that version?</p>"
        },
        {
            "id": 8583,
            "timestamp": 1318602473,
            "author": {
                "id": null,
                "name": "Guest BouletteBill",
                "image": null
            },
            "comment": "\n<p >:confused: :rolleyes: :confused: When I open <strong >LCU.exe</strong>, it say :</p>\n<p > </p>\n<p ></p>\n<div style=\"text-align:center;\" ><img alt=\"0aHXE.png\" src=\"https://i.imgur.com/0aHXE.png\" /></div>\n<p ></p>\n<p ></p>\n<p > </p>\n<p > </p>\n<p >I used client included in this pack --> <a href=\"http://chaos.wizatek.be/showthread.php?1432-Release-Starter-Pack\" rel=\"external nofollow\" >http://chaos.wizatek.be/showthread.php?1432-Release-Starter-Pack</a></p>\n"
        }
    ]
}