{
    "meta": {
        "threadId": 10472,
        "threadName": "New ENTER PAGE",
        "dateCreated": "2013-07-10T21:02:22+0000",
        "datePublished": "2013-07-10T21:02:22+0000",
        "pageCount": 1,
        "originalUrl": "https://lckb.dev/forum/index.php?/topic/10472-new-enter-page/",
        "authorId": 13668,
        "position": [
            {
                "@type": "ListItem",
                "position": 1,
                "item": {
                    "@id": "https://lckb.dev/forum/index.php?/forum/40-website-scripting-security/",
                    "name": "Website Scripting &amp; Security"
                }
            },
            {
                "@type": "ListItem",
                "position": 2,
                "item": {
                    "@id": "https://lckb.dev/forum/index.php?/forum/368-website-releases/",
                    "name": "Website Releases"
                }
            },
            {
                "@type": "ListItem",
                "position": 3,
                "item": {
                    "@id": "https://lckb.dev/forum/index.php?/forum/306-ep2-websites/",
                    "name": "Ep2 Websites"
                }
            }
        ]
    },
    "commentData": [
        {
            "id": 80068,
            "timestamp": 1373490142,
            "author": {
                "id": 13668,
                "name": "Stan",
                "image": null
            },
            "comment": "\n<p >Hello guys I bring one of my entries for last chaos comes in the form of. Psd if you want to make some changes to it.</p>\n<p > </p>\n<p ><a href=\"https://imageshack.us/photo/my-images/801/1o86.png/\" rel=\"external nofollow\" >http://i.imgur.com/aYE0EpA.jpg</a><br /><br /><a href=\"https://www.mediafire.com/download/h1qxtol5zl34tou/ENTER-PAGE-BY-STAN.rar\" rel=\"external nofollow\" >http://www.mediafire.com/download/h1qxtol5zl34tou/ENTER-PAGE-BY-STAN.rar</a><br /> </p>\n\n\n\t\t\t\n\t\t\t\t\n\n<span class=\"ipsType_reset ipsType_medium ipsType_light\" data-excludequote=\"None\" >\n\t<strong >Edited <time datetime=\"2013-07-12T23:45:11Z\" title=\"07/12/2013 11:45  PM\" data-short=\"7 yr\" >July 12, 2013</time> by DrGenius</strong>\n\t\n\t\t<br >edit by DrGenius: to change image link.\n\t\n\t\n</br></span>\n\t\t\t\n\t\t</div>"
        },
        {
            "id": 80077,
            "timestamp": 1373494173,
            "author": {
                "id": 13529,
                "name": "DrGenius",
                "image": null
            },
            "comment": "<p >please post some screen like that people will know what they will download</p>"
        },
        {
            "id": 80439,
            "timestamp": 1373667840,
            "author": {
                "id": 5574,
                "name": "Douglas Farias",
                "image": null
            },
            "comment": "<p >hmmm not bad =)</p>"
        },
        {
            "id": 80440,
            "timestamp": 1373668346,
            "author": {
                "id": 17432,
                "name": "Nymphetamine",
                "image": null
            },
            "comment": "<p >Screen not working for me.</p>"
        },
        {
            "id": 80441,
            "timestamp": 1373668498,
            "author": {
                "id": 307,
                "name": "ReturnKratos",
                "image": null
            },
            "comment": "\n<blockquote data-ipsquote=\"\" class=\"ipsQuote\" data-ipsquote-contentcommentid=\"80440\" data-ipsquote-contentapp=\"forums\" data-ipsquote-contenttype=\"forums\" data-ipsquote-contentclass=\"forums_Topic\" data-ipsquote-contentid=\"10472\" data-ipsquote-username=\"Nymphetamine\" data-cite=\"Nymphetamine\" data-ipsquote-timestamp=\"1373668346\" ><div ><div ><p >Screen not working for me.</p></div></div></blockquote>\n<p >For me the same.</p>\n\n\n\t\t\t\n\t\t\t\t\n\n<span class=\"ipsType_reset ipsType_medium ipsType_light\" data-excludequote=\"None\" >\n\t<strong >Edited <time datetime=\"2013-07-12T22:38:53Z\" title=\"07/12/2013 10:38  PM\" data-short=\"7 yr\" >July 12, 2013</time> by ReturnKratos</strong>\n\t\n\t\n</span>\n\t\t\t\n\t\t</div>"
        },
        {
            "id": 80442,
            "timestamp": 1373668673,
            "author": {
                "id": 17432,
                "name": "Nymphetamine",
                "image": null
            },
            "comment": "\n<blockquote data-ipsquote=\"\" class=\"ipsQuote\" data-ipsquote-contentcommentid=\"80441\" data-ipsquote-contentapp=\"forums\" data-ipsquote-contenttype=\"forums\" data-ipsquote-contentclass=\"forums_Topic\" data-ipsquote-contentid=\"10472\" data-ipsquote-username=\"ReturnKratos\" data-cite=\"ReturnKratos\" data-ipsquote-timestamp=\"1373668498\" ><div ><div >\n<p > </p>\n<blockquote data-ipsquote=\"\" class=\"ipsQuote\" data-ipsquote-contentcommentid=\"80440\" data-ipsquote-contentapp=\"forums\" data-ipsquote-contenttype=\"forums\" data-ipsquote-contentclass=\"forums_Topic\" data-ipsquote-contentid=\"10472\" data-ipsquote-username=\"Nymphetamine\" data-cite=\"Nymphetamine\" data-ipsquote-timestamp=\"1373668346\" ><div ><div ><p >Screen not working for me.</p></div></div></blockquote>\n<p > </p>\n</div></div></blockquote>\n<p >I wont download something that i have never seen :o</p>\n"
        }
    ]
}