{
    "meta": {
        "threadId": 10479,
        "threadName": "World Editor Add things",
        "dateCreated": "2013-07-11T12:00:07+0000",
        "datePublished": "2013-07-11T12:00:07+0000",
        "pageCount": 1,
        "originalUrl": "https://lckb.dev/forum/index.php?/topic/10479-world-editor-add-things/",
        "authorId": 2167,
        "position": [
            {
                "@type": "ListItem",
                "position": 1,
                "item": {
                    "@id": "https://lckb.dev/forum/index.php?/forum/100-guides-help-section/",
                    "name": "Guides &amp; Help Section"
                }
            },
            {
                "@type": "ListItem",
                "position": 2,
                "item": {
                    "@id": "https://lckb.dev/forum/index.php?/forum/335-help-support/",
                    "name": "Help &amp; Support"
                }
            },
            {
                "@type": "ListItem",
                "position": 3,
                "item": {
                    "@id": "https://lckb.dev/forum/index.php?/forum/44-ep1-support/",
                    "name": "Ep1 Support"
                }
            },
            {
                "@type": "ListItem",
                "position": 4,
                "item": {
                    "@id": "https://lckb.dev/forum/index.php?/forum/135-solved-topics/",
                    "name": "Solved Topics"
                }
            }
        ]
    },
    "commentData": [
        {
            "id": 80109,
            "timestamp": 1373544007,
            "author": {
                "id": 2167,
                "name": "dethunter12",
                "image": null
            },
            "comment": "<p >hey i was wondering how do i add new things with the world editor i see people have gates how would i add them sorry im a lil new to this world editor i know some stuff like remove blockzone and delete stuff but thats about it.</p>\n\n\t\t\t\n\t\t\t\t\n\n<span class=\"ipsType_reset ipsType_medium ipsType_light\" data-excludequote=\"None\" >\n\t<strong >Edited <time datetime=\"2013-07-11T14:22:58Z\" title=\"07/11/2013 02:22  PM\" data-short=\"7 yr\" >July 11, 2013</time> by dethunter12</strong>\n\t\n\t\n</span>\n\t\t\t\n\t\t</div>"
        },
        {
            "id": 80120,
            "timestamp": 1373548577,
            "author": {
                "id": 201,
                "name": "Wrong",
                "image": null
            },
            "comment": "<p >go to folder Classes, select \"modelholder3\" and drag it to the map, then in the right menu search for the smc option and select the model you want</p>"
        },
        {
            "id": 80131,
            "timestamp": 1373552558,
            "author": {
                "id": 2167,
                "name": "dethunter12",
                "image": null
            },
            "comment": "<p >thanks solved </p>"
        },
        {
            "id": 80133,
            "timestamp": 1373552722,
            "author": {
                "id": 2016,
                "name": "pwesty",
                "image": null
            },
            "comment": "<p >you can also goto edit browse window(if its not on the left) goto entities right click any black area click insert items, then goto modelholder3, its easier that way instead of constantly dragging modelholder3 from the classes folder ^^, it does get removed when close out the editor ^^</p>\n\n\t\t\t\n\t\t\t\t\n\n<span class=\"ipsType_reset ipsType_medium ipsType_light\" data-excludequote=\"None\" >\n\t<strong >Edited <time datetime=\"2013-07-11T14:26:08Z\" title=\"07/11/2013 02:26  PM\" data-short=\"7 yr\" >July 11, 2013</time> by pwesty</strong>\n\t\n\t\n</span>\n\t\t\t\n\t\t</div>"
        },
        {
            "id": 80137,
            "timestamp": 1373555030,
            "author": {
                "id": 15306,
                "name": "Noizy",
                "image": null
            },
            "comment": "<p >or in editor go to BasicEntities and insert item :)</p>"
        }
    ]
}