{
    "meta": {
        "threadId": 10485,
        "threadName": "Start Navicat on root server",
        "dateCreated": "2013-07-11T19:28:36+0000",
        "datePublished": "2013-07-11T19:28:36+0000",
        "pageCount": 1,
        "originalUrl": "https://lckb.dev/forum/index.php?/topic/10485-start-navicat-on-root-server/",
        "authorId": 17148,
        "position": [
            {
                "@type": "ListItem",
                "position": 1,
                "item": {
                    "@id": "https://lckb.dev/forum/index.php?/forum/100-guides-help-section/",
                    "name": "Guides &amp; Help Section"
                }
            },
            {
                "@type": "ListItem",
                "position": 2,
                "item": {
                    "@id": "https://lckb.dev/forum/index.php?/forum/335-help-support/",
                    "name": "Help &amp; Support"
                }
            },
            {
                "@type": "ListItem",
                "position": 3,
                "item": {
                    "@id": "https://lckb.dev/forum/index.php?/forum/120-ep2-support/",
                    "name": "Ep2 Support"
                }
            },
            {
                "@type": "ListItem",
                "position": 4,
                "item": {
                    "@id": "https://lckb.dev/forum/index.php?/forum/134-solved-topics/",
                    "name": "Solved Topics"
                }
            }
        ]
    },
    "commentData": [
        {
            "id": 80205,
            "timestamp": 1373570916,
            "author": {
                "id": 17148,
                "name": "WorldOfWars",
                "image": null
            },
            "comment": "\n<p >Hey guys,</p>\n<p > </p>\n<p >i want to know how i can start navicat on root server without graphic interface.</p>\n\n\n\t\t\t\n\t\t\t\t\n\n<span class=\"ipsType_reset ipsType_medium ipsType_light\" data-excludequote=\"None\" >\n\t<strong >Edited <time datetime=\"2013-07-12T17:35:25Z\" title=\"07/12/2013 05:35  PM\" data-short=\"7 yr\" >July 12, 2013</time> by WorldOfWars</strong>\n\t\n\t\n</span>\n\t\t\t\n\t\t</div>"
        },
        {
            "id": 80213,
            "timestamp": 1373572019,
            "author": {
                "id": 201,
                "name": "Wrong",
                "image": null
            },
            "comment": "\n<p >To install: yum install mysql-server</p>\n<p >To start it: service mysqld start</p>\n"
        },
        {
            "id": 80216,
            "timestamp": 1373572171,
            "author": {
                "id": 15306,
                "name": "Noizy",
                "image": null
            },
            "comment": "<p >why start in root server when u can use SSH Tunnel and start on own PC ? </p>"
        },
        {
            "id": 80224,
            "timestamp": 1373573836,
            "author": {
                "id": 17148,
                "name": "WorldOfWars",
                "image": null
            },
            "comment": "<p >SSH Tunel? I get database on my computer and work on the server?</p>"
        },
        {
            "id": 80228,
            "timestamp": 1373574533,
            "author": {
                "id": 15306,
                "name": "Noizy",
                "image": null
            },
            "comment": "<p >no, database at root but u can connect them and edit from your pc</p>"
        },
        {
            "id": 80229,
            "timestamp": 1373575248,
            "author": {
                "id": 17148,
                "name": "WorldOfWars",
                "image": null
            },
            "comment": "\n<p >I do it? But idk why this message</p>\n<p > </p>\n<p ><a href=\"http://www.hostingpics.net/viewer.php?id=165790bug.png\" rel=\"external nofollow\" ><img alt=\"165790bug.png\" src=\"http://img15.hostingpics.net/pics/165790bug.png\" /></a></p>\n"
        },
        {
            "id": 80234,
            "timestamp": 1373578272,
            "author": {
                "id": 13172,
                "name": "soryjero",
                "image": null
            },
            "comment": "\n<p >in your root, you have to create an user that allows connect from any connection. for that you have to introduce an % in ip text.</p>\n<p >then you can connect to it introducing root ip in general tab in your pc.</p>\n<p > </p>\n<p >at least, i do this to connect to vmware in my pc</p>\n\n\n\t\t\t\n\t\t\t\t\n\n<span class=\"ipsType_reset ipsType_medium ipsType_light\" data-excludequote=\"None\" >\n\t<strong >Edited <time datetime=\"2013-07-11T21:32:36Z\" title=\"07/11/2013 09:32  PM\" data-short=\"7 yr\" >July 11, 2013</time> by soryjero</strong>\n\t\n\t\n</span>\n\t\t\t\n\t\t</div>"
        },
        {
            "id": 80235,
            "timestamp": 1373578526,
            "author": {
                "id": 17148,
                "name": "WorldOfWars",
                "image": null
            },
            "comment": "\n<p >Can you say me what i need write in the ip text?</p>\n<p > </p>\n<p >EDIT: </p>\t\t\t\t<div style=\"margin:0px;font-size:1em;\" >\t\t\t\t<div style=\"margin:0px;font-size:1em;\" >ssh -L3336:<smartmachine-private-ip >:3306 -N <a href=\"/cdn-cgi/l/email-protection\" class=\"__cf_email__\" data-cfemail=\"5c3d383135321c\" >[email protected]</a><smartmachine-hostname ></smartmachine-hostname></smartmachine-private-ip></div>\t\t\t\t<div style=\"margin:0px;font-size:1em;\" > </div>\t\t\t\t<div style=\"margin:0px;font-size:1em;\" >I found it on google, i need to put it?</div>\t\t\t\t</div>\n\n\n\t\t\t\n\t\t\t\t\n\n<span class=\"ipsType_reset ipsType_medium ipsType_light\" data-excludequote=\"None\" >\n\t<strong >Edited <time datetime=\"2013-07-11T21:39:03Z\" title=\"07/11/2013 09:39  PM\" data-short=\"7 yr\" >July 11, 2013</time> by WorldOfWars</strong>\n\t\n\t\n</span>\n\t\t\t\n\t\t</div>"
        },
        {
            "id": 80369,
            "timestamp": 1373650511,
            "author": {
                "id": 17148,
                "name": "WorldOfWars",
                "image": null
            },
            "comment": "<p >SOLVED !</p>"
        }
    ]
}