{
    "meta": {
        "threadId": 10499,
        "threadName": "Error libmysql",
        "dateCreated": "2013-07-12T11:46:56+0000",
        "datePublished": "2013-07-12T11:46:56+0000",
        "pageCount": 1,
        "originalUrl": "https://lckb.dev/forum/index.php?/topic/10499-error-libmysql/",
        "authorId": 17148,
        "position": [
            {
                "@type": "ListItem",
                "position": 1,
                "item": {
                    "@id": "https://lckb.dev/forum/index.php?/forum/100-guides-help-section/",
                    "name": "Guides &amp; Help Section"
                }
            },
            {
                "@type": "ListItem",
                "position": 2,
                "item": {
                    "@id": "https://lckb.dev/forum/index.php?/forum/335-help-support/",
                    "name": "Help &amp; Support"
                }
            },
            {
                "@type": "ListItem",
                "position": 3,
                "item": {
                    "@id": "https://lckb.dev/forum/index.php?/forum/120-ep2-support/",
                    "name": "Ep2 Support"
                }
            },
            {
                "@type": "ListItem",
                "position": 4,
                "item": {
                    "@id": "https://lckb.dev/forum/index.php?/forum/134-solved-topics/",
                    "name": "Solved Topics"
                }
            }
        ]
    },
    "commentData": [
        {
            "id": 80298,
            "timestamp": 1373629616,
            "author": {
                "id": 17148,
                "name": "WorldOfWars",
                "image": null
            },
            "comment": "\n<p >Hey guys,</p>\n<p > </p>\n<p >i get this error :</p>\n<p > </p>\n<p ><span style=\"color:#ff0000;\" >./LoginServer_usa : error while loading shared libraries  : libssl.so.6 : wrong ELF class : ELFCLASS64</span></p>\n<p > </p>\n<p >And in game server :</p>\n<p > </p>\n<p ><span style=\"color:#008000;\" >Cannot Load LUCKYDRAWBOX DATA</span></p>\n<p ><span style=\"color:#008000;\" >SETTING ERROR</span></p>\n<p > </p>\n<p >CAN YOU HELP ME PLEASE? :)</p>\n<p > </p>\n<p >Thanks :)</p>\n\n\n\t\t\t\n\t\t\t\t\n\n<span class=\"ipsType_reset ipsType_medium ipsType_light\" data-excludequote=\"None\" >\n\t<strong >Edited <time datetime=\"2013-07-13T21:27:57Z\" title=\"07/13/2013 09:27  PM\" data-short=\"7 yr\" >July 13, 2013</time> by WorldOfWars</strong>\n\t\n\t\n</span>\n\t\t\t\n\t\t</div>"
        },
        {
            "id": 80639,
            "timestamp": 1373741100,
            "author": {
                "id": 17148,
                "name": "WorldOfWars",
                "image": null
            },
            "comment": "<p >Anyone know? :s</p>"
        },
        {
            "id": 80657,
            "timestamp": 1373749016,
            "author": {
                "id": 13529,
                "name": "DrGenius",
                "image": null
            },
            "comment": "\n<p >ok first of all, wait until someone answer you post, dont make double post, also dont make two post for ask the same things, i will give you a warning post this time last time i will ban you for 48 hours.</p>\n<p > </p>\n<p >ok now the help. use this command, yum install libssl.so.6</p>\n"
        },
        {
            "id": 80662,
            "timestamp": 1373750857,
            "author": {
                "id": 17148,
                "name": "WorldOfWars",
                "image": null
            },
            "comment": "\n<p >Mhm ok. </p>\n<p > </p>\n<p >This bug is solved thanks.</p>\n"
        }
    ]
}