{
    "meta": {
        "threadId": 1049,
        "threadName": "problems...",
        "dateCreated": "2011-10-14T19:20:17+0000",
        "datePublished": "2011-10-14T19:20:17+0000",
        "pageCount": 1,
        "originalUrl": "https://lckb.dev/forum/index.php?/topic/1049-problems/",
        "authorId": 1835,
        "position": [
            {
                "@type": "ListItem",
                "position": 1,
                "item": {
                    "@id": "https://lckb.dev/forum/index.php?/forum/271-general-section/",
                    "name": "General Section"
                }
            },
            {
                "@type": "ListItem",
                "position": 2,
                "item": {
                    "@id": "https://lckb.dev/forum/index.php?/forum/259-general-discussion/",
                    "name": "General Discussion"
                }
            }
        ]
    },
    "commentData": [
        {
            "id": 8592,
            "timestamp": 1318620017,
            "author": {
                "id": 1835,
                "name": "robino1996",
                "image": null
            },
            "comment": "\n<p >[video=youtube;JFEsCnzSzu8]<a href=\"https://www.youtube.com/watch?v=JFEsCnzSzu8\" rel=\"external nofollow\" >http://www.youtube.com/watch?v=JFEsCnzSzu8</a> </p>\n<p >video shows my problem -.-</p>\n"
        },
        {
            "id": 8606,
            "timestamp": 1318663112,
            "author": {
                "id": 919,
                "name": "someone",
                "image": null
            },
            "comment": "\n<p >Your using episode 2  client on Episode 1 server, download episode 1 client and it will work.</p>\n<p > </p>\n<p >Episode 1 client v1279 no addittions only patched with IP and Encryption:</p>\n<p ><a href=\"http://www.multiupload.com/IMN0A4DSOZ\" rel=\"external nofollow\" >http://www.multiupload.com/IMN0A4DSOZ</a></p>\n<p ><a href=\"http://www.multiupload.com/CXSTQ5L26W\" rel=\"external nofollow\" >http://www.multiupload.com/CXSTQ5L26W</a></p>\n<p ><a href=\"http://www.multiupload.com/ZPAANQDKU1\" rel=\"external nofollow\" >http://www.multiupload.com/ZPAANQDKU1</a></p>\n<p ><a href=\"http://www.multiupload.com/S8W4IW4TBT\" rel=\"external nofollow\" >http://www.multiupload.com/S8W4IW4TBT</a></p>\n"
        },
        {
            "id": 8608,
            "timestamp": 1318669373,
            "author": {
                "id": 1835,
                "name": "robino1996",
                "image": null
            },
            "comment": "\n<blockquote data-ipsquote=\"\" class=\"ipsQuote\" data-ipsquote-username=\"\\\" data-cite=\"\\\" data-ipsquote-contentapp=\"forums\" data-ipsquote-contenttype=\"forums\" data-ipsquote-contentid=\"1049\" data-ipsquote-contentclass=\"forums_Topic\" ><div >Your using episode 2  client on Episode 1 server, download episode 1 client and it will work.<p > </p>\n<p >Episode 1 client v1279 no addittions only patched with IP and Encryption:</p>\n<p ><a href=\"http://www.multiupload.com/IMN0A4DSOZ\" rel=\"external nofollow\" >http://www.multiupload.com/IMN0A4DSOZ</a></p>\n<p ><a href=\"http://www.multiupload.com/CXSTQ5L26W\" rel=\"external nofollow\" >http://www.multiupload.com/CXSTQ5L26W</a></p>\n<p ><a href=\"http://www.multiupload.com/ZPAANQDKU1\" rel=\"external nofollow\" >http://www.multiupload.com/ZPAANQDKU1</a></p>\n<p ><a href=\"http://www.multiupload.com/S8W4IW4TBT\" rel=\"external nofollow\" >http://www.multiupload.com/S8W4IW4TBT</a></p>\n</div></blockquote>\n<p >i downloaded all these 4 files.. what must i do now with this?</p>\n"
        },
        {
            "id": 8610,
            "timestamp": 1318670287,
            "author": {
                "id": 161,
                "name": "Koko",
                "image": null
            },
            "comment": "<p >Put them together in a folder to make a client ;)</p>"
        },
        {
            "id": 8611,
            "timestamp": 1318671324,
            "author": {
                "id": 1835,
                "name": "robino1996",
                "image": null
            },
            "comment": "\n<p >lol?!</p>\n<p >there are in all 4 folders the same datas??</p>\n"
        },
        {
            "id": 8612,
            "timestamp": 1318672158,
            "author": {
                "id": 161,
                "name": "Koko",
                "image": null
            },
            "comment": "<p >Yup, put everything together :)</p>"
        },
        {
            "id": 8614,
            "timestamp": 1318675531,
            "author": {
                "id": 1835,
                "name": "robino1996",
                "image": null
            },
            "comment": "<p >must i replace the datas???</p>"
        },
        {
            "id": 8652,
            "timestamp": 1318698045,
            "author": {
                "id": 1835,
                "name": "robino1996",
                "image": null
            },
            "comment": "<p >hello??</p>"
        },
        {
            "id": 8654,
            "timestamp": 1318698633,
            "author": {
                "id": 919,
                "name": "someone",
                "image": null
            },
            "comment": "\n<blockquote data-ipsquote=\"\" class=\"ipsQuote\" data-ipsquote-username=\"\\\" data-cite=\"\\\" data-ipsquote-contentapp=\"forums\" data-ipsquote-contenttype=\"forums\" data-ipsquote-contentid=\"1049\" data-ipsquote-contentclass=\"forums_Topic\" ><div >hello??</div></blockquote>\n<p > </p>\n<p >Nope just extract all to a folder, change the IP and port of sl.dta, start the server and you can play.</p>\n"
        },
        {
            "id": 9055,
            "timestamp": 1319366555,
            "author": {
                "id": null,
                "name": "Guest MonarC",
                "image": null
            },
            "comment": "<p >I have a problem for create a guild, here is a screen. [ATTACH=CONFIG]420[/ATTACH]</p>"
        }
    ]
}