{
    "meta": {
        "threadId": 105,
        "threadName": "New forum logo",
        "dateCreated": "2011-07-03T13:58:43+0000",
        "datePublished": "2011-07-03T13:58:43+0000",
        "pageCount": 1,
        "originalUrl": "https://lckb.dev/forum/index.php?/topic/105-new-forum-logo/",
        "authorId": 267,
        "position": [
            {
                "@type": "ListItem",
                "position": 1,
                "item": {
                    "@id": "https://lckb.dev/forum/index.php?/forum/271-general-section/",
                    "name": "General Section"
                }
            },
            {
                "@type": "ListItem",
                "position": 2,
                "item": {
                    "@id": "https://lckb.dev/forum/index.php?/forum/259-general-discussion/",
                    "name": "General Discussion"
                }
            }
        ]
    },
    "commentData": [
        {
            "id": 1160,
            "timestamp": 1309701523,
            "author": {
                "id": 267,
                "name": "SutWick",
                "image": null
            },
            "comment": "\n<p >Hey Wiz was bored so thought id make this for you, not bothered if you want to use it or not took me 10min to make it :p</p>\n<p > </p>\n<p ><img alt=\"vbulletin4_logo.png\" src=\"http://gaz.selfip.net/images/vbulletin4_logo.png\" ></img></p>\n"
        },
        {
            "id": 1161,
            "timestamp": 1309701886,
            "author": {
                "id": 2,
                "name": "Wizatek",
                "image": null
            },
            "comment": "\n<p >Verry nice max!</p>\n<p > </p>\n<p >I dont want to be to much of a pain, but could u make it in png with transparent background, or with the background the same as the header where the current logo is in ? :P.</p>\n<p >Then i most definatly will use it!</p>\n"
        },
        {
            "id": 1163,
            "timestamp": 1309701999,
            "author": {
                "id": 267,
                "name": "SutWick",
                "image": null
            },
            "comment": "<p >It is already ;) I also have the psd if u want it?</p>"
        }
    ]
}