{
    "meta": {
        "threadId": 10503,
        "threadName": "lacaball structure",
        "dateCreated": "2013-07-12T13:40:27+0000",
        "datePublished": "2013-07-12T13:40:27+0000",
        "pageCount": 1,
        "originalUrl": "https://lckb.dev/forum/index.php?/topic/10503-lacaball-structure/",
        "authorId": 13172,
        "position": [
            {
                "@type": "ListItem",
                "position": 1,
                "item": {
                    "@id": "https://lckb.dev/forum/index.php?/forum/100-guides-help-section/",
                    "name": "Guides &amp; Help Section"
                }
            },
            {
                "@type": "ListItem",
                "position": 2,
                "item": {
                    "@id": "https://lckb.dev/forum/index.php?/forum/335-help-support/",
                    "name": "Help &amp; Support"
                }
            },
            {
                "@type": "ListItem",
                "position": 3,
                "item": {
                    "@id": "https://lckb.dev/forum/index.php?/forum/120-ep2-support/",
                    "name": "Ep2 Support"
                }
            },
            {
                "@type": "ListItem",
                "position": 4,
                "item": {
                    "@id": "https://lckb.dev/forum/index.php?/forum/134-solved-topics/",
                    "name": "Solved Topics"
                }
            }
        ]
    },
    "commentData": [
        {
            "id": 80329,
            "timestamp": 1373636427,
            "author": {
                "id": 13172,
                "name": "soryjero",
                "image": null
            },
            "comment": "\n<p >hello, i am trying to get lacaball structure but i cant get it successfully. i cant understand it.</p>\n<p > </p>\n<p ><a href=\"http://grabilla.com/0370c-846278ee-cd88-4756-96e7-57eebf7f6a3d.html\" rel=\"external nofollow\" >http://grabilla.com/0370c-846278ee-cd88-4756-96e7-57eebf7f6a3d.html</a></p>\n<p > </p>\n<p >03 00 00 00 -> number of types</p>\n<p >01 00 00 00 -> type 1</p>\n<p > </p>\n<p >08 00 00 00 -> length of name</p>\n<p > </p>\n<p >after length, its the name</p>\n<p > </p>\n<p >after name,</p>\n<p > </p>\n<p >02 00 00 00 -> i dont know why there is a \"2\"</p>\n<p > </p>\n<p >03 14 00 00 -> id of token. i suposse this is item you need to play this mode</p>\n<p > </p>\n<p >02 00 00 00 -> i dont know why there is a \"2\" neither</p>\n<p > </p>\n<p >01 -> i supposse this indicate first item or first of the three differents modes</p>\n<p > </p>\n<p >04 14 00 00 -> id of gold token. i supposse its the first item.</p>\n<p > </p>\n<p >i am not sure of all i have written, so could anyone help me to complete structure and ensure the part i have written?</p>\n<p > </p>\n<p >thanks in advance</p>\n\n\n\t\t\t\n\t\t\t\t\n\n<span class=\"ipsType_reset ipsType_medium ipsType_light\" data-excludequote=\"None\" >\n\t<strong >Edited <time datetime=\"2013-07-12T21:18:43Z\" title=\"07/12/2013 09:18  PM\" data-short=\"7 yr\" >July 12, 2013</time> by soryjero</strong>\n\t\n\t\n</span>\n\t\t\t\n\t\t</div>"
        },
        {
            "id": 80347,
            "timestamp": 1373640324,
            "author": {
                "id": 2,
                "name": "Wizatek",
                "image": null
            },
            "comment": "\n<p >That file isnt used anymore since lacarette changed to lacaball.</p>\n<p >\nThe lacaball is directly from the database</p>\n"
        },
        {
            "id": 80427,
            "timestamp": 1373662549,
            "author": {
                "id": 13172,
                "name": "soryjero",
                "image": null
            },
            "comment": "\n<p >ok, then its perfect because db structure is so easy.</p>\n<p > </p>\n<p >thanks so much again wiza :)</p>\n"
        },
        {
            "id": 80429,
            "timestamp": 1373663563,
            "author": {
                "id": 2,
                "name": "Wizatek",
                "image": null
            },
            "comment": "\n<p >the lacaball is even live.</p>\n<p >\nOnce u change something in the database its ingame instantly, not even needed to restart the server</p>\n"
        },
        {
            "id": 80431,
            "timestamp": 1373663907,
            "author": {
                "id": 13172,
                "name": "soryjero",
                "image": null
            },
            "comment": "\n<blockquote data-ipsquote=\"\" class=\"ipsQuote\" data-ipsquote-contentcommentid=\"80429\" data-ipsquote-contentapp=\"forums\" data-ipsquote-contenttype=\"forums\" data-ipsquote-contentclass=\"forums_Topic\" data-ipsquote-contentid=\"10503\" data-ipsquote-username=\"Wizatek\" data-cite=\"Wizatek\" data-ipsquote-timestamp=\"1373663563\" ><div ><div >\n<p >the lacaball is even live.</p>\n<p >Once u change something in the database its ingame instantly, not even needed to restart the server</p>\n</div></div></blockquote>\n<p > </p>\n<p >ok, then perfect.</p>\n<p > </p>\n<p >thanks</p>\n"
        }
    ]
}