{
    "meta": {
        "threadId": 10500,
        "threadName": "Modify Reward",
        "dateCreated": "2013-07-12T12:26:51+0000",
        "datePublished": "2013-07-12T12:26:51+0000",
        "pageCount": 1,
        "originalUrl": "https://lckb.dev/forum/index.php?/topic/10500-modify-reward/",
        "authorId": 2167,
        "position": [
            {
                "@type": "ListItem",
                "position": 1,
                "item": {
                    "@id": "https://lckb.dev/forum/index.php?/forum/100-guides-help-section/",
                    "name": "Guides &amp; Help Section"
                }
            },
            {
                "@type": "ListItem",
                "position": 2,
                "item": {
                    "@id": "https://lckb.dev/forum/index.php?/forum/335-help-support/",
                    "name": "Help &amp; Support"
                }
            },
            {
                "@type": "ListItem",
                "position": 3,
                "item": {
                    "@id": "https://lckb.dev/forum/index.php?/forum/120-ep2-support/",
                    "name": "Ep2 Support"
                }
            },
            {
                "@type": "ListItem",
                "position": 4,
                "item": {
                    "@id": "https://lckb.dev/forum/index.php?/forum/134-solved-topics/",
                    "name": "Solved Topics"
                }
            }
        ]
    },
    "commentData": [
        {
            "id": 80313,
            "timestamp": 1373632011,
            "author": {
                "id": 2167,
                "name": "dethunter12",
                "image": null
            },
            "comment": "<p >hey i was wondering is there any way to change what you get for a reward for example you get the 30 set +10 and 50 set +5 how do i add a reward or midify an existing one if anyone knows what i mean please reply.</p>\n\n\t\t\t\n\t\t\t\t\n\n<span class=\"ipsType_reset ipsType_medium ipsType_light\" data-excludequote=\"None\" >\n\t<strong >Edited <time datetime=\"2013-07-12T16:17:23Z\" title=\"07/12/2013 04:17  PM\" data-short=\"7 yr\" >July 12, 2013</time> by dethunter12</strong>\n\t\n\t\n</span>\n\t\t\t\n\t\t</div>"
        },
        {
            "id": 80325,
            "timestamp": 1373635933,
            "author": {
                "id": 13172,
                "name": "soryjero",
                "image": null
            },
            "comment": "<p >i think it is a quest and when you accept it, you receive items</p>"
        },
        {
            "id": 80341,
            "timestamp": 1373639565,
            "author": {
                "id": 2167,
                "name": "dethunter12",
                "image": null
            },
            "comment": "<p >i think your are misunderstanding it is not a quest <a href=\"http://prntscr.com/1ezy7t\" rel=\"external nofollow\" >http://prntscr.com/1ezy7t</a> and <a href=\"http://prntscr.com/1ezyng\" rel=\"external nofollow\" >http://prntscr.com/1ezyng</a></p>\n\n\t\t\t\n\t\t\t\t\n\n<span class=\"ipsType_reset ipsType_medium ipsType_light\" data-excludequote=\"None\" >\n\t<strong >Edited <time datetime=\"2013-07-12T14:34:34Z\" title=\"07/12/2013 02:34  PM\" data-short=\"7 yr\" >July 12, 2013</time> by dethunter12</strong>\n\t\n\t\n</span>\n\t\t\t\n\t\t</div>"
        },
        {
            "id": 80349,
            "timestamp": 1373640581,
            "author": {
                "id": 201,
                "name": "Wrong",
                "image": null
            },
            "comment": "<p >editing the gs i think</p>"
        },
        {
            "id": 80350,
            "timestamp": 1373640780,
            "author": {
                "id": 15126,
                "name": "rrbkmz",
                "image": null
            },
            "comment": "<p ><span ><span > Editing the source</span> <span >code for</span> <span >a game</span> <span >server</span></span>. :)</p>"
        },
        {
            "id": 80363,
            "timestamp": 1373645822,
            "author": {
                "id": 2167,
                "name": "dethunter12",
                "image": null
            },
            "comment": "<p >ahh okay thanks </p>"
        }
    ]
}