{
    "meta": {
        "threadId": 10519,
        "threadName": "SetItem Editor",
        "dateCreated": "2013-07-13T08:25:25+0000",
        "datePublished": "2013-07-13T08:25:25+0000",
        "pageCount": 1,
        "originalUrl": "https://lckb.dev/forum/index.php?/topic/10519-setitem-editor/",
        "authorId": 3721,
        "position": [
            {
                "@type": "ListItem",
                "position": 1,
                "item": {
                    "@id": "https://lckb.dev/forum/index.php?/forum/258-release-zone/",
                    "name": "Release Zone"
                }
            },
            {
                "@type": "ListItem",
                "position": 2,
                "item": {
                    "@id": "https://lckb.dev/forum/index.php?/forum/325-episode-2-releases/",
                    "name": "Episode 2 Releases"
                }
            },
            {
                "@type": "ListItem",
                "position": 3,
                "item": {
                    "@id": "https://lckb.dev/forum/index.php?/forum/123-tools/",
                    "name": "Tools"
                }
            }
        ]
    },
    "commentData": [
        {
            "id": 80484,
            "timestamp": 1373703925,
            "author": {
                "id": 3721,
                "name": "filix_93",
                "image": null
            },
            "comment": "\n<p ><strong >Function: </strong>Edit setitemall.lod</p>\n<p > </p>\n<p ><strong >Works on: </strong>Episode 2</p>\n<p > </p>\n<p ><strong >Author: </strong>filix_93</p>\n<p > </p>\n<p ><strong >Download: </strong><a href=\"http://lckb.downloadsbgg.com/tools/multi/Stolen%20And%20Cracked%20SetItemAll.rar\" rel=\"external nofollow\" >Download</a></p>\n"
        },
        {
            "id": 80498,
            "timestamp": 1373705925,
            "author": {
                "id": 7695,
                "name": "CyberClaus",
                "image": null
            },
            "comment": "<p >He came here and tryed to release them also, but i blocked him and didnt approve the topic. </p>"
        },
        {
            "id": 80575,
            "timestamp": 1373728344,
            "author": {
                "id": 5853,
                "name": "ucaff",
                "image": null
            },
            "comment": "<p >that bad then as friends were not .... :(</p>"
        },
        {
            "id": 80611,
            "timestamp": 1373736863,
            "author": {
                "id": 15306,
                "name": "Noizy",
                "image": null
            },
            "comment": "\n<blockquote data-ipsquote=\"\" class=\"ipsQuote\" data-ipsquote-contentcommentid=\"80484\" data-ipsquote-contentapp=\"forums\" data-ipsquote-contenttype=\"forums\" data-ipsquote-contentclass=\"forums_Topic\" data-ipsquote-contentid=\"10519\" data-ipsquote-username=\"filix_93\" data-cite=\"filix_93\" data-ipsquote-timestamp=\"1373703925\" ><div ><div >\n<p >some ppl told me on skype \"someone is releasing your tool\"</p>\n<p > </p>\n<p >so , I gave only 3 tools without protection to only 3 people(friends)</p>\n<p >and now I see it public on epvp xDDD .</p>\n<p >well thats np because are [CeNsOrEd] tools .</p>\n<p > </p>\n<p >At last I will release it there before someother will release it xDDD</p>\n<p > </p>\n<p > </p>\n<p ><a href=\"https://www.virustotal.com/it/file/de9453dcd825734601dba852000225034b2fc322219499e7e66f7ff74a971878/analysis/1373649571/\" rel=\"external nofollow\" >https://www.virustotal.com/it/file/de9453dcd825734601dba852000225034b2fc322219499e7e66f7ff74a971878/analysis/1373649571/</a></p>\n<p > </p>\n<p ><a href=\"http://www.filebox.com/h9594bedz5ue\" rel=\"external nofollow\" >http://www.filebox.com/h9594bedz5ue</a></p>\n<p ><a href=\"http://www.multiupload.nl/J90KM7AFYV\" rel=\"external nofollow\" >http://www.multiupload.nl/J90KM7AFYV</a></p>\n<p ><a href=\"http://d01.megashares.com/index.php?d01=3CnYcoL\" rel=\"external nofollow\" >http://d01.megashares.com/index.php?d01=3CnYcoL</a></p>\n<p > </p>\n<p > </p>\n<p >(links from epvp , from stealer)</p>\n</div></div></blockquote>\n<p >Bad :( really bad... u are right this is just fcking tool :D now u`ll know who respects trust and who no :D i think ur blacklist got one more guy :D</p>\n"
        },
        {
            "id": 80660,
            "timestamp": 1373750481,
            "author": {
                "id": 3721,
                "name": "filix_93",
                "image": null
            },
            "comment": "\n<p >yes xD 3 more :D but doesnt matter xD I wasnt on LC from weeks , other ppl told me about that xDD .</p>\n<p > </p>\n<p >also its funny xD I was working on a public tool , about affinity rate xDDD and it was released on epvp before it was done :D</p>\n<p ><a href=\"http://www.elitepvpers.com/forum/last-chaos/2715434-release-stolen-ep2-ep3-affinity-tool.html\" rel=\"external nofollow\" >http://www.elitepvpers.com/forum/last-chaos/2715434-release-stolen-ep2-ep3-affinity-tool.html</a></p>\n<p >I would like to know who is KingKong (2ppl had the source code of that tool \"that is 3 query at last\")</p>\n<p > </p>\n<p > </p>\n<p >anyway doesnt matter xDD enjoy that program if you need :)</p>\n"
        },
        {
            "id": 80732,
            "timestamp": 1373784125,
            "author": {
                "id": 2167,
                "name": "dethunter12",
                "image": null
            },
            "comment": "<p >lol xd did you put a expiration date on this one too ?</p>"
        },
        {
            "id": 80740,
            "timestamp": 1373789350,
            "author": {
                "id": 3721,
                "name": "filix_93",
                "image": null
            },
            "comment": "\n<blockquote data-ipsquote=\"\" class=\"ipsQuote\" data-ipsquote-contentcommentid=\"80732\" data-ipsquote-contentapp=\"forums\" data-ipsquote-contenttype=\"forums\" data-ipsquote-contentclass=\"forums_Topic\" data-ipsquote-contentid=\"10519\" data-ipsquote-username=\"dethunter12\" data-cite=\"dethunter12\" data-ipsquote-timestamp=\"1373784125\" ><div ><div >\n<p >lol xd did you put a expiration date on this one too ?</p>\n<p > </p>\n</div></div></blockquote>\n<p >idk , as I wrote , the DL link I took the one from stealer on epvp , but i think no .</p>\n<p >anyway if there are problem tell me and Ill upload .</p>\n"
        },
        {
            "id": 81223,
            "timestamp": 1374077825,
            "author": {
                "id": 15306,
                "name": "Noizy",
                "image": null
            },
            "comment": "\n<p > :D :D look at KingKong0</p>\n<p > </p>\n<p >\"<span style=\"background-color:rgb(237,237,237);color:rgb(0,0,0);font-family:Verdana, Arial, Helvetica, sans-serif;font-size:12px;\" >All credits to me, I had the source of this tool, I cracked and now the release\"</span></p>\n<p > </p>\n<p > </p>\n<p >i`m really interested, how all credits goes to him if he just compiled ? and source wasnot his. :D he`s just noob  :D</p>\n<p >(facepalm) <-- really usefull smile :D dunno why isnot in smile list :P :D</p>\n"
        },
        {
            "id": 81227,
            "timestamp": 1374078981,
            "author": {
                "id": 3680,
                "name": "Kotetsu",
                "image": null
            },
            "comment": "\n<p >Use HWID Protection.</p>\n<p >With altervista FTP (Free ftp)</p>\n<p >And use .txt for verify the HWID By ftp.</p>\n<p >And they cannot stole your tool, Except if they decompile it. (If you use an obfuscator.. :P)</p>\n"
        },
        {
            "id": 81231,
            "timestamp": 1374081162,
            "author": {
                "id": 3721,
                "name": "filix_93",
                "image": null
            },
            "comment": "\n<blockquote data-ipsquote=\"\" class=\"ipsQuote\" data-ipsquote-contentcommentid=\"81227\" data-ipsquote-contentapp=\"forums\" data-ipsquote-contenttype=\"forums\" data-ipsquote-contentclass=\"forums_Topic\" data-ipsquote-contentid=\"10519\" data-ipsquote-username=\"Kotetsu\" data-cite=\"Kotetsu\" data-ipsquote-timestamp=\"1374078981\" ><div ><div >\n<p >Use HWID Protection.</p>\n<p >With altervista FTP (Free ftp)</p>\n<p >And use .txt for verify the HWID By ftp.</p>\n<p >And they cannot stole your tool, Except if they decompile it. (If you use an obfuscator.. :P)</p>\n</div></div></blockquote>\n<p >they had the tool from me , was friend xD  , and that wasnt so inportant tool :)</p>\n"
        },
        {
            "id": 81345,
            "timestamp": 1374137151,
            "author": {
                "id": 267,
                "name": "SutWick",
                "image": null
            },
            "comment": "\n<p >@<a contenteditable=\"false\" data-ipshover=\"\" href=\"https://lckb.dev/forum/index.php?/profile/3721-filix_93/\" data-ipshover-target=\"https://lckb.dev/forum/index.php?/profile/3721-filix_93/&do=hovercard\" data-mentionid=\"3721\" rel=\"\" >@filix_93</a> Im really sorry to here your tools was released. Its not nice when you put so much work into something then some prick releases it.</p>\n<p >Its happened to the most of us, but just thought Id remind you that your not alone in this problem and thankyou for releasing them here.</p>\n<p >Least we can give credit to the right person :-)</p>\n"
        },
        {
            "id": 82051,
            "timestamp": 1374511799,
            "author": {
                "id": 14922,
                "name": "ren0d1",
                "image": null
            },
            "comment": "\n<blockquote data-ipsquote=\"\" class=\"ipsQuote\" data-ipsquote-contentcommentid=\"81227\" data-ipsquote-contentapp=\"forums\" data-ipsquote-contenttype=\"forums\" data-ipsquote-contentclass=\"forums_Topic\" data-ipsquote-contentid=\"10519\" data-ipsquote-username=\"Kotetsu\" data-cite=\"Kotetsu\" data-ipsquote-timestamp=\"1374078981\" ><div ><div >\n<p >Use HWID Protection.</p>\n<p >With altervista FTP (Free ftp)</p>\n<p >And use .txt for verify the HWID By ftp.</p>\n<p >And they cannot stole your tool, Except if they decompile it. (If you use an obfuscator.. :P)</p>\n</div></div></blockquote>\n<p >He normaly set protection but he told he thought that were friend and so he didnt set protection...</p>\n<p >------------------------------------------------------------------------------------------------------------------------------------------------------------------------------------------------</p>\n<p >Now people dont only leak files from other people but they tell its their work (facepalm).</p>\n<p >Furthermore people ask theim self to know why great worker release less their own work and sell more? Realy stupid question when you see what happen...</p>\n"
        }
    ]
}