{
    "meta": {
        "threadId": 10511,
        "threadName": "Catalog Editor 4",
        "dateCreated": "2013-07-12T18:44:58+0000",
        "datePublished": "2013-07-12T18:44:58+0000",
        "pageCount": 2,
        "originalUrl": "https://lckb.dev/forum/index.php?/topic/10511-catalog-editor-4/",
        "authorId": 2,
        "position": [
            {
                "@type": "ListItem",
                "position": 1,
                "item": {
                    "@id": "https://lckb.dev/forum/index.php?/forum/258-release-zone/",
                    "name": "Release Zone"
                }
            },
            {
                "@type": "ListItem",
                "position": 2,
                "item": {
                    "@id": "https://lckb.dev/forum/index.php?/forum/325-episode-2-releases/",
                    "name": "Episode 2 Releases"
                }
            },
            {
                "@type": "ListItem",
                "position": 3,
                "item": {
                    "@id": "https://lckb.dev/forum/index.php?/forum/123-tools/",
                    "name": "Tools"
                }
            }
        ]
    },
    "commentData": [
        {
            "id": 80384,
            "timestamp": 1373654698,
            "author": {
                "id": 2,
                "name": "Wizatek",
                "image": null
            },
            "comment": "\n<p ><strong >Function: </strong>Edit catalog.lod</p>\n<p > </p>\n<p ><strong >Extra Features:</strong></p>\n<p >- Import from old file</p>\n<p >- Import from database</p>\n<p >- Export to old file</p>\n<p >- Export to database</p>\n<p >- Show only enabled items</p>\n<p >- Mysql connection</p>\n<p > </p>\n<p ><strong >Works on: </strong>Episode 2 and Episode 3</p>\n<p > </p>\n<p ><strong >Author: </strong>Wizatek</p>\n<p > </p>\n<p ><strong >Download: </strong><a href=\"http://lckb.downloadsbgg.com/tools/multi/CatalogEditor4.zip\" rel=\"external nofollow\" >Download</a></p>\n<p ><strong > </strong></p>\n<p ><strong ><strong >Images:</strong></strong></p>\n<p ><strong > </strong></p>\n<p style=\"text-align:center;\" ><strong ><img alt=\"0370c-b152b8f1-5a4c-4651-9659-418717663c\" src=\"http://grabilla.com/0370c-b152b8f1-5a4c-4651-9659-418717663cf0.png\" ></img></strong></p>\n"
        },
        {
            "id": 80401,
            "timestamp": 1373657770,
            "author": {
                "id": 7695,
                "name": "CyberClaus",
                "image": null
            },
            "comment": "<p >thank you</p>"
        },
        {
            "id": 80402,
            "timestamp": 1373657947,
            "author": {
                "id": 16931,
                "name": "Walletman987",
                "image": null
            },
            "comment": "<p >Thanks Wizatek!</p>"
        },
        {
            "id": 80404,
            "timestamp": 1373658108,
            "author": {
                "id": 2167,
                "name": "dethunter12",
                "image": null
            },
            "comment": "<p >can you put images folder included?</p>"
        },
        {
            "id": 80406,
            "timestamp": 1373658325,
            "author": {
                "id": 16931,
                "name": "Walletman987",
                "image": null
            },
            "comment": "\n<p >I keep getting this error when i click on an item.</p>\n<p ><img alt=\"0370c-7a811da5-9196-4c0d-8ea7-e2c9b36255\" src=\"http://grabilla.com/0370c-7a811da5-9196-4c0d-8ea7-e2c9b3625512.png\" /></p>\n"
        },
        {
            "id": 80407,
            "timestamp": 1373658431,
            "author": {
                "id": 17432,
                "name": "Nymphetamine",
                "image": null
            },
            "comment": "\n<blockquote data-ipsquote=\"\" class=\"ipsQuote\" data-ipsquote-contentcommentid=\"80406\" data-ipsquote-contentapp=\"forums\" data-ipsquote-contenttype=\"forums\" data-ipsquote-contentclass=\"forums_Topic\" data-ipsquote-contentid=\"10511\" data-ipsquote-username=\"Walletman987\" data-cite=\"Walletman987\" data-ipsquote-timestamp=\"1373658325\" ><div >\n<p >I keep getting this error when i click on an item.</p>\n<p ><img alt=\"0370c-7a811da5-9196-4c0d-8ea7-e2c9b36255\" src=\"http://grabilla.com/0370c-7a811da5-9196-4c0d-8ea7-e2c9b3625512.png\" /></p>\n</div></blockquote>\n<p >Create a folder called Images in the same path of the tool.</p>\n<p >Then convert all ItemBtn you have in Data/Interface as png and the problem is fixed and put them in Images folder ofcourse.</p>\n"
        },
        {
            "id": 80409,
            "timestamp": 1373658590,
            "author": {
                "id": 16931,
                "name": "Walletman987",
                "image": null
            },
            "comment": "\n<blockquote data-ipsquote=\"\" class=\"ipsQuote\" data-ipsquote-contentcommentid=\"80407\" data-ipsquote-contentapp=\"forums\" data-ipsquote-contenttype=\"forums\" data-ipsquote-contentclass=\"forums_Topic\" data-ipsquote-contentid=\"10511\" data-ipsquote-username=\"Nymphetamine\" data-cite=\"Nymphetamine\" data-ipsquote-timestamp=\"1373658431\" ><div ><div >\n<p >Create a folder called Images in the same path of the tool.</p>\n<p >The convert all ItemBtn you have in Data/Interface as png and the problem is fixed.</p>\n</div></div></blockquote>\n<p >Alright, Ill try that, thanks.</p>\n"
        },
        {
            "id": 80411,
            "timestamp": 1373659050,
            "author": {
                "id": 14748,
                "name": "uillian",
                "image": null
            },
            "comment": "<p ><strong >thanks.</strong> wiza!!!!</p>"
        },
        {
            "id": 80415,
            "timestamp": 1373659825,
            "author": {
                "id": 16983,
                "name": "Jaiz",
                "image": null
            },
            "comment": "<p >Thank you very much Wizatek :) </p>"
        },
        {
            "id": 80420,
            "timestamp": 1373661641,
            "author": {
                "id": 2,
                "name": "Wizatek",
                "image": null
            },
            "comment": "\n<p >Ah yes, i forgot the images.</p>\n<p >\nBut if u already have a editor made by me u already have a folder like that, just place the catalog editor in the same folder</p>\n"
        },
        {
            "id": 80421,
            "timestamp": 1373661861,
            "author": {
                "id": 10637,
                "name": "redbull",
                "image": null
            },
            "comment": "<p >thank you wizatek</p>"
        },
        {
            "id": 80423,
            "timestamp": 1373662268,
            "author": {
                "id": 2167,
                "name": "dethunter12",
                "image": null
            },
            "comment": "<p >ty wizatek could you release your itemall editor v4 or would you sell it? or is it not for sale.</p>\n\n\t\t\t\n\t\t\t\t\n\n<span class=\"ipsType_reset ipsType_medium ipsType_light\" data-excludequote=\"None\" >\n\t<strong >Edited <time datetime=\"2013-07-12T20:52:37Z\" title=\"07/12/2013 08:52  PM\" data-short=\"7 yr\" >July 12, 2013</time> by dethunter12</strong>\n\t\n\t\n</span>\n\t\t\t\n\t\t</div>"
        },
        {
            "id": 80424,
            "timestamp": 1373662384,
            "author": {
                "id": 13172,
                "name": "soryjero",
                "image": null
            },
            "comment": "<p >thanks so much wiza! :)</p>"
        },
        {
            "id": 80425,
            "timestamp": 1373662446,
            "author": {
                "id": 13529,
                "name": "DrGenius",
                "image": null
            },
            "comment": "<p >awesome, thanks!</p>"
        },
        {
            "id": 80430,
            "timestamp": 1373663654,
            "author": {
                "id": 2,
                "name": "Wizatek",
                "image": null
            },
            "comment": "\n<blockquote data-ipsquote=\"\" class=\"ipsQuote\" data-ipsquote-contentcommentid=\"80423\" data-ipsquote-contentapp=\"forums\" data-ipsquote-contenttype=\"forums\" data-ipsquote-contentclass=\"forums_Topic\" data-ipsquote-contentid=\"10511\" data-ipsquote-username=\"dethunter12\" data-cite=\"dethunter12\" data-ipsquote-timestamp=\"1373662268\" ><div ><p >ty wizatek could you release your itemall editor v4 or would you sell it? or is it not for sale.</p></div></blockquote>\n<p >\nMaybe when its completely done i will share it, but i also use version 3 mostly so there isnt much need for a newer version yet so i dont work on it a lot</p>\n"
        },
        {
            "id": 80432,
            "timestamp": 1373664002,
            "author": {
                "id": 11986,
                "name": "SnowFox",
                "image": null
            },
            "comment": "<p >Nice job wiz :)</p>"
        },
        {
            "id": 80434,
            "timestamp": 1373664760,
            "author": {
                "id": 657,
                "name": "Vato",
                "image": null
            },
            "comment": "\n<p >Error ?</p>\n<p ><a href=\"http://grabilla.com/0370c-e1e03476-b5ea-4c71-9dbe-60bfa085dac9.html#\" rel=\"external nofollow\" >http://grabilla.com/0370c-e1e03476-b5ea-4c71-9dbe-60bfa085dac9.html#</a></p>\n<p > </p>\n<p >Here are the Images</p>\n<p ><a href=\"https://uploaded.net/file/cgza1c78\" rel=\"external nofollow\" >http://uploaded.net/file/cgza1c78</a></p>\n"
        },
        {
            "id": 80659,
            "timestamp": 1373750371,
            "author": {
                "id": 16010,
                "name": "doki16",
                "image": null
            },
            "comment": "<p ><span style=\"color:rgb(40,40,40);font-family:arial, helvetica, clean, sans-serif;\" > thanks!</span></p>"
        },
        {
            "id": 80947,
            "timestamp": 1373900317,
            "author": {
                "id": 17639,
                "name": "rai",
                "image": null
            },
            "comment": "<p >Thanks !</p>"
        },
        {
            "id": 81094,
            "timestamp": 1374000728,
            "author": {
                "id": 13618,
                "name": "maybe",
                "image": null
            },
            "comment": "<p >Thanks! Wizatek</p>"
        },
        {
            "id": 81111,
            "timestamp": 1374007140,
            "author": {
                "id": 7041,
                "name": "maggi",
                "image": null
            },
            "comment": "\n<p >Thanks Wiza</p>\n<p >Great Job as allways :)</p>\n"
        },
        {
            "id": 81125,
            "timestamp": 1374017115,
            "author": {
                "id": 16983,
                "name": "Jaiz",
                "image": null
            },
            "comment": "\n<p >New skill editor? The 3.1 is still buggy guild skills etc...</p>\n<p > </p>\n<p >Greetings Jaiz</p>\n"
        },
        {
            "id": 81168,
            "timestamp": 1374044195,
            "author": {
                "id": 17582,
                "name": "CDWriter",
                "image": null
            },
            "comment": "\n<p >Looks good i like the easy of it to use ....i wish i could save with it ...every time i try to save after editing the catalog i get </p>\n<p > </p>\n<p ><img alt=\"l5cr.jpg\" src=\"https://img24.imageshack.us/img24/8374/l5cr.jpg\" /></p>\n<p > </p>\n<p >But the editor is sound other then that .....i am sure its something on my side...... Great work Wiz</p>\n"
        },
        {
            "id": 81224,
            "timestamp": 1374077972,
            "author": {
                "id": 15306,
                "name": "Noizy",
                "image": null
            },
            "comment": "<p >Thanks Wiza :) great work, great editor :)</p>"
        },
        {
            "id": 81226,
            "timestamp": 1374078864,
            "author": {
                "id": 2835,
                "name": "halohalo",
                "image": null
            },
            "comment": "<p >very nice, thank you</p>"
        },
        {
            "id": 81367,
            "timestamp": 1374148618,
            "author": {
                "id": 18302,
                "name": "VRocker",
                "image": null
            },
            "comment": "<p >nice job, Thanks! Wizatek</p>"
        },
        {
            "id": 82052,
            "timestamp": 1374512105,
            "author": {
                "id": 14922,
                "name": "ren0d1",
                "image": null
            },
            "comment": "<p >Awesome work Wiza! I see you keep sharing with this community, it mean maybe it doesnt go as hell as everybody tell?! :)</p>"
        },
        {
            "id": 82090,
            "timestamp": 1374526478,
            "author": {
                "id": 10637,
                "name": "redbull",
                "image": null
            },
            "comment": "\n<blockquote data-ipsquote=\"\" class=\"ipsQuote\" data-ipsquote-contentcommentid=\"81168\" data-ipsquote-contentapp=\"forums\" data-ipsquote-contenttype=\"forums\" data-ipsquote-contentclass=\"forums_Topic\" data-ipsquote-contentid=\"10511\" data-ipsquote-username=\"CDWriter\" data-cite=\"CDWriter\" data-ipsquote-timestamp=\"1374044195\" ><div ><div >\n<p >Looks good i like the easy of it to use ....i wish i could save with it ...every time i try to save after editing the catalog i get </p>\n<p > </p>\n<p ><img alt=\"l5cr.jpg\" src=\"https://img24.imageshack.us/img24/8374/l5cr.jpg\" /></p>\n<p > </p>\n<p >But the editor is sound other then that .....i am sure its something on my side...... Great work Wiz</p>\n</div></div></blockquote>\n<p >Some problem</p>\n"
        },
        {
            "id": 82150,
            "timestamp": 1374549354,
            "author": {
                "id": 605,
                "name": "b4rr4cud4",
                "image": null
            },
            "comment": "<p >thank you</p>"
        },
        {
            "id": 82161,
            "timestamp": 1374556613,
            "author": {
                "id": 17582,
                "name": "CDWriter",
                "image": null
            },
            "comment": "<p >update net framework ...fixes that error redbull its not the program .......like i said above</p>"
        },
        {
            "id": 83120,
            "timestamp": 1375017946,
            "author": {
                "id": 1301,
                "name": "Odin90",
                "image": null
            },
            "comment": "\n<p >I have this Error hot to fix it?</p>\n<p > </p>\n<p ><a href=\"http://s2.grabilla.com/0370c-e1e03476-b5ea-4c71-9dbe-60bfa085dac9.html#\" rel=\"external nofollow\" >http://s2.grabilla.com/0370c-e1e03476-b5ea-4c71-9dbe-60bfa085dac9.html#</a></p>\n"
        },
        {
            "id": 83137,
            "timestamp": 1375022490,
            "author": {
                "id": 18563,
                "name": "ChaosPony",
                "image": null
            },
            "comment": "<p >This should fix most of the .NET Framework errors: <a href=\"https://www.microsoft.com/en-us/download/details.aspx?id=30653\" rel=\"external nofollow\" >http://www.microsoft.com/en-us/download/details.aspx?id=30653</a></p>"
        },
        {
            "id": 87745,
            "timestamp": 1380271228,
            "author": {
                "id": 14352,
                "name": "mr.wiski",
                "image": null
            },
            "comment": "<p >on the tab of mysql settings you have to put that connects to the data base and tried it but no way  someone or help  me thx</p>"
        },
        {
            "id": 87824,
            "timestamp": 1380485063,
            "author": {
                "id": 17514,
                "name": "Pomidor",
                "image": null
            },
            "comment": "<p >good ,thx!</p>"
        },
        {
            "id": 87861,
            "timestamp": 1380574454,
            "author": {
                "id": 2167,
                "name": "dethunter12",
                "image": null
            },
            "comment": "\n<p ></p>\n<ol ><li >to fix save error export database which updates ur db with your edits then insert db  and then go to top make sure it shows all value and show only enabled is not selected then go file save</li></ol><p >\n</p>\n"
        },
        {
            "id": 88786,
            "timestamp": 1382302653,
            "author": {
                "id": 15327,
                "name": "Lolek1PL",
                "image": null
            },
            "comment": "<p >Thanks Wiza, you are the best!</p>"
        },
        {
            "id": 90610,
            "timestamp": 1385247158,
            "author": {
                "id": 17474,
                "name": "kixtzz",
                "image": null
            },
            "comment": "<p >does anyone can upload it again ?</p>"
        },
        {
            "id": 90613,
            "timestamp": 1385247889,
            "author": {
                "id": 17432,
                "name": "Nymphetamine",
                "image": null
            },
            "comment": "<p >Back up</p>"
        },
        {
            "id": 95070,
            "timestamp": 1389209065,
            "author": {
                "id": 605,
                "name": "b4rr4cud4",
                "image": null
            },
            "comment": "<p >THANK YOU</p>"
        }
    ]
}