{
    "meta": {
        "threadId": 10538,
        "threadName": "Mysql installation",
        "dateCreated": "2013-07-13T23:55:55+0000",
        "datePublished": "2013-07-13T23:55:55+0000",
        "pageCount": 1,
        "originalUrl": "https://lckb.dev/forum/index.php?/topic/10538-mysql-installation/",
        "authorId": 17148,
        "position": [
            {
                "@type": "ListItem",
                "position": 1,
                "item": {
                    "@id": "https://lckb.dev/forum/index.php?/forum/100-guides-help-section/",
                    "name": "Guides &amp; Help Section"
                }
            },
            {
                "@type": "ListItem",
                "position": 2,
                "item": {
                    "@id": "https://lckb.dev/forum/index.php?/forum/335-help-support/",
                    "name": "Help &amp; Support"
                }
            },
            {
                "@type": "ListItem",
                "position": 3,
                "item": {
                    "@id": "https://lckb.dev/forum/index.php?/forum/120-ep2-support/",
                    "name": "Ep2 Support"
                }
            },
            {
                "@type": "ListItem",
                "position": 4,
                "item": {
                    "@id": "https://lckb.dev/forum/index.php?/forum/134-solved-topics/",
                    "name": "Solved Topics"
                }
            }
        ]
    },
    "commentData": [
        {
            "id": 80676,
            "timestamp": 1373759755,
            "author": {
                "id": 17148,
                "name": "WorldOfWars",
                "image": null
            },
            "comment": "\n<p >Hey guys, </p>\n<p > </p>\n<p >again me :D , i post here because my mysql dont want to install , i was used xampp , but i got  sys error connect db here a screen : </p>\n<p > </p>\n<p ><a href=\"http://www.hostingpics.net/viewer.php?id=870758mysql.png\" rel=\"external nofollow\" ><img alt=\"870758mysql.png\" src=\"http://img15.hostingpics.net/pics/870758mysql.png\" /></a></p>\n\n\n\t\t\t\n\t\t\t\t\n\n<span class=\"ipsType_reset ipsType_medium ipsType_light\" data-excludequote=\"None\" >\n\t<strong >Edited <time datetime=\"2013-07-14T10:49:38Z\" title=\"07/14/2013 10:49  AM\" data-short=\"7 yr\" >July 14, 2013</time> by WorldOfWars</strong>\n\t\n\t\n</span>\n\t\t\t\n\t\t</div>"
        },
        {
            "id": 80717,
            "timestamp": 1373765792,
            "author": {
                "id": 2016,
                "name": "pwesty",
                "image": null
            },
            "comment": "<p >you didnt install anything it asked you to say Y or N   put Y to install N to not install mysql ^^</p>"
        },
        {
            "id": 80750,
            "timestamp": 1373798953,
            "author": {
                "id": 17148,
                "name": "WorldOfWars",
                "image": null
            },
            "comment": "<p >Ah ok i understand now x) Thanks , SOLVED!</p>"
        }
    ]
}