{
    "meta": {
        "threadId": 10530,
        "threadName": "New [City of Darkness]",
        "dateCreated": "2013-07-13T16:47:59+0000",
        "datePublished": "2013-07-13T16:47:59+0000",
        "pageCount": 1,
        "originalUrl": "https://lckb.dev/forum/index.php?/topic/10530-new-city-of-darkness/",
        "authorId": 17022,
        "position": [
            {
                "@type": "ListItem",
                "position": 1,
                "item": {
                    "@id": "https://lckb.dev/forum/index.php?/forum/271-general-section/",
                    "name": "General Section"
                }
            },
            {
                "@type": "ListItem",
                "position": 2,
                "item": {
                    "@id": "https://lckb.dev/forum/index.php?/forum/43-development-showroom/",
                    "name": "Development Showroom"
                }
            }
        ]
    },
    "commentData": [
        {
            "id": 80604,
            "timestamp": 1373734079,
            "author": {
                "id": 17022,
                "name": "RomeoST",
                "image": null
            },
            "comment": "<p ><img alt=\"q8acbw9rv9luh6xmug7xls05a.png\" src=\"http://imghost.in/img/2013-07/13/q8acbw9rv9luh6xmug7xls05a.png\" /><img alt=\"notkdh1bh4c43up16a82ykm6h.png\" src=\"http://imghost.in/img/2013-07/13/notkdh1bh4c43up16a82ykm6h.png\" /><img alt=\"0gz0azmpiwsqnuyhxs0h81d9x.png\" src=\"http://imghost.in/img/2013-07/13/0gz0azmpiwsqnuyhxs0h81d9x.png\" /><img alt=\"5w8hsfhy5gzuse4fxjth915q1.png\" src=\"http://imghost.in/img/2013-07/13/5w8hsfhy5gzuse4fxjth915q1.png\" /></p>\n\n\t\t\t\n\t\t\t\t\n\n<span class=\"ipsType_reset ipsType_medium ipsType_light\" data-excludequote=\"None\" >\n\t<strong >Edited <time datetime=\"2013-07-13T17:23:00Z\" title=\"07/13/2013 05:23  PM\" data-short=\"7 yr\" >July 13, 2013</time> by RomeoST</strong>\n\t\n\t\n</span>\n\t\t\t\n\t\t</div>"
        },
        {
            "id": 80605,
            "timestamp": 1373734199,
            "author": {
                "id": 15998,
                "name": "crankchaos",
                "image": null
            },
            "comment": "<p >nice</p>"
        },
        {
            "id": 80606,
            "timestamp": 1373734233,
            "author": {
                "id": 17022,
                "name": "RomeoST",
                "image": null
            },
            "comment": "<p >Thank you  :)</p>\n\n\t\t\t\n\t\t\t\t\n\n<span class=\"ipsType_reset ipsType_medium ipsType_light\" data-excludequote=\"None\" >\n\t<strong >Edited <time datetime=\"2013-07-13T17:23:30Z\" title=\"07/13/2013 05:23  PM\" data-short=\"7 yr\" >July 13, 2013</time> by RomeoST</strong>\n\t\n\t\n</span>\n\t\t\t\n\t\t</div>"
        },
        {
            "id": 80608,
            "timestamp": 1373734583,
            "author": {
                "id": 15306,
                "name": "Noizy",
                "image": null
            },
            "comment": "\n<p >Awesome bro :) </p>\n<p >i hope u tested in client and i hope u can run at \"Bridges\"  :)</p>\n"
        },
        {
            "id": 80616,
            "timestamp": 1373737955,
            "author": {
                "id": 16954,
                "name": "spadge88",
                "image": null
            },
            "comment": "<p >nice :)</p>"
        },
        {
            "id": 80624,
            "timestamp": 1373739317,
            "author": {
                "id": 16983,
                "name": "Jaiz",
                "image": null
            },
            "comment": "<p >Release or sell? </p>"
        },
        {
            "id": 80634,
            "timestamp": 1373740671,
            "author": {
                "id": 17022,
                "name": "RomeoST",
                "image": null
            },
            "comment": "<p >I have not decided)</p>"
        },
        {
            "id": 80678,
            "timestamp": 1373760035,
            "author": {
                "id": 14922,
                "name": "ren0d1",
                "image": null
            },
            "comment": "<p >amazing and perfect if you can walk on the bridge^^</p>"
        },
        {
            "id": 80724,
            "timestamp": 1373775128,
            "author": {
                "id": 2835,
                "name": "halohalo",
                "image": null
            },
            "comment": "<p >Nice one :P</p>"
        },
        {
            "id": 80768,
            "timestamp": 1373810565,
            "author": {
                "id": 17432,
                "name": "Nymphetamine",
                "image": null
            },
            "comment": "\n<p >Nice nice.</p>\n<p >But i dont like the rainbow platform. :P</p>\n"
        },
        {
            "id": 80782,
            "timestamp": 1373816667,
            "author": {
                "id": 15306,
                "name": "Noizy",
                "image": null
            },
            "comment": "\n<blockquote data-ipsquote=\"\" class=\"ipsQuote\" data-ipsquote-contentcommentid=\"80768\" data-ipsquote-contentapp=\"forums\" data-ipsquote-contenttype=\"forums\" data-ipsquote-contentclass=\"forums_Topic\" data-ipsquote-contentid=\"10530\" data-ipsquote-username=\"Nymphetamine\" data-cite=\"Nymphetamine\" data-ipsquote-timestamp=\"1373810565\" ><div ><div >\n<p >Nice nice.</p>\n<p >But i dont like the rainbow platform. :P</p>\n</div></div></blockquote>\n<p >Idk why it has not texture but ingame it wont be rainbow :D</p>\n"
        },
        {
            "id": 80784,
            "timestamp": 1373816927,
            "author": {
                "id": 161,
                "name": "Koko",
                "image": null
            },
            "comment": "\n<blockquote data-ipsquote=\"\" class=\"ipsQuote\" data-ipsquote-contentcommentid=\"80768\" data-ipsquote-contentapp=\"forums\" data-ipsquote-contenttype=\"forums\" data-ipsquote-contentclass=\"forums_Topic\" data-ipsquote-contentid=\"10530\" data-ipsquote-username=\"Nymphetamine\" data-cite=\"Nymphetamine\" data-ipsquote-timestamp=\"1373810565\" ><div ><div >\n<p >Nice nice.</p>\n<p >But i dont like the rainbow platform. :P</p>\n</div></div></blockquote>\n<p > </p>\n<p >If im correct thats just the little thing with magic circles u can see near spawn in a regular Caron town ;)</p>\n<p > </p>\n<p >Anyway, nice job ;) This map didnt change (almost) since 2005, it indeed needed a little revamp!</p>\n"
        },
        {
            "id": 80858,
            "timestamp": 1373856083,
            "author": {
                "id": 15369,
                "name": "DieYoung",
                "image": null
            },
            "comment": "<p >omg its perfect :P good job (:</p>"
        },
        {
            "id": 80906,
            "timestamp": 1373891828,
            "author": {
                "id": 10456,
                "name": "Tarissuis",
                "image": null
            },
            "comment": "<p >Looks awesome, but be aware of the fact that since you created a second layer above 0F, you need to add a second .sat/.[CeNsOrEd] set to t_zonedata and correct information in the .wld if you plan on spawning NPCs on your new construction.</p>"
        },
        {
            "id": 81110,
            "timestamp": 1374006618,
            "author": {
                "id": 17022,
                "name": "RomeoST",
                "image": null
            },
            "comment": "<p ><img alt=\"tl8hqat7xfhihc3lemxg59w2v.png\" src=\"http://imghost.in/img/2013-07/17/tl8hqat7xfhihc3lemxg59w2v.png\" /></p>"
        },
        {
            "id": 81113,
            "timestamp": 1374007648,
            "author": {
                "id": 16983,
                "name": "Jaiz",
                "image": null
            },
            "comment": "<p >Great work</p>"
        },
        {
            "id": 102972,
            "timestamp": 1415834440,
            "author": {
                "id": 20584,
                "name": "higgins399",
                "image": null
            },
            "comment": "<p >looks great  :D</p>"
        },
        {
            "id": 102979,
            "timestamp": 1415884592,
            "author": {
                "id": 237,
                "name": "DeChamp3",
                "image": null
            },
            "comment": "<p >wow looks amazing hoping for an release</p>"
        },
        {
            "id": 105487,
            "timestamp": 1423081748,
            "author": {
                "id": 18312,
                "name": "Assasin",
                "image": null
            },
            "comment": "<p >Sell or public map..?</p>"
        },
        {
            "id": 105490,
            "timestamp": 1423089873,
            "author": {
                "id": 15543,
                "name": "luoo",
                "image": null
            },
            "comment": "<p >green and lava? dont match :D</p>"
        },
        {
            "id": 105496,
            "timestamp": 1423129265,
            "author": {
                "id": 20835,
                "name": "Naoise",
                "image": null
            },
            "comment": "<p >nice</p>"
        },
        {
            "id": 105506,
            "timestamp": 1423167440,
            "author": {
                "id": 19812,
                "name": "jonsecada",
                "image": null
            },
            "comment": "<p >nice</p>"
        },
        {
            "id": 105757,
            "timestamp": 1423696473,
            "author": {
                "id": 13338,
                "name": "augustof2",
                "image": null
            },
            "comment": "<p >nice thank you</p>"
        },
        {
            "id": 105882,
            "timestamp": 1423964656,
            "author": {
                "id": 20651,
                "name": "Stratos",
                "image": null
            },
            "comment": "<p >This looks amazing!!</p>"
        }
    ]
}