{
    "meta": {
        "threadId": 10535,
        "threadName": "error libgssapi_krb5.so.2",
        "dateCreated": "2013-07-13T20:16:12+0000",
        "datePublished": "2013-07-13T20:16:12+0000",
        "pageCount": 1,
        "originalUrl": "https://lckb.dev/forum/index.php?/topic/10535-error-libgssapi_krb5so2/",
        "authorId": 17148,
        "position": [
            {
                "@type": "ListItem",
                "position": 1,
                "item": {
                    "@id": "https://lckb.dev/forum/index.php?/forum/100-guides-help-section/",
                    "name": "Guides &amp; Help Section"
                }
            },
            {
                "@type": "ListItem",
                "position": 2,
                "item": {
                    "@id": "https://lckb.dev/forum/index.php?/forum/335-help-support/",
                    "name": "Help &amp; Support"
                }
            },
            {
                "@type": "ListItem",
                "position": 3,
                "item": {
                    "@id": "https://lckb.dev/forum/index.php?/forum/120-ep2-support/",
                    "name": "Ep2 Support"
                }
            },
            {
                "@type": "ListItem",
                "position": 4,
                "item": {
                    "@id": "https://lckb.dev/forum/index.php?/forum/134-solved-topics/",
                    "name": "Solved Topics"
                }
            }
        ]
    },
    "commentData": [
        {
            "id": 80652,
            "timestamp": 1373746572,
            "author": {
                "id": 17148,
                "name": "WorldOfWars",
                "image": null
            },
            "comment": "\n<p >Hey guys,</p>\n<p > </p>\n<p >I got a problem with my LoginServer who dont find the file libgssapi_krb5.so.2 , and i dont find it on internet , so i ask your help if you can give me this file.</p>\n<p > </p>\n<p >Thanks you :)</p>\n<p > </p>\n<p >Thanks to DrGenius and gallito :)!</p>\n\n\n\t\t\t\n\t\t\t\t\n\n<span class=\"ipsType_reset ipsType_medium ipsType_light\" data-excludequote=\"None\" >\n\t<strong >Edited <time datetime=\"2013-07-13T22:04:43Z\" title=\"07/13/2013 10:04  PM\" data-short=\"7 yr\" >July 13, 2013</time> by WorldOfWars</strong>\n\t\n\t\n</span>\n\t\t\t\n\t\t</div>"
        },
        {
            "id": 80655,
            "timestamp": 1373747388,
            "author": {
                "id": 13529,
                "name": "DrGenius",
                "image": null
            },
            "comment": "<p >use this command: yum install libgssapi_krb5.so.2</p>"
        },
        {
            "id": 80661,
            "timestamp": 1373750747,
            "author": {
                "id": 17148,
                "name": "WorldOfWars",
                "image": null
            },
            "comment": "\n<p >tried but : </p>\n<p > </p>\n<p ><a href=\"http://www.hostingpics.net/viewer.php?id=942111bugpng.png\" rel=\"external nofollow\" ><img alt=\"942111bugpng.png\" src=\"http://img15.hostingpics.net/pics/942111bugpng.png\" /></a></p>\n\n\n\t\t\t\n\t\t\t\t\n\n<span class=\"ipsType_reset ipsType_medium ipsType_light\" data-excludequote=\"None\" >\n\t<strong >Edited <time datetime=\"2013-07-13T21:26:42Z\" title=\"07/13/2013 09:26  PM\" data-short=\"7 yr\" >July 13, 2013</time> by WorldOfWars</strong>\n\t\n\t\n</span>\n\t\t\t\n\t\t</div>"
        },
        {
            "id": 80663,
            "timestamp": 1373751207,
            "author": {
                "id": 13529,
                "name": "DrGenius",
                "image": null
            },
            "comment": "<p >use this command: yum install krb5-libs</p>"
        },
        {
            "id": 80665,
            "timestamp": 1373751779,
            "author": {
                "id": 12456,
                "name": "gallito",
                "image": null
            },
            "comment": "\n<p >Hope it works.</p>\n<p ><a href=\"http://www.multiupload.nl/FR6YG0E6PF\" rel=\"external nofollow\" >http://www.multiupload.nl/FR6YG0E6PF</a></p>\n"
        },
        {
            "id": 80668,
            "timestamp": 1373752952,
            "author": {
                "id": 17148,
                "name": "WorldOfWars",
                "image": null
            },
            "comment": "<p >Thanks work nice , thanks at you 2 :)</p>"
        }
    ]
}