{
    "meta": {
        "threadId": 10553,
        "threadName": "New WEBPAGE",
        "dateCreated": "2013-07-14T20:08:14+0000",
        "datePublished": "2013-07-14T20:08:14+0000",
        "pageCount": 1,
        "originalUrl": "https://lckb.dev/forum/index.php?/topic/10553-new-webpage/",
        "authorId": 13668,
        "position": [
            {
                "@type": "ListItem",
                "position": 1,
                "item": {
                    "@id": "https://lckb.dev/forum/index.php?/forum/40-website-scripting-security/",
                    "name": "Website Scripting &amp; Security"
                }
            },
            {
                "@type": "ListItem",
                "position": 2,
                "item": {
                    "@id": "https://lckb.dev/forum/index.php?/forum/368-website-releases/",
                    "name": "Website Releases"
                }
            },
            {
                "@type": "ListItem",
                "position": 3,
                "item": {
                    "@id": "https://lckb.dev/forum/index.php?/forum/306-ep2-websites/",
                    "name": "Ep2 Websites"
                }
            }
        ]
    },
    "commentData": [
        {
            "id": 80818,
            "timestamp": 1373832494,
            "author": {
                "id": 13668,
                "name": "Stan",
                "image": null
            },
            "comment": "\n<p >Reedit for WebPage</p>\n<p ><span style=\"color:#ff0000;\" >DOWNLOAD: </span><a href=\"https://www.mediafire.com/download/y5ff5za5oy7kp97/qq.rar\" rel=\"external nofollow\" >http://www.mediafire.com/download/y5ff5za5oy7kp97/qq.rar</a></p>\n<p ><span style=\"color:#ff0000;\" >LINK TO IMAGEN:</span> <a href=\"https://imageshack.us/photo/my-images/707/paaf.png/\" rel=\"external nofollow\" >http://imageshack.us/photo/my-images/707/paaf.png/</a></p>\n<p > </p>\n"
        },
        {
            "id": 80832,
            "timestamp": 1373834051,
            "author": {
                "id": 7695,
                "name": "CyberClaus",
                "image": null
            },
            "comment": "<p >You have 24 hours to post credits for this page. If no credits are given, even if its for you, ill delete this post.</p>"
        },
        {
            "id": 80856,
            "timestamp": 1373848553,
            "author": {
                "id": 13668,
                "name": "Stan",
                "image": null
            },
            "comment": "<p >the credits do not know because the site was caught without creditos just redid it using a designer own.Reissue the credits is my most do not know who should be if you want to delete the topic do whatever it wants.</p>"
        },
        {
            "id": 80870,
            "timestamp": 1373878043,
            "author": {
                "id": 7695,
                "name": "CyberClaus",
                "image": null
            },
            "comment": "<p >Ill leave the post for now, if anyone complaints i delete it</p>"
        },
        {
            "id": 80872,
            "timestamp": 1373880498,
            "author": {
                "id": 13652,
                "name": "MrSKULL",
                "image": null
            },
            "comment": "<p >The WEB is from xdayend . ( I think so )</p>\n\n\t\t\t\n\t\t\t\t\n\n<span class=\"ipsType_reset ipsType_medium ipsType_light\" data-excludequote=\"None\" >\n\t<strong >Edited <time datetime=\"2013-07-15T09:31:01Z\" title=\"07/15/2013 09:31  AM\" data-short=\"7 yr\" >July 15, 2013</time> by MrSKULL</strong>\n\t\n\t\n</span>\n\t\t\t\n\t\t</div>"
        },
        {
            "id": 80874,
            "timestamp": 1373882195,
            "author": {
                "id": 13656,
                "name": "YnVnZ2VyX2F",
                "image": null
            },
            "comment": "\n<p >Only one element is from me</p>\n<p > </p>\n<p ><a href=\"http://www.invisiblelastchaos.com/images/main.png\" rel=\"external nofollow\" >http://www.invisiblelastchaos.com/images/main.png</a></p>\n\n\n\t\t\t\n\t\t\t\t\n\n<span class=\"ipsType_reset ipsType_medium ipsType_light\" data-excludequote=\"None\" >\n\t<strong >Edited <time datetime=\"2013-07-15T10:03:15Z\" title=\"07/15/2013 10:03  AM\" data-short=\"7 yr\" >July 15, 2013</time> by xDayEnd</strong>\n\t\n\t\n</span>\n\t\t\t\n\t\t</div>"
        },
        {
            "id": 80875,
            "timestamp": 1373882835,
            "author": {
                "id": 13652,
                "name": "MrSKULL",
                "image": null
            },
            "comment": "\n<blockquote data-ipsquote=\"\" class=\"ipsQuote\" data-ipsquote-contentcommentid=\"80874\" data-ipsquote-contentapp=\"forums\" data-ipsquote-contenttype=\"forums\" data-ipsquote-contentclass=\"forums_Topic\" data-ipsquote-contentid=\"10553\" data-ipsquote-username=\"xDayEnd\" data-cite=\"xDayEnd\" data-ipsquote-timestamp=\"1373882195\" ><div ><div >\n<p >Only one element is from me</p>\n<p > </p>\n<p ><a href=\"http://www.invisiblelastchaos.com/images/main.png\" rel=\"external nofollow\" >http://www.invisiblelastchaos.com/images/main.png</a></p>\n</div></div></blockquote>\n<p >And the logo , too :D, what he not use.</p>\n\n\n\t\t\t\n\t\t\t\t\n\n<span class=\"ipsType_reset ipsType_medium ipsType_light\" data-excludequote=\"None\" >\n\t<strong >Edited <time datetime=\"2013-07-15T10:07:45Z\" title=\"07/15/2013 10:07  AM\" data-short=\"7 yr\" >July 15, 2013</time> by MrSKULL</strong>\n\t\n\t\n</span>\n\t\t\t\n\t\t</div>"
        },
        {
            "id": 80879,
            "timestamp": 1373883851,
            "author": {
                "id": null,
                "name": "Guest SmoGG",
                "image": null
            },
            "comment": "<p >This page is ******* o:</p>"
        }
    ]
}