{
    "meta": {
        "threadId": 1055,
        "threadName": "Hi i make this threa for you everyone.",
        "dateCreated": "2011-10-15T14:52:42+0000",
        "datePublished": "2011-10-15T14:52:42+0000",
        "pageCount": 1,
        "originalUrl": "https://lckb.dev/forum/index.php?/topic/1055-hi-i-make-this-threa-for-you-everyone/",
        "authorId": null,
        "position": [
            {
                "@type": "ListItem",
                "position": 1,
                "item": {
                    "@id": "https://lckb.dev/forum/index.php?/forum/271-general-section/",
                    "name": "General Section"
                }
            },
            {
                "@type": "ListItem",
                "position": 2,
                "item": {
                    "@id": "https://lckb.dev/forum/index.php?/forum/259-general-discussion/",
                    "name": "General Discussion"
                }
            }
        ]
    },
    "commentData": [
        {
            "id": 8634,
            "timestamp": 1318690362,
            "author": {
                "id": null,
                "name": "Guest MonarC",
                "image": null
            },
            "comment": "\n<p >Hi community of chaos wizatek, i want to make a EP1 Server, and i will know who can help me for make a ep1 server ? but if you can help me, you know </p>\n<p >Maybe what you get :D When me server is finished, i will search good people, who can fix me bugs, and add new update ;) and so i can have the best server ;) But for the money, i dont know how i get that. and if i can get money that people buy for cash, i will pay the people who have help me.</p>\n<p > </p>\n<p >PS: I want to make a ep1 server, not only for money, but for fun and enjoying, that the people are lucky :p</p>\n"
        },
        {
            "id": 8721,
            "timestamp": 1318766256,
            "author": {
                "id": null,
                "name": "Guest MonarC",
                "image": null
            },
            "comment": "<p >I tryting to make me own ep1 now, but what i must do ? when i open lcsm i get Loading Setting File... and than SYS_ERR. who can help me ?</p>"
        },
        {
            "id": 8732,
            "timestamp": 1318774635,
            "author": {
                "id": null,
                "name": "Guest Jackster",
                "image": null
            },
            "comment": "<p >Very easy to do just look at guilds and read for a while...</p>"
        },
        {
            "id": 8733,
            "timestamp": 1318776456,
            "author": {
                "id": 161,
                "name": "Koko",
                "image": null
            },
            "comment": "\n<p >A lot of guides + wrong section...</p>\n<p > </p>\n<p >Moved.</p>\n"
        },
        {
            "id": 8738,
            "timestamp": 1318779908,
            "author": {
                "id": null,
                "name": "Guest MonarC",
                "image": null
            },
            "comment": "<p >Please help me, i dont know what we must do :/</p>"
        },
        {
            "id": 8739,
            "timestamp": 1318780089,
            "author": {
                "id": null,
                "name": "Guest Jackster",
                "image": null
            },
            "comment": "\n<blockquote data-ipsquote=\"\" class=\"ipsQuote\" data-ipsquote-username=\"\\\" data-cite=\"\\\" data-ipsquote-contentapp=\"forums\" data-ipsquote-contenttype=\"forums\" data-ipsquote-contentid=\"1055\" data-ipsquote-contentclass=\"forums_Topic\" ><div >Please help me, i dont know what we must do :/</div></blockquote>\n<p > </p>\n<p >If you dont know how to basically read the forum dont even bother trying to set up a EP1 server.</p>\n"
        },
        {
            "id": 8959,
            "timestamp": 1319226525,
            "author": {
                "id": null,
                "name": "Guest MonarC",
                "image": null
            },
            "comment": "<p >Jackster, its solved, but when i open my game server, at the end it close... idk why :/ can anyone tell me how i can good open my own server and that i can play in ?</p>"
        },
        {
            "id": 8963,
            "timestamp": 1319228455,
            "author": {
                "id": null,
                "name": "Guest maxikind",
                "image": null
            },
            "comment": "<p >Your db isnt working with your for your starterpack!</p>"
        },
        {
            "id": 8988,
            "timestamp": 1319270678,
            "author": {
                "id": null,
                "name": "Guest MonarC",
                "image": null
            },
            "comment": "<p >Ok. but now i have a other problem sorry xD, when i log my rogue, i get send error when i am at the load, \"Loading Mobs\" under client</p>"
        },
        {
            "id": 9275,
            "timestamp": 1319652216,
            "author": {
                "id": null,
                "name": "Guest MonarC",
                "image": null
            },
            "comment": "<p >Its solved GUYS i can play in my EP1. Now i need yo recruit people.</p>"
        }
    ]
}