{
    "meta": {
        "threadId": 10573,
        "threadName": "Sky & Clouds Pack",
        "dateCreated": "2013-07-16T07:18:42+0000",
        "datePublished": "2013-07-16T07:18:42+0000",
        "pageCount": 1,
        "originalUrl": "https://lckb.dev/forum/index.php?/topic/10573-sky-clouds-pack/",
        "authorId": 17432,
        "position": [
            {
                "@type": "ListItem",
                "position": 1,
                "item": {
                    "@id": "https://lckb.dev/forum/index.php?/forum/258-release-zone/",
                    "name": "Release Zone"
                }
            },
            {
                "@type": "ListItem",
                "position": 2,
                "item": {
                    "@id": "https://lckb.dev/forum/index.php?/forum/336-general-releases/",
                    "name": "General Releases"
                }
            },
            {
                "@type": "ListItem",
                "position": 3,
                "item": {
                    "@id": "https://lckb.dev/forum/index.php?/forum/288-general-client-releases/",
                    "name": "General Client Releases"
                }
            }
        ]
    },
    "commentData": [
        {
            "id": 81016,
            "timestamp": 1373959122,
            "author": {
                "id": 17432,
                "name": "Nymphetamine",
                "image": null
            },
            "comment": "\n<p >Its something easy to do.</p>\n<p >But if you guys want to change your clouds model/color and the sky color here you have some suggestions with download.</p>\n<p >Here you can find some screenshots</p>\n<p >All are in the pack + read me included</p>\n<p > </p>\n<p style=\"text-align:center;\" ><strong ><span style=\"font-size:24px;\" ><span style=\"color:#000000;\" >Dark More Clouds</span></span></strong></p>\n<p style=\"text-align:center;\" ><img alt=\"0370f-d7557d38-0752-4ed0-97dd-2bd1788957\" src=\"http://grabilla.com/0370f-d7557d38-0752-4ed0-97dd-2bd17889576f.png\" /></p>\n<p style=\"text-align:center;\" > </p>\n<p style=\"text-align:center;\" ><strong ><span style=\"font-size:24px;\" ><span style=\"color:#800080;\" >Purple and Pink Modeled Clouds</span></span></strong></p>\n<p style=\"text-align:center;\" > </p>\n<p style=\"text-align:center;\" ><img alt=\"0370f-60165123-4cc9-49e0-9550-4c278746b4\" src=\"http://grabilla.com/0370f-60165123-4cc9-49e0-9550-4c278746b4d9.png\" /></p>\n<p style=\"text-align:center;\" > </p>\n<p style=\"text-align:center;\" ><span style=\"font-size:24px;\" ><strong ><span style=\"color:#0000ff;\" >Black and Blue </span></strong></span></p>\n<p style=\"text-align:center;\" ><img alt=\"0370f-6d224dbf-5bbb-40e6-9993-ba3f20c231\" src=\"http://grabilla.com/0370f-6d224dbf-5bbb-40e6-9993-ba3f20c23101.png\" /></p>\n<p style=\"text-align:center;\" > </p>\n<p style=\"text-align:center;\" > </p>\n<p style=\"text-align:center;\" ><span style=\"font-size:18px;\" >Download</span></p>\n<p style=\"text-align:center;\" ><a href=\"https://mega.co.nz/#!IMxAEZ5A!UK8DokH6tK7hH-micN30nxWl555CtiwJgRtgyFMq8Bk\" rel=\"external nofollow\" >https://mega.co.nz/#!IMxAEZ5A!UK8DokH6tK7hH-micN30nxWl555CtiwJgRtgyFMq8Bk</a></p>\n<p style=\"text-align:center;\" > </p>\n<p style=\"text-align:center;\" ><span style=\"font-size:18px;\" >Virus Total</span></p>\n<p style=\"text-align:center;\" ><a href=\"https://www.virustotal.com/it/url/274b18e83a3b2b1db2350782fdb36e225aa3d656f350d26269233ac115c82f67/analysis/\" rel=\"external nofollow\" >https://www.virustotal.com/it/url/274b18e83a3b2b1db2350782fdb36e225aa3d656f350d26269233ac115c82f67/analysis/</a></p>\n"
        },
        {
            "id": 81060,
            "timestamp": 1373986099,
            "author": {
                "id": 657,
                "name": "Vato",
                "image": null
            },
            "comment": "<p >How do you make the sky black?</p>"
        },
        {
            "id": 81061,
            "timestamp": 1373986271,
            "author": {
                "id": 1300,
                "name": "XxTINTINxX",
                "image": null
            },
            "comment": "<p >Look nice :)</p>"
        },
        {
            "id": 81064,
            "timestamp": 1373988640,
            "author": {
                "id": 17432,
                "name": "Nymphetamine",
                "image": null
            },
            "comment": "\n<blockquote data-ipsquote=\"\" class=\"ipsQuote\" data-ipsquote-contentcommentid=\"81060\" data-ipsquote-contentapp=\"forums\" data-ipsquote-contenttype=\"forums\" data-ipsquote-contentclass=\"forums_Topic\" data-ipsquote-contentid=\"10573\" data-ipsquote-username=\"Vato\" data-cite=\"Vato\" data-ipsquote-timestamp=\"1373986099\" ><div ><div ><p >How do you make the sky black?</p></div></div></blockquote>\n<p >Just editing a tex file.</p>\n"
        },
        {
            "id": 81089,
            "timestamp": 1374000279,
            "author": {
                "id": 13618,
                "name": "maybe",
                "image": null
            },
            "comment": "<p >Its cool i like it, thanks man.</p>"
        },
        {
            "id": 81099,
            "timestamp": 1374002642,
            "author": {
                "id": 17432,
                "name": "Nymphetamine",
                "image": null
            },
            "comment": "<p >Glad to help with that small things when i can :p</p>"
        },
        {
            "id": 81417,
            "timestamp": 1374181130,
            "author": {
                "id": 657,
                "name": "Vato",
                "image": null
            },
            "comment": "\n<blockquote data-ipsquote=\"\" class=\"ipsQuote\" data-ipsquote-contentcommentid=\"81064\" data-ipsquote-contentapp=\"forums\" data-ipsquote-contenttype=\"forums\" data-ipsquote-contentclass=\"forums_Topic\" data-ipsquote-contentid=\"10573\" data-ipsquote-username=\"Nymphetamine\" data-cite=\"Nymphetamine\" data-ipsquote-timestamp=\"1373988640\" ><div ><div ><p >Just editing a tex file.</p></div></div></blockquote>\n<p >Where is the tex file i have to edit for black sky?</p>\n"
        }
    ]
}