{
    "meta": {
        "threadId": 10571,
        "threadName": "New Juno Map in Progress",
        "dateCreated": "2013-07-15T23:17:41+0000",
        "datePublished": "2013-07-15T23:17:41+0000",
        "pageCount": 1,
        "originalUrl": "https://lckb.dev/forum/index.php?/topic/10571-new-juno-map-in-progress/",
        "authorId": 13529,
        "position": [
            {
                "@type": "ListItem",
                "position": 1,
                "item": {
                    "@id": "https://lckb.dev/forum/index.php?/forum/271-general-section/",
                    "name": "General Section"
                }
            },
            {
                "@type": "ListItem",
                "position": 2,
                "item": {
                    "@id": "https://lckb.dev/forum/index.php?/forum/43-development-showroom/",
                    "name": "Development Showroom"
                }
            }
        ]
    },
    "commentData": [
        {
            "id": 80995,
            "timestamp": 1373930261,
            "author": {
                "id": 13529,
                "name": "DrGenius",
                "image": null
            },
            "comment": "\n<p >hey guys im working on editing juno v3 for my own server (UniverseLC) map is still in progress, still need fix some textures that look weird</p>\n<p >all block zone,safe zone work perfectly, i just want show it maybe someone have some suggets for add or removed^^</p>\n<p >thanks noizy for the arena ^^</p>\n<p > </p>\n<p ><a href=\"http://grabilla.com/0370f-691b4ef8-35a0-4fcf-8c60-a20e6c096e9c.png\" rel=\"external nofollow\" >http://grabilla.com/0370f-691b4ef8-35a0-4fcf-8c60-a20e6c096e9c.png</a></p>\n<p ><a href=\"http://grabilla.com/0370f-8b984925-6133-4fae-a19f-ea58d79f3bc6.png\" rel=\"external nofollow\" >http://grabilla.com/0370f-8b984925-6133-4fae-a19f-ea58d79f3bc6.png</a></p>\n<p ><a href=\"http://grabilla.com/0370f-0c6f122e-b68a-4339-b91f-f3dbec933f65.png\" rel=\"external nofollow\" >http://grabilla.com/0370f-0c6f122e-b68a-4339-b91f-f3dbec933f65.png</a></p>\n<p ><a href=\"http://grabilla.com/0370f-07489ae2-2f72-4ab9-92fb-3bfec7b409f5.png\" rel=\"external nofollow\" >http://grabilla.com/0370f-07489ae2-2f72-4ab9-92fb-3bfec7b409f5.png</a></p>\n<p ><a href=\"http://grabilla.com/0370f-f475f395-8d74-4dcc-a7c6-1a4cb8d757b3.png\" rel=\"external nofollow\" >http://grabilla.com/0370f-f475f395-8d74-4dcc-a7c6-1a4cb8d757b3.png</a></p>\n<p > </p>\n<p >what u think about?</p>\n"
        },
        {
            "id": 80997,
            "timestamp": 1373930745,
            "author": {
                "id": 17148,
                "name": "WorldOfWars",
                "image": null
            },
            "comment": "<p >What i thinks? i love this JUNO he is very beautiful ! +1</p>"
        },
        {
            "id": 81000,
            "timestamp": 1373931999,
            "author": {
                "id": 2167,
                "name": "dethunter12",
                "image": null
            },
            "comment": "<p >lovely very lovely </p>"
        },
        {
            "id": 81006,
            "timestamp": 1373938656,
            "author": {
                "id": 15369,
                "name": "DieYoung",
                "image": null
            },
            "comment": "<p >this is amazing! great job genius and noizy :)</p>\n\n\t\t\t\n\t\t\t\t\n\n<span class=\"ipsType_reset ipsType_medium ipsType_light\" data-excludequote=\"None\" >\n\t<strong >Edited <time datetime=\"2013-07-16T01:38:03Z\" title=\"07/16/2013 01:38  AM\" data-short=\"7 yr\" >July 16, 2013</time> by DieYoung</strong>\n\t\n\t\n</span>\n\t\t\t\n\t\t</div>"
        },
        {
            "id": 81013,
            "timestamp": 1373955122,
            "author": {
                "id": 15306,
                "name": "Noizy",
                "image": null
            },
            "comment": "<p >:O oO :P its really amazing, good luck </p>"
        },
        {
            "id": 81024,
            "timestamp": 1373966658,
            "author": {
                "id": 14419,
                "name": "FanatikLC",
                "image": null
            },
            "comment": "<p >Really so nice!</p>"
        },
        {
            "id": 81025,
            "timestamp": 1373968551,
            "author": {
                "id": 2,
                "name": "Wizatek",
                "image": null
            },
            "comment": "<p >Very very nice, looking for a job? :P</p>"
        },
        {
            "id": 81026,
            "timestamp": 1373969227,
            "author": {
                "id": 13494,
                "name": "Ichy",
                "image": null
            },
            "comment": "<p >Really nice! it looks amazing :B</p>"
        },
        {
            "id": 81027,
            "timestamp": 1373969977,
            "author": {
                "id": 161,
                "name": "Koko",
                "image": null
            },
            "comment": "<p >Nice :) but sadly its not juno anymore haha</p>"
        },
        {
            "id": 81033,
            "timestamp": 1373971694,
            "author": {
                "id": 13656,
                "name": "YnVnZ2VyX2F",
                "image": null
            },
            "comment": "<p >Amazing ;o</p>"
        },
        {
            "id": 81035,
            "timestamp": 1373972608,
            "author": {
                "id": 18312,
                "name": "Assasin",
                "image": null
            },
            "comment": "<p >Lool <span style=\"color:rgb(40,40,40);font-family:arial, helvetica, clean, sans-serif;\" >Amazing </span></p>"
        },
        {
            "id": 81037,
            "timestamp": 1373973530,
            "author": {
                "id": 10456,
                "name": "Tarissuis",
                "image": null
            },
            "comment": "<p >As already mentioned, its not Juno anymore. But it looks nice, the only thing I dislike are the model colors, you should combine them in 1 style and change the original one cause they dont fit together, just change it via modelcolor a bit.</p>"
        },
        {
            "id": 81038,
            "timestamp": 1373974699,
            "author": {
                "id": 13652,
                "name": "MrSKULL",
                "image": null
            },
            "comment": "\n<p >A big +1.</p>\n<p > </p>\n<p >U have added all nice things from the other maps in your Juno :D.</p>\n<p > Great work.</p>\n"
        },
        {
            "id": 81114,
            "timestamp": 1374012754,
            "author": {
                "id": 13529,
                "name": "DrGenius",
                "image": null
            },
            "comment": "\n<p > :D yea the idea was adding all nice things from another map to juno, and yea is now not juno anymore hmm i will call it mix world 0.0 </p>\n<p >and yea wiza i need a job hahah </p>\n"
        }
    ]
}