{
    "meta": {
        "threadId": 10574,
        "threadName": "ItemAll structure",
        "dateCreated": "2013-07-16T07:57:17+0000",
        "datePublished": "2013-07-16T07:57:17+0000",
        "pageCount": 1,
        "originalUrl": "https://lckb.dev/forum/index.php?/topic/10574-itemall-structure/",
        "authorId": 13172,
        "position": [
            {
                "@type": "ListItem",
                "position": 1,
                "item": {
                    "@id": "https://lckb.dev/forum/index.php?/forum/100-guides-help-section/",
                    "name": "Guides &amp; Help Section"
                }
            },
            {
                "@type": "ListItem",
                "position": 2,
                "item": {
                    "@id": "https://lckb.dev/forum/index.php?/forum/335-help-support/",
                    "name": "Help &amp; Support"
                }
            },
            {
                "@type": "ListItem",
                "position": 3,
                "item": {
                    "@id": "https://lckb.dev/forum/index.php?/forum/120-ep2-support/",
                    "name": "Ep2 Support"
                }
            },
            {
                "@type": "ListItem",
                "position": 4,
                "item": {
                    "@id": "https://lckb.dev/forum/index.php?/forum/134-solved-topics/",
                    "name": "Solved Topics"
                }
            }
        ]
    },
    "commentData": [
        {
            "id": 81019,
            "timestamp": 1373961437,
            "author": {
                "id": 13172,
                "name": "soryjero",
                "image": null
            },
            "comment": "\n<p >hello, now i am trying to get itemall structure, but i have a little problem with some values.</p>\n<p > </p>\n<p ><a href=\"http://grabilla.com/03710-092dffee-25fb-4d42-bd1a-032eee62f94b.html\" rel=\"external nofollow\" >http://grabilla.com/03710-092dffee-25fb-4d42-bd1a-032eee62f94b.html</a></p>\n<p > </p>\n<p >After description (Titan Armor), i can read 00 00 00 00 00 00 00 00 00 00 00 00 and after this, i can read random settings, but i dont know which is the meaning of these three int values.</p>\n<p > </p>\n<p >could anyone help me?</p>\n<p > </p>\n<p >thanks in advance</p>\n\n\n\t\t\t\n\t\t\t\t\n\n<span class=\"ipsType_reset ipsType_medium ipsType_light\" data-excludequote=\"None\" >\n\t<strong >Edited <time datetime=\"2013-07-16T22:49:44Z\" title=\"07/16/2013 10:49  PM\" data-short=\"7 yr\" >July 16, 2013</time> by soryjero</strong>\n\t\n\t\n</span>\n\t\t\t\n\t\t</div>"
        },
        {
            "id": 81119,
            "timestamp": 1374014971,
            "author": {
                "id": 13172,
                "name": "soryjero",
                "image": null
            },
            "comment": "\n<p >solved by myself.</p>\n<p > </p>\n<p >those values are length of effects name.</p>\n"
        }
    ]
}