{
    "meta": {
        "threadId": 10589,
        "threadName": "Web site",
        "dateCreated": "2013-07-16T23:02:19+0000",
        "datePublished": "2013-07-16T23:02:19+0000",
        "pageCount": 1,
        "originalUrl": "https://lckb.dev/forum/index.php?/topic/10589-web-site/",
        "authorId": 17148,
        "position": [
            {
                "@type": "ListItem",
                "position": 1,
                "item": {
                    "@id": "https://lckb.dev/forum/index.php?/forum/100-guides-help-section/",
                    "name": "Guides &amp; Help Section"
                }
            },
            {
                "@type": "ListItem",
                "position": 2,
                "item": {
                    "@id": "https://lckb.dev/forum/index.php?/forum/335-help-support/",
                    "name": "Help &amp; Support"
                }
            },
            {
                "@type": "ListItem",
                "position": 3,
                "item": {
                    "@id": "https://lckb.dev/forum/index.php?/forum/120-ep2-support/",
                    "name": "Ep2 Support"
                }
            },
            {
                "@type": "ListItem",
                "position": 4,
                "item": {
                    "@id": "https://lckb.dev/forum/index.php?/forum/134-solved-topics/",
                    "name": "Solved Topics"
                }
            }
        ]
    },
    "commentData": [
        {
            "id": 81121,
            "timestamp": 1374015739,
            "author": {
                "id": 17148,
                "name": "WorldOfWars",
                "image": null
            },
            "comment": "\n<p >Hey guys,</p>\n<p > </p>\n<p >i dont know where i need put my web site for my ep2 server , can you tell me please? </p>\n<p > </p>\n<p >thanks.</p>\n\n\n\t\t\t\n\t\t\t\t\n\n<span class=\"ipsType_reset ipsType_medium ipsType_light\" data-excludequote=\"None\" >\n\t<strong >Edited <time datetime=\"2013-07-17T10:13:29Z\" title=\"07/17/2013 10:13  AM\" data-short=\"7 yr\" >July 17, 2013</time> by WorldOfWars</strong>\n\t\n\t\n</span>\n\t\t\t\n\t\t</div>"
        },
        {
            "id": 81123,
            "timestamp": 1374016279,
            "author": {
                "id": 2016,
                "name": "pwesty",
                "image": null
            },
            "comment": "<p >are you using a vps and can you afford a cheap web host? or is this a private localhost only ep2 server?</p>"
        },
        {
            "id": 81124,
            "timestamp": 1374016557,
            "author": {
                "id": 17148,
                "name": "WorldOfWars",
                "image": null
            },
            "comment": "<p >I using a dedicaced server ^^.</p>"
        },
        {
            "id": 81126,
            "timestamp": 1374017217,
            "author": {
                "id": 2016,
                "name": "pwesty",
                "image": null
            },
            "comment": "<p >well if your dedi can handle the bandwidth then use apache for your website ^^ or use a webhost, i use arvixe its 7$ a month</p>"
        },
        {
            "id": 81127,
            "timestamp": 1374017353,
            "author": {
                "id": 17148,
                "name": "WorldOfWars",
                "image": null
            },
            "comment": "<p >i dont know where is the folder apache.. ;/</p>"
        },
        {
            "id": 81128,
            "timestamp": 1374017581,
            "author": {
                "id": 2016,
                "name": "pwesty",
                "image": null
            },
            "comment": "<p >if you have apache installed its in /var/www/html if not install apache with php support  and put your website in that folder ^^</p>"
        },
        {
            "id": 81133,
            "timestamp": 1374021342,
            "author": {
                "id": 17148,
                "name": "WorldOfWars",
                "image": null
            },
            "comment": "<p >thanks solved :)</p>"
        }
    ]
}