{
    "meta": {
        "threadId": 10582,
        "threadName": "New WebSite",
        "dateCreated": "2013-07-16T16:30:11+0000",
        "datePublished": "2013-07-16T16:30:11+0000",
        "pageCount": 1,
        "originalUrl": "https://lckb.dev/forum/index.php?/topic/10582-new-website/",
        "authorId": 307,
        "position": [
            {
                "@type": "ListItem",
                "position": 1,
                "item": {
                    "@id": "https://lckb.dev/forum/index.php?/forum/271-general-section/",
                    "name": "General Section"
                }
            },
            {
                "@type": "ListItem",
                "position": 2,
                "item": {
                    "@id": "https://lckb.dev/forum/index.php?/forum/43-development-showroom/",
                    "name": "Development Showroom"
                }
            }
        ]
    },
    "commentData": [
        {
            "id": 81071,
            "timestamp": 1373992211,
            "author": {
                "id": 307,
                "name": "ReturnKratos",
                "image": null
            },
            "comment": "\n<p >Hey guys today i have work on new site. Let me know if look good ;)</p>\n<p > </p>\n<p ><img alt=\"03710-de341d2b-3f90-406c-b9d1-78e007d773\" src=\"http://grabilla.com/03710-de341d2b-3f90-406c-b9d1-78e007d7738e.png\" /></p>\n<p > </p>\n<p ><img alt=\"03710-2a5e8a25-2701-4ac9-9d49-34671e3141\" src=\"http://grabilla.com/03710-2a5e8a25-2701-4ac9-9d49-34671e314193.png\" /></p>\n\n\n\t\t\t\n\t\t\t\t\n\n<span class=\"ipsType_reset ipsType_medium ipsType_light\" data-excludequote=\"None\" >\n\t<strong >Edited <time datetime=\"2013-07-16T16:43:41Z\" title=\"07/16/2013 04:43  PM\" data-short=\"7 yr\" >July 16, 2013</time> by ReturnKratos</strong>\n\t\n\t\n</span>\n\t\t\t\n\t\t</div>"
        },
        {
            "id": 81122,
            "timestamp": 1374016090,
            "author": {
                "id": 7695,
                "name": "CyberClaus",
                "image": null
            },
            "comment": "<p >its a start...keep going</p>"
        },
        {
            "id": 81155,
            "timestamp": 1374035747,
            "author": {
                "id": 18472,
                "name": "tester",
                "image": null
            },
            "comment": "<p >Its kinda square and you should bring all the pictures into line with other pictures and background. But overall its nice and will be nice at the end.</p>"
        },
        {
            "id": 81245,
            "timestamp": 1374088802,
            "author": {
                "id": 10456,
                "name": "Tarissuis",
                "image": null
            },
            "comment": "\n<p ><p >I guess there are no functions at all yet and all you got are some pictures... oh wait, i forgot the giant copyright note at the bottom, i guess this is the most important factor...</p></p>\n<p ><p > </p></p>\n<p ><p >You might wanna add some more before introducing it here.</p></p>\n\n\n\t\t\t\n\t\t\t\t\n\n<span class=\"ipsType_reset ipsType_medium ipsType_light\" data-excludequote=\"None\" >\n\t<strong >Edited <time datetime=\"2013-07-17T19:20:41Z\" title=\"07/17/2013 07:20  PM\" data-short=\"7 yr\" >July 17, 2013</time> by Tarissuis</strong>\n\t\n\t\n</span>\n\t\t\t\n\t\t</div>"
        },
        {
            "id": 81250,
            "timestamp": 1374093318,
            "author": {
                "id": 13502,
                "name": "XxMachaxX",
                "image": null
            },
            "comment": "<p >I dont like sorry :S</p>"
        }
    ]
}