{
    "meta": {
        "threadId": 10593,
        "threadName": "guild points",
        "dateCreated": "2013-07-17T04:46:39+0000",
        "datePublished": "2013-07-17T04:46:39+0000",
        "pageCount": 1,
        "originalUrl": "https://lckb.dev/forum/index.php?/topic/10593-guild-points/",
        "authorId": 7750,
        "position": [
            {
                "@type": "ListItem",
                "position": 1,
                "item": {
                    "@id": "https://lckb.dev/forum/index.php?/forum/100-guides-help-section/",
                    "name": "Guides &amp; Help Section"
                }
            },
            {
                "@type": "ListItem",
                "position": 2,
                "item": {
                    "@id": "https://lckb.dev/forum/index.php?/forum/335-help-support/",
                    "name": "Help &amp; Support"
                }
            },
            {
                "@type": "ListItem",
                "position": 3,
                "item": {
                    "@id": "https://lckb.dev/forum/index.php?/forum/120-ep2-support/",
                    "name": "Ep2 Support"
                }
            },
            {
                "@type": "ListItem",
                "position": 4,
                "item": {
                    "@id": "https://lckb.dev/forum/index.php?/forum/134-solved-topics/",
                    "name": "Solved Topics"
                }
            }
        ]
    },
    "commentData": [
        {
            "id": 81158,
            "timestamp": 1374036399,
            "author": {
                "id": 7750,
                "name": "camaro2683",
                "image": null
            },
            "comment": "\n<p >anyone know the command to get guild points?</p>\n<p > </p>\n\n\n\t\t\t\n\t\t\t\t\n\n<span class=\"ipsType_reset ipsType_medium ipsType_light\" data-excludequote=\"None\" >\n\t<strong >Edited <time datetime=\"2013-07-17T06:47:32Z\" title=\"07/17/2013 06:47  AM\" data-short=\"7 yr\" >July 17, 2013</time> by camaro2683</strong>\n\t\n\t\n</span>\n\t\t\t\n\t\t</div>"
        },
        {
            "id": 81161,
            "timestamp": 1374037926,
            "author": {
                "id": 2016,
                "name": "pwesty",
                "image": null
            },
            "comment": "<p >/func addgp 20000                  is 20k gp</p>\n\n\t\t\t\n\t\t\t\t\n\n<span class=\"ipsType_reset ipsType_medium ipsType_light\" data-excludequote=\"None\" >\n\t<strong >Edited <time datetime=\"2013-07-17T05:12:27Z\" title=\"07/17/2013 05:12  AM\" data-short=\"7 yr\" >July 17, 2013</time> by pwesty</strong>\n\t\n\t\n</span>\n\t\t\t\n\t\t</div>"
        },
        {
            "id": 81167,
            "timestamp": 1374043635,
            "author": {
                "id": 7750,
                "name": "camaro2683",
                "image": null
            },
            "comment": "<p >ok solved thank you</p>"
        }
    ]
}