{
    "meta": {
        "threadId": 10592,
        "threadName": "guild emblem issues",
        "dateCreated": "2013-07-17T02:38:46+0000",
        "datePublished": "2013-07-17T02:38:46+0000",
        "pageCount": 1,
        "originalUrl": "https://lckb.dev/forum/index.php?/topic/10592-guild-emblem-issues/",
        "authorId": 7750,
        "position": [
            {
                "@type": "ListItem",
                "position": 1,
                "item": {
                    "@id": "https://lckb.dev/forum/index.php?/forum/100-guides-help-section/",
                    "name": "Guides &amp; Help Section"
                }
            },
            {
                "@type": "ListItem",
                "position": 2,
                "item": {
                    "@id": "https://lckb.dev/forum/index.php?/forum/335-help-support/",
                    "name": "Help &amp; Support"
                }
            },
            {
                "@type": "ListItem",
                "position": 3,
                "item": {
                    "@id": "https://lckb.dev/forum/index.php?/forum/120-ep2-support/",
                    "name": "Ep2 Support"
                }
            },
            {
                "@type": "ListItem",
                "position": 4,
                "item": {
                    "@id": "https://lckb.dev/forum/index.php?/forum/134-solved-topics/",
                    "name": "Solved Topics"
                }
            }
        ]
    },
    "commentData": [
        {
            "id": 81145,
            "timestamp": 1374028726,
            "author": {
                "id": 7750,
                "name": "camaro2683",
                "image": null
            },
            "comment": "\n<p >hi community as the title says im having issues getting guild emblem to work can somebody tell me how i can get it to work </p>\n<p > </p>\n<p >thank you</p>\n\n\n\t\t\t\n\t\t\t\t\n\n<span class=\"ipsType_reset ipsType_medium ipsType_light\" data-excludequote=\"None\" >\n\t<strong >Edited <time datetime=\"2013-07-17T04:36:37Z\" title=\"07/17/2013 04:36  AM\" data-short=\"7 yr\" >July 17, 2013</time> by camaro2683</strong>\n\t\n\t\n</span>\n\t\t\t\n\t\t</div>"
        },
        {
            "id": 81147,
            "timestamp": 1374033815,
            "author": {
                "id": 13529,
                "name": "DrGenius",
                "image": null
            },
            "comment": "<p >by the way, you are using german files or usa files? cuz on actually leaked usa files these things work fine, also tell us wich client are you using? and the error you are getting</p>"
        },
        {
            "id": 81148,
            "timestamp": 1374034160,
            "author": {
                "id": 7750,
                "name": "camaro2683",
                "image": null
            },
            "comment": "<p >usa files and im using the lcgn02 client and no guild emblem shows up and when i go to guild info and go to the bottom where it says edit when i click edit it says there is no guild skill</p>"
        },
        {
            "id": 81149,
            "timestamp": 1374034403,
            "author": {
                "id": 13529,
                "name": "DrGenius",
                "image": null
            },
            "comment": "<p >yea thats cuz you only have the skill on client and not in-database, insert the skill to the database</p>"
        },
        {
            "id": 81152,
            "timestamp": 1374034825,
            "author": {
                "id": 7750,
                "name": "camaro2683",
                "image": null
            },
            "comment": "<p >what skill is it?</p>"
        },
        {
            "id": 81153,
            "timestamp": 1374035527,
            "author": {
                "id": 13529,
                "name": "DrGenius",
                "image": null
            },
            "comment": "<p >search it by guild emblem on skill editor</p>"
        },
        {
            "id": 81156,
            "timestamp": 1374035780,
            "author": {
                "id": 7750,
                "name": "camaro2683",
                "image": null
            },
            "comment": "<p >ok problem solved please close thank you :)</p>"
        }
    ]
}