{
    "meta": {
        "threadId": 1059,
        "threadName": "Csv to sql",
        "dateCreated": "2011-10-15T18:22:45+0000",
        "datePublished": "2011-10-15T18:22:45+0000",
        "pageCount": 1,
        "originalUrl": "https://lckb.dev/forum/index.php?/topic/1059-csv-to-sql/",
        "authorId": null,
        "position": [
            {
                "@type": "ListItem",
                "position": 1,
                "item": {
                    "@id": "https://lckb.dev/forum/index.php?/forum/271-general-section/",
                    "name": "General Section"
                }
            },
            {
                "@type": "ListItem",
                "position": 2,
                "item": {
                    "@id": "https://lckb.dev/forum/index.php?/forum/259-general-discussion/",
                    "name": "General Discussion"
                }
            }
        ]
    },
    "commentData": [
        {
            "id": 8659,
            "timestamp": 1318702965,
            "author": {
                "id": null,
                "name": "Guest Bubbles",
                "image": null
            },
            "comment": "<p >Dose any 1 a idea how i can convter a csv table to a sql file ?</p>"
        },
        {
            "id": 8664,
            "timestamp": 1318704968,
            "author": {
                "id": 37,
                "name": "BashVendetta",
                "image": null
            },
            "comment": "<a href=\"http://csv2sql.com/\" rel=\"external nofollow\" >http://csv2sql.com/</a>"
        },
        {
            "id": 8665,
            "timestamp": 1318705257,
            "author": {
                "id": null,
                "name": "Guest Bubbles",
                "image": null
            },
            "comment": "<p >Ty but the convert only the first 50 :/</p>"
        },
        {
            "id": 8668,
            "timestamp": 1318707800,
            "author": {
                "id": 37,
                "name": "BashVendetta",
                "image": null
            },
            "comment": "<p >Google it there will be tools, guides.</p>"
        },
        {
            "id": 8705,
            "timestamp": 1318760614,
            "author": {
                "id": 919,
                "name": "someone",
                "image": null
            },
            "comment": "\n<p >Ive used semicolumns in this example:</p>\n<p ></p>\n<pre class=\"ipsCode\" >ifstream in(\"file.csv\", ios::in);\nofstream out(\"file.sql\",ios::out);\nchar str[1024];\n\nif(in.is_open()){\n //first line which is the table coulumns\n in.getline(str,1024);\n pch = strtok (str,\";\");\n while (pch != NULL){\n     stream2.append(pch);\n     pch = strtok (NULL, \";\");\n     if(pch != NULL){\n       stream2.append(\",\");\n     }\n }\n while(in.good(){\n   //getting the data\n   in.getline(str,1024);\n   stream.append(\"INSERT INTO t_table(\");\n   stream.append(stream2.c_str());\n   stream.append(\") VALUES(\");\n   pch = strtok (str,\";\");\n   while (pch != NULL){\n     stream.append(pch);\n     pch = strtok (NULL, \";\");\n     if(pch != NULL){\n       stream.append(\",\");\n     }\n   }\n   stream.append(\");\\n\");\n   out << stream;\n }\nin.close();\nout.close();\n}</pre>\n<div ></div>\n<p ></p>\n<p >With comma its much easier:</p>\n<p ></p>\n<pre class=\"ipsCode\" >ifstream in(\"file.csv\", ios::in);\nofstream out(\"file.sql\",ios::out);\nchar str[1024];\nif(in.is_open()){\n //first line which is the table columns\n in.getline(str,1024);\n stream2.assign(line);\n while(in.good(){\n  //getting the data\n   in.getline(str,1024);\n   stream.append(\"INSERT INTO t_table(\");\n   stream.append(stream2.c_str());\n   stream.append(\") VALUES(\");\n   pch = strtok (str,\";\");\n   while (pch != NULL){\n     stream.append(pch);\n     pch = strtok (NULL, \";\");\n     if(pch != NULL){\n       stream.append(\",\");\n     }\n   }\n   stream.append(\");\\n\");\n   out << stream;\n }\nin.close();\nout.close();\n}</pre>\n<div ></div>\n<p ></p>\n"
        },
        {
            "id": 8708,
            "timestamp": 1318761085,
            "author": {
                "id": null,
                "name": "Guest Bubbles",
                "image": null
            },
            "comment": "\n<p >o.O</p>\n<p > </p>\n<p >i dont understand this ;//</p>\n"
        },
        {
            "id": 8710,
            "timestamp": 1318761386,
            "author": {
                "id": 919,
                "name": "someone",
                "image": null
            },
            "comment": "\n<blockquote data-ipsquote=\"\" class=\"ipsQuote\" data-ipsquote-username=\"\\\" data-cite=\"\\\" data-ipsquote-contentapp=\"forums\" data-ipsquote-contenttype=\"forums\" data-ipsquote-contentid=\"1059\" data-ipsquote-contentclass=\"forums_Topic\" ><div >o.O<p > </p>\n<p >i dont understand this ;//</p>\n</div></blockquote>\n<p > </p>\n<p >It reads the file line by line, on CSV usually first line is the columns line, and the rest are the data rows.</p>\n<p > </p>\n<p >The code above is C++ code that reads a CSV file and writes an SQL file.</p>\n<p > </p>\n<p >You can still try this:</p>\n<p ><a href=\"https://www.google.com/search?q=csv%20to%20sql&ie=utf-8&oe=utf-8&aq=t&rls=org.mozilla:ro:official&client=firefox-a&source=hp&channel=np\" rel=\"external nofollow\" >CSV to SQL</a></p>\n"
        },
        {
            "id": 8711,
            "timestamp": 1318761636,
            "author": {
                "id": null,
                "name": "Guest Bubbles",
                "image": null
            },
            "comment": "\n<p >;( oh</p>\n<p > have no knowlege in c# or c++ :/</p>\n<p > </p>\n<p > </p>\n<p >i try goggle but they a no working tools or TuT ;/</p>\n"
        }
    ]
}