{
    "meta": {
        "threadId": 10591,
        "threadName": "seals",
        "dateCreated": "2013-07-17T02:00:15+0000",
        "datePublished": "2013-07-17T02:00:15+0000",
        "pageCount": 1,
        "originalUrl": "https://lckb.dev/forum/index.php?/topic/10591-seals/",
        "authorId": 7750,
        "position": [
            {
                "@type": "ListItem",
                "position": 1,
                "item": {
                    "@id": "https://lckb.dev/forum/index.php?/forum/100-guides-help-section/",
                    "name": "Guides &amp; Help Section"
                }
            },
            {
                "@type": "ListItem",
                "position": 2,
                "item": {
                    "@id": "https://lckb.dev/forum/index.php?/forum/335-help-support/",
                    "name": "Help &amp; Support"
                }
            },
            {
                "@type": "ListItem",
                "position": 3,
                "item": {
                    "@id": "https://lckb.dev/forum/index.php?/forum/120-ep2-support/",
                    "name": "Ep2 Support"
                }
            },
            {
                "@type": "ListItem",
                "position": 4,
                "item": {
                    "@id": "https://lckb.dev/forum/index.php?/forum/134-solved-topics/",
                    "name": "Solved Topics"
                }
            }
        ]
    },
    "commentData": [
        {
            "id": 81141,
            "timestamp": 1374026415,
            "author": {
                "id": 7750,
                "name": "camaro2683",
                "image": null
            },
            "comment": "\n<p >hi community i was wondering if someone can tell me where i can go to find out all the seal ids for all the seals </p>\n<p > </p>\n<p >thank you</p>\n\n\n\t\t\t\n\t\t\t\t\n\n<span class=\"ipsType_reset ipsType_medium ipsType_light\" data-excludequote=\"None\" >\n\t<strong >Edited <time datetime=\"2013-07-17T02:35:06Z\" title=\"07/17/2013 02:35  AM\" data-short=\"7 yr\" >July 17, 2013</time> by camaro2683</strong>\n\t\n\t\n</span>\n\t\t\t\n\t\t</div>"
        },
        {
            "id": 81142,
            "timestamp": 1374027006,
            "author": {
                "id": 13529,
                "name": "DrGenius",
                "image": null
            },
            "comment": "\n<p >use hateme option editor if you dont have it can download he tools pack there: <a href=\"http://toxic-l33t.ddns.net/forum/index.php?/topic/10249-hateme-tool-pack/\" rel=\"external nofollow\" >http://toxic-l33t.ddns.net/forum/index.php?/topic/10249-hateme-tool-pack/</a></p>\n<p >there are many way but that one is more easy^^</p>\n"
        },
        {
            "id": 81144,
            "timestamp": 1374028248,
            "author": {
                "id": 7750,
                "name": "camaro2683",
                "image": null
            },
            "comment": "<p >ok solved thank you please close</p>"
        }
    ]
}