{
    "meta": {
        "threadId": 10590,
        "threadName": "[GUIDE] Character Deletion Time",
        "dateCreated": "2013-07-17T00:54:59+0000",
        "datePublished": "2013-07-17T00:54:59+0000",
        "pageCount": 1,
        "originalUrl": "https://lckb.dev/forum/index.php?/topic/10590-guide-character-deletion-time/",
        "authorId": 2016,
        "position": [
            {
                "@type": "ListItem",
                "position": 1,
                "item": {
                    "@id": "https://lckb.dev/forum/index.php?/forum/100-guides-help-section/",
                    "name": "Guides &amp; Help Section"
                }
            },
            {
                "@type": "ListItem",
                "position": 2,
                "item": {
                    "@id": "https://lckb.dev/forum/index.php?/forum/332-tutorials-guides/",
                    "name": "Tutorials &amp; Guides"
                }
            },
            {
                "@type": "ListItem",
                "position": 3,
                "item": {
                    "@id": "https://lckb.dev/forum/index.php?/forum/107-ep2-guides/",
                    "name": "Ep2 Guides"
                }
            }
        ]
    },
    "commentData": [
        {
            "id": 81135,
            "timestamp": 1374022499,
            "author": {
                "id": 2016,
                "name": "pwesty",
                "image": null
            },
            "comment": "\n<p >I had seen a post in the Help section on how to change the character delete delay down from 24hours, well here ill describe to you how to do it. its very simple and ill use much detail on how to do it..</p>\n<p > </p>\n<p > </p>\n<p >Tools needed:</p>\n<p > </p>\n<p >1.Hxd Hex editor <a href=\"http://mh-nexus.de/en/downloads.php?product=HxD\" rel=\"external nofollow\" >http://mh-nexus.de/en/downloads.php?product=HxD</a>    (choose location closest to you)</p>\n<p > </p>\n<p >2. your GameServer_d (or however you have it spelled)</p>\n<p > </p>\n<p > </p>\n<p >STEPS:</p>\n<p > </p>\n<p >1. Open up Hxd Hex editor</p>\n<p > </p>\n<p >2. Open up your GameServer_d file</p>\n<p > </p>\n<p >3. when your GameServer_d file opens hit ctrl+f  (make sure datatype is text-string) and search for UNIX_TIMESTAMP(NOW())+<span style=\"color:#ff0000;\" >24</span>*<span style=\"color:#00ff00;\" >60</span>*<span style=\"color:#0000ff;\" >60</span></p>\n<p > </p>\n<p >4. <span style=\"color:#ff0000;\" >24=hour</span> <span style=\"color:#00ff00;\" >1st 60=minute</span>  <span style=\"color:#0000ff;\" >2nd 60=second</span>  i have them color coded for you noobs that cant read or pay attention (no hard feelings we all just skim pass the *****)</p>\n<p > </p>\n<p >5. when changing the offset make sure have the cursor in front of <span style=\"color:#ff0000;\" >24</span> type in how many hours you want (<strong >hours 1-9 will start with 01-09</strong>) if you are wanting to change the minutes just make sure cursor is in front of <span style=\"color:#00ff00;\" >60</span>, etc etc etc..when you changed it just save it and upload to your server..if you have any problems and cant do it for some reason let me know and ill upload anyone with the time you want..</p>\n<p > </p>\n<p >Credits=Me</p>\n<p > </p>\n<p > </p>\n<p >press thanks if this has helped you in anyway id appreciate it very much</p>\n\n\n\t\t\t\n\t\t\t\t\n\n<span class=\"ipsType_reset ipsType_medium ipsType_light\" data-excludequote=\"None\" >\n\t<strong >Edited <time datetime=\"2013-07-17T01:35:32Z\" title=\"07/17/2013 01:35  AM\" data-short=\"7 yr\" >July 17, 2013</time> by pwesty</strong>\n\t\n\t\n</span>\n\t\t\t\n\t\t</div>"
        },
        {
            "id": 81138,
            "timestamp": 1374024270,
            "author": {
                "id": 16931,
                "name": "Walletman987",
                "image": null
            },
            "comment": "<p >I cant find the thanks button 0.o  but thanks for the guide, Im gonna do it now.</p>"
        },
        {
            "id": 81139,
            "timestamp": 1374024832,
            "author": {
                "id": 6038,
                "name": "RomainLastChaos",
                "image": null
            },
            "comment": "<p >nice guide</p>"
        },
        {
            "id": 81140,
            "timestamp": 1374025033,
            "author": {
                "id": 2016,
                "name": "pwesty",
                "image": null
            },
            "comment": "\n<blockquote data-ipsquote=\"\" class=\"ipsQuote\" data-ipsquote-contentcommentid=\"81139\" data-ipsquote-contentapp=\"forums\" data-ipsquote-contenttype=\"forums\" data-ipsquote-contentclass=\"forums_Topic\" data-ipsquote-contentid=\"10590\" data-ipsquote-username=\"Question\" data-cite=\"Question\" data-ipsquote-timestamp=\"1374024832\" ><div ><div ><p >nice guide</p></div></div></blockquote>\n<p >thank you @<a contenteditable=\"false\" rel=\"\" ></a></p>\n"
        },
        {
            "id": 81169,
            "timestamp": 1374045568,
            "author": {
                "id": 13172,
                "name": "soryjero",
                "image": null
            },
            "comment": "\n<p >very usefull guide</p>\n<p > </p>\n<p >thanks!</p>\n"
        },
        {
            "id": 81413,
            "timestamp": 1374179756,
            "author": {
                "id": 7482,
                "name": "Creep",
                "image": null
            },
            "comment": "\n<p >Keep ure work up</p>\n<p >Nice tut ;)</p>\n"
        },
        {
            "id": 83590,
            "timestamp": 1375270824,
            "author": {
                "id": 17991,
                "name": "iSixxer",
                "image": null
            },
            "comment": "\n<p >Nice guide !</p>\n<p > </p>\n<p >Very <span ><span >helpful.</span></span></p>\n"
        }
    ]
}