{
    "meta": {
        "threadId": 10600,
        "threadName": "problem with max wep site",
        "dateCreated": "2013-07-17T14:24:18+0000",
        "datePublished": "2013-07-17T14:24:18+0000",
        "pageCount": 1,
        "originalUrl": "https://lckb.dev/forum/index.php?/topic/10600-problem-with-max-wep-site/",
        "authorId": 13627,
        "position": [
            {
                "@type": "ListItem",
                "position": 1,
                "item": {
                    "@id": "https://lckb.dev/forum/index.php?/forum/100-guides-help-section/",
                    "name": "Guides &amp; Help Section"
                }
            },
            {
                "@type": "ListItem",
                "position": 2,
                "item": {
                    "@id": "https://lckb.dev/forum/index.php?/forum/335-help-support/",
                    "name": "Help &amp; Support"
                }
            },
            {
                "@type": "ListItem",
                "position": 3,
                "item": {
                    "@id": "https://lckb.dev/forum/index.php?/forum/44-ep1-support/",
                    "name": "Ep1 Support"
                }
            },
            {
                "@type": "ListItem",
                "position": 4,
                "item": {
                    "@id": "https://lckb.dev/forum/index.php?/forum/135-solved-topics/",
                    "name": "Solved Topics"
                }
            }
        ]
    },
    "commentData": [
        {
            "id": 81210,
            "timestamp": 1374071058,
            "author": {
                "id": 13627,
                "name": "peterkosta12",
                "image": null
            },
            "comment": "\n<p ><b >Warning</b><span style=\"color:rgb(0,0,0);font-family:'Times New Roman';font-size:medium;\" >: mysql_connect(): Host Peter-PC is not allowed to connect to this MySQL server in </span><b >C:\\xampp\\htdocs\\LC\\Site_Settings\\Configuration.php</b><span style=\"color:rgb(0,0,0);font-family:'Times New Roman';font-size:medium;\" > on line </span><b >38</b><br /><span style=\"color:rgb(0,0,0);font-family:'Times New Roman';font-size:medium;\" >Host Peter-PC is not allowed to connect to this MySQL server</span></p>\n<p ><span style=\"color:rgb(0,0,0);font-family:'Times New Roman';font-size:medium;\" >i have this poroblem but in foldier i dowload i dont have sql for database</span></p>\n<p > </p>\n"
        },
        {
            "id": 81423,
            "timestamp": 1374182710,
            "author": {
                "id": null,
                "name": "Guest SmoGG",
                "image": null
            },
            "comment": "<p >That means, you dont have the permission to connect to the MySQL Server.</p>"
        },
        {
            "id": 81461,
            "timestamp": 1374195582,
            "author": {
                "id": 13627,
                "name": "peterkosta12",
                "image": null
            },
            "comment": "\n<blockquote data-ipsquote=\"\" class=\"ipsQuote\" data-ipsquote-contentcommentid=\"81423\" data-ipsquote-contentapp=\"forums\" data-ipsquote-contenttype=\"forums\" data-ipsquote-contentclass=\"forums_Topic\" data-ipsquote-contentid=\"10600\" data-ipsquote-username=\"SmoGG\" data-cite=\"SmoGG\" data-ipsquote-timestamp=\"1374182710\" ><div ><div ><p >That means, you dont have the permission to connect to the MySQL Server.</p></div></div></blockquote>\n<p >how to make it work ? i think i miss database file or idk </p>\n<p > when i dl the website inside i havent see sql for data base</p>\n"
        },
        {
            "id": 81523,
            "timestamp": 1374228429,
            "author": {
                "id": null,
                "name": "Guest SmoGG",
                "image": null
            },
            "comment": "<p >You dont need any DB Files lol ... You cant connect to the MySQL Server - (all databases (data,char,auth))</p>"
        },
        {
            "id": 81537,
            "timestamp": 1374234584,
            "author": {
                "id": 13627,
                "name": "peterkosta12",
                "image": null
            },
            "comment": "\n<blockquote data-ipsquote=\"\" class=\"ipsQuote\" data-ipsquote-contentcommentid=\"81523\" data-ipsquote-contentapp=\"forums\" data-ipsquote-contenttype=\"forums\" data-ipsquote-contentclass=\"forums_Topic\" data-ipsquote-contentid=\"10600\" data-ipsquote-username=\"SmoGG\" data-cite=\"SmoGG\" data-ipsquote-timestamp=\"1374228429\" ><div ><div ><p >You dont need any DB Files lol ... You cant connect to the MySQL Server - (all databases (data,char,auth))</p></div></div></blockquote>\n<p >ahh ok thx now i try to fix </p>\n"
        },
        {
            "id": 84849,
            "timestamp": 1376781520,
            "author": {
                "id": null,
                "name": "Guest Johnny5",
                "image": null
            },
            "comment": "<p >Topic Closed by a moderator. The reason why: Solved</p>"
        }
    ]
}