{
    "meta": {
        "threadId": 1061,
        "threadName": "[FIX] \"Admin\" Chat issue",
        "dateCreated": "2011-10-15T23:06:42+0000",
        "datePublished": "2011-10-15T23:06:42+0000",
        "pageCount": 1,
        "originalUrl": "https://lckb.dev/forum/index.php?/topic/1061-fix-admin-chat-issue/",
        "authorId": 2433,
        "position": [
            {
                "@type": "ListItem",
                "position": 1,
                "item": {
                    "@id": "https://lckb.dev/forum/index.php?/forum/100-guides-help-section/",
                    "name": "Guides &amp; Help Section"
                }
            },
            {
                "@type": "ListItem",
                "position": 2,
                "item": {
                    "@id": "https://lckb.dev/forum/index.php?/forum/332-tutorials-guides/",
                    "name": "Tutorials &amp; Guides"
                }
            },
            {
                "@type": "ListItem",
                "position": 3,
                "item": {
                    "@id": "https://lckb.dev/forum/index.php?/forum/45-ep1-guides/",
                    "name": "Ep1 Guides"
                }
            }
        ]
    },
    "commentData": [
        {
            "id": 8679,
            "timestamp": 1318720002,
            "author": {
                "id": 2433,
                "name": "Azkeel",
                "image": null
            },
            "comment": "\n<p >After reading posts, threads, etc. and finding nothing but another bug..</p>\n<p >I beleave that i finally found a (very simple) way for fix the setting yourself admin by typing it on chatbox without [CeNsOrEd] you Admin commands. (Most of mine stopped working, using the fixes around here)</p>\n<p > </p>\n<p >I used Hex Editor XVI32 to edit this, you can download it here:<a href=\"http://www.handshake.de/user/chmaas/delphi/download/xvi32.zip\" rel=\"external nofollow\" >Download</a></p>\n<p > </p>\n<p >Open GameServer.exe with XVI32</p>\n<p > </p>\n<p >Go to the adress 22BC80 </p>\n<p >Replace the following:</p>\n<p >53 45 54 20 4E 4F 52 4D 41 4C 00 00 53 45 54 20 41 44 4D 49 4E 00 00 00 61 64 6D 69 6E</p>\n<p > </p>\n<p >With:</p>\n<p >20 20 20 20 20 20 20 20 20 20 20 20 20 20 20 20 20 20 20 20 20 20 20 20 20 20 20 20 20 </p>\n<p > </p>\n<p >Save.</p>\n<p > </p>\n<p >Its basically deleting that command from the gameserver, nothing professional but all this is new to me, but it works and thats what matters.</p>\n"
        },
        {
            "id": 8683,
            "timestamp": 1318721533,
            "author": {
                "id": 2433,
                "name": "Azkeel",
                "image": null
            },
            "comment": "\n<blockquote data-ipsquote=\"\" class=\"ipsQuote\" data-ipsquote-username=\"\\\" data-cite=\"\\\" data-ipsquote-contentapp=\"forums\" data-ipsquote-contenttype=\"forums\" data-ipsquote-contentid=\"1061\" data-ipsquote-contentclass=\"forums_Topic\" ><div >Old bug was fixed already, its better to just jump over it all.<p > </p>\n<p ><a href=\"http://chaos.wizatek.be/showthread.php?1420-admin-issue&p=10802&viewfull=1#post10802\" rel=\"external nofollow\" >http://chaos.wizatek.be/showthread.php?1420-admin-issue&p=10802&viewfull=1#post10802</a></p>\n</div></blockquote>\n<p > </p>\n<p >Ive done that. That was exacly what made most of my commands stop working</p>\n"
        },
        {
            "id": 8757,
            "timestamp": 1318845118,
            "author": {
                "id": 2433,
                "name": "Azkeel",
                "image": null
            },
            "comment": "\n<blockquote data-ipsquote=\"\" class=\"ipsQuote\" data-ipsquote-username=\"\\\" data-cite=\"\\\" data-ipsquote-contentapp=\"forums\" data-ipsquote-contenttype=\"forums\" data-ipsquote-contentid=\"1061\" data-ipsquote-contentclass=\"forums_Topic\" ><div >Which commands did not work for you? Be specific.</div></blockquote>\n<p > </p>\n<p >summon, count_pc, echo, speedup.. All the commands that you couldnt use if you setted youself admin in game by typing \"admin\", it turned all the real admins into that \"limited\" admin</p>\n"
        },
        {
            "id": 8760,
            "timestamp": 1318848073,
            "author": {
                "id": 770,
                "name": "zhuk",
                "image": null
            },
            "comment": "\n<p >I cant find stroke </p>\n<blockquote data-ipsquote=\"\" class=\"ipsQuote\" data-ipsquote-contentapp=\"forums\" data-ipsquote-contenttype=\"forums\" data-ipsquote-contentid=\"1061\" data-ipsquote-contentclass=\"forums_Topic\" ><div >22BC80</div></blockquote> who can help me ?<p ><img alt=\"dzvuvc.png\" src=\"http://i53.tinypic.com/dzvuvc.png\" /></p>\n"
        },
        {
            "id": 8800,
            "timestamp": 1318930440,
            "author": {
                "id": 267,
                "name": "SutWick",
                "image": null
            },
            "comment": "\n<p >Open hex edit search for text admin (find the right one lol about 3rd down) rename it to new name..</p>\n<p > </p>\n<p >Simple fix that dont disable the use of this option.</p>\n<p > </p>\n<p >Hmm why disable it when you can still use it if you know the new command ;-)</p>\n<p >Sometimes its easier to be ingame an use this command then going in db editing the char then restarting server.</p>\n"
        },
        {
            "id": 8801,
            "timestamp": 1318931179,
            "author": {
                "id": 267,
                "name": "SutWick",
                "image": null
            },
            "comment": "<p >well I guess when put like that :D</p>"
        },
        {
            "id": 8802,
            "timestamp": 1318933274,
            "author": {
                "id": 919,
                "name": "someone",
                "image": null
            },
            "comment": "\n<blockquote data-ipsquote=\"\" class=\"ipsQuote\" data-ipsquote-username=\"\\\" data-cite=\"\\\" data-ipsquote-contentapp=\"forums\" data-ipsquote-contenttype=\"forums\" data-ipsquote-contentid=\"1061\" data-ipsquote-contentclass=\"forums_Topic\" ><div >Because its only 5 byte word. Guessing the new one by spamming chat packets to the server which is <span style=\"text-decoration:underline;\" >very</span> easy, its simply only a matter of time until a player discovers the new one and starts abusing the bug destroying the servers economy in hence the server. I think we call that being lazy since we already have /whoami with database check for authentication :)</div></blockquote>\n<p > </p>\n<p >Or modify the push to another location,  where the string is longer.</p>\n<p > </p>\n<p >in hex:</p>\n<p >1)search with hex editor for a free space(a zone with a lot of 00):</p>\n<p >2)Write your string and get the Offset of the string.</p>\n<p >3)go back to 0006BB51 and modify: </p>\n<p >68 means PUSH</p>\n<p >and the new address in little endian (byte order are reverse)</p>\n<p >for example:</p>\n<p >  B0BC62 it reads 62BCB2(virtual address where the file is located)</p>\n<p > </p>\n<p > </p>\n<p >Its much easier to do it with olly.</p>\n<p ><a href=\"http://ref.x86asm.net/geek-abc.html#P\" rel=\"external nofollow\" >http://ref.x86asm.net/geek-abc.html#P</a></p>\n<p > </p>\n<p >But to prevent this you can put an conditional jump that checks players if they have rights to use GM commands.</p>\n"
        },
        {
            "id": 8803,
            "timestamp": 1318936872,
            "author": {
                "id": 770,
                "name": "zhuk",
                "image": null
            },
            "comment": "\n<p >when i whatn save it says:</p>\n<p ><img alt=\"hu3oue.png\" src=\"http://i55.tinypic.com/hu3oue.png\" /></p>\n"
        },
        {
            "id": 8804,
            "timestamp": 1318941572,
            "author": {
                "id": 770,
                "name": "zhuk",
                "image": null
            },
            "comment": "\n<blockquote data-ipsquote=\"\" class=\"ipsQuote\" data-ipsquote-username=\"\\\" data-cite=\"\\\" data-ipsquote-contentapp=\"forums\" data-ipsquote-contenttype=\"forums\" data-ipsquote-contentid=\"1061\" data-ipsquote-contentclass=\"forums_Topic\" ><div >when i whatn save it says:<p ><img alt=\"hu3oue.png\" src=\"http://i55.tinypic.com/hu3oue.png\" /></p>\n</div></blockquote>\n<p >solved!</p>\n"
        },
        {
            "id": 10085,
            "timestamp": 1320325409,
            "author": {
                "id": null,
                "name": "Guest MonarC",
                "image": null
            },
            "comment": "<p >If we have that zhuk, its solved ?</p>"
        },
        {
            "id": 10087,
            "timestamp": 1320325764,
            "author": {
                "id": null,
                "name": "Guest MonarC",
                "image": null
            },
            "comment": "<p >Who can help me with teamviewer fox fix admin issue ?</p>"
        },
        {
            "id": 10094,
            "timestamp": 1320329128,
            "author": {
                "id": 919,
                "name": "someone",
                "image": null
            },
            "comment": "\n<blockquote data-ipsquote=\"\" class=\"ipsQuote\" data-ipsquote-username=\"\\\" data-cite=\"\\\" data-ipsquote-contentapp=\"forums\" data-ipsquote-contenttype=\"forums\" data-ipsquote-contentid=\"1061\" data-ipsquote-contentclass=\"forums_Topic\" ><div >Who can help me with teamviewer fox fix admin issue ?</div></blockquote>\n<p > </p>\n<p >Just open it with Hex Editor, search for admin, and change with other value.</p>\n"
        },
        {
            "id": 23650,
            "timestamp": 1329115086,
            "author": {
                "id": null,
                "name": "Guest julianzzz",
                "image": null
            },
            "comment": "<p >thnks . . working . . :)</p>"
        }
    ]
}