{
    "meta": {
        "threadId": 10619,
        "threadName": "ItemAll Editor Error..",
        "dateCreated": "2013-07-18T20:29:22+0000",
        "datePublished": "2013-07-18T20:29:22+0000",
        "pageCount": 1,
        "originalUrl": "https://lckb.dev/forum/index.php?/topic/10619-itemall-editor-error/",
        "authorId": null,
        "position": [
            {
                "@type": "ListItem",
                "position": 1,
                "item": {
                    "@id": "https://lckb.dev/forum/index.php?/forum/100-guides-help-section/",
                    "name": "Guides &amp; Help Section"
                }
            },
            {
                "@type": "ListItem",
                "position": 2,
                "item": {
                    "@id": "https://lckb.dev/forum/index.php?/forum/335-help-support/",
                    "name": "Help &amp; Support"
                }
            },
            {
                "@type": "ListItem",
                "position": 3,
                "item": {
                    "@id": "https://lckb.dev/forum/index.php?/forum/120-ep2-support/",
                    "name": "Ep2 Support"
                }
            },
            {
                "@type": "ListItem",
                "position": 4,
                "item": {
                    "@id": "https://lckb.dev/forum/index.php?/forum/134-solved-topics/",
                    "name": "Solved Topics"
                }
            }
        ]
    },
    "commentData": [
        {
            "id": 81406,
            "timestamp": 1374179362,
            "author": {
                "id": null,
                "name": "Guest SmoGG",
                "image": null
            },
            "comment": "\n<p style=\"text-align:center;\" ><strong ><em >Dear Community, </em></strong></p>\n<br /><p style=\"text-align:center;\" > </p>\n<br /><p style=\"text-align:center;\" ><em >I have a problem with the itemAll Editor from Wizatek.</em></p>\n<br /><p style=\"text-align:center;\" ><em >Hope you can help me (I need this tool :/)</em></p>\n<br /><p style=\"text-align:center;\" > </p>\n<br /><p style=\"text-align:center;\" ><em >(if there is a Topic with the answer, Please post a Link and a Mod can close the Topic)</em></p>\n<br /><p style=\"text-align:center;\" ><em >(used Search function but nothing find)</em></p>\n<br /><p style=\"text-align:center;\" ><span style=\"color:#a9a9a9;\" ><em >(& sorry if this is the wrong Section o.o)</em></span></p>\n<br /><p style=\"text-align:center;\" > </p>\n<br /><p style=\"text-align:center;\" ><em >Screen : </em></p>\n<br /><p style=\"text-align:center;\" ><img alt=\"03712-3405f04c-6544-4ead-8134-2290b282fb\" src=\"http://grabilla.com/03712-3405f04c-6544-4ead-8134-2290b282fb04.png\" /></p>\n<br />"
        },
        {
            "id": 81410,
            "timestamp": 1374179488,
            "author": {
                "id": 161,
                "name": "Koko",
                "image": null
            },
            "comment": "<p >Put that in your itemall editor folder: <a href=\"https://www.mediafire.com/?frnhdox5lkv1fq7\" rel=\"external nofollow\" >http://www.mediafire.com/?frnhdox5lkv1fq7</a></p>"
        },
        {
            "id": 81420,
            "timestamp": 1374181775,
            "author": {
                "id": null,
                "name": "Guest SmoGG",
                "image": null
            },
            "comment": "\n<p >v3.2 = same error</p>\n<p >v3.3 = <img alt=\"03712-b0f6d0f6-fa00-460f-8801-2d120410ed\" src=\"http://grabilla.com/03712-b0f6d0f6-fa00-460f-8801-2d120410ed77.png\" /></p>\n"
        },
        {
            "id": 81428,
            "timestamp": 1374184185,
            "author": {
                "id": 2,
                "name": "Wizatek",
                "image": null
            },
            "comment": "<a data-ipb=\"nomediaparse\" href=\"http://download.wizatek.be/SlimDX.dll\" rel=\"external nofollow\" >http://download.wizatek.be/SlimDX.dll</a>"
        },
        {
            "id": 81432,
            "timestamp": 1374184423,
            "author": {
                "id": null,
                "name": "Guest SmoGG",
                "image": null
            },
            "comment": "<p >Lol ... Same how my last post :/</p>"
        },
        {
            "id": 81447,
            "timestamp": 1374189877,
            "author": {
                "id": 201,
                "name": "Wrong",
                "image": null
            },
            "comment": "\n<p >check this web, if you do it properly it should be solved, the same happened to me</p>\n<p > </p>\n<p ><a href=\"http://pcsupport.about.com/od/findbyerrormessage/a/microsoft-directx-direct3d-dll-not-found-missing-error.htm\" rel=\"external nofollow\" >http://pcsupport.about.com/od/findbyerrormessage/a/microsoft-directx-direct3d-dll-not-found-missing-error.htm</a></p>\n"
        },
        {
            "id": 81536,
            "timestamp": 1374233832,
            "author": {
                "id": null,
                "name": "Guest SmoGG",
                "image": null
            },
            "comment": "<p >Okay solved, thanks :-)</p>"
        }
    ]
}