{
    "meta": {
        "threadId": 10617,
        "threadName": "permission denied",
        "dateCreated": "2013-07-18T13:23:03+0000",
        "datePublished": "2013-07-18T13:23:03+0000",
        "pageCount": 1,
        "originalUrl": "https://lckb.dev/forum/index.php?/topic/10617-permission-denied/",
        "authorId": 16931,
        "position": [
            {
                "@type": "ListItem",
                "position": 1,
                "item": {
                    "@id": "https://lckb.dev/forum/index.php?/forum/100-guides-help-section/",
                    "name": "Guides &amp; Help Section"
                }
            },
            {
                "@type": "ListItem",
                "position": 2,
                "item": {
                    "@id": "https://lckb.dev/forum/index.php?/forum/335-help-support/",
                    "name": "Help &amp; Support"
                }
            },
            {
                "@type": "ListItem",
                "position": 3,
                "item": {
                    "@id": "https://lckb.dev/forum/index.php?/forum/339-general-support/",
                    "name": "General Support"
                }
            },
            {
                "@type": "ListItem",
                "position": 4,
                "item": {
                    "@id": "https://lckb.dev/forum/index.php?/forum/340-solved-topics/",
                    "name": "Solved topics"
                }
            }
        ]
    },
    "commentData": [
        {
            "id": 81396,
            "timestamp": 1374153783,
            "author": {
                "id": 16931,
                "name": "Walletman987",
                "image": null
            },
            "comment": "\n<p ><a href=\"http://grabilla.com/03712-95ef7189-2953-4a4c-92cf-cdd9407d9428.html#\" rel=\"external nofollow\" >http://grabilla.com/03712-95ef7189-2953-4a4c-92cf-cdd9407d9428.html#</a></p>\n<p > </p>\n<p >I edited my gameservers then put the new ones in, I got this error.  After putting the old ones in, I got the same error.</p>\n<p >How can I fix this?</p>\n\n\n\t\t\t\n\t\t\t\t\n\n<span class=\"ipsType_reset ipsType_medium ipsType_light\" data-excludequote=\"None\" >\n\t<strong >Edited <time datetime=\"2013-07-18T13:41:57Z\" title=\"07/18/2013 01:41  PM\" data-short=\"7 yr\" >July 18, 2013</time> by Walletman987</strong>\n\t\n\t\n</span>\n\t\t\t\n\t\t</div>"
        },
        {
            "id": 81399,
            "timestamp": 1374154901,
            "author": {
                "id": 16931,
                "name": "Walletman987",
                "image": null
            },
            "comment": "\n<p >Fixed, just had to do:</p>\n<p >cd /home</p>\n<p >chmod 777 GameServer/GameServer1/GameServer_1</p>\n<p >chmod 777 GameServer/GameServer2/GameServer_2</p>\n<p >chmod 777 GameServer/GameServer3/GameServer_3</p>\n<p >chmod 777 GameServer/GameServer4/GameServer_4</p>\n"
        },
        {
            "id": 81477,
            "timestamp": 1374202972,
            "author": {
                "id": 16931,
                "name": "Walletman987",
                "image": null
            },
            "comment": "\n<p >Why did I post this here? 0.o</p>\n<p >I think Im going crazy.</p>\n"
        },
        {
            "id": 106369,
            "timestamp": 1427204570,
            "author": {
                "id": 267,
                "name": "SutWick",
                "image": null
            },
            "comment": "\n<p >This also applies to all of the servers helper / messenger / sub helper etc etc</p>\n<p >\nOnly for linux version of server Ep2 or 3 or even ep1 linux.</p>\n\n\n\t\t\t\n\t\t\t\t\n\n<span class=\"ipsType_reset ipsType_medium ipsType_light\" data-excludequote=\"None\" >\n\t<strong >Edited <time datetime=\"2015-03-24T13:46:39Z\" title=\"03/24/2015 01:46  PM\" data-short=\"5 yr\" >March 24, 2015</time> by ToXiC L33T</strong>\n\t\n\t\n</span>\n\t\t\t\n\t\t</div>"
        }
    ]
}