{
    "meta": {
        "threadId": 10636,
        "threadName": "Count of characters",
        "dateCreated": "2013-07-19T19:06:43+0000",
        "datePublished": "2013-07-19T19:06:43+0000",
        "pageCount": 1,
        "originalUrl": "https://lckb.dev/forum/index.php?/topic/10636-count-of-characters/",
        "authorId": 13172,
        "position": [
            {
                "@type": "ListItem",
                "position": 1,
                "item": {
                    "@id": "https://lckb.dev/forum/index.php?/forum/272-programmers-gateway/",
                    "name": "Programmers Gateway"
                }
            },
            {
                "@type": "ListItem",
                "position": 2,
                "item": {
                    "@id": "https://lckb.dev/forum/index.php?/forum/79-coders-talk/",
                    "name": "Coders Talk"
                }
            }
        ]
    },
    "commentData": [
        {
            "id": 81591,
            "timestamp": 1374260803,
            "author": {
                "id": 13172,
                "name": "soryjero",
                "image": null
            },
            "comment": "\n<p >i am trying to execute a db update but when i try it, i get an error because name looks like this</p>\n<blockquote data-ipsquote=\"\" class=\"ipsQuote\" ><div >\n<p > </p>\n<p >Manual for making Heros necklace</p>\n</div></blockquote>\n<p >so the problem is that appear so much  . then i have coded this to execute command:</p>\n<p > </p>\n<blockquote data-ipsquote=\"\" class=\"ipsQuote\" ><div >\n<p > </p>\n<p >if (items<em >.description.Contains(\"  \"))</em><br /><em >                    {</em><br /><em >                        sb.Append(items</em><em ><em >.description);</em></em><br /><em ><em >                        indice = items</em></em><em ><em ><em >.description.IndexOf(\"  \");</em></em></em><br /><em ><em ><em >                        sb.Insert(indice, \\\\);</em></em></em><br /><em ><em ><em >                        items</em></em></em><em ><em ><em ><em >.description = sb.ToString();</em></em></em></em><br /><em ><em ><em ><em >                    }  </em></em></em></em><br /><em ><em ><em ><em >                    record = ...</em></em></em></em></p>\n</div></blockquote>\n<p ><em ><em ><em ><em >and this looks like this:</em></em></em></em></p>\n<blockquote data-ipsquote=\"\" class=\"ipsQuote\" ><div >\n<p ><em ><em ><em ><em > </em></em></em></em></p>\n<p ><em ><em ><em ><em >Manual for making Hero\\s necklace</em></em></em></em></p>\n</div></blockquote>\n<p ><em ><em ><em ><em >so that is what i wanted but when name has more than one  i still have problems, so i would like you help me knowing how to code this to test how much  are there and then, inset a \\ before all .</em></em></em></em></p>\n<p ><em ><em ><em ><em > </em></em></em></em></p>\n<p ><em ><em ><em ><em >thanks in advance.</em></em></em></em></p>\n\n\n\t\t\t\n\t\t\t\t\n\n<span class=\"ipsType_reset ipsType_medium ipsType_light\" data-excludequote=\"None\" >\n\t<strong >Edited <time datetime=\"2013-07-20T13:36:19Z\" title=\"07/20/2013 01:36  PM\" data-short=\"7 yr\" >July 20, 2013</time> by soryjero</strong>\n\t\n\t\n</span>\n\t\t\t\n\t\t</div>"
        },
        {
            "id": 81654,
            "timestamp": 1374316778,
            "author": {
                "id": 919,
                "name": "someone",
                "image": null
            },
            "comment": "\n<p >Try to use replace instead:</p>\n<pre class=\"ipsCode prettyprint\" >if (items[i].description.Contains(\"\")){\n    items[i].description = items[i].description.Replace(\"\", @\"\\\");\n}\n</pre>\n<p >Or you could simply put this(without checking if contains, because if there are none it will put none):</p>\n<pre class=\"ipsCode prettyprint\" >items[i].description = items[i].description.Replace(\"\", @\"\\\");\n</pre>\n"
        },
        {
            "id": 81669,
            "timestamp": 1374323606,
            "author": {
                "id": 13172,
                "name": "soryjero",
                "image": null
            },
            "comment": "\n<p >it works perfectly someone.</p>\n<p > </p>\n<p >thanks so much :)</p>\n"
        },
        {
            "id": 81673,
            "timestamp": 1374324305,
            "author": {
                "id": 17432,
                "name": "Nymphetamine",
                "image": null
            },
            "comment": "\n<p >Mark the topics tag as SOLVED if the issue is solved.</p>\n<p >Thanks</p>\n"
        },
        {
            "id": 81674,
            "timestamp": 1374327364,
            "author": {
                "id": 13172,
                "name": "soryjero",
                "image": null
            },
            "comment": "\n<blockquote data-ipsquote=\"\" class=\"ipsQuote\" data-ipsquote-contentcommentid=\"81673\" data-ipsquote-contentapp=\"forums\" data-ipsquote-contenttype=\"forums\" data-ipsquote-contentclass=\"forums_Topic\" data-ipsquote-contentid=\"10636\" data-ipsquote-username=\"Nymphetamine\" data-cite=\"Nymphetamine\" data-ipsquote-timestamp=\"1374324305\" ><div ><div >\n<p >Mark the topics tag as SOLVED if the issue is solved.</p>\n<p >Thanks</p>\n</div></div></blockquote>\n<p > </p>\n<p >sorry, i forgot to do it.</p>\n<p > </p>\n<p >thanks.</p>\n"
        },
        {
            "id": 81677,
            "timestamp": 1374327476,
            "author": {
                "id": 17432,
                "name": "Nymphetamine",
                "image": null
            },
            "comment": "<p >Thank you</p>"
        }
    ]
}