{
    "meta": {
        "threadId": 10635,
        "threadName": "Complete DataBase V6 by CDWriter",
        "dateCreated": "2013-07-19T19:01:25+0000",
        "datePublished": "2013-07-19T19:01:25+0000",
        "pageCount": 4,
        "originalUrl": "https://lckb.dev/forum/index.php?/topic/10635-complete-database-v6-by-cdwriter/",
        "authorId": 17582,
        "position": [
            {
                "@type": "ListItem",
                "position": 1,
                "item": {
                    "@id": "https://lckb.dev/forum/index.php?/forum/258-release-zone/",
                    "name": "Release Zone"
                }
            },
            {
                "@type": "ListItem",
                "position": 2,
                "item": {
                    "@id": "https://lckb.dev/forum/index.php?/forum/325-episode-2-releases/",
                    "name": "Episode 2 Releases"
                }
            },
            {
                "@type": "ListItem",
                "position": 3,
                "item": {
                    "@id": "https://lckb.dev/forum/index.php?/forum/125-server-side/",
                    "name": "Server Side"
                }
            }
        ]
    },
    "commentData": [
        {
            "id": 81590,
            "timestamp": 1374260485,
            "author": {
                "id": 17582,
                "name": "CDWriter",
                "image": null
            },
            "comment": "\n<div >V6</div>\n<br /><div >**</div>\n<br /><div > </div>\n<br /><div >Hello community</div>\n<br /><div > </div>\n<br /><div >Here i release another complete sql release COMPLETE meaning with client data files to match.</div>\n<br /><div >These files are for the Centos USA last chaos release and should be compatible to gamegos release..</div>\n<br /><div > </div>\n<br /><div >** </div>\n<br /><div >There will be 1 account for this last release, by now you all know how to add a account... also at this point you need to eather delete the account steve and start with your own our leave steve there to get started.</div>\n<br /><div >ill add LastChaos Password Hasher (by fabi202cool) a file needed to create one and get you started..</div>\n<br /><div > </div>\n<br /><div > </div>\n<br /><div > </div>\n<br /><div >-- English </div>\n<br /><div >Today I give you V6, Now this is still work in Progress and if you do not report errors i cant fix them for next release ..</div>\n<br /><div >Please report Errors </div>\n<br /><div > </div>\n<br /><div >-- Deutsch</div>\n<br /><div >Heute gebe ich euch V6, Nun ist dies immer noch in Arbeit, und wenn Sie nicht melden Fehler i cant l\u00c3\u0192\u00c2\u00b6sen f\u00c3\u0192\u00c2\u00bcr n\u00c3\u0192\u00c2\u00a4chste Release ..</div>\n<br /><div >Bitte melden Sie Fehler</div>\n<br /><div > </div>\n<br /><div >-- \u00c3\u00c2\u00bd\u00c3\u00c2\u00b5\u00c3\u00c2\u00bc\u00c3\u00c2\u00b5\u00c3\u2018\u00e2\u20ac \u00c3\u00c2\u00ba\u00c3\u00c2\u00b8\u00c3\u00c2\u00b9</div>\n<br /><div >\u00c3\u00c2\u00a1\u00c3\u00c2\u00b5\u00c3\u00c2\u00b3\u00c3\u00c2\u00be\u00c3\u00c2\u00b4\u00c3\u00c2\u00bd\u00c3\u2018\u00c2 \u00c3\u2018\u00c2 \u00c3\u00c2\u00b4\u00c3\u00c2\u00b0\u00c3\u2018\u00c5\u00bd \u00c3\u00c2\u00b2\u00c3\u00c2\u00b0\u00c3\u00c2\u00bc V6, \u00c3\u2018\u00c2\u00c3\u00c2\u00b5\u00c3\u00c2\u00b9\u00c3\u2018\u00e2\u20ac\u00a1\u00c3\u00c2\u00b0\u00c3\u2018\u00c2 \u00c3\u2018\u00c2\u00c3\u2018\u00e2\u20ac\u0161\u00c3\u00c2\u00be \u00c3\u00c2\u00b2\u00c3\u2018\u00c2\u00c3\u00c2\u00b5 \u00c3\u00c2\u00b5\u00c3\u2018\u00e2\u20ac\u00b0\u00c3\u00c2\u00b5 \u00c3\u00c2\u00bd\u00c3\u00c2\u00b5\u00c3\u00c2\u00b7\u00c3\u00c2\u00b0\u00c3\u00c2\u00b2\u00c3\u00c2\u00b5\u00c3\u2018\u00e2\u201a\u00ac\u00c3\u2018\u00cb\u2020\u00c3\u00c2\u00b5\u00c3\u00c2\u00bd\u00c3\u00c2\u00bd\u00c3\u00c2\u00be\u00c3\u00c2\u00b5 \u00c3\u00c2\u00bf\u00c3\u2018\u00e2\u201a\u00ac\u00c3\u00c2\u00be\u00c3\u00c2\u00b8\u00c3\u00c2\u00b7\u00c3\u00c2\u00b2\u00c3\u00c2\u00be\u00c3\u00c2\u00b4\u00c3\u2018\u00c2\u00c3\u2018\u00e2\u20ac\u0161\u00c3\u00c2\u00b2\u00c3\u00c2\u00be \u00c3\u00c2\u00b8 \u00c3\u00c2\u00b5\u00c3\u2018\u00c2\u00c3\u00c2\u00bb\u00c3\u00c2\u00b8 \u00c3\u00c2\u00b2\u00c3\u2018\u00e2\u20ac\u00b9 \u00c3\u00c2\u00bd\u00c3\u00c2\u00b5 \u00c3\u2018\u00c2\u00c3\u00c2\u00be\u00c3\u00c2\u00be\u00c3\u00c2\u00b1\u00c3\u2018\u00e2\u20ac\u00b0\u00c3\u00c2\u00b0\u00c3\u2018\u00e2\u20ac\u0161\u00c3\u2018\u00c5\u2019 \u00c3\u00c2\u00be\u00c3\u00c2\u00b1 \u00c3\u00c2\u00be\u00c3\u2018\u00cb\u2020\u00c3\u00c2\u00b8\u00c3\u00c2\u00b1\u00c3\u00c2\u00ba\u00c3\u00c2\u00b0\u00c3\u2018\u00e2\u20ac\u00a6 \u00c3\u2018\u00c2 \u00c3\u00c2\u00bd\u00c3\u00c2\u00b5 \u00c3\u00c2\u00bc\u00c3\u00c2\u00be\u00c3\u00c2\u00b3\u00c3\u2018\u00c6\u2019 \u00c3\u00c2\u00b8\u00c3\u2018\u00c2\u00c3\u00c2\u00bf\u00c3\u2018\u00e2\u201a\u00ac\u00c3\u00c2\u00b0\u00c3\u00c2\u00b2\u00c3\u00c2\u00b8\u00c3\u2018\u00e2\u20ac\u0161\u00c3\u2018\u00c5\u2019 \u00c3\u00c2\u00b8\u00c3\u2018\u00e2\u20ac\u00a6 \u00c3\u00c2\u00b4\u00c3\u00c2\u00bb\u00c3\u2018\u00c2 \u00c3\u2018\u00c2\u00c3\u00c2\u00bb\u00c3\u00c2\u00b5\u00c3\u00c2\u00b4\u00c3\u2018\u00c6\u2019\u00c3\u2018\u00c5\u00bd\u00c3\u2018\u00e2\u20ac\u00b0\u00c3\u00c2\u00b5\u00c3\u00c2\u00b3\u00c3\u00c2\u00be \u00c3\u2018\u00e2\u201a\u00ac\u00c3\u00c2\u00b5\u00c3\u00c2\u00bb\u00c3\u00c2\u00b8\u00c3\u00c2\u00b7\u00c3\u00c2\u00b0 ..</div>\n<br /><div >\u00c3\u00c5\u00b8\u00c3\u00c2\u00be\u00c3\u00c2\u00b6\u00c3\u00c2\u00b0\u00c3\u00c2\u00bb\u00c3\u2018\u00c6\u2019\u00c3\u00c2\u00b9\u00c3\u2018\u00c2\u00c3\u2018\u00e2\u20ac\u0161\u00c3\u00c2\u00b0, \u00c3\u2018\u00c2\u00c3\u00c2\u00be\u00c3\u00c2\u00be\u00c3\u00c2\u00b1\u00c3\u2018\u00e2\u20ac\u00b0\u00c3\u00c2\u00b0\u00c3\u00c2\u00b9\u00c3\u2018\u00e2\u20ac\u0161\u00c3\u00c2\u00b5 \u00c3\u00c2\u00be\u00c3\u00c2\u00b1 \u00c3\u00c2\u00be\u00c3\u2018\u00cb\u2020\u00c3\u00c2\u00b8\u00c3\u00c2\u00b1\u00c3\u00c2\u00ba\u00c3\u00c2\u00b0\u00c3\u2018\u00e2\u20ac\u00a6</div>\n<br /><div > </div>\n<br /><div > </div>\n<br /><div >Thanks everyone who helped, and everyone who has release public tools, anything in this release has the Authers name of who gave it to me our from where i got it....</div>\n<br /><div >Except for Me my name is only on the forum i will not add my name or anything to it ...</div>\n<br /><div > </div>\n<br /><div >As for what was done this time.</div>\n<br /><div > </div>\n<br /><div >RELEASE V6</div>\n<br /><div >----------</div>\n<br /><div >Pets 100 % redone to stats based off WetPaints page</div>\n<br /><div > </div>\n<br /><div ><a href=\"/page/Pets\" rel=\"\" >http://lastchaosinfo...t.com/page/Pets</a></div>\n<br /><div > </div>\n<br /><div >New client files, less bugs (Read the forum theres a post where even Wizatek says there better to use.)</div>\n<br /><div >I went through every pet but P1 pets and fix all the stat errors ...most of the skills i checked and added the pets missing </div>\n<br /><div >fixed Black Tyrant Ramslo Assassin Affinity and the rewards for it ... (did not add the Tarain Dungeon Since it would be a new client change over).</div>\n<br /><div >fixed MP potions and HP ...some skills for pets where incorrect ....fixed </div>\n<br /><div >redid Exp tables. added more Rare options to missing items </div>\n<br /><div >re-did catalog to support elephant leash and added all the other leashes for pets....</div>\n<br /><div >re-did and fixed all PET items and weapons ....</div>\n<br /><div >added all the stats to the Ramsle Alchemy Necklaces and fixed that affinity...</div>\n<br /><div >added a Fix from a Forum user to fix some setitems mistakes...thanks ambassadorbk</div>\n<br /><div >I my self would put a 90% - 97% complete on this ..</div>\n<br /><div >based on </div>\n<br /><div > </div>\n<br /><div >    49    Pets </div>\n<br /><div >    16    Affinitys</div>\n<br /><div >    2920  Catalogs</div>\n<br /><div >    7903  Items</div>\n<br /><div >    156   Luckydraw boxes</div>\n<br /><div >    1256  Magic spells</div>\n<br /><div >    4796  Magic levels</div>\n<br /><div >    1310  Npcs</div>\n<br /><div >    612   Quest</div>\n<br /><div >    16    Pet Quest</div>\n<br /><div >    133   Set Items </div>\n<br /><div >    1567  Skills</div>\n<br /><div >    4794  Skill Levels</div>\n<br /><div > </div>\n<br /><div >and the small problems you may find...</div>\n<br /><div > </div>\n<br /><div > </div>\n<br /><div >**Extras</div>\n<br /><div >--------</div>\n<br /><div >Time Stamp <-- Used to get a Correct Unix time for t_lc_time / Newproject_db needs to be there for Autmation of Ranking list.</div>\n<br /><div >GameServer_d(USA) Newer___My Gameserver Lvl 180 gm 186  <-- WHAT i use so i can level to 180.</div>\n<br /><div >GameServer_d(USA) Newer.rar  <-- Orginal release by blankname.</div>\n<br /><div >Readme for GameServer_d(USA) Newer.txt  <-- Explains all about the Rar file also has all the OFFSETS by Blankname and Buff Npc Offsets where given by Douglas Origens.</div>\n<br /><div > </div>\n<br /><div >**Notes</div>\n<br /><div >-------</div>\n<br /><div >I will not add editors to this release. but i could give you a list of the public ones i used.  </div>\n<br /><div > </div>\n<br /><div > </div>\n<br /><div >Just remmeber i will reply to your post to understand the error better its not me attacking you in any way, Just need to understand how you worded the mistake...</div>\n<br /><div > </div>\n<br /><div >Special thanks to Public Tool Designers, Wizatek, Hateme, Bash, Fillix, Falo, and all the others i might have missed...</div>\n<br /><div > </div>\n<br /><div >This  Maybe my last release since there is no more Bugs, Since no one is reporting any but ill still be here...</div>\n<br /><div >There might be another release v7 but i think its almost to that point., any item issues or database issues ill try to help and if i cant iam sure someone else here will .... </div>\n<br /><div > </div>\n<br /><div > </div>\n<br /><div >To DOWNLOAD this 6th release file go here:</div>\n<br /><div > </div>\n<br /><div ><a href=\"http://fbe.am/m9d\" rel=\"external nofollow\" >http://fbe.am/m9d</a></div>\n<br /><div > </div>\n<br /><div > </div>\n<br /><div >This time i will be adding Client Bin file folders becuase some of the links on this site has been changed and you can not just install lastchaos_us_installer_20120618.exe or use LCGN with out the included files not sure never did the LCGN...</div>\n<br /><div > </div>\n<br /><div >Simple WAY to get a client</div>\n<br /><div >*********************************</div>\n<br /><div >1. In Theory so far it looks like any USA client will work just update fully.</div>\n<br /><div > </div>\n<br /><div >2. This UPDATED folder will be your NEW client..</div>\n<br /><div > </div>\n<br /><div >3. Now Open my release u will see USA Files and Extras goto USA files copy the folders to the new client, BIN and DATA folders you must copy the content of each of them over into the same folders.</div>\n<br /><div > </div>\n<br /><div >4. At this point you should be 100% compatible to my SQL. As long as you used the Extra folder and the GS in there. Steve account has 1 - 180 character and can support up to 8. if you can not get to this toon then you did not follow all what i put here in this new release... start again.</div>\n<br /><div > </div>\n<br /><div >For every account you make you need to do the following to get the 8 character slot working. Lets get the 8 Character creation started ...Go into newproject_db find table t_extendcharslot and add in your char number (take from newproject_db_auth / bg_user - column user_code) date it starts and date it ends. I added my account name there for a reference.  (Temp for now till someone figures the in-game item out).</div>\n<br /><div > </div>\n<br /><div >5 Why did i not think of this before, This way we are using USA last chaos download sites for our NEW client  and make it simple i always say.........</div>\n<br /><div > </div>\n<br /><div >I have tested this myself and all works great, and still using it this way... any issues please let me now ...sorry for all the confusion before..</div>\n<br /><div > </div>\n<br /><div > </div>\n<br /><div >Please REPORT ERRORS CANT fix what i dont know of....</div>\n<br /><div > </div>\n<br /><div > </div>\n<br /><div >v7 -- Any bug reports will be fixed...</div>\n<br /><div > </div>\n<br /><div > </div>\n<br /><div >Client</div>\n<br /><div >*******</div>\n<br /><div >lastchaos_us_installer_20120618.exe</div>\n<br /><div ><a href=\"http://we.tl/se9OtO8OIg\" rel=\"external nofollow\" >http://we.tl/se9OtO8OIg</a></div>\n<br /><div >another link  </div>\n<br /><div >\n<a href=\"https://mega.co.nz/#\" rel=\"external nofollow\" >https://mega.co.nz/#</a>!TFhyEKAQ!W8fP7kVb7U_1TXQwQZlFCA5amSt2_FqxoMJFuTa6YMU</div>\n<br /><div >Thanks to dethunter12 for this client upload..</div>\n<br /><div > </div>\n<br /><div > </div>\n<br /><div > </div>\n<br /><div >CDWriter</div>\n<br /><div > </div>\n<br />"
        },
        {
            "id": 81592,
            "timestamp": 1374261122,
            "author": {
                "id": 7695,
                "name": "CyberClaus",
                "image": null
            },
            "comment": "<p >Way to go, good work. All users that download this work, should at least press thanks button. Many of you will download cause you do not know how to do, so press thanks, as this is alot of work to 1 guy. You already have my like, even im not downloading it</p>"
        },
        {
            "id": 81593,
            "timestamp": 1374261667,
            "author": {
                "id": 17582,
                "name": "CDWriter",
                "image": null
            },
            "comment": "<p >@<a contenteditable=\"false\" data-ipshover=\"\" href=\"https://lckb.dev/forum/index.php?/profile/7695-cyberclaus/\" data-ipshover-target=\"https://lckb.dev/forum/index.php?/profile/7695-cyberclaus/&do=hovercard\" data-mentionid=\"7695\" rel=\"\" >@CyberClaus</a>  thank you . its good to get noticed once in awhile..</p>"
        },
        {
            "id": 81596,
            "timestamp": 1374262698,
            "author": {
                "id": 14748,
                "name": "uillian",
                "image": null
            },
            "comment": "<p >THANKS CDWiter</p>"
        },
        {
            "id": 81611,
            "timestamp": 1374274643,
            "author": {
                "id": 605,
                "name": "b4rr4cud4",
                "image": null
            },
            "comment": "<p >THANKS for the hard work</p>"
        },
        {
            "id": 81613,
            "timestamp": 1374277548,
            "author": {
                "id": 16931,
                "name": "Walletman987",
                "image": null
            },
            "comment": "\n<p >Thanks CDWriter,  I certainly can use these.  </p>\n<p >Also, Im glad to know that the Tarian Dungeon files I released are working, if they are the ones i released that is.</p>\n"
        },
        {
            "id": 81616,
            "timestamp": 1374278767,
            "author": {
                "id": 12565,
                "name": "ambassadorbk",
                "image": null
            },
            "comment": "\n<p >that is just a great piece of work @CDWriter...</p>\n<p >and you are really welcome :)</p>\n<p >cant wait to test it</p>\n"
        },
        {
            "id": 81617,
            "timestamp": 1374278950,
            "author": {
                "id": 17474,
                "name": "kixtzz",
                "image": null
            },
            "comment": "<p >Thanks CDWriter ill use this and tell u about the bugs, can u explain how to use <span style=\"color:rgb(40,40,40);font-family:arial, helvetica, clean, sans-serif;\" >Time Stamp ? </span></p>"
        },
        {
            "id": 81622,
            "timestamp": 1374290390,
            "author": {
                "id": 605,
                "name": "b4rr4cud4",
                "image": null
            },
            "comment": "\n<p >GameServer error:</p>\n<p >2013/07/19 23:41:35 :: CATALOGLIST_LOAD_ERROR ></p>\n<p >2013/07/19 23:41:47 :: FAILED LOADING RAID INFO(DIFFICULTY HARD:12) ></p>\n<p > </p>\n<p >and I get failed to log in - 100% your database and client v6 cant log in.</p>\n<p > </p>\n<p >guess im not allowed to post pics tryed 4 diff formats and it keeps saying no and I tryed3 diff sizes dam.</p>\n\n\n\t\t\t\n\t\t\t\t\n\n<span class=\"ipsType_reset ipsType_medium ipsType_light\" data-excludequote=\"None\" >\n\t<strong >Edited <time datetime=\"2013-07-20T03:42:39Z\" title=\"07/20/2013 03:42  AM\" data-short=\"7 yr\" >July 20, 2013</time> by b4rr4cud4</strong>\n\t\n\t\n</span>\n\t\t\t\n\t\t</div>"
        },
        {
            "id": 81626,
            "timestamp": 1374298445,
            "author": {
                "id": 17582,
                "name": "CDWriter",
                "image": null
            },
            "comment": "\n<p >@<a contenteditable=\"false\" data-ipshover=\"\" href=\"https://lckb.dev/forum/index.php?/profile/16931-walletman987/\" data-ipshover-target=\"https://lckb.dev/forum/index.php?/profile/16931-walletman987/&do=hovercard\" data-mentionid=\"16931\" rel=\"\" >@Walletman987</a></p>\n<p > </p>\n<blockquote data-ipsquote=\"\" class=\"ipsQuote\" ><div >\n<p > </p>\n<p > </p>\n<span style=\"color:rgb(40,40,40);font-family:arial, helvetica, clean, sans-serif;\" >(did not add the Tarain Dungeon Since it would be a new client change over).</span>\n</div></blockquote>\n<p >but yes they did work if i wanted to convert Juno back to the old version and change the client ....</p>\n<p > </p>\n<p >@<a contenteditable=\"false\" data-ipshover=\"\" href=\"https://lckb.dev/forum/index.php?/profile/17474-kixtzz/\" data-ipshover-target=\"https://lckb.dev/forum/index.php?/profile/17474-kixtzz/&do=hovercard\" data-mentionid=\"17474\" rel=\"\" >@kixtzz</a></p>\n<p > </p>\n<p >ill send you a pic with explanations on that file. if you need me too ...pm me ill help u </p>\n<p > </p>\n<p >@<a contenteditable=\"false\" data-ipshover=\"\" href=\"https://lckb.dev/forum/index.php?/profile/605-b4rr4cud4/\" data-ipshover-target=\"https://lckb.dev/forum/index.php?/profile/605-b4rr4cud4/&do=hovercard\" data-mentionid=\"605\" rel=\"\" >@b4rr4cud4</a></p>\n<p > </p>\n<p >Not sure why you have this corrupt database, mine is correct....</p>\n<p > </p>\n<p > </p>\n<p >and last ..Thanks all</p>\n"
        },
        {
            "id": 81628,
            "timestamp": 1374300529,
            "author": {
                "id": 16931,
                "name": "Walletman987",
                "image": null
            },
            "comment": "\n<blockquote data-ipsquote=\"\" class=\"ipsQuote\" data-ipsquote-contentcommentid=\"81626\" data-ipsquote-contentapp=\"forums\" data-ipsquote-contenttype=\"forums\" data-ipsquote-contentclass=\"forums_Topic\" data-ipsquote-contentid=\"10635\" data-ipsquote-username=\"CDWriter\" data-cite=\"CDWriter\" data-ipsquote-timestamp=\"1374298445\" ><div ><div >\n<p >@<a contenteditable=\"false\" data-ipshover=\"\" href=\"https://lckb.dev/forum/index.php?/profile/16931-walletman987/\" data-ipshover-target=\"https://lckb.dev/forum/index.php?/profile/16931-walletman987/&do=hovercard\" data-mentionid=\"16931\" rel=\"\" >@Walletman987</a></p>\n<p > </p>\n<p >but yes they did work if i wanted to convert Juno back to the old version and change the client ....</p>\n<p > </p>\n<p >@<a contenteditable=\"false\" data-ipshover=\"\" href=\"https://lckb.dev/forum/index.php?/profile/17474-kixtzz/\" data-ipshover-target=\"https://lckb.dev/forum/index.php?/profile/17474-kixtzz/&do=hovercard\" data-mentionid=\"17474\" rel=\"\" >@kixtzz</a></p>\n<p > </p>\n<p >ill send you a pic with explanations on that file. if you need me too ...pm me ill help u </p>\n<p > </p>\n<p >@<a contenteditable=\"false\" data-ipshover=\"\" href=\"https://lckb.dev/forum/index.php?/profile/605-b4rr4cud4/\" data-ipshover-target=\"https://lckb.dev/forum/index.php?/profile/605-b4rr4cud4/&do=hovercard\" data-mentionid=\"605\" rel=\"\" >@b4rr4cud4</a></p>\n<p > </p>\n<p >Not sure why you have this corrupt database, mine is correct....</p>\n<p > </p>\n<p > </p>\n<p >and last ..Thanks all</p>\n</div></div></blockquote>\n<p >OH sorry, I just skimmed through the post and downloaded it, then I took a look at t_zonedata lol.  I guess Im mistaken.</p>\n"
        },
        {
            "id": 81630,
            "timestamp": 1374303548,
            "author": {
                "id": 17582,
                "name": "CDWriter",
                "image": null
            },
            "comment": "<p >So how does everyone like the new Pets and elephant....and or Gear for them ....</p>"
        },
        {
            "id": 81633,
            "timestamp": 1374306186,
            "author": {
                "id": 7482,
                "name": "Creep",
                "image": null
            },
            "comment": "\n<p >Hey really good job dude ;)</p>\n<p > </p>\n<p >u said some dupes will be fixed, is that allready in the patch or later?</p>\n<p > </p>\n<p >btw it would be really nice if u could add some more offsets :S </p>\n<p > </p>\n<p >Thanks so far Creep ;)</p>\n"
        },
        {
            "id": 81634,
            "timestamp": 1374308769,
            "author": {
                "id": 5891,
                "name": "wowa296",
                "image": null
            },
            "comment": "<p ><span style=\"color:rgb(40,40,40);font-family:arial, helvetica, clean, sans-serif;\" >FAILED LOADING RAID INFO(DIFFICULTY HARD:12) ></span></p>"
        },
        {
            "id": 81636,
            "timestamp": 1374308967,
            "author": {
                "id": 18525,
                "name": "Lisana",
                "image": null
            },
            "comment": "<p >Thx thx , nice release .</p>"
        },
        {
            "id": 81648,
            "timestamp": 1374314764,
            "author": {
                "id": 7835,
                "name": "juliena33",
                "image": null
            },
            "comment": "\n<p >any client use?</p>\n<p >sorry, im stupid -_-</p>\n\n\n\t\t\t\n\t\t\t\t\n\n<span class=\"ipsType_reset ipsType_medium ipsType_light\" data-excludequote=\"None\" >\n\t<strong >Edited <time datetime=\"2013-07-20T10:16:46Z\" title=\"07/20/2013 10:16  AM\" data-short=\"7 yr\" >July 20, 2013</time> by juliena33</strong>\n\t\n\t\n</span>\n\t\t\t\n\t\t</div>"
        },
        {
            "id": 81704,
            "timestamp": 1374343588,
            "author": {
                "id": 17474,
                "name": "kixtzz",
                "image": null
            },
            "comment": "\n<p >Hi CDWriter ive found some bugs at the moment</p>\n<p >.</p>\n<p ><img alt=\"aut4ll.png\" src=\"http://i42.tinypic.com/aut4ll.png\" /></p>\n<p > </p>\n<p >*All Matryoshka dont work, idk why this happen.</p>\n<p > </p>\n<p >*In gameserver i got this error in CATLOGLIST</p>\n<p > </p>\n<p >*The elephant P2 is a box for me.</p>\n<p > </p>\n<p >*When i use Russian Costumes i get SEND ERROR</p>\n"
        },
        {
            "id": 81706,
            "timestamp": 1374343873,
            "author": {
                "id": 17582,
                "name": "CDWriter",
                "image": null
            },
            "comment": "\n<p >@<a contenteditable=\"false\" data-ipshover=\"\" href=\"https://lckb.dev/forum/index.php?/profile/5891-wowa296/\" data-ipshover-target=\"https://lckb.dev/forum/index.php?/profile/5891-wowa296/&do=hovercard\" data-mentionid=\"5891\" rel=\"\" >@wowa296</a></p>\n<p > </p>\n<p >I dont think theres a complete zone 12 raid data out there .....but if you have one please pass on to everyone ....</p>\n<p > </p>\n<p >for now you get ....</p>\n<p > </p>\n<blockquote data-ipsquote=\"\" class=\"ipsQuote\" ><div >\n<p > </p>\n<p > </p>\n<span style=\"color:rgb(40,40,40);font-family:arial, helvetica, clean, sans-serif;\" >FAILED LOADING RAID INFO(DIFFICULTY HARD:12) ></span>\n</div></blockquote>\n<p > </p>\n<p >and thats 1/3 of what was there....</p>\n"
        },
        {
            "id": 81709,
            "timestamp": 1374344112,
            "author": {
                "id": 17582,
                "name": "CDWriter",
                "image": null
            },
            "comment": "\n<blockquote data-ipsquote=\"\" class=\"ipsQuote\" data-ipsquote-contentcommentid=\"81704\" data-ipsquote-contentapp=\"forums\" data-ipsquote-contenttype=\"forums\" data-ipsquote-contentclass=\"forums_Topic\" data-ipsquote-contentid=\"10635\" data-ipsquote-username=\"kixtzz\" data-cite=\"kixtzz\" data-ipsquote-timestamp=\"1374343588\" ><div ><div >\n<p >Hi CDWriter ive found some bugs at the moment</p>\n<p >.</p>\n<p ><img alt=\"aut4ll.png\" src=\"http://i42.tinypic.com/aut4ll.png\" /></p>\n<p > </p>\n<p >*All Matryoshka dont work, idk why this happen.</p>\n<p > </p>\n<p >*In gameserver i got this error in CATLOGLIST</p>\n<p > </p>\n<p >*The elephant P2 is a box for me.</p>\n<p > </p>\n<p >*When i use Russian Costumes i get SEND ERROR</p>\n</div></div></blockquote>\n<p > </p>\n<p > </p>\n<p >The above on Catalogs is normal thats telling you if there where errors they would be below the word </p>\n<p >CATALOG LOAD ERROR ></p>\n<p >items 12222 etc,</p>\n<p > </p>\n<p >Actually the above CATALOG LOAD ERROR ></p>\n<p >each one represents how it is in game hot, limited, potions etc... telling if there where errors for each category and where..</p>\n<p > </p>\n<p >this would be a error then what you see is correct...</p>\n<p > </p>\n<p >as for you seeing boxes did you copy over the contents of data that was in my release ,,, there is a 2 files that must be copied to Interface this will fix your boxes.... and send error</p>\n\n\n\t\t\t\n\t\t\t\t\n\n<span class=\"ipsType_reset ipsType_medium ipsType_light\" data-excludequote=\"None\" >\n\t<strong >Edited <time datetime=\"2013-07-20T18:27:13Z\" title=\"07/20/2013 06:27  PM\" data-short=\"7 yr\" >July 20, 2013</time> by CDWriter</strong>\n\t\n\t\n</span>\n\t\t\t\n\t\t</div>"
        },
        {
            "id": 81712,
            "timestamp": 1374344486,
            "author": {
                "id": 17474,
                "name": "kixtzz",
                "image": null
            },
            "comment": "\n<blockquote data-ipsquote=\"\" class=\"ipsQuote\" data-ipsquote-contentcommentid=\"81709\" data-ipsquote-contentapp=\"forums\" data-ipsquote-contenttype=\"forums\" data-ipsquote-contentclass=\"forums_Topic\" data-ipsquote-contentid=\"10635\" data-ipsquote-username=\"CDWriter\" data-cite=\"CDWriter\" data-ipsquote-timestamp=\"1374344112\" ><div ><div >\n<p >The above on Catalogs is normal thats telling you if there where errors they would be below the word </p>\n<p >CATALOG LOAD ERROR ></p>\n<p >items 12222 etc,</p>\n<p > </p>\n<p >this would be a error then what you see is correct...</p>\n<p > </p>\n<p ><strong >as for you seeing boxes did you copy over the contents of data that was in my release ,,, there is a 2 files that must be copied to Interface this will fix your boxes.... and send error</strong></p>\n</div></div></blockquote>\n<p >I did it but dont work, and do u know how to fix the <span style=\"background-color:rgb(247,247,247);color:rgb(40,40,40);font-family:arial, helvetica, clean, sans-serif;font-size:12px;\" >Matryoshka ?</span></p>\n"
        },
        {
            "id": 81713,
            "timestamp": 1374345083,
            "author": {
                "id": 17582,
                "name": "CDWriter",
                "image": null
            },
            "comment": "<p >did you install the game from the original client and let it update before coping anything to the folder ? and once you did this ....use the file i supplied called   st.bat    to start the game .....  all should work great i have tested it myself many times.....but i could try again too see if its all correct still .,> ? let me know </p>"
        },
        {
            "id": 81716,
            "timestamp": 1374345971,
            "author": {
                "id": 17474,
                "name": "kixtzz",
                "image": null
            },
            "comment": "<p >hmm, ill update the game and put ur files</p>"
        },
        {
            "id": 81739,
            "timestamp": 1374353484,
            "author": {
                "id": 17474,
                "name": "kixtzz",
                "image": null
            },
            "comment": "<p >ok its works but the motryoshka dont work</p>"
        },
        {
            "id": 81749,
            "timestamp": 1374356275,
            "author": {
                "id": 7835,
                "name": "juliena33",
                "image": null
            },
            "comment": "\n<p >look this please, what is a probleme, i have download client lc 20120618 and I did not update, and i put the patch in the root of the client:</p>\n<p > </p>\n<p ><img alt=\"251024Capture.png\" src=\"http://img11.hostingpics.net/pics/251024Capture.png\" /></p>\n"
        },
        {
            "id": 81754,
            "timestamp": 1374360283,
            "author": {
                "id": 12565,
                "name": "ambassadorbk",
                "image": null
            },
            "comment": "<p >@CDWriter i tried the p2 swift pony of the rogue and it has two things wrong first no_name and second the p2 speed is 6 instead of 13</p>"
        },
        {
            "id": 81772,
            "timestamp": 1374372017,
            "author": {
                "id": 17582,
                "name": "CDWriter",
                "image": null
            },
            "comment": "\n<p >@<a contenteditable=\"false\" data-ipshover=\"\" href=\"https://lckb.dev/forum/index.php?/profile/12565-ambassadorbk/\" data-ipshover-target=\"https://lckb.dev/forum/index.php?/profile/12565-ambassadorbk/&do=hovercard\" data-mentionid=\"12565\" rel=\"\" >@ambassadorbk</a>  as for name most of the p2 pets come with no_name why do you think they sell name changing tags.....</p>\n<p > </p>\n<p >as for the speed ok that one you may be right i would change it to what u have .....Ooops +1 </p>\n<p > </p>\n<p >@<a contenteditable=\"false\" data-ipshover=\"\" href=\"https://lckb.dev/forum/index.php?/profile/7835-juliena33/\" data-ipshover-target=\"https://lckb.dev/forum/index.php?/profile/7835-juliena33/&do=hovercard\" data-mentionid=\"7835\" rel=\"\" >@juliena33</a>  </p>\n<blockquote data-ipsquote=\"\" class=\"ipsQuote\" ><div >\n<p >i said </p>\n<p ><span style=\"color:rgb(40,40,40);font-family:arial, helvetica, clean, sans-serif;\" >1. In Theory so far it looks like any USA client will work just update FULLY.</span></p>\n</div></blockquote>\n<p > </p>\n<p >you said </p>\n<blockquote data-ipsquote=\"\" class=\"ipsQuote\" ><div ><span style=\"color:rgb(40,40,40);font-family:arial, helvetica, clean, sans-serif;\" >and I did not update</span></div></blockquote>\n<p >there your problem</p>\n<p > </p>\n<p >@<a contenteditable=\"false\" data-ipshover=\"\" href=\"https://lckb.dev/forum/index.php?/profile/17474-kixtzz/\" data-ipshover-target=\"https://lckb.dev/forum/index.php?/profile/17474-kixtzz/&do=hovercard\" data-mentionid=\"17474\" rel=\"\" >@kixtzz</a></p>\n<p >ill check on it and give you a fix here .when i find it but whats the problem with ? <span style=\"color:rgb(40,40,40);font-family:arial, helvetica, clean, sans-serif;\" >motryoshka </span></p>\n<p > </p>\n<p > </p>\n<p ><span style=\"color:rgb(40,40,40);font-family:arial, helvetica, clean, sans-serif;\" >Well all so far it looks like normal Operator mistakes here... all but the <span >horse speed and </span></span><span style=\"color:rgb(40,40,40);font-family:arial, helvetica, clean, sans-serif;\" >motryoshka </span></p>\n\n\n\t\t\t\n\t\t\t\t\n\n<span class=\"ipsType_reset ipsType_medium ipsType_light\" data-excludequote=\"None\" >\n\t<strong >Edited <time datetime=\"2013-07-21T02:07:06Z\" title=\"07/21/2013 02:07  AM\" data-short=\"7 yr\" >July 21, 2013</time> by CDWriter</strong>\n\t\n\t\n</span>\n\t\t\t\n\t\t</div>"
        },
        {
            "id": 81783,
            "timestamp": 1374382613,
            "author": {
                "id": 605,
                "name": "b4rr4cud4",
                "image": null
            },
            "comment": "<p >@<a contenteditable=\"false\" data-ipshover=\"\" href=\"https://lckb.dev/forum/index.php?/profile/17582-cdwriter/\" data-ipshover-target=\"https://lckb.dev/forum/index.php?/profile/17582-cdwriter/&do=hovercard\" data-mentionid=\"17582\" rel=\"\" >@CDWriter</a> just wanted to come back and say thank you again, got it all working and what a great job .... THANKS AGAIN</p>"
        },
        {
            "id": 81787,
            "timestamp": 1374387099,
            "author": {
                "id": 17582,
                "name": "CDWriter",
                "image": null
            },
            "comment": "\n<p >@<a contenteditable=\"false\" data-ipshover=\"\" href=\"https://lckb.dev/forum/index.php?/profile/17474-kixtzz/\" data-ipshover-target=\"https://lckb.dev/forum/index.php?/profile/17474-kixtzz/&do=hovercard\" data-mentionid=\"17474\" rel=\"\" >@kixtzz</a> to fix the Matryoshka dolls all 7 of them use this sql on data....</p>\n<pre class=\"ipsCode prettyprint lang-sql\" >\n\nUPDATE `t_luckydrawbox` SET `a_random`=1 WHERE (`a_index`=131);\nUPDATE `t_luckydrawbox` SET `a_random`=1 WHERE (`a_index`=132);\nUPDATE `t_luckydrawbox` SET `a_random`=1 WHERE (`a_index`=133);\nUPDATE `t_luckydrawbox` SET `a_random`=1 WHERE (`a_index`=134);\nUPDATE `t_luckydrawbox` SET `a_random`=1 WHERE (`a_index`=135);\nUPDATE `t_luckydrawbox` SET `a_random`=1 WHERE (`a_index`=136);\nUPDATE `t_luckydrawbox` SET `a_random`=1 WHERE (`a_index`=137);\n</pre>\n<p >if your running navicat just right click the newproject_data select console and paste that in it ..hit enter</p>\n<p > </p>\n<p >I recommend everyone else to do this also.... </p>\n\n\n\t\t\t\n\t\t\t\t\n\n<span class=\"ipsType_reset ipsType_medium ipsType_light\" data-excludequote=\"None\" >\n\t<strong >Edited <time datetime=\"2013-07-21T06:12:24Z\" title=\"07/21/2013 06:12  AM\" data-short=\"7 yr\" >July 21, 2013</time> by CDWriter</strong>\n\t\n\t\n</span>\n\t\t\t\n\t\t</div>"
        },
        {
            "id": 81795,
            "timestamp": 1374392392,
            "author": {
                "id": 7835,
                "name": "juliena33",
                "image": null
            },
            "comment": "\n<blockquote data-ipsquote=\"\" class=\"ipsQuote\" data-ipsquote-contentcommentid=\"81772\" data-ipsquote-contentapp=\"forums\" data-ipsquote-contenttype=\"forums\" data-ipsquote-contentclass=\"forums_Topic\" data-ipsquote-contentid=\"10635\" data-ipsquote-username=\"CDWriter\" data-cite=\"CDWriter\" data-ipsquote-timestamp=\"1374372017\" ><div ><div >\n<p >@<a contenteditable=\"false\" data-ipshover=\"\" href=\"https://lckb.dev/forum/index.php?/profile/12565-ambassadorbk/\" data-ipshover-target=\"https://lckb.dev/forum/index.php?/profile/12565-ambassadorbk/&do=hovercard\" data-mentionid=\"12565\" rel=\"\" >@ambassadorbk</a>  as for name most of the p2 pets come with no_name why do you think they sell name changing tags.....</p>\n<p > </p>\n<p >as for the speed ok that one you may be right i would change it to what u have .....Ooops +1 </p>\n<p > </p>\n<p >@<a contenteditable=\"false\" data-ipshover=\"\" href=\"https://lckb.dev/forum/index.php?/profile/7835-juliena33/\" data-ipshover-target=\"https://lckb.dev/forum/index.php?/profile/7835-juliena33/&do=hovercard\" data-mentionid=\"7835\" rel=\"\" >@juliena33</a>  </p>\n<p > </p>\n<p >you said </p>\n<p >there your problem</p>\n<p > </p>\n<p >@<a contenteditable=\"false\" data-ipshover=\"\" href=\"https://lckb.dev/forum/index.php?/profile/17474-kixtzz/\" data-ipshover-target=\"https://lckb.dev/forum/index.php?/profile/17474-kixtzz/&do=hovercard\" data-mentionid=\"17474\" rel=\"\" >@kixtzz</a></p>\n<p >ill check on it and give you a fix here .when i find it but whats the problem with ? <span style=\"color:rgb(40,40,40);font-family:arial, helvetica, clean, sans-serif;\" >motryoshka </span></p>\n<p > </p>\n<p > </p>\n<p ><span style=\"color:rgb(40,40,40);font-family:arial, helvetica, clean, sans-serif;\" >Well all so far it looks like normal Operator mistakes here... all but the horse speed and </span><span style=\"color:rgb(40,40,40);font-family:arial, helvetica, clean, sans-serif;\" >motryoshka </span></p>\n</div></div></blockquote>\n<p >sorry im stupid, so i need to make updates</p>\n\n\n\t\t\t\n\t\t\t\t\n\n<span class=\"ipsType_reset ipsType_medium ipsType_light\" data-excludequote=\"None\" >\n\t<strong >Edited <time datetime=\"2013-07-21T07:53:51Z\" title=\"07/21/2013 07:53  AM\" data-short=\"7 yr\" >July 21, 2013</time> by juliena33</strong>\n\t\n\t\n</span>\n\t\t\t\n\t\t</div>"
        },
        {
            "id": 81796,
            "timestamp": 1374392803,
            "author": {
                "id": 18082,
                "name": "gurock1172",
                "image": null
            },
            "comment": "<p >i cant download file V6 upload to mediafire pls</p>"
        },
        {
            "id": 81800,
            "timestamp": 1374394315,
            "author": {
                "id": 7835,
                "name": "juliena33",
                "image": null
            },
            "comment": "\n<blockquote data-ipsquote=\"\" class=\"ipsQuote\" data-ipsquote-contentcommentid=\"81796\" data-ipsquote-contentapp=\"forums\" data-ipsquote-contenttype=\"forums\" data-ipsquote-contentclass=\"forums_Topic\" data-ipsquote-contentid=\"10635\" data-ipsquote-username=\"gurock1172\" data-cite=\"gurock1172\" data-ipsquote-timestamp=\"1374392803\" ><div ><div ><p >i cant download file V6 upload to mediafire pls</p></div></div></blockquote>\n<p ><a href=\"https://www.mediafire.com/?m1f17131uuaxgrx\" rel=\"external nofollow\" >http://www.mediafire.com/?m1f17131uuaxgrx</a> ^_^</p>\n"
        },
        {
            "id": 81834,
            "timestamp": 1374413003,
            "author": {
                "id": 16244,
                "name": "Tokyo",
                "image": null
            },
            "comment": "\n<p >I can not connect me .</p>\n<p > </p>\n<p > </p>\n<p ><a href=\"http://imagesia.com/failed_a06s\" rel=\"external nofollow\" >http://imagesia.com/failed_a06s</a></p>\n"
        },
        {
            "id": 81870,
            "timestamp": 1374423608,
            "author": {
                "id": 17582,
                "name": "CDWriter",
                "image": null
            },
            "comment": "<p >@<a contenteditable=\"false\" data-ipshover=\"\" href=\"https://lckb.dev/forum/index.php?/profile/7835-juliena33/\" data-ipshover-target=\"https://lckb.dev/forum/index.php?/profile/7835-juliena33/&do=hovercard\" data-mentionid=\"7835\" rel=\"\" >@juliena33</a>  if i wanted it on megafire I would have added it there...... all is good i guess ....thanks for helping </p>\n\n\t\t\t\n\t\t\t\t\n\n<span class=\"ipsType_reset ipsType_medium ipsType_light\" data-excludequote=\"None\" >\n\t<strong >Edited <time datetime=\"2013-07-21T16:36:48Z\" title=\"07/21/2013 04:36  PM\" data-short=\"7 yr\" >July 21, 2013</time> by CDWriter</strong>\n\t\n\t\n</span>\n\t\t\t\n\t\t</div>"
        },
        {
            "id": 81876,
            "timestamp": 1374425228,
            "author": {
                "id": 17890,
                "name": "GhostRaider",
                "image": null
            },
            "comment": "\n<p ><img alt=\"03715-c7018be4-b1dc-45f2-9866-ea89e5d1f9\" src=\"http://grabilla.com/03715-c7018be4-b1dc-45f2-9866-ea89e5d1f962.png\" /></p>\n<p > </p>\n<p >Why become this error by 4 chars and i have see by  V5 this pic</p>\n<p ><img alt=\"characterslot.jpg\" src=\"http://s21.postimg.org/owrdu53x3/characterslot.jpg\" /></p>\n<p > </p>\n<p >can pls help mee</p>\n"
        },
        {
            "id": 81884,
            "timestamp": 1374428133,
            "author": {
                "id": 12565,
                "name": "ambassadorbk",
                "image": null
            },
            "comment": "<p >get the user id of your from newproject_db_auth at t_users from a_index the id of your user and put it at newproject_db at a_user_index and select the time you want and voila, cest fini...</p>"
        },
        {
            "id": 81892,
            "timestamp": 1374429268,
            "author": {
                "id": 14022,
                "name": "zdanuxiz",
                "image": null
            },
            "comment": "\n<blockquote data-ipsquote=\"\" class=\"ipsQuote\" data-ipsquote-contentcommentid=\"81834\" data-ipsquote-contentapp=\"forums\" data-ipsquote-contenttype=\"forums\" data-ipsquote-contentclass=\"forums_Topic\" data-ipsquote-contentid=\"10635\" data-ipsquote-username=\"Tokyo\" data-cite=\"Tokyo\" data-ipsquote-timestamp=\"1374413003\" ><div ><div >\n<p >I can not connect me .</p>\n<p > </p>\n<p > </p>\n<p ><a href=\"http://imagesia.com/failed_a06s\" rel=\"external nofollow\" >http://imagesia.com/failed_a06s</a></p>\n</div></div></blockquote>\n<p >You have to put inside your server files in login server the login server for usa (you can find loginserver in the v6 release of cdwriter)</p>\n<p >For me works all perfect but i dont see the elephant and some speeds of pets are bad like pony and others xd</p>\n"
        },
        {
            "id": 81895,
            "timestamp": 1374429557,
            "author": {
                "id": 17582,
                "name": "CDWriter",
                "image": null
            },
            "comment": "\n<p >read the beginning pist tellls you how to get 8 characters and for everyone else read the other post in between the fixes are there....If your not going to read the post why get the database and then come back and ask dumb questions that are all  ready solved and have been posted here ......</p>\n<p > </p>\n<p >I dont mind questions but come on people ...at least make the effort here...</p>\n\n\n\t\t\t\n\t\t\t\t\n\n<span class=\"ipsType_reset ipsType_medium ipsType_light\" data-excludequote=\"None\" >\n\t<strong >Edited <time datetime=\"2013-07-21T18:05:31Z\" title=\"07/21/2013 06:05  PM\" data-short=\"7 yr\" >July 21, 2013</time> by CDWriter</strong>\n\t\n\t\n</span>\n\t\t\t\n\t\t</div>"
        },
        {
            "id": 81916,
            "timestamp": 1374433133,
            "author": {
                "id": 17474,
                "name": "kixtzz",
                "image": null
            },
            "comment": "<p >What the different in these gameserver what there are in your files or they are equals</p>"
        },
        {
            "id": 81934,
            "timestamp": 1374439364,
            "author": {
                "id": 17582,
                "name": "CDWriter",
                "image": null
            },
            "comment": "<p >i made a read me file in the extra folder that tells all the differences</p>"
        },
        {
            "id": 81938,
            "timestamp": 1374440852,
            "author": {
                "id": 16244,
                "name": "Tokyo",
                "image": null
            },
            "comment": "\n<div >You can not upload all in same time?</div>\n<br /><div >the connector , loginserver , helper   ,  ...</div>\n<br /><div > </div>\n<br /><div > </div>\n<br /><div >Please</div>\n<br />"
        },
        {
            "id": 81941,
            "timestamp": 1374441587,
            "author": {
                "id": 17148,
                "name": "WorldOfWars",
                "image": null
            },
            "comment": "<p >search a little.</p>"
        },
        {
            "id": 81946,
            "timestamp": 1374441999,
            "author": {
                "id": 16244,
                "name": "Tokyo",
                "image": null
            },
            "comment": "\n<p >I seek it does not want to walk</p>\n<p > </p>\n<p >Please -_-</p>\n"
        },
        {
            "id": 81971,
            "timestamp": 1374457335,
            "author": {
                "id": 14022,
                "name": "zdanuxiz",
                "image": null
            },
            "comment": "<p >last question is dupe gold fix and if not how can i fix it?</p>"
        },
        {
            "id": 82006,
            "timestamp": 1374483388,
            "author": {
                "id": 7835,
                "name": "juliena33",
                "image": null
            },
            "comment": "\n<blockquote data-ipsquote=\"\" class=\"ipsQuote\" data-ipsquote-contentcommentid=\"81870\" data-ipsquote-contentapp=\"forums\" data-ipsquote-contenttype=\"forums\" data-ipsquote-contentclass=\"forums_Topic\" data-ipsquote-contentid=\"10635\" data-ipsquote-username=\"CDWriter\" data-cite=\"CDWriter\" data-ipsquote-timestamp=\"1374423608\" ><div ><div ><p >@<a contenteditable=\"false\" data-ipshover=\"\" href=\"https://lckb.dev/forum/index.php?/profile/7835-juliena33/\" data-ipshover-target=\"https://lckb.dev/forum/index.php?/profile/7835-juliena33/&do=hovercard\" data-mentionid=\"7835\" rel=\"\" >@juliena33</a>  if i wanted it on megafire I would have added it there...... all is good i guess ....thanks for helping </p></div></div></blockquote>\n<p >:/ sorry I can remove it if you want</p>\n"
        },
        {
            "id": 82018,
            "timestamp": 1374494153,
            "author": {
                "id": 10637,
                "name": "redbull",
                "image": null
            },
            "comment": "<p >i have invalid version why?</p>"
        },
        {
            "id": 82040,
            "timestamp": 1374503424,
            "author": {
                "id": 17439,
                "name": "peke1996",
                "image": null
            },
            "comment": "<p >Good Work!</p>"
        },
        {
            "id": 82041,
            "timestamp": 1374504744,
            "author": {
                "id": 10637,
                "name": "redbull",
                "image": null
            },
            "comment": "<p >people help me please i have invalid version :(</p>"
        },
        {
            "id": 82049,
            "timestamp": 1374511183,
            "author": {
                "id": 14022,
                "name": "zdanuxiz",
                "image": null
            },
            "comment": "<p >you have to download usa and install it and patch it because if not wont have the version requiered for this v6 database</p>"
        },
        {
            "id": 82054,
            "timestamp": 1374513710,
            "author": {
                "id": 17582,
                "name": "CDWriter",
                "image": null
            },
            "comment": "\n<p >ok all iam still working on things here is a fix for Zone 12 load error ....</p>\n<p > </p>\n<p > </p>\n<p ><a href=\"http://fbe.am/mds\" rel=\"external nofollow\" >http://fbe.am/mds</a></p>\n<p > </p>\n<p ><img alt=\"m5pj.png\" src=\"https://img713.imageshack.us/img713/6427/m5pj.png\" /></p>\n"
        },
        {
            "id": 82068,
            "timestamp": 1374521497,
            "author": {
                "id": 605,
                "name": "b4rr4cud4",
                "image": null
            },
            "comment": "\n<p >Found a bug:</p>\n<p >I cant post pics for some reason, keeps telling me this forum does not allow this format and I tryed 3 differant ones.</p>\n<p > </p>\n<p >Greastest HP&MP Boost Potion Lv 1 - only last 1 hr and should last 1 week and it only gives 250 instead of 2500.</p>\n<p > </p>\n<p >Large MP HP Extended Potion Lv 5 only gives 200 and should give 2000 - the time is right with 7 hrs.</p>\n<p > </p>\n<p >Pet food for the p2 pet that gives 50 does not work but the one that gives 90 works just fine.Could you look into the hunger of the pets it seems to go way to fast, may be just me.</p>\n<p > </p>\n<p >Im going to keep looking but so far as for the pots I use they seem to be working. Really wish I could post pics so you could get a better understanding of what im saying.</p>\n<p > </p>\n<p >THANKS for ALL the HARD WORK</p>\n\n\n\t\t\t\n\t\t\t\t\n\n<span class=\"ipsType_reset ipsType_medium ipsType_light\" data-excludequote=\"None\" >\n\t<strong >Edited <time datetime=\"2013-07-22T19:46:21Z\" title=\"07/22/2013 07:46  PM\" data-short=\"7 yr\" >July 22, 2013</time> by b4rr4cud4</strong>\n\t\n\t\n</span>\n\t\t\t\n\t\t</div>"
        },
        {
            "id": 82076,
            "timestamp": 1374522533,
            "author": {
                "id": 17582,
                "name": "CDWriter",
                "image": null
            },
            "comment": "\n<p >@<a contenteditable=\"false\" data-ipshover=\"\" href=\"https://lckb.dev/forum/index.php?/profile/605-b4rr4cud4/\" data-ipshover-target=\"https://lckb.dev/forum/index.php?/profile/605-b4rr4cud4/&do=hovercard\" data-mentionid=\"605\" rel=\"\" >@b4rr4cud4</a>  for pics you need to use a outside soruce to place the pic like <a href=\"https://imageshack.us/\" rel=\"external nofollow\" >http://imageshack.us/</a></p>\n<p > </p>\n<p >there if you sign in you will get all free links to add to this forum just start a new post above it u will see a picture icon .....post the picture link you get from imageshack in there will display it here</p>\n<p > </p>\n<p >are you talking about  1297 ?</p>\n<p > </p>\n<p >potions are right there all a % not 2500 our what ever is on them most of them are 30%. but ill redo the items discriptions to match i see there is a issue with this ....</p>\n\n\n\t\t\t\n\t\t\t\t\n\n<span class=\"ipsType_reset ipsType_medium ipsType_light\" data-excludequote=\"None\" >\n\t<strong >Edited <time datetime=\"2013-07-22T20:17:12Z\" title=\"07/22/2013 08:17  PM\" data-short=\"7 yr\" >July 22, 2013</time> by CDWriter</strong>\n\t\n\t\n</span>\n\t\t\t\n\t\t</div>"
        },
        {
            "id": 82088,
            "timestamp": 1374526215,
            "author": {
                "id": 12565,
                "name": "ambassadorbk",
                "image": null
            },
            "comment": "\n<p >ive put the fix for Zone 12 load error ....</p>\n<p >and after that, every time i login and select a character i get a tim out error message ...</p>\n"
        },
        {
            "id": 82091,
            "timestamp": 1374526924,
            "author": {
                "id": 17582,
                "name": "CDWriter",
                "image": null
            },
            "comment": "\n<p >zone 12 does not change toons? no clue why u have this zone 12 fix ...does GS load correctly with no errors in 12 .....then i did my part right..... sounds like u droped something ..login server something you have missing ....</p>\n<p > </p>\n<p > </p>\n<p >as for your post @<a contenteditable=\"false\" data-ipshover=\"\" href=\"https://lckb.dev/forum/index.php?/profile/605-b4rr4cud4/\" data-ipshover-target=\"https://lckb.dev/forum/index.php?/profile/605-b4rr4cud4/&do=hovercard\" data-mentionid=\"605\" rel=\"\" >@b4rr4cud4</a></p>\n<p > </p>\n<p > </p>\n<p >Great HP Boost Potion Increases HP by 30% for 24 hours.</p>\n<p >Greater HP Boost Potion Increases HP by 30% for 72 hours.</p>\n<p >Greatest HP Boost Potion Increases HP by 30% for 168 hours.</p>\n<p >Great MP Boost Potion Increases MP by 30% for 24 hours.</p>\n<p >Greater MP Boost Potion Increases MP by 30% for 72 hours.</p>\n<p >Greatest MP Boost Potion Increases MP by 30% for 168 hours.</p>\n<p >Great HP+MP Boost Potion Increases HP+MP by 30% for 24 hours.</p>\n<p >Greater HP+MP Boost Potion Increases HP+MP by 30% for 72 hours.</p>\n<p >Greatest HP+MP Boost Potion Increases HP+MP by 30% for 168 hours.</p>\n<p > </p>\n<p >Small HP Extended Potion [Charged Item] Increase HP regeneration by 30% for 1 hour.</p>\n<p >Medium HP Extended Potion [Charged Item] Increase HP regeneration by 30% for 3 hour.</p>\n<p >Large HP Extended Potion [Charged Item] Increase HP regeneration by 30% for 7 hour.</p>\n<p >Small MP Extended Potion [Charged Item] Increase MP regeneration by 30% for 1 hour.</p>\n<p >Medium MP Extended Potion [Charged Item] Increase MP regeneration by 30% for 3 hour.</p>\n<p >Large MP Extended Potion [Charged Item] Increase MP regeneration by 30% for 7 hour.</p>\n<p >Small HP and MP Regeneration Potion [Charged Item] Increase HP and MP regeneration by 30% for 1 hour.</p>\n<p >Medium HP and MP Regeneration Potion [Charged Item] Increase HP and MP regeneration by 30% for 3 hour.</p>\n<p >Large HP and MP Regeneration Potion [Charged Item] Increase HP and MP regeneration by 30% for 7 hour.</p>\n<p >Small HP Regeneration Potion [Charged Item] Increase HP regeneration by 20% for 1 hour.</p>\n<p >Medium HP Regeneration Potion [Charged Item] Increase HP regeneration by 20% for 3 hour.</p>\n<p >Large HP Regeneration Potion [Charged Item] Increase HP regeneration by 20% for 7 hour.</p>\n<p >Small MP Regeneration Potion [Charged Item] Increase MP regeneration by 20% for 1 hour.</p>\n<p >Medium MP Regeneration Potion [Charged Item] Increase MP regeneration by 20% for 3 hour.</p>\n<p >Large MP Regeneration Potion [Charged Item] Increase HP regeneration by 20% for 7 hour.</p>\n<p > </p>\n<p >are the correct descriptions ...witch i have changed and ...seams like ill release v7 soon ....... </p>\n<p > </p>\n<p >CDWriter</p>\n<p > </p>\n<p >Pet food for the p2 pet that gives 50 does not work  ...Name please</p>\n\n\n\t\t\t\n\t\t\t\t\n\n<span class=\"ipsType_reset ipsType_medium ipsType_light\" data-excludequote=\"None\" >\n\t<strong >Edited <time datetime=\"2013-07-22T21:03:36Z\" title=\"07/22/2013 09:03  PM\" data-short=\"7 yr\" >July 22, 2013</time> by CDWriter</strong>\n\t\n\t\n</span>\n\t\t\t\n\t\t</div>"
        },
        {
            "id": 82093,
            "timestamp": 1374527596,
            "author": {
                "id": 17474,
                "name": "kixtzz",
                "image": null
            },
            "comment": "<p >Deceiving lvl 5 ranger is bugged its impossible to learn</p>"
        },
        {
            "id": 82095,
            "timestamp": 1374528580,
            "author": {
                "id": 17582,
                "name": "CDWriter",
                "image": null
            },
            "comment": "<p >Level 5 on that skill is missing ...you need to add it .....</p>"
        },
        {
            "id": 82099,
            "timestamp": 1374531892,
            "author": {
                "id": 12565,
                "name": "ambassadorbk",
                "image": null
            },
            "comment": "<p >it was not the fix , it was the character itself corrupted</p>"
        },
        {
            "id": 82132,
            "timestamp": 1374543011,
            "author": {
                "id": 605,
                "name": "b4rr4cud4",
                "image": null
            },
            "comment": "\n<p ><p >@<a contenteditable=\"false\" data-ipshover=\"\" href=\"https://lckb.dev/forum/index.php?/profile/17582-cdwriter/\" data-ipshover-target=\"https://lckb.dev/forum/index.php?/profile/17582-cdwriter/&do=hovercard\" data-mentionid=\"17582\" rel=\"\" >@CDWriter</a> im out and about right now on my phone will post the pics of what I was talking about later so you can get a better idea of what I was talking about. The doll and zone fix work perfect thanks again for the hard work you put into this.</p></p>\n<p ><p > </p></p>\n<p ><p >I cant hit the tanks button anymore than once lol</p></p>\n\n\n\t\t\t\n\t\t\t\t\n\n<span class=\"ipsType_reset ipsType_medium ipsType_light\" data-excludequote=\"None\" >\n\t<strong >Edited <time datetime=\"2013-07-23T01:31:28Z\" title=\"07/23/2013 01:31  AM\" data-short=\"7 yr\" >July 23, 2013</time> by b4rr4cud4</strong>\n\t\n\t\n</span>\n\t\t\t\n\t\t</div>"
        },
        {
            "id": 82147,
            "timestamp": 1374548761,
            "author": {
                "id": 605,
                "name": "b4rr4cud4",
                "image": null
            },
            "comment": "\n<p ><img alt=\"c0ny.jpg\" src=\"https://imageshack.us/a/img809/8415/c0ny.jpg\" /><br /> </p>\n<p ><img alt=\"xrp6.jpg\" src=\"https://imageshack.us/a/img706/8090/xrp6.jpg\" /><br /> </p>\n<p ><img alt=\"np0j.jpg\" src=\"https://imageshack.us/a/img59/9822/np0j.jpg\" /><br /> </p>\n<p >Hope this better explaines what I was trying to say.</p>\n"
        },
        {
            "id": 82186,
            "timestamp": 1374567114,
            "author": {
                "id": 10637,
                "name": "redbull",
                "image": null
            },
            "comment": "<p >guild emblem problem , when i sat it guild emblem registration licence it dont work , i need restart server for see  guild emblem</p>"
        },
        {
            "id": 82233,
            "timestamp": 1374580542,
            "author": {
                "id": 14022,
                "name": "zdanuxiz",
                "image": null
            },
            "comment": "\n<p >I ask again if can answer if are fixed the bugs of dupe gold,dupe guild storage, dupe agent trader , and if not if could fix them pleaze</p>\n<p >And i see some bugs some c2 when put them put expire for example c2 russian if use costume is good but if use only one item like helmet when i pick it puts that has expired xd i know how to fix it but maybe help other ppl xd</p>\n"
        },
        {
            "id": 82235,
            "timestamp": 1374580666,
            "author": {
                "id": 14022,
                "name": "zdanuxiz",
                "image": null
            },
            "comment": "<p >i know how to fix c2 expiration no dupe fix xd</p>"
        },
        {
            "id": 82280,
            "timestamp": 1374595305,
            "author": {
                "id": 16338,
                "name": "audioburnr",
                "image": null
            },
            "comment": "\n<p >Thank YOu CDWriter I run a server with your Files ONLY AND THEY ARE GREAT!!!!    <a href=\"http://hostedathome.com/LastChaos\" rel=\"external nofollow\" >http://hostedathome.com/LastChaos</a></p>\n<p > </p>\n"
        },
        {
            "id": 82290,
            "timestamp": 1374596726,
            "author": {
                "id": 10637,
                "name": "redbull",
                "image": null
            },
            "comment": "<p >how to set wartime teo or merac?</p>"
        },
        {
            "id": 82293,
            "timestamp": 1374597456,
            "author": {
                "id": 12893,
                "name": "oduncu2791",
                "image": null
            },
            "comment": "<p >i need aeriagames usa client multi give me pls ?</p>"
        },
        {
            "id": 82294,
            "timestamp": 1374599142,
            "author": {
                "id": 14022,
                "name": "zdanuxiz",
                "image": null
            },
            "comment": "<p >in this release you will find an archive bat is the new multiclient name st</p>"
        },
        {
            "id": 82311,
            "timestamp": 1374607873,
            "author": {
                "id": 17474,
                "name": "kixtzz",
                "image": null
            },
            "comment": "<p >I have a problem, i lost every my items from inventory and when i get any items and relog i lose again</p>"
        },
        {
            "id": 82312,
            "timestamp": 1374608271,
            "author": {
                "id": 18226,
                "name": "OldHM",
                "image": null
            },
            "comment": "<p >CDWriter could you maybe do an FULL release? With working connector etc? Would be very nice! :)</p>"
        },
        {
            "id": 82316,
            "timestamp": 1374609015,
            "author": {
                "id": 10637,
                "name": "redbull",
                "image": null
            },
            "comment": "<p >war times working?</p>"
        },
        {
            "id": 82319,
            "timestamp": 1374610622,
            "author": {
                "id": 1229,
                "name": "ganjazz",
                "image": null
            },
            "comment": "<p >hello invalid version please help me  :mebiro_01:</p>"
        },
        {
            "id": 82322,
            "timestamp": 1374612213,
            "author": {
                "id": 17582,
                "name": "CDWriter",
                "image": null
            },
            "comment": "\n<p >@<a contenteditable=\"false\" data-ipshover=\"\" href=\"https://lckb.dev/forum/index.php?/profile/1229-ganjazz/\" data-ipshover-target=\"https://lckb.dev/forum/index.php?/profile/1229-ganjazz/&do=hovercard\" data-mentionid=\"1229\" rel=\"\" >@ganjazz</a></p>\n<p > </p>\n<p >read the first post ....\"download ANY USA clients and then UPDATE to end....then copy my files to the correct folders...</p>\n<p > </p>\n<p >@<a contenteditable=\"false\" data-ipshover=\"\" href=\"https://lckb.dev/forum/index.php?/profile/10637-redbull/\" data-ipshover-target=\"https://lckb.dev/forum/index.php?/profile/10637-redbull/&do=hovercard\" data-mentionid=\"10637\" rel=\"\" >@redbull</a></p>\n<p >yes</p>\n<p > </p>\n<p >@<a contenteditable=\"false\" rel=\"\" ></a></p>\n<p >there in release section ....</p>\n<p > </p>\n<p > </p>\n<p >If i dont now our understand your Error you give pm me.. our maybe look in the help section .....</p>\n<p > </p>\n<p >Someone please lock this topic ......ill release v7 when its ready .....</p>\n"
        },
        {
            "id": 82331,
            "timestamp": 1374613280,
            "author": {
                "id": 14022,
                "name": "zdanuxiz",
                "image": null
            },
            "comment": "\n<blockquote data-ipsquote=\"\" class=\"ipsQuote\" data-ipsquote-contentcommentid=\"82316\" data-ipsquote-contentapp=\"forums\" data-ipsquote-contenttype=\"forums\" data-ipsquote-contentclass=\"forums_Topic\" data-ipsquote-contentid=\"10635\" data-ipsquote-username=\"redbull\" data-cite=\"redbull\" data-ipsquote-timestamp=\"1374609015\" ><div ><div ><p >war times working?</p></div></div></blockquote>\n<p >you have to change date with the tool of this release and there you will found how to do it</p>\n<p >next you go to game put whoami and put /date and next you have to use setwartime and setwartime2  for dcs and mcs</p>\n<p >For me it works perfecty both and give weapons of mcs, and of course give armour c2 and titles</p>\n"
        },
        {
            "id": 82338,
            "timestamp": 1374614013,
            "author": {
                "id": 18226,
                "name": "OldHM",
                "image": null
            },
            "comment": "<p >@CDWriter I have not really an Error, but i sayed that would be nice :D</p>"
        },
        {
            "id": 82340,
            "timestamp": 1374615220,
            "author": {
                "id": 17582,
                "name": "CDWriter",
                "image": null
            },
            "comment": "\n<p >Thanks for the replys but please PM me for any question our check the Help section .....</p>\n<p > </p>\n<p >CDWriter</p>\n\n\n\t\t\t\n\t\t\t\t\n\n<span class=\"ipsType_reset ipsType_medium ipsType_light\" data-excludequote=\"None\" >\n\t<strong >Edited <time datetime=\"2013-07-23T21:33:57Z\" title=\"07/23/2013 09:33  PM\" data-short=\"7 yr\" >July 23, 2013</time> by CDWriter</strong>\n\t\n\t\n</span>\n\t\t\t\n\t\t</div>"
        },
        {
            "id": 82341,
            "timestamp": 1374615716,
            "author": {
                "id": 2835,
                "name": "halohalo",
                "image": null
            },
            "comment": "\n<blockquote data-ipsquote=\"\" class=\"ipsQuote\" data-ipsquote-contentcommentid=\"82233\" data-ipsquote-contentapp=\"forums\" data-ipsquote-contenttype=\"forums\" data-ipsquote-contentclass=\"forums_Topic\" data-ipsquote-contentid=\"10635\" data-ipsquote-username=\"zdanuxiz\" data-cite=\"zdanuxiz\" data-ipsquote-timestamp=\"1374580542\" ><div ><div >\n<p >I ask again if can answer if are fixed the bugs of dupe gold,dupe guild storage, dupe agent trader , and if not if could fix them pleaze</p>\n<p >And i see some bugs some c2 when put them put expire for example c2 russian if use costume is good but if use only one item like helmet when i pick it puts that has expired xd i know how to fix it but maybe help other ppl xd</p>\n</div></div></blockquote>\n<p >Dupe of Guild Storage is not fixed in any server, so just use it for staff team at least. About the C2 that expire, in the t_item in newproject_data, change its a_num 0 = 30 (Which will expire then in the next 30 days).</p>\n<p > </p>\n<p >And please guys, if you have any questions, just use the help section, here just put the bugs you find, not questions on how to fix something or how to use something.</p>\n\n\n\t\t\t\n\t\t\t\t\n\n<span class=\"ipsType_reset ipsType_medium ipsType_light\" data-excludequote=\"None\" >\n\t<strong >Edited <time datetime=\"2013-07-23T21:43:42Z\" title=\"07/23/2013 09:43  PM\" data-short=\"7 yr\" >July 23, 2013</time> by halohalo</strong>\n\t\n\t\n</span>\n\t\t\t\n\t\t</div>"
        },
        {
            "id": 82364,
            "timestamp": 1374626920,
            "author": {
                "id": 17474,
                "name": "kixtzz",
                "image": null
            },
            "comment": "\n<p >How i can fix this number ?</p>\n<p > </p>\n<p ><img alt=\"25que82.jpg\" src=\"http://i39.tinypic.com/25que82.jpg\" /></p>\n"
        },
        {
            "id": 82370,
            "timestamp": 1374629777,
            "author": {
                "id": 17582,
                "name": "CDWriter",
                "image": null
            },
            "comment": "\n<p >@<a contenteditable=\"false\" data-ipshover=\"\" href=\"https://lckb.dev/forum/index.php?/profile/17474-kixtzz/\" data-ipshover-target=\"https://lckb.dev/forum/index.php?/profile/17474-kixtzz/&do=hovercard\" data-mentionid=\"17474\" rel=\"\" >@kixtzz</a></p>\n<p >those are referring to t_string in database and string_usa_dta ..and iam working on them now for the guild locatin as for monster thats comingh out of skill_usa_bin..</p>\n<p > </p>\n<p >But you would not see them if you where not a GM ..... :)</p>\n<p > </p>\n<p >So where are these players at when you get 3978, and on official server there is no location , theres no description on monster card eather...</p>\n\n\n\t\t\t\n\t\t\t\t\n\n<span class=\"ipsType_reset ipsType_medium ipsType_light\" data-excludequote=\"None\" >\n\t<strong >Edited <time datetime=\"2013-07-24T01:48:30Z\" title=\"07/24/2013 01:48  AM\" data-short=\"7 yr\" >July 24, 2013</time> by CDWriter</strong>\n\t\n\t\n</span>\n\t\t\t\n\t\t</div>"
        },
        {
            "id": 82419,
            "timestamp": 1374665636,
            "author": {
                "id": null,
                "name": "Guest Johnny5",
                "image": null
            },
            "comment": "<p >Topic Closed by a moderator. The reason why: Post locked by Poster request</p>"
        }
    ]
}