{
    "meta": {
        "threadId": 10646,
        "threadName": "Fix Attack P2",
        "dateCreated": "2013-07-20T10:40:25+0000",
        "datePublished": "2013-07-20T10:40:25+0000",
        "pageCount": 1,
        "originalUrl": "https://lckb.dev/forum/index.php?/topic/10646-fix-attack-p2/",
        "authorId": 18312,
        "position": [
            {
                "@type": "ListItem",
                "position": 1,
                "item": {
                    "@id": "https://lckb.dev/forum/index.php?/forum/100-guides-help-section/",
                    "name": "Guides &amp; Help Section"
                }
            },
            {
                "@type": "ListItem",
                "position": 2,
                "item": {
                    "@id": "https://lckb.dev/forum/index.php?/forum/332-tutorials-guides/",
                    "name": "Tutorials &amp; Guides"
                }
            },
            {
                "@type": "ListItem",
                "position": 3,
                "item": {
                    "@id": "https://lckb.dev/forum/index.php?/forum/107-ep2-guides/",
                    "name": "Ep2 Guides"
                }
            }
        ]
    },
    "commentData": [
        {
            "id": 81655,
            "timestamp": 1374316825,
            "author": {
                "id": 18312,
                "name": "Assasin",
                "image": null
            },
            "comment": "\n<p >this is tabela fix attack P2</p>\n<pre class=\"ipsCode prettyprint\" > \nSET FOREIGN_KEY_CHECKS=0;\n-- ----------------------------\n-- Table structure for `t_attack_pet`\n-- ----------------------------\nDROP TABLE IF EXISTS `t_attack_pet`;\nCREATE TABLE `t_attack_pet` (\n  `a_index` int(11) NOT NULL AUTO_INCREMENT,\n  `a_enable` tinyint(1) NOT NULL DEFAULT 1,\n  `a_type` int(11) NOT NULL DEFAULT 0,\n  `a_name` varchar(20) NOT NULL DEFAULT ,\n  `a_str` int(11) NOT NULL DEFAULT 0,\n  `a_con` int(11) NOT NULL DEFAULT 0,\n  `a_dex` int(11) NOT NULL DEFAULT 0,\n  `a_int` int(11) NOT NULL DEFAULT 0,\n  `a_item_idx` int(10) NOT NULL DEFAULT 0,\n  `a_maxFaith` int(11) NOT NULL DEFAULT 0,\n  `a_maxStm` int(11) NOT NULL DEFAULT 0,\n  `a_maxHP` int(11) NOT NULL DEFAULT 0,\n  `a_maxMP` int(11) NOT NULL DEFAULT 0,\n  `a_recoverHP` int(11) NOT NULL DEFAULT 0,\n  `a_recoverMP` int(11) NOT NULL DEFAULT 0,\n  `a_delay` int(10) unsigned NOT NULL DEFAULT 0,\n  `a_AISlot` int(11) NOT NULL DEFAULT 0,\n  `a_after_dead` tinyint(2) unsigned NOT NULL DEFAULT 0,\n  `a_attack` int(11) NOT NULL DEFAULT 0,\n  `a_defence` int(11) NOT NULL DEFAULT 0,\n  `a_Mattack` int(11) NOT NULL DEFAULT 0,\n  `a_Mdefence` int(11) NOT NULL DEFAULT 0,\n  `a_hitpoint` int(11) NOT NULL DEFAULT 0,\n  `a_avoidpoint` int(11) NOT NULL DEFAULT 0,\n  `a_Mavoidpoint` int(11) NOT NULL DEFAULT 0,\n  `a_attackSpeed` int(11) NOT NULL DEFAULT 0,\n  `a_deadly` int(11) NOT NULL DEFAULT 0,\n  `a_critical` int(11) NOT NULL DEFAULT 0,\n  `a_awful` int(11) NOT NULL DEFAULT 0,\n  `a_strong` int(11) NOT NULL DEFAULT 0,\n  `a_normal` int(11) NOT NULL DEFAULT 0,\n  `a_week` int(11) NOT NULL DEFAULT 0,\n  `a_bagic_skill1` int(10) unsigned NOT NULL DEFAULT 0,\n  `a_bagic_skill2` int(10) unsigned NOT NULL DEFAULT 0,\n  `a_flag` int(10) unsigned NOT NULL DEFAULT 0,\n  `a_trans_type` tinyint(2) unsigned NOT NULL DEFAULT 0,\n  `a_trans_start` int(10) unsigned NOT NULL DEFAULT 0,\n  `a_trans_end` int(10) unsigned NOT NULL DEFAULT 0,\n  `a_smcFileName_1` varchar(255) NOT NULL DEFAULT ,\n  `a_ani_idle1_1` varchar(50) NOT NULL DEFAULT ,\n  `a_ani_idle2_1` varchar(50) NOT NULL DEFAULT ,\n  `a_ani_attack1_1` varchar(50) NOT NULL DEFAULT ,\n  `a_ani_attack2_1` varchar(50) NOT NULL DEFAULT ,\n  `a_ani_damage_1` varchar(50) NOT NULL DEFAULT ,\n  `a_ani_die_1` varchar(50) NOT NULL DEFAULT ,\n  `a_ani_walk_1` varchar(50) NOT NULL DEFAULT ,\n  `a_ani_run_1` varchar(50) NOT NULL DEFAULT ,\n  `a_ani_levelup_1` varchar(50) NOT NULL DEFAULT ,\n  `a_mount_1` tinyint(2) unsigned NOT NULL DEFAULT 0,\n  `a_summon_skill_1` int(10) unsigned NOT NULL DEFAULT 0,\n  `a_speed_1` int(11) NOT NULL DEFAULT 0,\n  `a_smcFileName_2` varchar(255) DEFAULT NULL,\n  `a_ani_idle1_2` varchar(50) DEFAULT NULL,\n  `a_ani_idle2_2` varchar(50) DEFAULT NULL,\n  `a_ani_attack1_2` varchar(50) DEFAULT NULL,\n  `a_ani_attack2_2` varchar(50) DEFAULT NULL,\n  `a_ani_damage_2` varchar(50) DEFAULT NULL,\n  `a_ani_die_2` varchar(50) DEFAULT NULL,\n  `a_ani_walk_2` varchar(50) DEFAULT NULL,\n  `a_ani_run_2` varchar(50) DEFAULT NULL,\n  `a_ani_levelup_2` varchar(50) DEFAULT NULL,\n  `a_mount_2` tinyint(2) unsigned NOT NULL DEFAULT 0,\n  `a_summon_skill_2` int(10) unsigned NOT NULL DEFAULT 0,\n  `a_speed_2` int(11) DEFAULT 0,\n  PRIMARY KEY (`a_index`)\n) ENGINE=MyISAM AUTO_INCREMENT=66 DEFAULT CHARSET=utf8;\n \n-- ----------------------------\n-- Records of t_attack_pet\n-- ----------------------------\nINSERT INTO `t_attack_pet` VALUES (1, 1, 1, ???, 58, 38, 48, 28, 2896, 120, 100, 50, 30, 2, 1, 0, 3, 0, 32, 10, 0, 1, 128, 28, 28, 10, 60, 90, 100, 125, 575, 50, 0, 0, 1, 0, 0, 0, Data\\\\Npc\\\\pet\\\\catsbi.smc, catsbi_idle, catsbi_idle2, catsbi_att01, catsbi_att02, catsbi_dam, catsbi_die, catsbi_walk, catsbi_run, catsbi_hungry, 0, 0, 7, , , , , , , , , , , 0, 0, 0);\nINSERT INTO `t_attack_pet` VALUES (2, 1, 1, ???, 38, 58, 28, 48, 2898, 100, 120, 70, 50, 3, 2, 0, 3, 0, 18, 30, 0, 5, 108, 38, 38, 11, 50, 80, 90, 135, 585, 60, 0, 0, 1, 0, 0, 0, Data\\\\Npc\\\\pet\\\\rabbith.smc, rabbith_idle, rabbith_idle2, rabbith_att01, rabbith_att02, rabbith_dam, rabbith_die, rabbith_walk, rabbith_run, rabbith_hungry, 0, 0, 7, , , , , , , , , , , 0, 0, 0);\nINSERT INTO `t_attack_pet` VALUES (4, 1, 2, ???? ????????, 58, 58, 38, 28, 531, 150, 150, 90, 50, 5, 5, 0, 3, 0, 55, 40, 0, 5, 128, 38, 28, 16, 60, 90, 100, 155, 585, 50, 0, 0, 1, 0, 0, 0, Data\\\\Npc\\\\pet\\\\bear1.smc, bear_1_idle, bear_1_idle2, bear_1_att01, bear_1_att02, bear_1_dam, bear_1_die, bear_1_walk, bear_1_run, bear_1_hungry, 0, 0, 7, , , , , , , , , , , 0, 0, 0);\nINSERT INTO `t_attack_pet` VALUES (3, 1, 1, ??????, 38, 38, 28, 28, 2969, 100, 100, 150, 30, 2, 1, 0, 3, 0, 77, 10, 10, 1, 128, 28, 28, 12, 60, 90, 100, 125, 575, 50, 0, 0, 1, 0, 0, 0, Data\\\\Npc\\\\pet\\\\catsbi2.smc, catsbi_idle, catsbi_idle2, catsbi_att01, catsbi_att02, catsbi_dam, catsbi_die, catsbi_walk, catsbi_run, catsbi_hungry, 0, 0, 7, , , , , , , , , , , 0, 0, 0);\nINSERT INTO `t_attack_pet` VALUES (5, 1, 2, ???? ????, 218, 118, 98, 78, 662, 200, 200, 350, 270, 5, 5, 0, 3, 0, 200, 180, 0, 10, 338, 95, 88, 11, 70, 100, 120, 185, 585, 50, 0, 0, 1, 0, 0, 0, Data\\\\Npc\\\\pet\\\\bear2.smc, bear2_idle, bear2_idle2, bear2_att01, bear2_att02, bear2_dam, bear2_die, bear2_walk, bear2_run, bear2_hungry, 0, 0, 8, , , , , , , , , , , 0, 0, 0);\nINSERT INTO `t_attack_pet` VALUES (6, 1, 2, ???? ????????, 320, 220, 150, 110, 663, 200, 200, 800, 400, 7, 7, 0, 3, 0, 321, 279, 0, 15, 506, 166, 126, 14, 90, 260, 140, 185, 585, 50, 0, 0, 1, 0, 0, 0, Data\\\\Npc\\\\pet\\\\bear3.smc, bear3_idle, bear3_idle2, bear3_att01, bear3_att02, bear3_dam, bear3_die, bear3_walk, bear3_run, bear3_hungry, 0, 0, 9, , , , , , , , , , , 0, 0, 0);\nINSERT INTO `t_attack_pet` VALUES (7, 1, 2, ????? ???????, 38, 58, 58, 28, 4970, 150, 150, 60, 60, 5, 5, 0, 3, 0, 45, 40, 0, 10, 128, 48, 18, 16, 60, 90, 100, 155, 585, 50, 0, 0, 1, 0, 0, 0, Data\\\\Npc\\\\Pet\\\\jaguar01.smc, jaguar01-idle01, jaguar01-idle02, jaguar01-atk01, jaguar01-atk02, jaguar01-dam, jaguar01-die, jaguar01-walk, jaguar01-run, jaguar01-hungry, 0, 0, 4, , , , , , , , , , , 0, 0, 0);\nINSERT INTO `t_attack_pet` VALUES (8, 1, 2, ????? ???, 138, 168, 118, 88, 4971, 200, 200, 220, 380, 5, 5, 0, 3, 0, 215, 155, 0, 20, 188, 255, 78, 10, 70, 100, 120, 185, 585, 50, 0, 0, 1, 0, 0, 0, Data\\\\Npc\\\\pet\\\\jaguar02.smc, jaguar02_idle, jaguar02_idle2, jaguar02_att01, jaguar02_att02, jaguar02_dam, jaguar02_die, jaguar02_walk, jaguar02_run, jaguar02_hungry, 0, 0, 5, , , , , , , , , , , 0, 0, 0);\nINSERT INTO `t_attack_pet` VALUES (9, 1, 2, ????? ???????, 200, 270, 220, 110, 4972, 250, 200, 600, 540, 7, 7, 0, 3, 0, 326, 254, 0, 25, 336, 356, 106, 13, 180, 130, 140, 185, 585, 50, 0, 0, 1, 0, 0, 0, Data\\\\Npc\\\\pet\\\\jaguar03.smc, jaguar03_idle, jaguar03_idle2, jaguar03_att01, jaguar03_att02, jaguar03_dam, jaguar03_die, jaguar03_walk, jaguar03_run, jaguar03_hungry, 0, 0, 6, , , , , , , , , , , 0, 0, 0);\nINSERT INTO `t_attack_pet` VALUES (10, 1, 2, ?????? ???, 58, 58, 38, 28, 5076, 150, 150, 90, 50, 5, 5, 0, 3, 0, 55, 40, 0, 5, 128, 38, 28, 16, 60, 90, 100, 155, 585, 50, 0, 0, 1, 0, 0, 0, Data\\\\Npc\\\\pet\\\\bear_panda.smc, bear_1_idle, bear_1_idle2, bear_1_att01, bear_1_att02, bear_1_dam, bear_1_die, bear_1_walk, bear_1_run, bear_1_hungry, 0, 0, 7, , , , , , , , , , , 0, 0, 0);\nINSERT INTO `t_attack_pet` VALUES (11, 1, 2, ????? ??\u00c3\u0192\u00c2\u00ba???, 58, 58, 38, 38, 5944, 150, 150, 90, 50, 5, 5, 0, 3, 0, 60, 50, 0, 15, 128, 38, 28, 16, 60, 90, 100, 155, 585, 50, 0, 0, 1, 0, 0, 0, Data\\\\Npc\\\\pet\\\\panda01.smc, panda01_idle01, panda01_idle02, panda01_att01, panda01_att02, panda01_dam, panda01_die, panda01_walk, panda01_run, panda01_hungry, 0, 0, 7, , , , , , , , , , , 0, 0, 0);\nINSERT INTO `t_attack_pet` VALUES (12, 1, 2, ????? ??, 133, 223, 98, 88, 5945, 200, 200, 450, 170, 5, 5, 0, 3, 0, 190, 227, 0, 30, 338, 95, 88, 11, 70, 100, 120, 185, 585, 50, 0, 0, 1, 0, 0, 0, Data\\\\Npc\\\\pet\\\\panda02.smc, panda02_idle, panda02_idle2, panda02_att01, panda02_att02, panda02_dam, panda02_die, panda02_walk, panda02_run, panda02_hungry, 0, 0, 8, , , , , , , , , , , 0, 0, 0);\nINSERT INTO `t_attack_pet` VALUES (13, 1, 2, ????? ??????, 250, 330, 150, 130, 5946, 200, 200, 900, 300, 7, 7, 0, 3, 0, 360, 350, 0, 50, 506, 166, 126, 14, 135, 195, 140, 185, 585, 50, 0, 0, 1, 0, 0, 0, Data\\\\Npc\\\\pet\\\\panda03.smc, panda03_idle, panda03_idle2, panda03_att01, panda03_att02, panda03_dam, panda03_die, panda03_walk, panda03_run, panda03_hungry, 0, 0, 9, , , , , , , , , , , 0, 0, 0);\nINSERT INTO `t_attack_pet` VALUES (14, 1, 1, \u00c3\u0192\u00c2\u00bc??, 1000, 172, 250, 306, 2969, 100, 100, 6144, 844, 110, 110, 0, 3, 0, 100, 50, 666, 666, 262, 66, 66, 12, 60, 90, 100, 125, 575, 50, 0, 0, 1, 0, 0, 0, Data\\\\Npc\\\\pet\\\\catsbi2.smc, catsbi_idle, catsbi_idle2, catsbi_att01, catsbi_att02, catsbi_dam, catsbi_die, catsbi_walk, catsbi_run, catsbi_hungry, 0, 0, 7, , , , , , , , , , , 0, 0, 0);\nINSERT INTO `t_attack_pet` VALUES (30, 1, 2, ?????? ??????, 256, 280, 260, 126, 6799, 200, 200, 900, 760, 13, 10, 0, 3, 0, 366, 320, 0, 50, 386, 450, 230, 10, 180, 130, 140, 185, 585, 50, 0, 0, 1, 0, 0, 0, Data\\\\Npc\\\\pet\\\\lizard03_B.smc, lizard03_B_idle01, lizard03_B_idle02, lizard03_B_att01, lizard03_B_att02, lizard03_B_dam, lizard03_B_die, lizard03_B_walk, lizard03_B_run, lizard03_B_hungry, 0, 0, 8, , , , , , , , , , , 0, 0, 0);\nINSERT INTO `t_attack_pet` VALUES (29, 1, 2, ?????? ??, 158, 178, 148, 88, 6798, 200, 200, 420, 350, 10, 7, 0, 3, 0, 225, 180, 0, 40, 198, 320, 120, 21, 70, 100, 120, 185, 585, 50, 0, 0, 1, 0, 0, 0, Data\\\\Npc\\\\pet\\\\lizard02_B.smc, lizard02_B_idle01, lizard02_B_idle02, lizard02_B_att01, lizard02_B_att02, lizard02_B_dam, lizard02_B_die, lizard02_B_walk, lizard02_B_run, lizard02_B_hungry, 0, 0, 7, , , , , , , , , , , 0, 0, 0);\nINSERT INTO `t_attack_pet` VALUES (28, 1, 2, ?????? ??????, 48, 68, 88, 28, 6797, 200, 200, 150, 100, 7, 7, 0, 3, 0, 55, 60, 0, 30, 128, 100, 50, 18, 60, 90, 100, 155, 585, 50, 0, 0, 1, 0, 0, 0, Data\\\\Npc\\\\pet\\\\lizard01_B.smc, lizard01_idle01, lizard01_idle02, lizard01_att01, lizard01_att02, lizard01_dam, lizard01_die, lizard01_walk, lizard01_run, lizard01_hungry, 0, 0, 6, , , , , , , , , , , 0, 0, 0);\nINSERT INTO `t_attack_pet` VALUES (18, 1, 3, ????? ???, 90, 70, 50, 50, 6169, 100, 100, 280, 200, 8, 8, 180, 3, 1, 150, 123, 0, 70, 163, 78, 78, 12, 90, 130, 140, 185, 585, 50, 1092, 1093, 1, 0, 0, 0, Data\\\\Npc\\\\Pet\\\\pet_bat.smc, pet_demonbat01_idle01, pet_demonbat01_idle02, pet_demonbat01_att01, pet_demonbat01_att02, pet_demonbat01_dam, pet_demonbat01_die, pet_demonbat01_walk, pet_demonbat01_run, pet_demonbat01_hungry, 0, 1085, 7, , , , , , , , , , , 0, 0, 0);\nINSERT INTO `t_attack_pet` VALUES (19, 1, 3, ???? ???????, 270, 150, 110, 100, 6170, 100, 100, 580, 550, 15, 10, 180, 3, 1, 350, 236, 0, 140, 375, 130, 130, 15, 90, 130, 140, 225, 585, 50, 1094, 1095, 1, 0, 0, 0, Data\\\\Npc\\\\Pet\\\\pet_demonbat02.smc, pet_demonbat_idle01, pet_demonbat_idle02, pet_demonbat_att01, pet_demonbat_att02, pet_demonbat_dam, pet_demonbat_die, pet_demonbat_walk, pet_demonbat_run, pet_demonbat_hungry, 1, 1136, 15, , , , , , , , , , , 0, 0, 0);\nINSERT INTO `t_attack_pet` VALUES (20, 1, 3, ??? ???????, 150, 230, 130, 120, 6171, 100, 100, 740, 350, 10, 15, 180, 3, 1, 270, 320, 0, 168, 215, 290, 140, 15, 90, 130, 175, 185, 585, 50, 1169, 1096, 1, 0, 0, 0, Data\\\\Npc\\\\Pet\\\\pet_demonbat.smc, pet_demonbat_idle01, pet_demonbat_idle02, pet_demonbat_att01, pet_demonbat_att02, pet_demonbat_dam, pet_demonbat_die, pet_demonbat_walk, pet_demonbat_run, pet_demonbat_hungry, 1, 1137, 15, , , , , , , , , , , 0, 0, 0);\nINSERT INTO `t_attack_pet` VALUES (21, 1, 3, ???? ???????, 360, 300, 190, 150, 6172, 100, 100, 1000, 800, 15, 15, 180, 3, 0, 592, 372, 0, 210, 410, 390, 220, 11, 90, 400, 140, 185, 585, 50, 1098, 0, 1, 1, 6, 18, Data\\\\Npc\\\\Pet\\\\succubus03.smc, succubus_idle01, succubus03_idle03, succubus_att01, succubus_att02, succubus_dam, succubus_die, succubus_walk, succubus_run, succubus_hungry, 0, 1138, 7, Data\\\\Npc\\\\Pet\\\\pet_demonbat02.smc, pet_demonbat_idle01, pet_demonbat_idle02, pet_demonbat_att01, pet_demonbat_att02, pet_demonbat_dam, pet_demonbat_die, pet_demonbat_walk, pet_demonbat_run, pet_demonbat_hungry, 1, 1136, 18);\nINSERT INTO `t_attack_pet` VALUES (23, 1, 3, ?????? ???????, 320, 300, 190, 190, 6174, 100, 100, 1000, 960, 15, 15, 180, 3, 0, 474, 422, 0, 266, 600, 240, 220, 12, 320, 130, 140, 185, 585, 50, 1100, 0, 1, 1, 6, 18, Data\\\\Npc\\\\Pet\\\\succubus.smc, succubus_idle03, succubus_idle02, succubus_att01, succubus_att02, succubus_dam, succubus_die, succubus_walk, succubus_run, succubus_hungry, 0, 1140, 7, Data\\\\Npc\\\\Pet\\\\pet_demonbat.smc, pet_demonbat_idle01, pet_demonbat_idle02, pet_demonbat_att01, pet_demonbat_att02, pet_demonbat_dam, pet_demonbat_die, pet_demonbat_walk, pet_demonbat_run, pet_demonbat_hungry, 1, 1137, 18);\nINSERT INTO `t_attack_pet` VALUES (22, 1, 3, ????? ???????, 320, 260, 230, 190, 6173, 100, 100, 840, 960, 15, 15, 180, 3, 0, 474, 490, 0, 266, 600, 200, 220, 12, 320, 130, 140, 185, 585, 50, 1099, 0, 1, 1, 6, 18, Data\\\\Npc\\\\Pet\\\\succubus02.smc, succubus_idle01, succubus_idle02, succubus_att01, succubus_att02, succubus_dam, succubus_die, succubus_walk, succubus_run, succubus_hungry, 0, 1139, 7, Data\\\\Npc\\\\Pet\\\\pet_demonbat02.smc, pet_demonbat_idle01, pet_demonbat_idle02, pet_demonbat_att01, pet_demonbat_att02, pet_demonbat_dam, pet_demonbat_die, pet_demonbat_walk, pet_demonbat_run, pet_demonbat_hungry, 1, 1136, 18);\nINSERT INTO `t_attack_pet` VALUES (24, 1, 3, ????? ???????, 360, 260, 230, 150, 6216, 100, 100, 840, 800, 15, 15, 180, 3, 0, 592, 440, 0, 210, 410, 350, 220, 11, 90, 400, 140, 185, 585, 50, 1153, 0, 1, 1, 6, 18, Data\\\\Npc\\\\Pet\\\\succubus02.smc, succubus_idle01, succubus_idle02, succubus_att01, succubus_att02, succubus_dam, succubus_die, succubus_walk, succubus_run, succubus_hungry, 0, 1154, 7, Data\\\\Npc\\\\Pet\\\\pet_demonbat.smc, pet_demonbat_idle01, pet_demonbat_idle02, pet_demonbat_att01, pet_demonbat_att02, pet_demonbat_dam, pet_demonbat_die, pet_demonbat_walk, pet_demonbat_run, pet_demonbat_hungry, 1, 1137, 18);\nINSERT INTO `t_attack_pet` VALUES (27, 1, 2, ?????? ???????, 286, 280, 220, 126, 6795, 200, 200, 900, 760, 13, 10, 0, 4, 0, 396, 320, 0, 50, 386, 420, 230, 10, 180, 160, 140, 185, 585, 50, 0, 0, 1, 0, 0, 0, Data\\\\Npc\\\\pet\\\\lizard03_R.smc, lizard03_R_idle01, lizard03_R_idle02, lizard03_R_att01, lizard03_R_att02, lizard03_R_dam, lizard03_R_die, lizard03_R_walk, lizard03_R_run, lizard03_R_hungry, 0, 0, 8, , , , , , , , , , , 0, 0, 0);\nINSERT INTO `t_attack_pet` VALUES (26, 1, 2, ?????? ???, 188, 178, 118, 88, 6794, 200, 200, 420, 350, 10, 7, 0, 4, 0, 255, 180, 0, 40, 198, 290, 120, 21, 70, 130, 120, 185, 585, 50, 0, 0, 1, 0, 0, 0, Data\\\\Npc\\\\pet\\\\lizard02_R.smc, lizard02_R_idle01, lizard02_R_idle02, lizard02_R_att01, lizard02_R_att02, lizard02_R_dam, lizard02_R_die, lizard02_R_walk, lizard02_R_run, lizard02_R_hungry, 0, 0, 7, , , , , , , , , , , 0, 0, 0);\nINSERT INTO `t_attack_pet` VALUES (25, 1, 2, ?????? ??????, 78, 68, 58, 28, 6793, 200, 200, 150, 100, 7, 7, 0, 4, 0, 85, 60, 0, 30, 128, 70, 50, 18, 60, 120, 100, 155, 585, 50, 0, 0, 1, 0, 0, 0, Data\\\\Npc\\\\pet\\\\lizard01_R.smc, lizard01_idle01, lizard01_idle02, lizard01_att01, lizard01_att02, lizard01_dam, lizard01_die, lizard01_walk, lizard01_run, lizard01_hungry, 0, 0, 6, , , , , , , , , , , 0, 0, 0);\nINSERT INTO `t_attack_pet` VALUES (17, 1, 2, ?????? ???????, 256, 270, 220, 126, 6225, 200, 200, 900, 760, 13, 10, 0, 3, 0, 366, 320, 0, 50, 386, 420, 230, 10, 180, 130, 140, 185, 585, 50, 0, 0, 1, 0, 0, 0, Data\\\\Npc\\\\pet\\\\lizard03.smc, lizard03_idle01, lizard03_idle02, lizard03_att01, lizard03_att02, lizard03_dam, lizard03_die, lizard03_walk, lizard03_run, lizard03_hungry, 0, 0, 8, , , , , , , , , , , 0, 0, 0);\nINSERT INTO `t_attack_pet` VALUES (16, 1, 2, ?????? ???, 158, 168, 118, 88, 6224, 200, 200, 420, 350, 10, 7, 0, 3, 0, 225, 180, 0, 40, 198, 290, 120, 21, 70, 100, 120, 185, 585, 50, 0, 0, 1, 0, 0, 0, Data\\\\Npc\\\\pet\\\\lizard02.smc, lizard02_idle01, lizard02_idle02, lizard02_att01, lizard02_att02, lizard02_dam, lizard02_die, lizard02_walk, lizard02_run, lizard02_hungry, 0, 0, 7, , , , , , , , , , , 0, 0, 0);\nINSERT INTO `t_attack_pet` VALUES (15, 1, 2, ?????? ???????, 48, 58, 58, 28, 6223, 200, 200, 150, 100, 7, 7, 0, 3, 0, 55, 60, 0, 30, 128, 70, 50, 18, 60, 90, 100, 155, 585, 50, 0, 0, 1, 0, 0, 0, Data\\\\Npc\\\\pet\\\\lizard01.smc, lizard01_idle01, lizard01_idle02, lizard01_att01, lizard01_att02, lizard01_dam, lizard01_die, lizard01_walk, lizard01_run, lizard01_hungry, 0, 0, 6, , , , , , , , , , , 0, 0, 0);\nINSERT INTO `t_attack_pet` VALUES (31, 1, 2, ???, 218, 118, 98, 78, 6802, 200, 200, 350, 270, 5, 5, 0, 3, 0, 200, 180, 0, 10, 338, 95, 88, 12, 70, 100, 120, 185, 585, 50, 0, 0, 1, 0, 0, 0, Data\\\\Npc\\\\pet\\\\Horse\\\\Pet_Horse03_N01.smc, pet_horse3_idle_01, Pet_Horse3_idle_02, pet_horse3_att01, pet_horse3_att01, pet_horse3_dam, pet_horse3_die, pet_horse3_walk, pet_horse3_run, pet_horse3_lvup, 1, 0, 20, , , , , , , , , , , 0, 0, 0);\nINSERT INTO `t_attack_pet` VALUES (39, 1, 2, ???? ???, 218, 118, 98, 78, 6995, 200, 200, 350, 270, 5, 5, 0, 3, 0, 200, 180, 0, 10, 338, 95, 88, 12, 70, 100, 120, 185, 585, 50, 0, 0, 1, 0, 0, 0, Data\\\\Npc\\\\pet\\\\Horse\\\\pet_uniquehorse.smc, pet_horse3_idle_01, Pet_Horse3_idle_02, pet_horse3_att01, pet_horse3_att01, pet_horse3_dam, pet_horse3_die, pet_horse3_walk, pet_horse3_run, pet_horse3_lvup, 1, 0, 20, , , , , , , , , , , 0, 0, 0);\nINSERT INTO `t_attack_pet` VALUES (32, 1, 2, \u00c3\u2026\u00c2\u00b8??????? ??????, 58, 58, 38, 28, 6894, 150, 150, 90, 50, 5, 5, 0, 3, 0, 55, 40, 0, 5, 128, 38, 28, 12, 60, 90, 100, 155, 585, 50, 0, 0, 1, 0, 0, 0, Data\\\\Npc\\\\pet\\\\Horse\\\\Pet_Horse_ti.smc, pet_horse3_idle_01, Pet_Horse3_idle_02, pet_horse3_att01, pet_horse3_att01, pet_horse3_dam, pet_horse3_die, pet_horse3_walk, pet_horse3_run, pet_horse3_lvup, 1, 0, 13, , , , , , , , , , , 0, 0, 0);\nINSERT INTO `t_attack_pet` VALUES (33, 1, 2, ????????? ??????, 58, 58, 38, 28, 6896, 150, 150, 90, 50, 5, 5, 0, 3, 0, 55, 40, 0, 5, 128, 38, 28, 12, 60, 90, 100, 155, 585, 50, 0, 0, 1, 0, 0, 0, Data\\\\Npc\\\\pet\\\\Horse\\\\Pet_Horse_ni.smc, pet_horse3_idle_01, Pet_Horse3_idle_02, pet_horse3_att01, pet_horse3_att01, pet_horse3_dam, pet_horse3_die, pet_horse3_walk, pet_horse3_run, pet_horse3_lvup, 1, 0, 13, , , , , , , , , , , 0, 0, 0);\nINSERT INTO `t_attack_pet` VALUES (34, 1, 2, ???????? ??????, 58, 58, 38, 28, 6898, 150, 150, 90, 50, 5, 5, 0, 3, 0, 55, 40, 0, 5, 128, 38, 28, 12, 60, 90, 100, 155, 585, 50, 0, 0, 1, 0, 0, 0, Data\\\\Npc\\\\pet\\\\Horse\\\\Pet_Horse_hw.smc, pet_horse3_idle_01, Pet_Horse3_idle_02, pet_horse3_att01, pet_horse3_att01, pet_horse3_dam, pet_horse3_die, pet_horse3_walk, pet_horse3_run, pet_horse3_lvup, 1, 0, 13, , , , , , , , , , , 0, 0, 0);\nINSERT INTO `t_attack_pet` VALUES (35, 1, 2, ?????????? ??????, 58, 58, 38, 28, 6900, 150, 150, 90, 50, 5, 5, 0, 3, 0, 55, 40, 0, 5, 128, 38, 28, 12, 60, 90, 100, 155, 585, 50, 0, 0, 1, 0, 0, 0, Data\\\\Npc\\\\pet\\\\Horse\\\\Pet_Horse_ma.smc, pet_horse3_idle_01, Pet_Horse3_idle_02, pet_horse3_att01, pet_horse3_att01, pet_horse3_dam, pet_horse3_die, pet_horse3_walk, pet_horse3_run, pet_horse3_lvup, 1, 0, 13, , , , , , , , , , , 0, 0, 0);\nINSERT INTO `t_attack_pet` VALUES (36, 1, 2, ??????? ??????, 58, 58, 38, 28, 6902, 150, 150, 90, 50, 5, 5, 0, 3, 0, 55, 40, 0, 5, 128, 38, 28, 12, 60, 90, 100, 155, 585, 50, 0, 0, 1, 0, 0, 0, Data\\\\Npc\\\\pet\\\\Horse\\\\Pet_Horse_ro.smc, pet_horse3_idle_01, Pet_Horse3_idle_02, pet_horse3_att01, pet_horse3_att01, pet_horse3_dam, pet_horse3_die, pet_horse3_walk, pet_horse3_run, pet_horse3_lvup, 1, 0, 13, , , , , , , , , , , 0, 0, 0);\nINSERT INTO `t_attack_pet` VALUES (37, 1, 2, ????????? ??????, 58, 58, 38, 28, 6904, 150, 150, 90, 50, 5, 5, 0, 3, 0, 55, 40, 0, 5, 128, 38, 28, 12, 60, 90, 100, 155, 585, 50, 0, 0, 1, 0, 0, 0, Data\\\\Npc\\\\pet\\\\Horse\\\\Pet_Horse_so.smc, pet_horse3_idle_01, Pet_Horse3_idle_02, pet_horse3_att01, pet_horse3_att01, pet_horse3_dam, pet_horse3_die, pet_horse3_walk, pet_horse3_run, pet_horse3_lvup, 1, 0, 13, , , , , , , , , , , 0, 0, 0);\nINSERT INTO `t_attack_pet` VALUES (38, 1, 2, ????(????), 218, 118, 98, 78, 6951, 200, 200, 350, 270, 5, 5, 0, 3, 0, 200, 180, 0, 10, 338, 95, 88, 12, 70, 100, 120, 185, 585, 50, 0, 0, 1, 0, 0, 0, Data\\\\Npc\\\\pet\\\\Horse\\\\Pet_Horse03_N01.smc, pet_horse3_idle_01, Pet_Horse3_idle_02, pet_horse3_att01, pet_horse3_att01, pet_horse3_dam, pet_horse3_die, pet_horse3_walk, pet_horse3_run, pet_horse3_lvup, 1, 0, 20, , , , , , , , , , , 0, 0, 0);\nINSERT INTO `t_attack_pet` VALUES (40, 1, 2, ???????, 79, 58, 85, 38, 7249, 200, 200, 350, 350, 10, 10, 0, 3, 0, 150, 110, 0, 50, 168, 110, 90, 18, 90, 130, 140, 185, 585, 50, 0, 0, 1, 0, 0, 0, Data\\\\Monster\\\\Phofenian\\\\phofenian.smc, phofenian_idle, phofenian_idle2, phofenian_att01, phofenian_att02, phofenian_dam, phofenian_die, phofenian_walk, phofenian_run, phofenian_idle2, 0, 0, 5, , , , , , , , , , , 0, 0, 0);\nINSERT INTO `t_attack_pet` VALUES (41, 1, 2, \u00c3\u2026\u00c2\u00be?? ???????, 219, 187, 178, 107, 7250, 200, 200, 750, 400, 15, 10, 0, 3, 0, 300, 250, 0, 50, 250, 300, 150, 18, 180, 130, 140, 185, 585, 50, 0, 0, 1, 0, 0, 0, Data\\\\Npc\\\\pet\\\\phofenian\\\\phofenian.smc, pet_phofenian_idle01, pet_phofenian_idle02, pet_phofenian_att01, pet_phofenian_att01, pet_phofenian_dam, pet_phofenian_die, pet_phofenian_walk, pet_phofenian_run, pet_phofenian_idle02, 1, 0, 17, , , , , , , , , , , 0, 0, 0);\nINSERT INTO `t_attack_pet` VALUES (42, 1, 2, ?????? ???????, 48, 58, 78, 28, 7469, 200, 200, 150, 100, 7, 7, 0, 3, 0, 65, 60, 0, 30, 128, 90, 70, 18, 60, 90, 100, 155, 585, 50, 0, 0, 1, 0, 0, 0, Data\\\\Npc\\\\pet\\\\eagles\\\\eagles01.smc, eagle01_idle01, eagle01_idle02, eagle01_att01, eagle01_att02, eagle01_dam, eagle01_die, eagle01_walk, eagle01_run, eagle01_hungry, 0, 0, 6, , , , , , , , , , , 0, 0, 0);\nINSERT INTO `t_attack_pet` VALUES (43, 1, 2, ?????? ???, 158, 168, 138, 88, 7470, 200, 200, 420, 300, 10, 7, 0, 3, 0, 235, 180, 0, 40, 198, 330, 150, 21, 70, 100, 120, 185, 585, 50, 0, 0, 1, 0, 0, 0, Data\\\\Npc\\\\pet\\\\eagles\\\\eagles02.smc, eagles02_idle01, eagles02_idle02, eagles02_att01, eagles02_att02, eagles02_dam, eagles02_die, eagles02_walk, eagles02_run, eagles02_hungry, 0, 0, 7, , , , , , , , , , , 0, 0, 0);\nINSERT INTO `t_attack_pet` VALUES (44, 1, 2, ?????? ???????, 256, 270, 250, 126, 7471, 200, 200, 900, 500, 13, 10, 0, 3, 0, 386, 320, 0, 50, 386, 460, 250, 10, 180, 130, 140, 185, 585, 50, 0, 0, 1, 0, 0, 0, Data\\\\Npc\\\\pet\\\\eagles\\\\eagles03.smc, eagles03_idle01, eagles03_idle02, eagles03_att01, eagles03_att02, eagles03_dam, eagles03_die, eagles03_walk, eagles03_run, eagles03_hungry, 0, 0, 8, , , , , , , , , , , 0, 0, 0);\nINSERT INTO `t_attack_pet` VALUES (47, 1, 2, ?????? ????, 1, 1, 1, 1, 7767, 200, 200, 420, 300, 1, 1, 0, 1, 0, 1, 1, 1, 1, 1, 1, 1, 1, 1, 1, 1, 1, 1, 50, 0, 0, 2, 0, 0, 0, Data\\\\Npc\\\\pet\\\\eagles\\\\eagles01_b.smc, eagles_b_idle01, eagles_b_idle02, eagles_b_att01, eagles_b_att02, eagles_b_dam, eagles_b_die, eagles_b_walk, eagles_b_run, eagles_b_hungry, 0, 0, 8, , , , , , , , , , , 0, 0, 0);\n</pre>\n"
        },
        {
            "id": 81774,
            "timestamp": 1374374346,
            "author": {
                "id": 16931,
                "name": "Walletman987",
                "image": null
            },
            "comment": "<p >Good guide,  I already knew how to do this but it sure is helpful for people who dont know how.</p>"
        },
        {
            "id": 81832,
            "timestamp": 1374412359,
            "author": {
                "id": 2167,
                "name": "dethunter12",
                "image": null
            },
            "comment": "<p >thanks mine was already fixed though </p>"
        },
        {
            "id": 81975,
            "timestamp": 1374461142,
            "author": {
                "id": 6038,
                "name": "RomainLastChaos",
                "image": null
            },
            "comment": "<p >The fix for this problem is only missing colum a_flag just need create the colum and it work</p>"
        },
        {
            "id": 83046,
            "timestamp": 1374978090,
            "author": {
                "id": 15376,
                "name": "\u00e2\u02dc\u00a3 WARFACE \u00e2\u02dc\u00a3",
                "image": null
            },
            "comment": "\n<blockquote data-ipsquote=\"\" class=\"ipsQuote\" data-ipsquote-contentcommentid=\"81975\" data-ipsquote-contentapp=\"forums\" data-ipsquote-contenttype=\"forums\" data-ipsquote-contentclass=\"forums_Topic\" data-ipsquote-contentid=\"10646\" data-ipsquote-username=\"Era\" data-cite=\"Era\" data-ipsquote-timestamp=\"1374461142\" ><div ><div ><p >The fix for this problem is only missing colum a_flag just need create the colum and it work</p></div></div></blockquote>\n<p >not work</p>\n"
        },
        {
            "id": 83471,
            "timestamp": 1375185114,
            "author": {
                "id": 16954,
                "name": "spadge88",
                "image": null
            },
            "comment": "<p >Nice guide, its really helpful thanks</p>"
        }
    ]
}