{
    "meta": {
        "threadId": 1064,
        "threadName": "Halloween Event on EP1 Client?",
        "dateCreated": "2011-10-16T10:35:39+0000",
        "datePublished": "2011-10-16T10:35:39+0000",
        "pageCount": 1,
        "originalUrl": "https://lckb.dev/forum/index.php?/topic/1064-halloween-event-on-ep1-client/",
        "authorId": null,
        "position": [
            {
                "@type": "ListItem",
                "position": 1,
                "item": {
                    "@id": "https://lckb.dev/forum/index.php?/forum/271-general-section/",
                    "name": "General Section"
                }
            },
            {
                "@type": "ListItem",
                "position": 2,
                "item": {
                    "@id": "https://lckb.dev/forum/index.php?/forum/259-general-discussion/",
                    "name": "General Discussion"
                }
            }
        ]
    },
    "commentData": [
        {
            "id": 8709,
            "timestamp": 1318761339,
            "author": {
                "id": null,
                "name": "Guest Jok3r",
                "image": null
            },
            "comment": "<p >Work Halloween event on this Ep1 client ?</p>"
        },
        {
            "id": 8712,
            "timestamp": 1318761709,
            "author": {
                "id": null,
                "name": "Guest MonarC",
                "image": null
            },
            "comment": "<p >Jok3r, whats your link for download your LC ?</p>"
        },
        {
            "id": 8713,
            "timestamp": 1318763143,
            "author": {
                "id": 161,
                "name": "Koko",
                "image": null
            },
            "comment": "<p >No table for it in the db.</p>"
        },
        {
            "id": 8714,
            "timestamp": 1318763163,
            "author": {
                "id": null,
                "name": "Guest Jok3r",
                "image": null
            },
            "comment": "<p >k</p>"
        }
    ]
}