{
    "meta": {
        "threadId": 10644,
        "threadName": "old juno edit",
        "dateCreated": "2013-07-20T08:59:32+0000",
        "datePublished": "2013-07-20T08:59:32+0000",
        "pageCount": 1,
        "originalUrl": "https://lckb.dev/forum/index.php?/topic/10644-old-juno-edit/",
        "authorId": 7119,
        "position": [
            {
                "@type": "ListItem",
                "position": 1,
                "item": {
                    "@id": "https://lckb.dev/forum/index.php?/forum/271-general-section/",
                    "name": "General Section"
                }
            },
            {
                "@type": "ListItem",
                "position": 2,
                "item": {
                    "@id": "https://lckb.dev/forum/index.php?/forum/43-development-showroom/",
                    "name": "Development Showroom"
                }
            }
        ]
    },
    "commentData": [
        {
            "id": 81642,
            "timestamp": 1374310772,
            "author": {
                "id": 7119,
                "name": "MANGUSTA788",
                "image": null
            },
            "comment": "<p > <a href=\"https://www.youtube.com/watch?v=zW6CeC9DHtE%C2%A0%C2%A0%C2%A0%C2%A0\" rel=\"external nofollow\" >https://www.youtube.com/watch?v=zW6CeC9DHtE    </a></p>"
        },
        {
            "id": 81652,
            "timestamp": 1374315634,
            "author": {
                "id": 161,
                "name": "Koko",
                "image": null
            },
            "comment": "\n<p >Very nice!</p>\n<p >I really love the houses!</p>\n"
        },
        {
            "id": 81682,
            "timestamp": 1374334743,
            "author": {
                "id": 2835,
                "name": "halohalo",
                "image": null
            },
            "comment": "<p >Very nice :D Can you maybe also edit the Fountain near Arena?</p>"
        },
        {
            "id": 81821,
            "timestamp": 1374410086,
            "author": {
                "id": 10456,
                "name": "Tarissuis",
                "image": null
            },
            "comment": "<p >I personally cant find anything I like, looks worse than my very first attempt with serious editor, useless glow everywhere and models that are absolutely not suitable and (i guess) taken from Serious Sam. I think you can do better than that,</p>"
        },
        {
            "id": 81824,
            "timestamp": 1374411426,
            "author": {
                "id": 15306,
                "name": "Noizy",
                "image": null
            },
            "comment": "<p >Anyway i like this sky and pink trees :D</p>"
        },
        {
            "id": 81927,
            "timestamp": 1374436400,
            "author": {
                "id": 7119,
                "name": "MANGUSTA788",
                "image": null
            },
            "comment": "\n<p ><span ><a href=\"http://toxic-l33t.ddns.net/forum/index.php?/user/10456-tarissuis/\" title=\"\" rel=\"external nofollow\" ><span >\"Tarissuis</span></a></span></p>\n<p >Posted Today, 01:34 PM</p>\n<p >I personally cant find anything I like, looks worse than my very first attempt with serious editor, useless glow everywhere and models that are absolutely not suitable and (i guess) taken from Serious Sam. I think you can do better than that,\"</p>\n<p > </p>\n<p > </p>\n<p > </p>\n<p ><span ><span >everyone has their own</span> <span >ideas</span><span >, I prefer</span> <span >the models of the</span> <span >game</span> <span >serious</span> <span >sam</span><span >,</span> <span >you</span> <span >can</span> <span >enjoy</span> <span >Tarian</span><span >,</span><span >,</span><span >,</span> <span >not me</span><span >,</span><span >, views</span><span >,,,</span><span >,,,</span><span >,</span><span >, remember that</span> <span >the game</span> <span >is now </span><span >very old,</span> <span >do not criticize</span> <span >fans</span> <span >who try to</span> <span >keep it</span> <span >a little</span> <span >more</span> <span >in</span> <span >life</span><span >,</span><span >,</span><span >,</span></span></p>\n"
        },
        {
            "id": 81929,
            "timestamp": 1374437583,
            "author": {
                "id": 7119,
                "name": "MANGUSTA788",
                "image": null
            },
            "comment": "\n<p ><span ><a href=\"http://toxic-l33t.ddns.net/forum/index.php?/user/10456-tarissuis/\" title=\"\" rel=\"external nofollow\" ><span >\"Tarissuis</span></a></span></p>\n<p >Posted Today, 01:34 PM</p>\n<p >I personally cant find anything I like, looks worse than my very first attempt with serious editor, useless glow everywhere and models that are absolutely not suitable and (i guess) taken from Serious Sam. I think you can do better than that,\"</p>\n<p > </p>\n<p > </p>\n<p > </p>\n<p ><span ><span >according to your</span> <span >reasoning</span><span >,,,</span> <span >I conclude that</span> <span >even those who</span> <span >criticize</span> <span >the</span> <span >server loads</span> <span >npc</span> <span >santa claus</span><span >,</span> <span >and</span> <span >billboards</span> <span >advertising material,</span><span >,</span><span >,</span><span >,</span> <span >etc etc,</span><span >,</span><span >, I am</span> <span >of the</span> <span ></span><span >idea that everyone</span> <span >customize</span> <span >the game</span> <span >in his own way</span><span >,</span><span >,</span><span >,</span> <span >,</span> <span >if you are very</span> <span >good at</span> <span >creating the</span> <span >most</span> <span >game</span> <span >from scratch</span> <span >with</span> <span >high quality</span> <span >graphics</span> <span >and HR</span> <span >models</span> <span >and no</span><span >,</span> <span >low quality</span> <span >used by</span> <span >lc \"</span><span >cubic</span> <span >triangular</span><span >\"</span></span></p>\n"
        }
    ]
}