{
    "meta": {
        "threadId": 10654,
        "threadName": "Me new StartLogin and Select Charc!",
        "dateCreated": "2013-07-20T18:44:20+0000",
        "datePublished": "2013-07-20T18:44:20+0000",
        "pageCount": 1,
        "originalUrl": "https://lckb.dev/forum/index.php?/topic/10654-me-new-startlogin-and-select-charc/",
        "authorId": 5184,
        "position": [
            {
                "@type": "ListItem",
                "position": 1,
                "item": {
                    "@id": "https://lckb.dev/forum/index.php?/forum/271-general-section/",
                    "name": "General Section"
                }
            },
            {
                "@type": "ListItem",
                "position": 2,
                "item": {
                    "@id": "https://lckb.dev/forum/index.php?/forum/43-development-showroom/",
                    "name": "Development Showroom"
                }
            }
        ]
    },
    "commentData": [
        {
            "id": 81715,
            "timestamp": 1374345860,
            "author": {
                "id": 5184,
                "name": "fonsy84",
                "image": null
            },
            "comment": "\n<p >this only a little preview from me server , iam working to change zone to loginzone. very symple to make , but great result , i think :D</p>\n<p > </p>\n<div ><a href=\"https://imageshack.us/photo/my-images/841/z6ae.png/\" rel=\"external nofollow\" ><img alt=\"z6ae.png\" src=\"https://img841.imageshack.us/img841/9641/z6ae.png\" /></a></div>\n<div > </div>\n<div >Uploaded with <a href=\"http://imageshack.us\" rel=\"external nofollow\" >ImageShack.us</a>\n</div>\n<p > </p>\n<p > </p>\n<p > </p>\n<div ><a href=\"https://imageshack.us/photo/my-images/594/a5ub.jpg/\" rel=\"external nofollow\" ><img alt=\"a5ub.jpg\" src=\"https://img594.imageshack.us/img594/333/a5ub.jpg\" /></a></div>\n<div > </div>\n<div >Uploaded with <a href=\"http://imageshack.us\" rel=\"external nofollow\" >ImageShack.us</a>\n</div>\n<p > </p>\n<p > </p>\n<p > </p>\n<p > </p>\n<p > </p>\n<p >and guild emblems :D</p>\n<p > </p>\n<p > </p>\n<div ><a href=\"https://imageshack.us/photo/my-images/35/x9by.png/\" rel=\"external nofollow\" ><img alt=\"x9by.png\" src=\"https://img35.imageshack.us/img35/2941/x9by.png\" /></a></div>\n<div > </div>\n<div >Uploaded with <a href=\"http://imageshack.us\" rel=\"external nofollow\" >ImageShack.us</a>\n</div>\n"
        },
        {
            "id": 81721,
            "timestamp": 1374347075,
            "author": {
                "id": 16983,
                "name": "Jaiz",
                "image": null
            },
            "comment": "<p >nice work fonsy :)</p>"
        },
        {
            "id": 81723,
            "timestamp": 1374347327,
            "author": {
                "id": 5184,
                "name": "fonsy84",
                "image": null
            },
            "comment": "<p >thx</p>"
        },
        {
            "id": 81748,
            "timestamp": 1374356169,
            "author": {
                "id": 13172,
                "name": "soryjero",
                "image": null
            },
            "comment": "<p >is it possible to get two guild emblems at the same time? or is it only one guild emblem with two pictures?</p>"
        },
        {
            "id": 81750,
            "timestamp": 1374357158,
            "author": {
                "id": 2835,
                "name": "halohalo",
                "image": null
            },
            "comment": "\n<blockquote data-ipsquote=\"\" class=\"ipsQuote\" data-ipsquote-contentcommentid=\"81748\" data-ipsquote-contentapp=\"forums\" data-ipsquote-contenttype=\"forums\" data-ipsquote-contentclass=\"forums_Topic\" data-ipsquote-contentid=\"10654\" data-ipsquote-username=\"soryjero\" data-cite=\"soryjero\" data-ipsquote-timestamp=\"1374356169\" ><div ><div ><p >is it possible to get two guild emblems at the same time? or is it only one guild emblem with two pictures?</p></div></div></blockquote>\n<p >If you look, are 2 different persons. 1 its Blondie from NeverSurrender with German Emblem and behind of it, a knight called Rono something with the batman emblem.</p>\n"
        },
        {
            "id": 81752,
            "timestamp": 1374358724,
            "author": {
                "id": 13172,
                "name": "soryjero",
                "image": null
            },
            "comment": "\n<blockquote data-ipsquote=\"\" class=\"ipsQuote\" data-ipsquote-contentcommentid=\"81750\" data-ipsquote-contentapp=\"forums\" data-ipsquote-contenttype=\"forums\" data-ipsquote-contentclass=\"forums_Topic\" data-ipsquote-contentid=\"10654\" data-ipsquote-username=\"halohalo\" data-cite=\"halohalo\" data-ipsquote-timestamp=\"1374357158\" ><div ><div ><p >If you look, are 2 different persons. 1 its Blondie from NeverSurrender with German Emblem and behind of it, a knight called Rono something with the batman emblem.</p></div></div></blockquote>\n<p > </p>\n<p >of, you are right halo. i havent seen that :rolleyes:</p>\n<p > </p>\n<p >P.S. very nice fonsy :)</p>\n"
        },
        {
            "id": 81833,
            "timestamp": 1374412803,
            "author": {
                "id": 15126,
                "name": "rrbkmz",
                "image": null
            },
            "comment": "<p >Nice work,<span ><span >I also</span> <span >changed the</span> <span >camera movement. :)</span></span><span ><span > </span></span></p>"
        }
    ]
}