{
    "meta": {
        "threadId": 1065,
        "threadName": "Skill Laggs problem...",
        "dateCreated": "2011-10-16T12:07:58+0000",
        "datePublished": "2011-10-16T12:07:58+0000",
        "pageCount": 1,
        "originalUrl": "https://lckb.dev/forum/index.php?/topic/1065-skill-laggs-problem/",
        "authorId": null,
        "position": [
            {
                "@type": "ListItem",
                "position": 1,
                "item": {
                    "@id": "https://lckb.dev/forum/index.php?/forum/271-general-section/",
                    "name": "General Section"
                }
            },
            {
                "@type": "ListItem",
                "position": 2,
                "item": {
                    "@id": "https://lckb.dev/forum/index.php?/forum/259-general-discussion/",
                    "name": "General Discussion"
                }
            }
        ]
    },
    "commentData": [
        {
            "id": 8722,
            "timestamp": 1318766878,
            "author": {
                "id": null,
                "name": "Guest Jok3r",
                "image": null
            },
            "comment": "\n<p >I have 1 Question when i play on my own ep1 server then laggs skill when my friends play on my server then dont skill lagg how can i fix that? whats the problem for the laggs?</p>\n<p >sry for my bad english :/</p>\n"
        },
        {
            "id": 8770,
            "timestamp": 1318867418,
            "author": {
                "id": null,
                "name": "Guest damona",
                "image": null
            },
            "comment": "<p >it is your pc not the server lol you need 4gb ram and a 4x 2ghz or higher</p>"
        },
        {
            "id": 8771,
            "timestamp": 1318867555,
            "author": {
                "id": 267,
                "name": "SutWick",
                "image": null
            },
            "comment": "\n<blockquote data-ipsquote=\"\" class=\"ipsQuote\" data-ipsquote-username=\"\\\" damona=\"None\" data-cite=\"\\\" data-ipsquote-contentapp=\"forums\" data-ipsquote-contenttype=\"forums\" data-ipsquote-contentid=\"1065\" data-ipsquote-contentclass=\"forums_Topic\" ><div >it is your pc not the server lol you need 4gb ram and a 4x 2ghz or higher</div></blockquote>\n<p > </p>\n<p >Lol news to me >.</p>\n"
        }
    ]
}