{
    "meta": {
        "threadId": 10688,
        "threadName": "180 armor and weapon bug",
        "dateCreated": "2013-07-22T02:30:54+0000",
        "datePublished": "2013-07-22T02:30:54+0000",
        "pageCount": 1,
        "originalUrl": "https://lckb.dev/forum/index.php?/topic/10688-180-armor-and-weapon-bug/",
        "authorId": 7750,
        "position": [
            {
                "@type": "ListItem",
                "position": 1,
                "item": {
                    "@id": "https://lckb.dev/forum/index.php?/forum/100-guides-help-section/",
                    "name": "Guides &amp; Help Section"
                }
            },
            {
                "@type": "ListItem",
                "position": 2,
                "item": {
                    "@id": "https://lckb.dev/forum/index.php?/forum/335-help-support/",
                    "name": "Help &amp; Support"
                }
            },
            {
                "@type": "ListItem",
                "position": 3,
                "item": {
                    "@id": "https://lckb.dev/forum/index.php?/forum/120-ep2-support/",
                    "name": "Ep2 Support"
                }
            },
            {
                "@type": "ListItem",
                "position": 4,
                "item": {
                    "@id": "https://lckb.dev/forum/index.php?/forum/134-solved-topics/",
                    "name": "Solved Topics"
                }
            }
        ]
    },
    "commentData": [
        {
            "id": 81972,
            "timestamp": 1374460254,
            "author": {
                "id": 7750,
                "name": "camaro2683",
                "image": null
            },
            "comment": "\n<p >hi community whenever i try to equip level 180 armor and weapons doesnt matter which piece i try to equip it gives me a send error report it happens on all character clases can someone tell me how to fix </p>\n<p > </p>\n<p >thank you</p>\n\n\n\t\t\t\n\t\t\t\t\n\n<span class=\"ipsType_reset ipsType_medium ipsType_light\" data-excludequote=\"None\" >\n\t<strong >Edited <time datetime=\"2013-07-22T03:10:27Z\" title=\"07/22/2013 03:10  AM\" data-short=\"7 yr\" >July 22, 2013</time> by camaro2683</strong>\n\t\n\t\n</span>\n\t\t\t\n\t\t</div>"
        },
        {
            "id": 81973,
            "timestamp": 1374461007,
            "author": {
                "id": 6038,
                "name": "RomainLastChaos",
                "image": null
            },
            "comment": "\n<p >maybe missing file on client or smc ...</p>\n<p > </p>\n<p >view the path and see if it sho file or cannot open file ...</p>\n\n\n\t\t\t\n\t\t\t\t\n\n<span class=\"ipsType_reset ipsType_medium ipsType_light\" data-excludequote=\"None\" >\n\t<strong >Edited <time datetime=\"2013-07-22T02:44:00Z\" title=\"07/22/2013 02:44  AM\" data-short=\"7 yr\" >July 22, 2013</time> by Question</strong>\n\t\n\t\n</span>\n\t\t\t\n\t\t</div>"
        },
        {
            "id": 81974,
            "timestamp": 1374461101,
            "author": {
                "id": 7750,
                "name": "camaro2683",
                "image": null
            },
            "comment": "<p >@<a contenteditable=\"false\" rel=\"\" ></a> that would make sense with that being said can u tell me what smc and or files would be missing and where i would be able to get those missing files from :</p>"
        },
        {
            "id": 81976,
            "timestamp": 1374461342,
            "author": {
                "id": 6038,
                "name": "RomainLastChaos",
                "image": null
            },
            "comment": "\n<p > well for the weapon 180 you need one folder with sme file smc texture bm etc from destiny or others</p>\n<p > </p>\n<p >after to check if is the correct path are ok you need only see it in item all editor from wizatek</p>\n<p > </p>\n<p >first look into the client where you get the weapon to see wich file needed to the path after you can be able to copy past in the same place in your client and put in path the smc path if</p>\n<p > </p>\n<p >and after it will work if you missing some files in your client that normal you get send error report and also you can get send error report by not saving your item on smc editor by wizatek into your client</p>\n"
        },
        {
            "id": 81977,
            "timestamp": 1374461612,
            "author": {
                "id": 7750,
                "name": "camaro2683",
                "image": null
            },
            "comment": "<p >@<a contenteditable=\"false\" rel=\"\" ></a> I am using the lcgn02 client </p>"
        },
        {
            "id": 81978,
            "timestamp": 1374461819,
            "author": {
                "id": 6038,
                "name": "RomainLastChaos",
                "image": null
            },
            "comment": "<p >that not the problem the problem is just you missing some file i recommended you to check the weapon or armor  get send error path on item all editor to see what file you have missing to put in your client to dont get send error and of course check your smc editor if your weapon or armor are add to the smc editor</p>"
        },
        {
            "id": 81979,
            "timestamp": 1374462225,
            "author": {
                "id": 16931,
                "name": "Walletman987",
                "image": null
            },
            "comment": "<p >Is the 180 armor from CDWriters release?  </p>"
        },
        {
            "id": 81981,
            "timestamp": 1374462608,
            "author": {
                "id": 7750,
                "name": "camaro2683",
                "image": null
            },
            "comment": "<p >ok i got it solved thank you Question :) </p>"
        },
        {
            "id": 81983,
            "timestamp": 1374462990,
            "author": {
                "id": 6038,
                "name": "RomainLastChaos",
                "image": null
            },
            "comment": "<p >np</p>"
        },
        {
            "id": 82390,
            "timestamp": 1374652491,
            "author": {
                "id": 17582,
                "name": "CDWriter",
                "image": null
            },
            "comment": "\n<p >@<a contenteditable=\"false\" data-ipshover=\"\" href=\"https://lckb.dev/forum/index.php?/profile/16931-walletman987/\" data-ipshover-target=\"https://lckb.dev/forum/index.php?/profile/16931-walletman987/&do=hovercard\" data-mentionid=\"16931\" rel=\"\" >@Walletman987</a></p>\n<p > </p>\n<p >nope but they steal from it ...lmao ...I dont care </p>\n"
        }
    ]
}