{
    "meta": {
        "threadId": 10680,
        "threadName": "[C#] Import list of the characters in DB to listbox",
        "dateCreated": "2013-07-21T18:17:11+0000",
        "datePublished": "2013-07-21T18:17:11+0000",
        "pageCount": 1,
        "originalUrl": "https://lckb.dev/forum/index.php?/topic/10680-c-import-list-of-the-characters-in-db-to-listbox/",
        "authorId": 1503,
        "position": [
            {
                "@type": "ListItem",
                "position": 1,
                "item": {
                    "@id": "https://lckb.dev/forum/index.php?/forum/272-programmers-gateway/",
                    "name": "Programmers Gateway"
                }
            },
            {
                "@type": "ListItem",
                "position": 2,
                "item": {
                    "@id": "https://lckb.dev/forum/index.php?/forum/79-coders-talk/",
                    "name": "Coders Talk"
                }
            }
        ]
    },
    "commentData": [
        {
            "id": 81906,
            "timestamp": 1374430631,
            "author": {
                "id": 1503,
                "name": "Paramount",
                "image": null
            },
            "comment": "\n<p >Hey guyz! Im interested how to import the list of the chars in DB to listbox?</p>\n<p > </p>\n<p >Thanks in advanice!</p>\n"
        },
        {
            "id": 81911,
            "timestamp": 1374431102,
            "author": {
                "id": 919,
                "name": "someone",
                "image": null
            },
            "comment": "\n<p >You can simply add it:</p>\n<pre class=\"ipsCode prettyprint\" >Listbox1.Items.Add(item);\nor\nListbox1.Items.Insert(index. item)\n\n</pre>\n<p >Another is to put your datasource into your listbox:</p>\n<pre class=\"ipsCode prettyprint\" >DataTable dt = new DataTable();\ndt.Load(dbreader);\nlistBox1.DataSource =dt;\nlistBox1.DisplayMember = \"test_column\";\n</pre>\n"
        }
    ]
}