{
    "meta": {
        "threadId": 10687,
        "threadName": "[RELEASE] DARKGLOW ENGLISH WORKING ALL",
        "dateCreated": "2013-07-21T23:33:22+0000",
        "datePublished": "2013-07-21T23:33:22+0000",
        "pageCount": 1,
        "originalUrl": "https://lckb.dev/forum/index.php?/topic/10687-release-darkglow-english-working-all/",
        "authorId": 14748,
        "position": [
            {
                "@type": "ListItem",
                "position": 1,
                "item": {
                    "@id": "https://lckb.dev/forum/index.php?/forum/40-website-scripting-security/",
                    "name": "Website Scripting &amp; Security"
                }
            },
            {
                "@type": "ListItem",
                "position": 2,
                "item": {
                    "@id": "https://lckb.dev/forum/index.php?/forum/368-website-releases/",
                    "name": "Website Releases"
                }
            },
            {
                "@type": "ListItem",
                "position": 3,
                "item": {
                    "@id": "https://lckb.dev/forum/index.php?/forum/306-ep2-websites/",
                    "name": "Ep2 Websites"
                }
            }
        ]
    },
    "commentData": [
        {
            "id": 81963,
            "timestamp": 1374449602,
            "author": {
                "id": 14748,
                "name": "uillian",
                "image": null
            },
            "comment": "\n<p ><span ><span >Hello</span> <span >to all</span><span >!</span> <span >I bring</span> <span >the site</span> <span >darkglow</span> <span >English</span> <span >version</span> <span >100</span><span >%</span> <span >working</span> <span >if you have</span> <span >the</span> <span >error</span> <span >page</span> <span >white</span> <span >contact</span> <span >that I will be</span> <span >supporting</span><span >!</span></span></p>\n<p > </p>\n<p >- Correction in Register<br />- Revised script gallery<br />- Special symbols added \u00c3\u0192\u00c2\u00a7, \u00c3\u0192\u00c2\u00a1, \u00c3\u0192\u00c2\u00ad, u , \u00c3\u0192\u00c2\u00b4, \u00c3\u0192\u00c2\u00b5, \u00c3\u0192\u00c2\u00a3, \u00c3\u0192\u00c2\u00aa<br />- After the login page does not set the Reload<br />- Removed tooltip Ad<br />- Revised script without errors<br />- Local installation of web sit xampp / htdocs / \"site\"<br />- Not tested on linux apache 2 ..<br />- Report errors so you can fix<br />- Follows bg_user SQL<br />- 100% WORKING</p>\n<p >- <span ><span >view</span> <span >the</span> <span >application for</span> <span >cash..</span></span> </p>\t<span ><a href=\"http://toxic-l33t.ddns.net/forum/index.php?/user/12010-yagerya55/\" title=\"\" rel=\"external nofollow\" ><span >yagerya55</span></a></span><p > </p>\n<p >__Download<br /><a href=\"http://filebeam.com/44c3684783aa0f35fdf60c48dd981fec\" rel=\"external nofollow\" >http://filebeam.com/44c3684783aa0f35fdf60c48dd981fec</a></p>\n<p > </p>\n<p ><img alt=\"Sem+t%25C3%25ADtulo.jpg\" src=\"https://lh4.googleusercontent.com/-wtc5spnzA60/Uexty4oJQMI/AAAAAAAAAF8/lahVV_4Bcns/w1031-h483-no/Sem+t%25C3%25ADtulo.jpg\" /></p>\n<p > </p>\tCreditos\t<span ><a href=\"http://toxic-l33t.ddns.net/forum/index.php?/user/15306-noizy/\" title=\"\" rel=\"external nofollow\" ><span ><span style=\"color:#008000;\" >Noizy</span></span></a> </span>--The launch and disseminate\t<br />\t Creditos\t \t<span ><a href=\"http://toxic-l33t.ddns.net/forum/index.php?/user/14748-uillian/\" title=\"\" rel=\"external nofollow\" ><span >uillian</span></a></span> -- R<span ><span >eviewing</span> <span >scripts</span><span >,</span> <span >view</span> <span >cash</span> <span >and</span> <span >secret question</span> <span >(</span><span >just the</span> <span >id)</span></span><p ><u ><span ><span >ATTENTION</span><span >.</span> <span >This</span> <span >website</span> <span >contains no</span> <span >errors</span> <span >rather</span> <span >poorly configured</span> <span >by the</span> <span >users</span></span></u></p>\n"
        },
        {
            "id": 82247,
            "timestamp": 1374584776,
            "author": {
                "id": 18249,
                "name": "darklord",
                "image": null
            },
            "comment": "<p >good job thank you</p>"
        },
        {
            "id": 82249,
            "timestamp": 1374585117,
            "author": {
                "id": 14748,
                "name": "uillian",
                "image": null
            },
            "comment": "<p > :D</p>"
        },
        {
            "id": 82518,
            "timestamp": 1374688004,
            "author": {
                "id": 18226,
                "name": "OldHM",
                "image": null
            },
            "comment": "\n<p >Well done! but its only 99% Finished...</p>\n<p > </p>\n<p >Can you add an Paysafecard donation?? If i do it it moves me to /psc.php but i have none and i cant make one to automatically donate & pay</p>\n"
        },
        {
            "id": 82571,
            "timestamp": 1374712013,
            "author": {
                "id": 14748,
                "name": "uillian",
                "image": null
            },
            "comment": "<p ><span ><span >so Im</span> <span >adding</span> <span >it now</span><span >!</span><span >!</span></span></p>"
        },
        {
            "id": 82600,
            "timestamp": 1374740774,
            "author": {
                "id": 18226,
                "name": "OldHM",
                "image": null
            },
            "comment": "\n<p >Found an error: You can only Log in on the \"Home\"</p>\n<p > </p>\n<p >BTW: Can you tell me when you uploaded the fix?</p>\n"
        },
        {
            "id": 82601,
            "timestamp": 1374741293,
            "author": {
                "id": 16954,
                "name": "spadge88",
                "image": null
            },
            "comment": "<p >cool, thanks ^^</p>"
        },
        {
            "id": 82606,
            "timestamp": 1374743519,
            "author": {
                "id": 18525,
                "name": "Lisana",
                "image": null
            },
            "comment": "<p >Accaunt xD??? Niice english , but good job.</p>"
        },
        {
            "id": 82657,
            "timestamp": 1374762200,
            "author": {
                "id": 18226,
                "name": "OldHM",
                "image": null
            },
            "comment": "<p >Where can i define host and gport? so that \"GameServer\" isnt \"Offline\" anymore?</p>"
        },
        {
            "id": 83492,
            "timestamp": 1375197024,
            "author": {
                "id": 15846,
                "name": "Deadlyblast",
                "image": null
            },
            "comment": "\n<p >Helpe me!! problem retrieving the password</p>\n<p ><img alt=\"ibw9.png\" src=\"https://img35.imageshack.us/img35/5933/ibw9.png\" /></p>\n"
        },
        {
            "id": 83498,
            "timestamp": 1375198620,
            "author": {
                "id": 14748,
                "name": "uillian",
                "image": null
            },
            "comment": "<blockquote data-ipsquote=\"\" class=\"ipsQuote\" data-ipsquote-contentcommentid=\"83492\" data-ipsquote-contentapp=\"forums\" data-ipsquote-contenttype=\"forums\" data-ipsquote-contentclass=\"forums_Topic\" data-ipsquote-contentid=\"10687\" data-ipsquote-username=\"Deadlyblast\" data-cite=\"Deadlyblast\" data-ipsquote-timestamp=\"1375197024\" ><div ><div >\n<p >Helpe me!! problem retrieving the password</p>\n<p ><img alt=\"ibw9.png\" src=\"https://img35.imageshack.us/img35/5933/ibw9.png\" /></p>\n<p ><strong >\\include\\member\\reset </strong></p>\n<p > </p>\n<div >include ../../config.php;</div>\n<div >include ../../functions.php;</div>\n<p >????</p>\n</div></div></blockquote>"
        },
        {
            "id": 83501,
            "timestamp": 1375200303,
            "author": {
                "id": 15846,
                "name": "Deadlyblast",
                "image": null
            },
            "comment": "\n<blockquote data-ipsquote=\"\" class=\"ipsQuote\" data-ipsquote-contentcommentid=\"83498\" data-ipsquote-contentapp=\"forums\" data-ipsquote-contenttype=\"forums\" data-ipsquote-contentclass=\"forums_Topic\" data-ipsquote-contentid=\"10687\" data-ipsquote-username=\"uillian\" data-cite=\"uillian\" data-ipsquote-timestamp=\"1375198620\" ><div ><div >\n<p > </p>\n<blockquote data-ipsquote=\"\" class=\"ipsQuote\" data-ipsquote-contentcommentid=\"83492\" data-ipsquote-contentapp=\"forums\" data-ipsquote-contenttype=\"forums\" data-ipsquote-contentclass=\"forums_Topic\" data-ipsquote-contentid=\"10687\" data-ipsquote-username=\"Deadlyblast\" data-cite=\"Deadlyblast\" data-ipsquote-timestamp=\"1375197024\" ><div ><div >\n<p >Helpe me!! problem retrieving the password</p>\n<p ><img alt=\"ibw9.png\" src=\"https://img35.imageshack.us/img35/5933/ibw9.png\" /></p>\n<p ><strong >\\include\\member\\reset </strong></p>\n<p > </p>\n<div >include ../../config.php;</div>\n<div >include ../../functions.php;</div>\n<p >????</p>\n</div></div></blockquote>\n<p > </p>\n</div></div></blockquote>\n<p >I should set in functions.php?</p>\n<p > </p>\n<p >another problem</p>\n<p ><img alt=\"wxno.png\" src=\"https://img32.imageshack.us/img32/9315/wxno.png\" /></p>\n<p ><img alt=\"m4lk.png\" src=\"https://img713.imageshack.us/img713/2968/m4lk.png\" /></p>\n"
        },
        {
            "id": 83783,
            "timestamp": 1375400213,
            "author": {
                "id": 5853,
                "name": "ucaff",
                "image": null
            },
            "comment": "\n<div >-The problem you have is that you use lampp, (lampp has many modules missing).</div>\n<br /><div >-Many use lampp because the old sites do not work well with the standard apache, but this website works 100% with standard apache .....,</div>\n<br /><div >-Do a full backup of your server</div>\n<br /><div >-Eliminates lampp then normal apache installs its dependencies as there are guides in this forum, got no more problems</div>\n<br />"
        },
        {
            "id": 83847,
            "timestamp": 1375519045,
            "author": {
                "id": 18312,
                "name": "Assasin",
                "image": null
            },
            "comment": "<p >Download Link not work PlZ Reupload</p>"
        },
        {
            "id": 83926,
            "timestamp": 1375583562,
            "author": {
                "id": 17304,
                "name": "DeathRunner",
                "image": null
            },
            "comment": "\n<blockquote data-ipsquote=\"\" class=\"ipsQuote\" data-ipsquote-contentcommentid=\"83847\" data-ipsquote-contentapp=\"forums\" data-ipsquote-contenttype=\"forums\" data-ipsquote-contentclass=\"forums_Topic\" data-ipsquote-contentid=\"10687\" data-ipsquote-username=\"Assasin\" data-cite=\"Assasin\" data-ipsquote-timestamp=\"1375519045\" ><div ><div ><p >Download Link not work PlZ Reupload</p></div></div></blockquote>\n<p >The Link work fine</p>\n"
        },
        {
            "id": 84042,
            "timestamp": 1375708779,
            "author": {
                "id": 14748,
                "name": "uillian",
                "image": null
            },
            "comment": "<p >I am using this web site in my vps without even one error or bug 100% working ... <a href=\"http://lcbrasil.uhosti.com/\" rel=\"external nofollow\" >http://lcbrasil.uhosti.com/</a></p>"
        },
        {
            "id": 84379,
            "timestamp": 1376082244,
            "author": {
                "id": 18526,
                "name": "Jim",
                "image": null
            },
            "comment": "<p >Register is Little Fail :D</p>"
        },
        {
            "id": 97888,
            "timestamp": 1393000920,
            "author": {
                "id": 19756,
                "name": "mohamed2013",
                "image": null
            },
            "comment": "<p >new download link Please </p>"
        }
    ]
}