{
    "meta": {
        "threadId": 1068,
        "threadName": "how can i change the message when server is startet(chatbox)",
        "dateCreated": "2011-10-16T13:52:12+0000",
        "datePublished": "2011-10-16T13:52:12+0000",
        "pageCount": 1,
        "originalUrl": "https://lckb.dev/forum/index.php?/topic/1068-how-can-i-change-the-message-when-server-is-startetchatbox/",
        "authorId": 3231,
        "position": [
            {
                "@type": "ListItem",
                "position": 1,
                "item": {
                    "@id": "https://lckb.dev/forum/index.php?/forum/271-general-section/",
                    "name": "General Section"
                }
            },
            {
                "@type": "ListItem",
                "position": 2,
                "item": {
                    "@id": "https://lckb.dev/forum/index.php?/forum/259-general-discussion/",
                    "name": "General Discussion"
                }
            }
        ]
    },
    "commentData": [
        {
            "id": 8729,
            "timestamp": 1318773132,
            "author": {
                "id": 3231,
                "name": "Darquise",
                "image": null
            },
            "comment": "<p >Wenn I have logged in with my char there is a message in the chatbox \"welcome to wizatek\u00c2\u00b4s.....\" how can I change that or add new text like the serverrates or any other stuff.</p>"
        }
    ]
}