{
    "meta": {
        "threadId": 10697,
        "threadName": "serious juno",
        "dateCreated": "2013-07-22T20:16:11+0000",
        "datePublished": "2013-07-22T20:16:11+0000",
        "pageCount": 1,
        "originalUrl": "https://lckb.dev/forum/index.php?/topic/10697-serious-juno/",
        "authorId": 7119,
        "position": [
            {
                "@type": "ListItem",
                "position": 1,
                "item": {
                    "@id": "https://lckb.dev/forum/index.php?/forum/271-general-section/",
                    "name": "General Section"
                }
            },
            {
                "@type": "ListItem",
                "position": 2,
                "item": {
                    "@id": "https://lckb.dev/forum/index.php?/forum/43-development-showroom/",
                    "name": "Development Showroom"
                }
            }
        ]
    },
    "commentData": [
        {
            "id": 82082,
            "timestamp": 1374524171,
            "author": {
                "id": 7119,
                "name": "MANGUSTA788",
                "image": null
            },
            "comment": "<p >  <a href=\"https://www.youtube.com/watch?v=KteszyDiN1E&feature=youtu.be%C2%A0\" rel=\"external nofollow\" >http://www.youtube.com/watch?v=KteszyDiN1E&feature=youtu.be </a> work in progress</p>"
        },
        {
            "id": 82434,
            "timestamp": 1374670454,
            "author": {
                "id": 15306,
                "name": "Noizy",
                "image": null
            },
            "comment": "<p >Serious Juno, this name already taken by me, so rename project!!!</p>"
        },
        {
            "id": 82451,
            "timestamp": 1374675182,
            "author": {
                "id": 7119,
                "name": "MANGUSTA788",
                "image": null
            },
            "comment": "<p ><span ><span >serious</span> <span >understood</span> <span >why</span> <span >use</span> <span >\"</span><span >serious</span> <span >editor</span><span >\"</span> <span >in</span> <span >the finished work</span> <span >always</span> <span >juno</span> <span >will be called</span></span></p>"
        },
        {
            "id": 82594,
            "timestamp": 1374738600,
            "author": {
                "id": 18472,
                "name": "tester",
                "image": null
            },
            "comment": "<p >looks very nice man :) does it lagg hard or something?</p>"
        },
        {
            "id": 82609,
            "timestamp": 1374743971,
            "author": {
                "id": 18525,
                "name": "Lisana",
                "image": null
            },
            "comment": "<p >Call it \"awesome Juno\".</p>"
        },
        {
            "id": 82892,
            "timestamp": 1374863903,
            "author": {
                "id": 7119,
                "name": "MANGUSTA788",
                "image": null
            },
            "comment": "<p ><span ><span >no</span> <span >quiet</span> <span >no</span> <span >lags</span><span >,</span><span >,</span><span >,</span> <span >it seems that</span> <span >lags</span> <span >in the video</span><span >,</span> <span >but</span> <span >at the same time</span> <span >use</span> <span >2</span> <span >virtual machines</span> <span >+</span> <span >cam</span> <span >recorder</span> <span >for</span> <span >this looks like it</span> <span >lags</span></span></p>"
        }
    ]
}