{
    "meta": {
        "threadId": 10704,
        "threadName": "180 Night Shadow weapon bug",
        "dateCreated": "2013-07-23T03:44:56+0000",
        "datePublished": "2013-07-23T03:44:56+0000",
        "pageCount": 1,
        "originalUrl": "https://lckb.dev/forum/index.php?/topic/10704-180-night-shadow-weapon-bug/",
        "authorId": 7750,
        "position": [
            {
                "@type": "ListItem",
                "position": 1,
                "item": {
                    "@id": "https://lckb.dev/forum/index.php?/forum/100-guides-help-section/",
                    "name": "Guides &amp; Help Section"
                }
            },
            {
                "@type": "ListItem",
                "position": 2,
                "item": {
                    "@id": "https://lckb.dev/forum/index.php?/forum/335-help-support/",
                    "name": "Help &amp; Support"
                }
            },
            {
                "@type": "ListItem",
                "position": 3,
                "item": {
                    "@id": "https://lckb.dev/forum/index.php?/forum/120-ep2-support/",
                    "name": "Ep2 Support"
                }
            },
            {
                "@type": "ListItem",
                "position": 4,
                "item": {
                    "@id": "https://lckb.dev/forum/index.php?/forum/134-solved-topics/",
                    "name": "Solved Topics"
                }
            }
        ]
    },
    "commentData": [
        {
            "id": 82153,
            "timestamp": 1374551096,
            "author": {
                "id": 7750,
                "name": "camaro2683",
                "image": null
            },
            "comment": "<p >hi community i am having a problem with 180 night shadow weapon everytime i equip the weapon and go try to attack a monster with regular (no skill ) attack i get send error report but when i use any skills i dont get send error report and game doesnt crash can someone tell me what i can do to fix this problem thank you :)</p>\n\n\t\t\t\n\t\t\t\t\n\n<span class=\"ipsType_reset ipsType_medium ipsType_light\" data-excludequote=\"None\" >\n\t<strong >Edited <time datetime=\"2013-07-23T23:34:58Z\" title=\"07/23/2013 11:34  PM\" data-short=\"7 yr\" >July 23, 2013</time> by camaro2683</strong>\n\t\n\t\n</span>\n\t\t\t\n\t\t</div>"
        },
        {
            "id": 82157,
            "timestamp": 1374554785,
            "author": {
                "id": 18472,
                "name": "tester",
                "image": null
            },
            "comment": "<p >did u test it with other weapons? </p>"
        },
        {
            "id": 82158,
            "timestamp": 1374555933,
            "author": {
                "id": 7750,
                "name": "camaro2683",
                "image": null
            },
            "comment": "<p >the problem is only happening with the night shadow class 180 weapon </p>"
        },
        {
            "id": 82160,
            "timestamp": 1374556413,
            "author": {
                "id": 17582,
                "name": "CDWriter",
                "image": null
            },
            "comment": "<p >and what database you using ?</p>"
        },
        {
            "id": 82181,
            "timestamp": 1374566154,
            "author": {
                "id": 7750,
                "name": "camaro2683",
                "image": null
            },
            "comment": "<p >@<a contenteditable=\"false\" data-ipshover=\"\" href=\"https://lckb.dev/forum/index.php?/profile/17582-cdwriter/\" data-ipshover-target=\"https://lckb.dev/forum/index.php?/profile/17582-cdwriter/&do=hovercard\" data-mentionid=\"17582\" rel=\"\" >@CDWriter</a> im using the 1st version u relased but with a few tables and client files from ur other releases </p>"
        },
        {
            "id": 82329,
            "timestamp": 1374613229,
            "author": {
                "id": 2835,
                "name": "halohalo",
                "image": null
            },
            "comment": "\n<p >I had the same problem, but i changed the Item Special Effects: Attack and Damage to the 175 original one and it worked. It will display the animation of the 185 one but the attack of the 175, which its the same as the 185 i think, or at least a bit different.</p>\n<p > </p>\n<p >Try ifnot, changing the attack and keep the Damage of the weapon the same.</p>\n<p > </p>\n<p >*This is itemAll_usa.lod and then update it on t_item</p>\n"
        },
        {
            "id": 82347,
            "timestamp": 1374618503,
            "author": {
                "id": 7750,
                "name": "camaro2683",
                "image": null
            },
            "comment": "<p >@<a contenteditable=\"false\" data-ipshover=\"\" href=\"https://lckb.dev/forum/index.php?/profile/2835-halohalo/\" data-ipshover-target=\"https://lckb.dev/forum/index.php?/profile/2835-halohalo/&do=hovercard\" data-mentionid=\"2835\" rel=\"\" >@halohalo</a> thank you i will try that and i will keep posted on what i find out :)</p>"
        },
        {
            "id": 82354,
            "timestamp": 1374622475,
            "author": {
                "id": 7750,
                "name": "camaro2683",
                "image": null
            },
            "comment": "<p >@<a contenteditable=\"false\" data-ipshover=\"\" href=\"https://lckb.dev/forum/index.php?/profile/2835-halohalo/\" data-ipshover-target=\"https://lckb.dev/forum/index.php?/profile/2835-halohalo/&do=hovercard\" data-mentionid=\"2835\" rel=\"\" >@halohalo</a> and community i got this problem solved thank you :)</p>"
        }
    ]
}