{
    "meta": {
        "threadId": 10703,
        "threadName": "Just A Makeover",
        "dateCreated": "2013-07-23T03:01:06+0000",
        "datePublished": "2013-07-23T03:01:06+0000",
        "pageCount": 1,
        "originalUrl": "https://lckb.dev/forum/index.php?/topic/10703-just-a-makeover/",
        "authorId": 605,
        "position": [
            {
                "@type": "ListItem",
                "position": 1,
                "item": {
                    "@id": "https://lckb.dev/forum/index.php?/forum/40-website-scripting-security/",
                    "name": "Website Scripting &amp; Security"
                }
            },
            {
                "@type": "ListItem",
                "position": 2,
                "item": {
                    "@id": "https://lckb.dev/forum/index.php?/forum/368-website-releases/",
                    "name": "Website Releases"
                }
            },
            {
                "@type": "ListItem",
                "position": 3,
                "item": {
                    "@id": "https://lckb.dev/forum/index.php?/forum/306-ep2-websites/",
                    "name": "Ep2 Websites"
                }
            }
        ]
    },
    "commentData": [
        {
            "id": 82146,
            "timestamp": 1374548466,
            "author": {
                "id": 605,
                "name": "b4rr4cud4",
                "image": null
            },
            "comment": "\n<p ><img alt=\"h3ms.jpg\" src=\"https://imageshack.us/a/img585/5189/h3ms.jpg\" /></p>\n<p > </p>\n<p ><a href=\"https://app.box.com/s/2gmcoz3ce66lkqubij4j\" rel=\"external nofollow\" >https://app.box.com/s/2gmcoz3ce66lkqubij4j</a></p>\n<p > </p>\n<p >Thanks to Noizy for the templet to work with and to my son (Evanpp7) for his work with photoshop plus some sql.</p>\n<p >You will need to have your sendmail / postfix set up right to use the forgot password but the rest should work just fine as long as you set up the right ips.</p>\n<p > </p>\n<p >Was put together on Centos 6.4 with Apache 2.2.15</p>\n\n\n\t\t\t\n\t\t\t\t\n\n<span class=\"ipsType_reset ipsType_medium ipsType_light\" data-excludequote=\"None\" >\n\t<strong >Edited <time datetime=\"2013-07-23T18:47:29Z\" title=\"07/23/2013 06:47  PM\" data-short=\"7 yr\" >July 23, 2013</time> by b4rr4cud4</strong>\n\t\n\t\n</span>\n\t\t\t\n\t\t</div>"
        },
        {
            "id": 82540,
            "timestamp": 1374693703,
            "author": {
                "id": 16983,
                "name": "Jaiz",
                "image": null
            },
            "comment": "<p >nice, thx.</p>"
        },
        {
            "id": 82541,
            "timestamp": 1374694343,
            "author": {
                "id": 2835,
                "name": "halohalo",
                "image": null
            },
            "comment": "<p >Looks nice, i think with a little better background and image in index, it could be an excellent website</p>"
        },
        {
            "id": 85121,
            "timestamp": 1377010930,
            "author": {
                "id": 16983,
                "name": "Jaiz",
                "image": null
            },
            "comment": "\n<p >Forgot password dont work, i dont got any emails :S. </p>\n<p > </p>\n<p >Regards Jaiz</p>\n"
        },
        {
            "id": 85124,
            "timestamp": 1377012925,
            "author": {
                "id": 605,
                "name": "b4rr4cud4",
                "image": null
            },
            "comment": "<p >@<a contenteditable=\"false\" data-ipshover=\"\" href=\"https://lckb.dev/forum/index.php?/profile/16983-jaiz/\" data-ipshover-target=\"https://lckb.dev/forum/index.php?/profile/16983-jaiz/&do=hovercard\" data-mentionid=\"16983\" rel=\"\" >@Jaiz</a> you need to have your sendmail and or post fix set up right in order for that to work. Google has some very good tuts for that I had to use one myself to set mine up. I use postfix. My forgot password works or I would of not posted this for download with that in it. Sorry you cant get it to work, ill look for some links for you: what opp you running my server is centos 6.4.</p>"
        },
        {
            "id": 85135,
            "timestamp": 1377021977,
            "author": {
                "id": 15998,
                "name": "crankchaos",
                "image": null
            },
            "comment": "<p >nice nice</p>"
        },
        {
            "id": 85142,
            "timestamp": 1377029508,
            "author": {
                "id": 18312,
                "name": "Assasin",
                "image": null
            },
            "comment": "<p >The best Site Thx :-) !!!</p>"
        },
        {
            "id": 85220,
            "timestamp": 1377095664,
            "author": {
                "id": 16983,
                "name": "Jaiz",
                "image": null
            },
            "comment": "\n<blockquote data-ipsquote=\"\" class=\"ipsQuote\" data-ipsquote-contentcommentid=\"85124\" data-ipsquote-contentapp=\"forums\" data-ipsquote-contenttype=\"forums\" data-ipsquote-contentclass=\"forums_Topic\" data-ipsquote-contentid=\"10703\" data-ipsquote-username=\"b4rr4cud4\" data-cite=\"b4rr4cud4\" data-ipsquote-timestamp=\"1377012925\" ><div ><div ><p >@<a contenteditable=\"false\" data-ipshover=\"\" href=\"https://lckb.dev/forum/index.php?/profile/16983-jaiz/\" data-ipshover-target=\"https://lckb.dev/forum/index.php?/profile/16983-jaiz/&do=hovercard\" data-mentionid=\"16983\" rel=\"\" >@Jaiz</a> you need to have your sendmail and or post fix set up right in order for that to work. Google has some very good tuts for that I had to use one myself to set mine up. I use postfix. My forgot password works or I would of not posted this for download with that in it. Sorry you cant get it to work, ill look for some links for you: what opp you running my server is centos 6.4.</p></div></div></blockquote>\n<p >i cant use my normal email address or i need a especially one?</p>\n"
        },
        {
            "id": 85221,
            "timestamp": 1377096069,
            "author": {
                "id": 17432,
                "name": "Nymphetamine",
                "image": null
            },
            "comment": "<p >Thank you for releasing this</p>"
        },
        {
            "id": 85325,
            "timestamp": 1377179060,
            "author": {
                "id": 6967,
                "name": "GuXz",
                "image": null
            },
            "comment": "\n<blockquote data-ipsquote=\"\" class=\"ipsQuote\" data-ipsquote-contentcommentid=\"85124\" data-ipsquote-contentapp=\"forums\" data-ipsquote-contenttype=\"forums\" data-ipsquote-contentclass=\"forums_Topic\" data-ipsquote-contentid=\"10703\" data-ipsquote-username=\"b4rr4cud4\" data-cite=\"b4rr4cud4\" data-ipsquote-timestamp=\"1377012925\" ><div ><div ><p >@<a contenteditable=\"false\" data-ipshover=\"\" href=\"https://lckb.dev/forum/index.php?/profile/16983-jaiz/\" data-ipshover-target=\"https://lckb.dev/forum/index.php?/profile/16983-jaiz/&do=hovercard\" data-mentionid=\"16983\" rel=\"\" >@Jaiz</a> you need to have your sendmail and or post fix set up right in order for that to work. Google has some very good tuts for that I had to use one myself to set mine up. I use postfix. My forgot password works or I would of not posted this for download with that in it. Sorry you cant get it to work, ill look for some links for you: what opp you running my server is centos 6.4.</p></div></div></blockquote>\n<p > </p>\n<p >I have install post fix. Can you make a small tutorial please ? ;) You can help many ppl here :lol:</p>\n"
        },
        {
            "id": 85327,
            "timestamp": 1377183304,
            "author": {
                "id": 2,
                "name": "Wizatek",
                "image": null
            },
            "comment": "\n<p >I personally dont like it.</p>\n<p >\nThere is no flow in it, and it really looks like bits and pieces mold together although its not.</p>\n<p >\nThe healer is cut down in the middle, which makes it look really messy.</p>\n<p >\nAnd the blue header thing doesnt fit at all.</p>\n"
        },
        {
            "id": 85332,
            "timestamp": 1377187399,
            "author": {
                "id": 16983,
                "name": "Jaiz",
                "image": null
            },
            "comment": "\n<blockquote data-ipsquote=\"\" class=\"ipsQuote\" data-ipsquote-contentcommentid=\"85325\" data-ipsquote-contentapp=\"forums\" data-ipsquote-contenttype=\"forums\" data-ipsquote-contentclass=\"forums_Topic\" data-ipsquote-contentid=\"10703\" data-ipsquote-username=\"GuXz\" data-cite=\"GuXz\" data-ipsquote-timestamp=\"1377179060\" ><div ><div ><p >I have install post fix. Can you make a small tutorial please ? ;) You can help many ppl here :lol:</p></div></div></blockquote>\n<p >I had installed post fix already ;). </p>\n<p > </p>\n<p >PS: Only getting emails dont work.</p>\n"
        },
        {
            "id": 85333,
            "timestamp": 1377188045,
            "author": {
                "id": 6967,
                "name": "GuXz",
                "image": null
            },
            "comment": "<p >I have DarkGlow, send mail by terminal work but maybe script reset of darkglow dont work ;)</p>"
        },
        {
            "id": 85340,
            "timestamp": 1377190146,
            "author": {
                "id": 17432,
                "name": "Nymphetamine",
                "image": null
            },
            "comment": "<p >With some edits it can be nice still.</p>"
        },
        {
            "id": 85341,
            "timestamp": 1377190153,
            "author": {
                "id": 16983,
                "name": "Jaiz",
                "image": null
            },
            "comment": "<p >well. i havent testet darkglow yet.</p>"
        },
        {
            "id": 87461,
            "timestamp": 1379791088,
            "author": {
                "id": 5574,
                "name": "Douglas Farias",
                "image": null
            },
            "comment": "\n<p >tip</p>\n<p >-remove the slide, change to notice</p>\n<p >-change the back ground and not extend the image.</p>\n"
        },
        {
            "id": 89134,
            "timestamp": 1382873840,
            "author": {
                "id": 19210,
                "name": "bandit64",
                "image": null
            },
            "comment": "<p >NICE NICE NICE!!!! :D  :D</p>"
        },
        {
            "id": 89985,
            "timestamp": 1384338330,
            "author": {
                "id": 13584,
                "name": "Slash",
                "image": null
            },
            "comment": "<p >Config dont work .</p>"
        }
    ]
}