{
    "meta": {
        "threadId": 10715,
        "threadName": "[Help] Teleport to special places",
        "dateCreated": "2013-07-23T12:56:11+0000",
        "datePublished": "2013-07-23T12:56:11+0000",
        "pageCount": 1,
        "originalUrl": "https://lckb.dev/forum/index.php?/topic/10715-help-teleport-to-special-places/",
        "authorId": 13233,
        "position": [
            {
                "@type": "ListItem",
                "position": 1,
                "item": {
                    "@id": "https://lckb.dev/forum/index.php?/forum/100-guides-help-section/",
                    "name": "Guides &amp; Help Section"
                }
            },
            {
                "@type": "ListItem",
                "position": 2,
                "item": {
                    "@id": "https://lckb.dev/forum/index.php?/forum/335-help-support/",
                    "name": "Help &amp; Support"
                }
            },
            {
                "@type": "ListItem",
                "position": 3,
                "item": {
                    "@id": "https://lckb.dev/forum/index.php?/forum/120-ep2-support/",
                    "name": "Ep2 Support"
                }
            },
            {
                "@type": "ListItem",
                "position": 4,
                "item": {
                    "@id": "https://lckb.dev/forum/index.php?/forum/134-solved-topics/",
                    "name": "Solved Topics"
                }
            }
        ]
    },
    "commentData": [
        {
            "id": 82245,
            "timestamp": 1374584171,
            "author": {
                "id": 13233,
                "name": "fliegendeflasche97",
                "image": null
            },
            "comment": "\n<p >hello everyone. i dont want ot make a normal teleporter that teleports to zone  4 3  as example</p>\n<p >because i want to use a teleporter for every closed akan door.</p>\n<p >i tryed it with adding a subzone to the teleporter like. 2 or 1. but the subzone of the akan map is somewhere other. and only have 2 subzones.</p>\n<p >so i want to know if there is any way to make a teleporter. port me just on the other side of the door.</p>\n<p >if yes. what i have to change and where?</p>\n\n\n\t\t\t\n\t\t\t\t\n\n<span class=\"ipsType_reset ipsType_medium ipsType_light\" data-excludequote=\"None\" >\n\t<strong >Edited <time datetime=\"2013-07-23T18:41:18Z\" title=\"07/23/2013 06:41  PM\" data-short=\"7 yr\" >July 23, 2013</time> by fliegendeflasche97</strong>\n\t\n\t\n</span>\n\t\t\t\n\t\t</div>"
        },
        {
            "id": 82261,
            "timestamp": 1374586635,
            "author": {
                "id": 161,
                "name": "Koko",
                "image": null
            },
            "comment": "<p >Ure on the right way ;) u just need to edit akans subzones in the database (a_pos_count, a_pos_top etc... fields) and add as many as u want.</p>"
        },
        {
            "id": 82262,
            "timestamp": 1374587044,
            "author": {
                "id": 13233,
                "name": "fliegendeflasche97",
                "image": null
            },
            "comment": "\n<p >i use the akan as normal dungeon for prokion shrine. thats why i want to to this.</p>\n<p >i understand that i can add more subzones in a_po_count.  there are actually 3 subzones. i think ( 0 ; 1 ; 2 ) because all over 2 dont work yet.</p>\n<p >so thanks to you koko.</p>\n<p >but i dont understand what are the koordinates for.  means i dont know what to enter in a_posleft a_posright. a_postop and a_posbottom</p>\n<p >(maybe a_posleft are the first numbers and a_posright the second numbers when im standing in the map. am i right? )</p>\n<p >but dont know how to get the high where i standing. for a_postop    and dont know what to enter for a_posbottom</p>\n\n\n\t\t\t\n\t\t\t\t\n\n<span class=\"ipsType_reset ipsType_medium ipsType_light\" data-excludequote=\"None\" >\n\t<strong >Edited <time datetime=\"2013-07-23T13:47:18Z\" title=\"07/23/2013 01:47  PM\" data-short=\"7 yr\" >July 23, 2013</time> by fliegendeflasche97</strong>\n\t\n\t\n</span>\n\t\t\t\n\t\t</div>"
        },
        {
            "id": 82278,
            "timestamp": 1374594865,
            "author": {
                "id": 161,
                "name": "Koko",
                "image": null
            },
            "comment": "\n<p >Almost.</p>\n<p >When you are in game there are coordinates above your radar (x, z)</p>\n<p > </p>\n<p >The pos fields are here to define the spawn square (you probably notice that you dont spawn at the exact same location on a map every time).</p>\n<p >So basically, the first field is the min x pos, second min z pos, third max x pos, and last max z pos.</p>\n"
        },
        {
            "id": 82301,
            "timestamp": 1374603675,
            "author": {
                "id": 13233,
                "name": "fliegendeflasche97",
                "image": null
            },
            "comment": "\n<p >ah ok i understand.</p>\n<p >so the hight coordianates which i can found in spawnpoint tool when i move arround is not needed?</p>\n"
        },
        {
            "id": 82304,
            "timestamp": 1374604863,
            "author": {
                "id": 13233,
                "name": "fliegendeflasche97",
                "image": null
            },
            "comment": "\n<p >ok i solved it.</p>\n<p >thanks koko so much (:</p>\n"
        },
        {
            "id": 82305,
            "timestamp": 1374605084,
            "author": {
                "id": 161,
                "name": "Koko",
                "image": null
            },
            "comment": "<p >Youre welcome ;)</p>"
        }
    ]
}