{
    "meta": {
        "threadId": 10714,
        "threadName": "help with VPS",
        "dateCreated": "2013-07-23T11:58:24+0000",
        "datePublished": "2013-07-23T11:58:24+0000",
        "pageCount": 1,
        "originalUrl": "https://lckb.dev/forum/index.php?/topic/10714-help-with-vps/",
        "authorId": 17404,
        "position": [
            {
                "@type": "ListItem",
                "position": 1,
                "item": {
                    "@id": "https://lckb.dev/forum/index.php?/forum/100-guides-help-section/",
                    "name": "Guides &amp; Help Section"
                }
            },
            {
                "@type": "ListItem",
                "position": 2,
                "item": {
                    "@id": "https://lckb.dev/forum/index.php?/forum/335-help-support/",
                    "name": "Help &amp; Support"
                }
            },
            {
                "@type": "ListItem",
                "position": 3,
                "item": {
                    "@id": "https://lckb.dev/forum/index.php?/forum/120-ep2-support/",
                    "name": "Ep2 Support"
                }
            },
            {
                "@type": "ListItem",
                "position": 4,
                "item": {
                    "@id": "https://lckb.dev/forum/index.php?/forum/134-solved-topics/",
                    "name": "Solved Topics"
                }
            }
        ]
    },
    "commentData": [
        {
            "id": 82236,
            "timestamp": 1374580704,
            "author": {
                "id": 17404,
                "name": "Proteo007",
                "image": null
            },
            "comment": "\n<p >Hii! :D</p>\n<p > </p>\n<p >Ive done a new server and i need a vps, but i have no idea about vps TT.</p>\n<p >If anyone could help me with vps (website where i can buy good vps, etc) id be so grateful</p>\n<p > </p>\n<p >Thanks!! ^^</p>\n<p > </p>\n<p >PD: please, dont say: \"its the wrong site for this topic\" directly show me the right site please.</p>\n"
        },
        {
            "id": 82239,
            "timestamp": 1374581475,
            "author": {
                "id": 17432,
                "name": "Nymphetamine",
                "image": null
            },
            "comment": "\n<p >My advice is a dedicated server</p>\n<p >Much more faster..but yeah costs a bit more</p>\n"
        },
        {
            "id": 82396,
            "timestamp": 1374655123,
            "author": {
                "id": 17404,
                "name": "Proteo007",
                "image": null
            },
            "comment": "<p >pff... could you explain me a little please</p>\n\n\t\t\t\n\t\t\t\t\n\n<span class=\"ipsType_reset ipsType_medium ipsType_light\" data-excludequote=\"None\" >\n\t<strong >Edited <time datetime=\"2013-07-24T08:38:57Z\" title=\"07/24/2013 08:38  AM\" data-short=\"7 yr\" >July 24, 2013</time> by Proteo007</strong>\n\t\n\t\n</span>\n\t\t\t\n\t\t</div>"
        },
        {
            "id": 82431,
            "timestamp": 1374670004,
            "author": {
                "id": 2069,
                "name": "LikeToMove",
                "image": null
            },
            "comment": "\n<p >VPS = Virtual Private Server = Virtual server hosted into a dedicated server.</p>\n<p >Ofc if u choose for a dedicated is more better than a simple vps, but its not cheap (starting from 50$/Month).</p>\n"
        },
        {
            "id": 83076,
            "timestamp": 1374997488,
            "author": {
                "id": 17404,
                "name": "Proteo007",
                "image": null
            },
            "comment": "\n<p >okok. thank you xd.</p>\n<p > </p>\n<p >could you give a link of a dedicated vps please? :D :rolleyes:</p>\n\n\n\t\t\t\n\t\t\t\t\n\n<span class=\"ipsType_reset ipsType_medium ipsType_light\" data-excludequote=\"None\" >\n\t<strong >Edited <time datetime=\"2013-07-28T07:45:02Z\" title=\"07/28/2013 07:45  AM\" data-short=\"7 yr\" >July 28, 2013</time> by Proteo007</strong>\n\t\n\t\n</span>\n\t\t\t\n\t\t</div>"
        },
        {
            "id": 83105,
            "timestamp": 1375012972,
            "author": {
                "id": 7695,
                "name": "CyberClaus",
                "image": null
            },
            "comment": "\n<p >Could you do something for yourself next time?</p>\n<p >A simple search in google gives your answer, its difficult to tell wich one is the better, for me its a trial error. You can be happy with one, that another is unhappy. try yourself.</p>\n<p ><a href=\"https://www.google.es/search?client=opera&q=dedicated+servers+europe&sourceid=opera&ie=UTF-8&oe=UTF-8\" rel=\"external nofollow\" >http://www.google.es/search?client=opera&q=dedicated+servers+europe&sourceid=opera&ie=UTF-8&oe=UTF-8</a></p>\n"
        },
        {
            "id": 83119,
            "timestamp": 1375017745,
            "author": {
                "id": 18563,
                "name": "ChaosPony",
                "image": null
            },
            "comment": "\n<blockquote data-ipsquote=\"\" class=\"ipsQuote\" data-ipsquote-contentcommentid=\"83076\" data-ipsquote-contentapp=\"forums\" data-ipsquote-contenttype=\"forums\" data-ipsquote-contentclass=\"forums_Topic\" data-ipsquote-contentid=\"10714\" data-ipsquote-username=\"Proteo007\" data-cite=\"Proteo007\" data-ipsquote-timestamp=\"1374997488\" ><div >\n<p >Proteo007, on 28 Jul 2013 - 09:44 AM, said:</p>\n<p >okok. thank you xd.</p>\n<p > </p>\n<p >could you give a link of a dedicated vps please? :D :rolleyes:</p>\n</div></blockquote>There is no \"dedicated vps\". Its either dedicated or vps, since VPS (Virtual Private Server) are virtualised, which means there is a Dedicated Server which runs more than 1 VPS. This means most of the time VPS do not have as much power as dedicated servers, since there is more than just 1 server running on one machine.<p > </p>\n<p >Also, before ordering a Dedicated Server you should get basic knowledge of linux. Not being able to differ between a VPS and a dedicated server shows that you dont have this knowledge.</p>\n<p > </p>\n<p >Public servers are no toys. There are thousands of bots scanning for vulnerable port ranges, MySQL and Apache or ngnix exploits or just SSH logins with standard ports or weak passwords (e.g. passwords that can be guessed through a quick dictionary or pw-list Brute Force). If your server is hacked and used to distribute Spam, host a proxy against your knowledge etc., YOU are responsible for the legal consequences.</p>\n<p > </p>\n<p >At least follow these basic steps before doing anything you might regret: <a href=\"http://www.cyberciti.biz/tips/linux-security.html\" rel=\"external nofollow\" >http://www.cyberciti.biz/tips/linux-security.html</a></p>\n"
        },
        {
            "id": 84602,
            "timestamp": 1376673333,
            "author": {
                "id": 2069,
                "name": "LikeToMove",
                "image": null
            },
            "comment": "<p >Answered & Closed ;)</p>"
        }
    ]
}