{
    "meta": {
        "threadId": 1072,
        "threadName": "Lust Trum 1-7 Map Size",
        "dateCreated": "2011-10-16T18:23:24+0000",
        "datePublished": "2011-10-16T18:23:24+0000",
        "pageCount": 1,
        "originalUrl": "https://lckb.dev/forum/index.php?/topic/1072-lust-trum-1-7-map-size/",
        "authorId": 37,
        "position": [
            {
                "@type": "ListItem",
                "position": 1,
                "item": {
                    "@id": "https://lckb.dev/forum/index.php?/forum/271-general-section/",
                    "name": "General Section"
                }
            },
            {
                "@type": "ListItem",
                "position": 2,
                "item": {
                    "@id": "https://lckb.dev/forum/index.php?/forum/259-general-discussion/",
                    "name": "General Discussion"
                }
            }
        ]
    },
    "commentData": [
        {
            "id": 8744,
            "timestamp": 1318789404,
            "author": {
                "id": 37,
                "name": "BashVendetta",
                "image": null
            },
            "comment": "<p >Anyone know what the map size is for Lust Trum 1-7?</p>"
        }
    ]
}