{
    "meta": {
        "threadId": 10747,
        "threadName": "How can I make a zone teleport scroll?",
        "dateCreated": "2013-07-24T15:19:57+0000",
        "datePublished": "2013-07-24T15:19:57+0000",
        "pageCount": 1,
        "originalUrl": "https://lckb.dev/forum/index.php?/topic/10747-how-can-i-make-a-zone-teleport-scroll/",
        "authorId": 16931,
        "position": [
            {
                "@type": "ListItem",
                "position": 1,
                "item": {
                    "@id": "https://lckb.dev/forum/index.php?/forum/100-guides-help-section/",
                    "name": "Guides &amp; Help Section"
                }
            },
            {
                "@type": "ListItem",
                "position": 2,
                "item": {
                    "@id": "https://lckb.dev/forum/index.php?/forum/335-help-support/",
                    "name": "Help &amp; Support"
                }
            },
            {
                "@type": "ListItem",
                "position": 3,
                "item": {
                    "@id": "https://lckb.dev/forum/index.php?/forum/120-ep2-support/",
                    "name": "Ep2 Support"
                }
            },
            {
                "@type": "ListItem",
                "position": 4,
                "item": {
                    "@id": "https://lckb.dev/forum/index.php?/forum/134-solved-topics/",
                    "name": "Solved Topics"
                }
            }
        ]
    },
    "commentData": [
        {
            "id": 82464,
            "timestamp": 1374679197,
            "author": {
                "id": 16931,
                "name": "Walletman987",
                "image": null
            },
            "comment": "<p >I need to make one so I can so the newbies cant go into the map we have for leveling from 180-200.</p>"
        },
        {
            "id": 82465,
            "timestamp": 1374679361,
            "author": {
                "id": 307,
                "name": "ReturnKratos",
                "image": null
            },
            "comment": "\n<p >pick some other scroll teleport then copy to new,</p>\n<p > </p>\n<p >change che effect (into box like attack and defence)</p>\n<p > </p>\n<p >save, export sql. and try</p>\n"
        },
        {
            "id": 82467,
            "timestamp": 1374679924,
            "author": {
                "id": 7695,
                "name": "CyberClaus",
                "image": null
            },
            "comment": "<p >To be easier, i would advice you pick the Egha Scroll, copy it and change the options accordingly.</p>"
        },
        {
            "id": 82469,
            "timestamp": 1374680160,
            "author": {
                "id": 2041,
                "name": "HateMe",
                "image": null
            },
            "comment": "<p ><img alt=\"mp32pAZ.png\" src=\"https://i.imgur.com/mp32pAZ.png\" /></p>"
        },
        {
            "id": 82751,
            "timestamp": 1374793240,
            "author": {
                "id": 16931,
                "name": "Walletman987",
                "image": null
            },
            "comment": "\n<blockquote data-ipsquote=\"\" class=\"ipsQuote\" data-ipsquote-contentcommentid=\"82469\" data-ipsquote-contentapp=\"forums\" data-ipsquote-contenttype=\"forums\" data-ipsquote-contentclass=\"forums_Topic\" data-ipsquote-contentid=\"10747\" data-ipsquote-username=\"HateMe\" data-cite=\"HateMe\" data-ipsquote-timestamp=\"1374680160\" ><div ><div ><p ><img alt=\"mp32pAZ.png\" src=\"https://i.imgur.com/mp32pAZ.png\" /></p></div></div></blockquote>\n<p >Thanks frend</p>\n"
        },
        {
            "id": 83315,
            "timestamp": 1375090932,
            "author": {
                "id": 7482,
                "name": "Creep",
                "image": null
            },
            "comment": "<p >Is there also a ability to add a subzone?</p>"
        },
        {
            "id": 83345,
            "timestamp": 1375109666,
            "author": {
                "id": 2041,
                "name": "HateMe",
                "image": null
            },
            "comment": "\n<p >sadly they didnt add the subzone... only with a hook it is posible</p>\n<p > </p>\n<p >Num 0 = type</p>\n<p > </p>\n<p >the types:</p>\n<p >// IONCE_WARP : \u00c3\u0192\u00c2\u00c3\u201a\u00c2\u00be\u00c3\u201a\u00c2\u00b7\u00c3\u0192\u00c2\u00b9<br />#define        IONCE_WARP_RETURN        0        // \u00c3\u0192\u00e2\u20ac \u00c3\u201a\u00c2\u00af\u00c3\u0192\u00c2\u00c3\u201a\u00c2\u00a4 \u00c3\u0192\u00c2\u00c3\u201a\u00c2\u00b8 \u00c3\u201a\u00c2\u00b1\u00c3\u0192\u00c2\u00c3\u0192\u00cb\u2020\u00c3\u201a\u00c2\u00af \u00c3\u0192\u00e2\u201a\u00ac\u00c3\u0192\u00c2\u00a5\u00c3\u0192\u00e2\u20ac\u017e\u00c3\u201a\u00c2\u00a1<br />#define        IONCE_WARP_MEMPOS        1        // \u00c3\u201a\u00c2\u00b1\u00c3\u0192\u00c2\u00a2\u00c3\u201a\u00c2\u00be\u00c3\u0192\u00c2\u00af\u00c3\u201a\u00c2\u00b5\u00c3\u0192\u00cb\u2020 \u00c3\u0192\u00e2\u201a\u00ac\u00c3\u0192\u00c2\u00a5\u00c3\u201a\u00c2\u00bc\u00c3\u0192\u00e2\u20ac\u2122\u00c3\u201a\u00c2\u00b7\u00c3\u0192\u00c5\u00bd \u00c3\u0192\u00e2\u201a\u00ac\u00c3\u0192\u00c5\u2019\u00c3\u201a\u00c2\u00b5\u00c3\u201a\u00c2\u00bf<br />#define        IONCE_WARP_MARGADUM_PVP    2        // \u00c3\u201a\u00c2\u00b8\u00c3\u0192\u00c5\u00be\u00c3\u201a\u00c2\u00b6\u00c3\u0192\u00c2\u00b3\u00c3\u0192\u00e2\u20ac\u00a6\u00c3\u201a\u00c2\u00a9 pvp \u00c3\u0192\u00e2\u201a\u00ac\u00c3\u0192\u00c5\u2019\u00c3\u201a\u00c2\u00b5\u00c3\u201a\u00c2\u00bf<br />#define        IONCE_WARP_PARTYRECALL    3        // 060227 : bs : \u00c3\u0192\u00e2\u20ac \u00c3\u0192\u00e2\u20ac\u017e\u00c3\u0192\u00e2\u20ac \u00c3\u201a\u00c2\u00bc\u00c3\u201a\u00c2\u00b8\u00c3\u201a\u00c2\u00ae\u00c3\u0192\u00e2\u20ac\u017e\u00c3\u0192\u00c2<br />#define        IONCE_WARP_MEMPOSPLUS    4        // \u00c3\u0192\u00e2\u201a\u00ac\u00c3\u201a\u00c2\u00af\u00c3\u201a\u00c2\u00b7\u00c3\u0192\u00c2\u00a1 \u00c3\u201a\u00c2\u00be\u00c3\u0192\u00e2\u20ac \u00c3\u0192\u00e2\u201a\u00ac\u00c3\u0192\u00c5\u2019\u00c3\u0192\u00e2\u20ac\u00a6\u00c3\u0192\u00e2\u20ac\u00ba \u00c3\u0192\u00e2\u201a\u00ac\u00c3\u0192\u00c5\u2019\u00c3\u201a\u00c2\u00b5\u00c3\u201a\u00c2\u00bf</p>\n"
        },
        {
            "id": 83372,
            "timestamp": 1375122359,
            "author": {
                "id": 16931,
                "name": "Walletman987",
                "image": null
            },
            "comment": "<p >Can someone mark this topic as solved?  I cant edit it to make it SOLVED.</p>"
        }
    ]
}