{
    "meta": {
        "threadId": 10749,
        "threadName": "Errors starting Servers",
        "dateCreated": "2013-07-24T16:40:33+0000",
        "datePublished": "2013-07-24T16:40:33+0000",
        "pageCount": 1,
        "originalUrl": "https://lckb.dev/forum/index.php?/topic/10749-errors-starting-servers/",
        "authorId": 18226,
        "position": [
            {
                "@type": "ListItem",
                "position": 1,
                "item": {
                    "@id": "https://lckb.dev/forum/index.php?/forum/100-guides-help-section/",
                    "name": "Guides &amp; Help Section"
                }
            },
            {
                "@type": "ListItem",
                "position": 2,
                "item": {
                    "@id": "https://lckb.dev/forum/index.php?/forum/335-help-support/",
                    "name": "Help &amp; Support"
                }
            },
            {
                "@type": "ListItem",
                "position": 3,
                "item": {
                    "@id": "https://lckb.dev/forum/index.php?/forum/120-ep2-support/",
                    "name": "Ep2 Support"
                }
            },
            {
                "@type": "ListItem",
                "position": 4,
                "item": {
                    "@id": "https://lckb.dev/forum/index.php?/forum/134-solved-topics/",
                    "name": "Solved Topics"
                }
            }
        ]
    },
    "commentData": [
        {
            "id": 82494,
            "timestamp": 1374684033,
            "author": {
                "id": 18226,
                "name": "OldHM",
                "image": null
            },
            "comment": "\n<p >Hey Com!</p>\n<p > </p>\n<p >I get the Following errors:</p>\n<p > </p>\n<p ><a href=\"https://gyazo.com/d87202ef549e5e8a569c341dbea21f16\" rel=\"external nofollow\" >http://gyazo.com/d87202ef549e5e8a569c341dbea21f16</a></p>\n<p > </p>\n<p > </p>\n<p > </p>\n<p > </p>\n<p > </p>\n<p > </p>\n<p >And this is my Starting thing:</p>\n<pre class=\"ipsCode prettyprint\" >#!/bin/sh\n\ncd /home/Connector/Connector\n./Connector start &\n\ncd /home/Helper/Helper\n./Helper start &\n\ncd /home/SubHelper/SubHelper\n./SubHelper start &\n\ncd /home/Messenger/Messenger\n./Messenger start &\n\ncd /home/Login/Login\n./LoginServer start &\n</pre>\n<p >I removed gameserver to see the error</p>\n<p > </p>\n<p >Can anyone help me?</p>\n<p > </p>\n\n\n\t\t\t\n\t\t\t\t\n\n<span class=\"ipsType_reset ipsType_medium ipsType_light\" data-excludequote=\"None\" >\n\t<strong >Edited <time datetime=\"2013-07-24T22:03:53Z\" title=\"07/24/2013 10:03  PM\" data-short=\"7 yr\" >July 24, 2013</time> by Mendozza</strong>\n\t\n\t\n</span>\n\t\t\t\n\t\t</div>"
        },
        {
            "id": 82526,
            "timestamp": 1374688655,
            "author": {
                "id": null,
                "name": "Guest SmoGG",
                "image": null
            },
            "comment": "<p >Please use next time search function - <a href=\"http://toxic-l33t.ddns.net/forum/index.php?/topic/10499-error-libmysql/\" rel=\"external nofollow\" >http://toxic-l33t.ddns.net/forum/index.php?/topic/10499-error-libmysql/</a></p>"
        },
        {
            "id": 82528,
            "timestamp": 1374688943,
            "author": {
                "id": 18226,
                "name": "OldHM",
                "image": null
            },
            "comment": "<p >Installed it now but still have: 2013/07/24 20:01:05 :: SYS_ERR > bind<br /> </p>"
        },
        {
            "id": 82529,
            "timestamp": 1374689440,
            "author": {
                "id": null,
                "name": "Guest SmoGG",
                "image": null
            },
            "comment": "<p >Try to restart the GS (top - search the PID - kill the process) (or maybe all (GS,LS,Connector,...))</p>"
        },
        {
            "id": 82533,
            "timestamp": 1374691636,
            "author": {
                "id": 18226,
                "name": "OldHM",
                "image": null
            },
            "comment": "\n<p >New Error: Failed to connect to Login Server...</p>\n<p > </p>\n<p >Checked:</p>\n<p >Login Server <span >\u00c3\u00a2\u00c5\u201c\u00e2\u20ac\u0153</span></p>\n<p ><span >SL.DTA </span><span >\u00c3\u00a2\u00c5\u201c\u00e2\u20ac\u0153</span></p>\n<p > </p>\n<p > </p>\n<p ><span >Any other ideas?</span></p>\n<p > </p>\n<p ><span >They are both the same but idont know what it could be</span></p>\n"
        },
        {
            "id": 82555,
            "timestamp": 1374703404,
            "author": {
                "id": 18226,
                "name": "OldHM",
                "image": null
            },
            "comment": "<p >Solved, my SL.DTA editor didnt work its bugged.</p>"
        }
    ]
}