{
    "meta": {
        "threadId": 1074,
        "threadName": "OnLive SUCKS!",
        "dateCreated": "2011-10-17T04:26:31+0000",
        "datePublished": "2011-10-17T04:26:31+0000",
        "pageCount": 1,
        "originalUrl": "https://lckb.dev/forum/index.php?/topic/1074-onlive-sucks/",
        "authorId": null,
        "position": [
            {
                "@type": "ListItem",
                "position": 1,
                "item": {
                    "@id": "https://lckb.dev/forum/index.php?/forum/271-general-section/",
                    "name": "General Section"
                }
            },
            {
                "@type": "ListItem",
                "position": 2,
                "item": {
                    "@id": "https://lckb.dev/forum/index.php?/forum/259-general-discussion/",
                    "name": "General Discussion"
                }
            }
        ]
    },
    "commentData": [
        {
            "id": 8751,
            "timestamp": 1318825591,
            "author": {
                "id": null,
                "name": "Guest Jackster",
                "image": null
            },
            "comment": "\n<p >As you can see.</p>\n<p > </p>\n<p > </p>\n<p >OnLive sucks.</p>\n<p > </p>\n<p > </p>\n<p > </p>\n<p ><img alt=\"onlive.jpg\" src=\"http://jackogara.info/onlive.jpg\" /></p>\n"
        },
        {
            "id": 8752,
            "timestamp": 1318826982,
            "author": {
                "id": null,
                "name": "Guest Jackster",
                "image": null
            },
            "comment": "\n<p >I dont see this as a good way for people to try games out.</p>\n<p > </p>\n<p >It is basically playing a game via RDC.</p>\n<p > </p>\n<p >Multiplayer sucks. 500-800 ms ping.</p>\n<p > </p>\n<p >Main reason they dont have any of the good games is that the game developers dont want their games to be seen used on such service as it is a bad experience.</p>\n<p > </p>\n<p >Now yes people who have money problems and cant afford a gaming rig would benefit but why waste money on a game that you dont even own any hard copy :/</p>\n"
        },
        {
            "id": 8754,
            "timestamp": 1318831335,
            "author": {
                "id": 919,
                "name": "someone",
                "image": null
            },
            "comment": "\n<blockquote data-ipsquote=\"\" class=\"ipsQuote\" data-ipsquote-username=\"\\\" data-cite=\"\\\" data-ipsquote-contentapp=\"forums\" data-ipsquote-contenttype=\"forums\" data-ipsquote-contentid=\"1074\" data-ipsquote-contentclass=\"forums_Topic\" ><div >When they get bigger they will buy out publishing rights to every game. Im sure they dont have enough cash to wave around to big publishers like EA yet. You have to keep in mind this is really for the traveling person. Who dont have time to install games on every system he comes into contact with. More or less im sure even kids will figure out how to play this in school (lol). It looks like a great service for what it offers. But for a hardcore gamer, stick to buying the real thing. Im with ya, there is more pride in owning the original game disks, and case. :)</div></blockquote>\n<p >Even for the RE scope, and its a lot easier to do it since most people  who RE the game will have trouble, getting content since the game its not full on their system.</p>\n<p > </p>\n<p >1)Little good for security reasons.</p>\n<p >2)Player can play immediately that they download a little file, and the game will grow as much as you play.</p>\n"
        }
    ]
}