{
    "meta": {
        "threadId": 1076,
        "threadName": "Have VPS and dont know what to do with ?",
        "dateCreated": "2011-10-17T14:09:21+0000",
        "datePublished": "2011-10-17T14:09:21+0000",
        "pageCount": 1,
        "originalUrl": "https://lckb.dev/forum/index.php?/topic/1076-have-vps-and-dont-know-what-to-do-with/",
        "authorId": null,
        "position": [
            {
                "@type": "ListItem",
                "position": 1,
                "item": {
                    "@id": "https://lckb.dev/forum/index.php?/forum/271-general-section/",
                    "name": "General Section"
                }
            },
            {
                "@type": "ListItem",
                "position": 2,
                "item": {
                    "@id": "https://lckb.dev/forum/index.php?/forum/259-general-discussion/",
                    "name": "General Discussion"
                }
            }
        ]
    },
    "commentData": [
        {
            "id": 8768,
            "timestamp": 1318860561,
            "author": {
                "id": null,
                "name": "Guest BouletteBill",
                "image": null
            },
            "comment": "\n<p >Hey :)</p>\n<p > </p>\n<p >Im looking for someone with Window VPS on hand and need help to host Emulator.</p>\n<p > </p>\n<p >I would host my own Emulator, but dont have VPS and dont wanna host it at home, so just pm me :)</p>\n"
        },
        {
            "id": 8776,
            "timestamp": 1318870405,
            "author": {
                "id": null,
                "name": "Guest megachombas",
                "image": null
            },
            "comment": "\n<p >lol, like if people pays 30 euros (imma crazy? 30 euros is just the price of the MONTHLY windows liscence) just for fun?.</p>\n<p > </p>\n<p >if then, i want to help to >.></p>\n"
        },
        {
            "id": 8795,
            "timestamp": 1318892080,
            "author": {
                "id": null,
                "name": "Guest Jackster",
                "image": null
            },
            "comment": "\n<p >I host about 400 Windows VPS server.</p>\n<p > </p>\n<p >If you want one PM.</p>\n<p > </p>\n<p >I host my EP2 server off one.. Works very well.</p>\n"
        },
        {
            "id": 8796,
            "timestamp": 1318901707,
            "author": {
                "id": null,
                "name": "Guest BouletteBill",
                "image": null
            },
            "comment": "\n<blockquote data-ipsquote=\"\" class=\"ipsQuote\" data-ipsquote-username=\"\\\" data-cite=\"\\\" data-ipsquote-contentapp=\"forums\" data-ipsquote-contenttype=\"forums\" data-ipsquote-contentid=\"1076\" data-ipsquote-contentclass=\"forums_Topic\" ><div >I host about 400 Windows VPS server.<p > </p>\n<p >If you want one PM.</p>\n<p > </p>\n<p >I host my EP2 server off one.. Works very well.</p>\n</div></blockquote>\n<p > </p>\n<p >PM sended ;)</p>\n"
        }
    ]
}