{
    "meta": {
        "threadId": 10763,
        "threadName": "Episode 1 Juno",
        "dateCreated": "2013-07-25T11:40:18+0000",
        "datePublished": "2013-07-25T11:40:18+0000",
        "pageCount": 1,
        "originalUrl": "https://lckb.dev/forum/index.php?/topic/10763-episode-1-juno/",
        "authorId": 17432,
        "position": [
            {
                "@type": "ListItem",
                "position": 1,
                "item": {
                    "@id": "https://lckb.dev/forum/index.php?/forum/258-release-zone/",
                    "name": "Release Zone"
                }
            },
            {
                "@type": "ListItem",
                "position": 2,
                "item": {
                    "@id": "https://lckb.dev/forum/index.php?/forum/336-general-releases/",
                    "name": "General Releases"
                }
            },
            {
                "@type": "ListItem",
                "position": 3,
                "item": {
                    "@id": "https://lckb.dev/forum/index.php?/forum/288-general-client-releases/",
                    "name": "General Client Releases"
                }
            }
        ]
    },
    "commentData": [
        {
            "id": 82638,
            "timestamp": 1374752418,
            "author": {
                "id": 17432,
                "name": "Nymphetamine",
                "image": null
            },
            "comment": "\n<p >Here u have server files and client files of latest EP1 juno for EP2 clients</p>\n<br /><p >Basically its easy copy paste,but i released it for who dont have EP1 clients and is lazy to download a new one just for take juno from there</p>\n<br /><p >Read me included</p>\n<br /><p >Hope it helps a bit and let u save a bit of time</p>\n<br /><p ><strong ><a href=\"https://mega.co.nz/#!kQoCWKaJ!QOl8TD1rWdelrzBZuzTNNVhBoQ9TNqDSiIY9OuYHKR4\" rel=\"external nofollow\" ><span style=\"color:#00ff00;\" ><span style=\"font-size:24px;\" >Download Link [MEGA]</span></span></a></strong></p>\n<br /><p ><a href=\"http://www.multiupload.nl/DCWVFPJC1X\" rel=\"external nofollow\" ><strong ><span style=\"color:#00ff00;\" ><span style=\"font-size:24px;\" >Dowload Link [MULTI UPLOAD]</span></span></strong></a></p>\n<br /><p ><strong ><a href=\"https://www.virustotal.com/it/url/274b18e83a3b2b1db2350782fdb36e225aa3d656f350d26269233ac115c82f67/analysis/1374752376/\" rel=\"external nofollow\" ><span style=\"color:#ff0000;\" ><span style=\"font-size:24px;\" >URL Scan [VIRUS TOTAL]</span></span></a></strong></p>\n<br />"
        },
        {
            "id": 82748,
            "timestamp": 1374790973,
            "author": {
                "id": 17991,
                "name": "iSixxer",
                "image": null
            },
            "comment": "<p ><span ><span >Please download</span> <span >it</span> <span >somewhere</span> <span >high</span> <span >mega</span> <span >is with me</span> <span >down ... :(</span></span></p>"
        },
        {
            "id": 82936,
            "timestamp": 1374878882,
            "author": {
                "id": 588,
                "name": "Natzn",
                "image": null
            },
            "comment": "\n<p >Reuploaded by Natzn</p>\n<p > </p>\n<p >----><a href=\"http://www.multiupload.nl/DCWVFPJC1X\" rel=\"external nofollow\" >HERE</a><----</p>\n<p > </p>\n<p >Regards</p>\n<p >Natzn</p>\n"
        },
        {
            "id": 82937,
            "timestamp": 1374880074,
            "author": {
                "id": 462,
                "name": "blade5000",
                "image": null
            },
            "comment": "\n<p ><a href=\"https://mega.co.nz/#!99NjkbzJ!QOl8TD1rWdelrzBZuzTNNVhBoQ9TNqDSiIY9OuYHKR4\" rel=\"external nofollow\" >Link</a></p>\n<p > </p>\n<p >mfg</p>\n<p >blade5000</p>\n"
        },
        {
            "id": 83330,
            "timestamp": 1375103940,
            "author": {
                "id": 17991,
                "name": "iSixxer",
                "image": null
            },
            "comment": "<p >Thx</p>"
        },
        {
            "id": 100143,
            "timestamp": 1405457296,
            "author": {
                "id": 20160,
                "name": "Rewas",
                "image": null
            },
            "comment": "<p >Sorry for replyng on old threads but does this actually work on ep3?</p>"
        },
        {
            "id": 100167,
            "timestamp": 1405498095,
            "author": {
                "id": 1503,
                "name": "Paramount",
                "image": null
            },
            "comment": "<p >Yes it does. </p>"
        }
    ]
}