{
    "meta": {
        "threadId": 10787,
        "threadName": "[GUIDE] Create ur own Jewels",
        "dateCreated": "2013-07-26T12:56:39+0000",
        "datePublished": "2013-07-26T12:56:39+0000",
        "pageCount": 1,
        "originalUrl": "https://lckb.dev/forum/index.php?/topic/10787-guide-create-ur-own-jewels/",
        "authorId": 2041,
        "position": [
            {
                "@type": "ListItem",
                "position": 1,
                "item": {
                    "@id": "https://lckb.dev/forum/index.php?/forum/100-guides-help-section/",
                    "name": "Guides &amp; Help Section"
                }
            },
            {
                "@type": "ListItem",
                "position": 2,
                "item": {
                    "@id": "https://lckb.dev/forum/index.php?/forum/332-tutorials-guides/",
                    "name": "Tutorials &amp; Guides"
                }
            },
            {
                "@type": "ListItem",
                "position": 3,
                "item": {
                    "@id": "https://lckb.dev/forum/index.php?/forum/107-ep2-guides/",
                    "name": "Ep2 Guides"
                }
            }
        ]
    },
    "commentData": [
        {
            "id": 82823,
            "timestamp": 1374843399,
            "author": {
                "id": 2041,
                "name": "HateMe",
                "image": null
            },
            "comment": "\n<p >a smal TuT</p>\n<p > </p>\n<p >best is you copy an old jewel and just edit the stuff you need</p>\n<p > </p>\n<p ><img alt=\"FJeMrcI.png\" src=\"https://i.imgur.com/FJeMrcI.png\" /></p>\n<p > </p>\n<p >add/change the option you want to the Common RareOption be sure it exist</p>\n<p > </p>\n<p ><img alt=\"Oy9EKdk.png\" src=\"https://i.imgur.com/Oy9EKdk.png\" /></p>\n<p > </p>\n<p > </p>\n<p > </p>\n<p >ok here comes a little fix that the jewel work for 100% also go to Rare Option Tab and add the same option to</p>\n<p >\"Option 0\"</p>\n<p > </p>\n<p ><img alt=\"1p5o.png\" src=\"https://img46.imageshack.us/img46/1570/1p5o.png\" /></p>\n<p > </p>\n<p >save edit to database and client,</p>\n<p >thats it... restart servers and it should work!</p>\n"
        },
        {
            "id": 82825,
            "timestamp": 1374844230,
            "author": {
                "id": 17991,
                "name": "iSixxer",
                "image": null
            },
            "comment": "<p >Nice , nice good work!</p>"
        },
        {
            "id": 82826,
            "timestamp": 1374844297,
            "author": {
                "id": 2167,
                "name": "dethunter12",
                "image": null
            },
            "comment": "<p >thanks already new this but its nice!</p>"
        },
        {
            "id": 82969,
            "timestamp": 1374896797,
            "author": {
                "id": 16931,
                "name": "Walletman987",
                "image": null
            },
            "comment": "<p >Thanks frend.</p>"
        }
    ]
}