{
    "meta": {
        "threadId": 10785,
        "threadName": "Conversion from string to long",
        "dateCreated": "2013-07-26T12:18:38+0000",
        "datePublished": "2013-07-26T12:18:38+0000",
        "pageCount": 1,
        "originalUrl": "https://lckb.dev/forum/index.php?/topic/10785-conversion-from-string-to-long/",
        "authorId": 13172,
        "position": [
            {
                "@type": "ListItem",
                "position": 1,
                "item": {
                    "@id": "https://lckb.dev/forum/index.php?/forum/272-programmers-gateway/",
                    "name": "Programmers Gateway"
                }
            },
            {
                "@type": "ListItem",
                "position": 2,
                "item": {
                    "@id": "https://lckb.dev/forum/index.php?/forum/79-coders-talk/",
                    "name": "Coders Talk"
                }
            }
        ]
    },
    "commentData": [
        {
            "id": 82818,
            "timestamp": 1374841118,
            "author": {
                "id": 13172,
                "name": "soryjero",
                "image": null
            },
            "comment": "\n<p >hello, i am trying to convert a string to long to be able to read that position from gs.</p>\n<p > </p>\n<p >i have this offset: 000ff886.</p>\n<p > </p>\n<p >i have saved it in a string variable, but i need to convert it to long to be able to asign it to fs.position = \"offset in long format\".</p>\n<p > </p>\n<p >i have tried this:</p>\n<pre class=\"ipsCode prettyprint\" >long.TryParse(Data[i].offset, out aux_off);\nfs.Position = aux_off;\n\n\n//where aux_off is format long\n//and Data[i].offsets is format string\n</pre>\n<p >but i get aux_off = 0 and</p>\n<p > </p>\n<p ><a href=\"http://grabilla.com/0371a-cf3ade83-481e-45c5-94c9-668d212721d5.html\" rel=\"external nofollow\" >http://grabilla.com/0371a-cf3ade83-481e-45c5-94c9-668d212721d5.html</a></p>\n<p > </p>\n<p ><a href=\"http://grabilla.com/0371a-892fa27f-76f4-4881-881f-c58002ec9738.html\" rel=\"external nofollow\" >http://grabilla.com/0371a-892fa27f-76f4-4881-881f-c58002ec9738.html</a></p>\n<p > </p>\n<p >would be aux_off = 1046662.</p>\n<p > </p>\n<p >so, could anyone tell me how to convert it correctly because i cant get it correctly with code i have posted here.</p>\n<p > </p>\n<p >thanks in advance</p>\n\n\n\t\t\t\n\t\t\t\t\n\n<span class=\"ipsType_reset ipsType_medium ipsType_light\" data-excludequote=\"None\" >\n\t<strong >Edited <time datetime=\"2013-07-27T04:05:54Z\" title=\"07/27/2013 04:05  AM\" data-short=\"7 yr\" >July 27, 2013</time> by soryjero</strong>\n\t\n\t\n</span>\n\t\t\t\n\t\t</div>"
        },
        {
            "id": 82898,
            "timestamp": 1374865960,
            "author": {
                "id": 919,
                "name": "someone",
                "image": null
            },
            "comment": "\n<p >Same result:</p>\n<pre class=\"ipsCode prettyprint\" >UInt32 i= Convert.ToUInt32(\"0x0C\", 16);\nUInt32 j= Convert.ToUInt32(\"0C\", 16);\n\n</pre>\n<p >If your app is a 32 bit application, dont use long because long is a signed Int64 (2 at power of 64), if it is a 64 bit application use ulong, or UInt64.</p>\n<p ><a href=\"https://msdn.microsoft.com/en-us/library/exx3b86w%28v=vs.80%29.aspx\" rel=\"external nofollow\" >http://msdn.microsoft.com/en-us/library/exx3b86w%28v=vs.80%29.aspx</a></p>\n<p > </p>\n<p ><img alt=\"cant_sleep.png\" src=\"http://www.explainxkcd.com/wiki/images/c/cc/cant_sleep.png\" /></p>\n"
        },
        {
            "id": 82970,
            "timestamp": 1374897941,
            "author": {
                "id": 13172,
                "name": "soryjero",
                "image": null
            },
            "comment": "\n<blockquote data-ipsquote=\"\" class=\"ipsQuote\" data-ipsquote-contentcommentid=\"82898\" data-ipsquote-contentapp=\"forums\" data-ipsquote-contenttype=\"forums\" data-ipsquote-contentclass=\"forums_Topic\" data-ipsquote-contentid=\"10785\" data-ipsquote-username=\"someone\" data-cite=\"someone\" data-ipsquote-timestamp=\"1374865960\" ><div ><div >\n<p >Same result:</p>\n<pre class=\"ipsCode prettyprint\" >UInt32 i= Convert.ToUInt32(\"0x0C\", 16);\nUInt32 j= Convert.ToUInt32(\"0C\", 16);\n\n</pre>\n<p >If your app is a 32 bit application, dont use long because long is a signed Int64 (2 at power of 64), if it is a 64 bit application use ulong, or UInt64.</p>\n<p ><a href=\"https://msdn.microsoft.com/en-us/library/exx3b86w%28v=vs.80%29.aspx\" rel=\"external nofollow\" >http://msdn.microsoft.com/en-us/library/exx3b86w%28v=vs.80%29.aspx</a></p>\n<p > </p>\n<p ><img alt=\"cant_sleep.png\" src=\"http://www.explainxkcd.com/wiki/images/c/cc/cant_sleep.png\" /></p>\n</div></div></blockquote>\n<p > </p>\n<p >it works perfectly.</p>\n<p > </p>\n<p >thanks again wiza :)</p>\n"
        },
        {
            "id": 83144,
            "timestamp": 1375023677,
            "author": {
                "id": 1503,
                "name": "Paramount",
                "image": null
            },
            "comment": "\n<blockquote data-ipsquote=\"\" class=\"ipsQuote\" data-ipsquote-contentcommentid=\"82970\" data-ipsquote-contentapp=\"forums\" data-ipsquote-contenttype=\"forums\" data-ipsquote-contentclass=\"forums_Topic\" data-ipsquote-contentid=\"10785\" data-ipsquote-username=\"soryjero\" data-cite=\"soryjero\" data-ipsquote-timestamp=\"1374897941\" ><div ><div >\n<p >it works perfectly.</p>\n<p > </p>\n<p >thanks again wiza :)</p>\n</div></div></blockquote>\n<p >Wiza?</p>\n<p >...</p>\n"
        },
        {
            "id": 83149,
            "timestamp": 1375024373,
            "author": {
                "id": null,
                "name": "Guest Johnny5",
                "image": null
            },
            "comment": "<p >Topic Closed by a moderator. The reason why: Solved</p>"
        }
    ]
}