{
    "meta": {
        "threadId": 10794,
        "threadName": "My website is all over the place",
        "dateCreated": "2013-07-26T17:32:23+0000",
        "datePublished": "2013-07-26T17:32:23+0000",
        "pageCount": 1,
        "originalUrl": "https://lckb.dev/forum/index.php?/topic/10794-my-website-is-all-over-the-place/",
        "authorId": 15794,
        "position": [
            {
                "@type": "ListItem",
                "position": 1,
                "item": {
                    "@id": "https://lckb.dev/forum/index.php?/forum/40-website-scripting-security/",
                    "name": "Website Scripting &amp; Security"
                }
            },
            {
                "@type": "ListItem",
                "position": 2,
                "item": {
                    "@id": "https://lckb.dev/forum/index.php?/forum/117-webmasters-help-talk/",
                    "name": "Webmasters Help &amp; Talk"
                }
            },
            {
                "@type": "ListItem",
                "position": 3,
                "item": {
                    "@id": "https://lckb.dev/forum/index.php?/forum/188-help-requests/",
                    "name": "Help &amp; Requests"
                }
            }
        ]
    },
    "commentData": [
        {
            "id": 82868,
            "timestamp": 1374859943,
            "author": {
                "id": 15794,
                "name": "Sutton",
                "image": null
            },
            "comment": "\n<p >Hey LCKB Community,</p>\n<p >I have had many problems with my computers which is why I was mainly not around but I have recently been on a computer and I have had time to continue on my UniqueProductionZ website!</p>\n<p > </p>\n<p >When I came back to work on my website I found loads of problems with it one of my main problems are that my website is all over the place and I cannot find out why it isnt going back to normal in the right place.</p>\n<p > </p>\n<p >I am going to give you my index.php file so if anyone wants to help me and look at the coding to see if they can find any errors they can. </p>\n<p > </p>\n<p >I have continuously searched on Google but I cannot find a solution so then the only reason why it is messing up is because there is some broken coding, But I cannot find the solution.</p>\n<p > </p>\n<p >You could look at the website online but you wont be able to see any of the PHP coding. I am in the middle of building a new design for it so it isnt great atm but the parts of my website such as the main content will not stay in the table instead it is going underneath the table even though the coding tells it to stay in the table. You can find the website homepage download and link at the bottom.</p>\n<p > </p>\n<p >If anyone can help me by looking at the coding or by telling me what could be causing it I will be very grateful. </p>\n<p > </p>\n<p >Thanks in advanced :)</p>\n<p > </p>\n<p >Unique</p>\n<p > </p>\n<p >P.S - If you need any other files linked with my website just comment or PM and I will upload them for you to look at.</p>\n<p > </p>\n<p >My website link: <a href=\"http://uniqueproductionz.com\" rel=\"external nofollow\" >http://uniqueproductionz.com</a></p>\n<p ><a href=\"https://lckb.dev/forum/applications/core/interface/file/attachment.php?id=121\" data-fileid=\"121\" data-fileext=\"php\" rel=\"\" >index.php</a></p>\n"
        },
        {
            "id": 82872,
            "timestamp": 1374861553,
            "author": {
                "id": 2,
                "name": "Wizatek",
                "image": null
            },
            "comment": "\n<p >Looking at this i am not sure how the website should look like when its right. </p>\n<p >Could u make a quick drawing of it?</p>\n"
        },
        {
            "id": 82890,
            "timestamp": 1374863071,
            "author": {
                "id": 15794,
                "name": "Sutton",
                "image": null
            },
            "comment": "\n<p >This is the drawing.</p>\n<p > </p>\n<p >Thanks Wiz :)</p>\n<p ><a class=\"ipsAttachLink ipsAttachLink_image\" href=\"https://lckb.dev/forum/uploads/monthly_07_2013/post-15794-0-59616400-1374863054.png\" data-fileid=\"122\" data-fileext=\"png\" rel=\"\" ><img data-fileid=\"122\" class=\"ipsImage ipsImage_thumbnailed\" alt=\"post-15794-0-59616400-1374863054_thumb.png\" src=\"https://lckb.dev/forum/uploads/monthly_07_2013/post-15794-0-59616400-1374863054_thumb.png\" ></img></a></p>\n"
        },
        {
            "id": 82899,
            "timestamp": 1374866710,
            "author": {
                "id": 2,
                "name": "Wizatek",
                "image": null
            },
            "comment": "\n<p >The problem is dat u use so many tables and even put tables in tables in tables that in the end it gets really hard to find something back.</p>\n<p > </p>\n<p >try this:</p>\n<p > </p>\n<p ></p>\n<pre class=\"ipsCode prettyprint lang-auto linenums:0\" ><!DOCTYPE html PUBLIC \"-//W3C//DTD XHTML 1.0 Strict//EN\" \"http://www.w3.org/TR/xhtml1/DTD/xhtml1-strict.dtd\">\n<html xmlns=\"http://www.w3.org/1999/xhtml\" dir=\"ltr\" lang=\"en\" >\n\n\t<head >\n\t\t<title >UniqueProductionZ | Members</title>\n\t\t<meta http-equiv=\"Content-Type\" content=\"text/html; charset=UTF-8\" />\n\t\t<style type=\"text/css\" >\n\t\t\t#wrapper { width: 1000px; margin:0 auto; background-color:#e0e0e0;}\n\t\t\t#header { height:150px; background-color:#29b9f5; }\n\t\t\n\t\t\tul { border:1px solid black; background-color:#c0c0c0; margin:0;}\n\t\t\tli { display: inline; margin:5px; }\n\t\t\t\n\t\t\t#container {  padding-left: 200px; padding-right: 200px;  }\n\t\t\t#container .column { position: relative; float: left; }\n\t\t\t#center { width: 100%; background-color:white; height:500px; }\n\t\t\t#left { width: 200px; right: 200px; ;  }\n\t\t\t#right { width: 200px; margin-right: -200px; }\n\t\t\t\n\t\t\t#footer { clear:both; height:150px; background-color:#29b9f5; }\n\t\t\t\n\t\t</style>\n\t</head>\t\n\t\n\t<body >\n\t\t<div id=\"wrapper\" >\n\t\t\n\t\t\t<div id=\"header\" ></div>\n\t\t\t\n\t\t\t<div id=\"menu\" >\n\t\t\t\t<ul >\n\t\t\t\t\t<li >Home</li>\n\t\t\t\t\t<li >Forum</li>\n\t\t\t\t\t<li >Gaming</li>\n\t\t\t\t\t<li >Programming</li>\n\t\t\t\t\t<li >Web Design</li>\n\t\t\t\t\t<li >Image Design</li>\n\t\t\t\t\t<li >Extras</li>\n\t\t\t\t\t<li >Contact Us</li>\n\t\t\t\t</ul>\n\t\t\t</div>\n\t\t\t\n\t\t\t<div id=\"container\" >\n\t\t\t\n\t\t\t\t<div id=\"center\" class=\"column\" >Content area</div>\n\t\t\t\t\n\t\t\t\t\n\t\t\t\t<div id=\"left\" class=\"column\" ><h2 >Quick login:</h2>\n\t\t\t\t\t<hr />\n\t\t\t\t\t<table >\n\t\t\t\t\t\t<tr >\n\t\t\t\t\t\t\t<td >Login</td>\n\t\t\t\t\t\t\t<td ><input type=\"text\" size=\"16\" /></td>\n\t\t\t\t\t\t</tr>\n\t\t\t\t\t\t<tr >\n\t\t\t\t\t\t\t<td >Password</td>\n\t\t\t\t\t\t\t<td ><input type=\"password\" size=\"16\" /></td>\n\t\t\t\t\t\t</tr>\n\t\t\t\t\t</table>\n\t\t\t\t\t<input type=\"submit\" value=\"Login\" /><br />\n\t\t\t\t\tRegister<br />Forgot Password\n\t\t\t\t</div>\n\t\t\t\t\n\t\t\t\t\n\t\t\t\t<div id=\"right\" class=\"column\" >\n\t\t\t\t\t<h2 >UniqueProductions</h2>\n\t\t\t\t\t<hr />\n\t\t\t\t\tFacebook<br />Twitter\n\t\t\t\t</div>\n\t\t\t\t\n\t\t\t</div>\n\t\t\t\n\t\t\t<div id=\"footer\" ></div>\n\t\t\t\n\t\t</div>\n\t</body>\n\t\n</html>\n</pre>\n"
        },
        {
            "id": 82913,
            "timestamp": 1374869842,
            "author": {
                "id": 15794,
                "name": "Sutton",
                "image": null
            },
            "comment": "<p >Thanks Wiz :)</p>"
        },
        {
            "id": 82931,
            "timestamp": 1374875036,
            "author": {
                "id": 2,
                "name": "Wizatek",
                "image": null
            },
            "comment": "\n<p >Sorry that i didnt spend more time to mimic it exactley, but im lazy today :P</p>\n<p >\nBut it should get u going in the right direction</p>\n"
        }
    ]
}