{
    "meta": {
        "threadId": 10791,
        "threadName": "t_magic a_type a_subtype List",
        "dateCreated": "2013-07-26T16:07:08+0000",
        "datePublished": "2013-07-26T16:07:08+0000",
        "pageCount": 1,
        "originalUrl": "https://lckb.dev/forum/index.php?/topic/10791-t_magic-a_type-a_subtype-list/",
        "authorId": 2167,
        "position": [
            {
                "@type": "ListItem",
                "position": 1,
                "item": {
                    "@id": "https://lckb.dev/forum/index.php?/forum/258-release-zone/",
                    "name": "Release Zone"
                }
            },
            {
                "@type": "ListItem",
                "position": 2,
                "item": {
                    "@id": "https://lckb.dev/forum/index.php?/forum/325-episode-2-releases/",
                    "name": "Episode 2 Releases"
                }
            },
            {
                "@type": "ListItem",
                "position": 3,
                "item": {
                    "@id": "https://lckb.dev/forum/index.php?/forum/125-server-side/",
                    "name": "Server Side"
                }
            }
        ]
    },
    "commentData": [
        {
            "id": 82848,
            "timestamp": 1374854828,
            "author": {
                "id": 2167,
                "name": "dethunter12",
                "image": null
            },
            "comment": "\n<p ><span style=\"color:rgb(40,40,40);\" ><span style=\"font-family:arial;\" ></span></span></p>\n<p >i thought i would share this with you guys i got support for it in the premium section but as it seems that the premium section is dead i thought i would post what wiza replied to my post for a better list of a_type and a_subtype of t_magic  hope it helps those who want to edit skills</p>\n<p > </p>\n<p >#define MST_STAT_ATTACK 0 // \u00c3\u201a\u00c2\u00b0\u00c3\u0192\u00c2\u00b8\u00c3\u201a\u00c2\u00b0\u00c3\u0192\u00c2</p>\n<p >#define MST_STAT_DEFENSE 1 // \u00c3\u201a\u00c2\u00b9\u00c3\u0192\u00c2\u00a6\u00c3\u201a\u00c2\u00be\u00c3\u0192\u00c2\u00ae</p>\n<p >#define MST_STAT_MAGIC 2 // \u00c3\u201a\u00c2\u00b8\u00c3\u201a\u00c2\u00b6\u00c3\u201a\u00c2\u00b9\u00c3\u0192\u00c2\u00bd</p>\n<p >#define MST_STAT_RESIST 3 // \u00c3\u0192\u00e2\u201a\u00ac\u00c3\u0192\u00c2\u00ba\u00c3\u0192\u00e2\u20ac\u00a1\u00c3\u0192\u00e2\u20ac\u201d</p>\n<p >#define MST_STAT_HITRATE 4 // \u00c3\u201a\u00c2\u00b8\u00c3\u0192\u00c2\u00ad\u00c3\u0192\u00c2\u00c3\u0192\u00c5\u00b8</p>\n<p >#define MST_STAT_AVOID 5 // \u00c3\u0192\u00cb\u2020\u00c3\u201a\u00c2\u00b8\u00c3\u0192\u00e2\u20ac\u00a1\u00c3\u0192\u00e2\u20ac\u00a1</p>\n<p >#define MST_STAT_CRITICAL 6 // \u00c3\u0192\u00e2\u20ac\u00a6\u00c3\u201a\u00c2\u00a9\u00c3\u201a\u00c2\u00b8\u00c3\u201a\u00c2\u00ae</p>\n<p >#define MST_STAT_ATTACKSPD 7 // \u00c3\u201a\u00c2\u00b0\u00c3\u0192\u00c2\u00b8\u00c3\u201a\u00c2\u00bc\u00c3\u0192\u00e2\u20ac\u0153</p>\n<p >#define MST_STAT_MAGICSPD 8 // \u00c3\u201a\u00c2\u00b8\u00c3\u201a\u00c2\u00b6\u00c3\u201a\u00c2\u00bc\u00c3\u0192\u00e2\u20ac\u0153</p>\n<p >#define MST_STAT_MOVESPD 9 // \u00c3\u0192\u00e2\u201a\u00ac\u00c3\u0192\u00c5\u2019\u00c3\u201a\u00c2\u00bc\u00c3\u0192\u00e2\u20ac\u0153</p>\n<p >#define MST_STAT_RECOVERHP 10 // HP\u00c3\u0192\u00cb\u2020\u00c3\u201a\u00c2\u00b8\u00c3\u201a\u00c2\u00ba\u00c3\u201a\u00c2\u00b9</p>\n<p >#define MST_STAT_RECOVERMP 11 // MP\u00c3\u0192\u00cb\u2020\u00c3\u201a\u00c2\u00b8\u00c3\u201a\u00c2\u00ba\u00c3\u201a\u00c2\u00b9</p>\n<p >#define MST_STAT_MAXHP 12 // \u00c3\u0192\u00c6\u2019\u00c3\u0192\u00e2\u20ac\u201c\u00c3\u201a\u00c2\u00b4\u00c3\u0192\u00c2\u00abHP \u00c3\u0192\u00c2\u00c3\u0192\u00c2\u00b5\u00c3\u201a\u00c2\u00b0\u00c3\u201a\u00c2\u00a1</p>\n<p >#define MST_STAT_MAXMP 13 // \u00c3\u0192\u00c6\u2019\u00c3\u0192\u00e2\u20ac\u201c\u00c3\u201a\u00c2\u00b4\u00c3\u0192\u00c2\u00abMP \u00c3\u0192\u00c2\u00c3\u0192\u00c2\u00b5\u00c3\u201a\u00c2\u00b0\u00c3\u201a\u00c2\u00a1</p>\n<p >#define MST_STAT_DEADLY 14 // \u00c3\u201a\u00c2\u00b5\u00c3\u201a\u00c2\u00a5\u00c3\u201a\u00c2\u00b5\u00c3\u0192\u00c2\u00a9\u00c3\u201a\u00c2\u00b8\u00c3\u201a\u00c2\u00ae \u00c3\u0192\u00cb\u2020\u00c3\u201a\u00c2\u00ae\u00c3\u201a\u00c2\u00b7\u00c3\u0192\u00c2\u00bc \u00c3\u0192\u00c2\u00c3\u0192\u00c2\u00b5\u00c3\u201a\u00c2\u00b0\u00c3\u201a\u00c2\u00a1</p>\n<p >#define MST_STAT_MAGICHITRATE 15 // \u00c3\u201a\u00c2\u00b8\u00c3\u201a\u00c2\u00b6\u00c3\u201a\u00c2\u00b9\u00c3\u0192\u00c2\u00bd \u00c3\u201a\u00c2\u00b8\u00c3\u0192\u00c2\u00ad\u00c3\u0192\u00c2\u00c3\u0192\u00c5\u00b8</p>\n<p >#define MST_STAT_MAGICAVOID 16 // \u00c3\u201a\u00c2\u00b8\u00c3\u201a\u00c2\u00b6\u00c3\u201a\u00c2\u00b9\u00c3\u0192\u00c2\u00bd \u00c3\u0192\u00cb\u2020\u00c3\u201a\u00c2\u00b8\u00c3\u0192\u00e2\u20ac\u00a1\u00c3\u0192\u00e2\u20ac\u00a1</p>\n<p >#define MST_STAT_ATTACKDIST 17 // \u00c3\u201a\u00c2\u00b0\u00c3\u0192\u00c2\u00b8\u00c3\u201a\u00c2\u00b0\u00c3\u0192\u00c2\u00c3\u201a\u00c2\u00b0\u00c3\u0192\u00e2\u20ac\u00a6\u00c3\u201a\u00c2\u00b8\u00c3\u201a\u00c2\u00ae \u00c3\u0192\u00c2\u00c3\u0192\u00c2\u00b5\u00c3\u201a\u00c2\u00b0\u00c3\u201a\u00c2\u00a1</p>\n<p >#define MST_STAT_ATTACK_MELEE 18 // \u00c3\u201a\u00c2\u00b1\u00c3\u0192\u00e2\u201e\u00a2\u00c3\u0192\u00c2\u00c3\u201a\u00c2\u00a2\u00c3\u201a\u00c2\u00b0\u00c3\u0192\u00c2\u00b8\u00c3\u201a\u00c2\u00b0\u00c3\u0192\u00c2 \u00c3\u0192\u00c2\u00c3\u0192\u00c2\u00b5\u00c3\u201a\u00c2\u00b0\u00c3\u201a\u00c2\u00a1</p>\n<p >#define MST_STAT_ATTACK_RANGE 19 // \u00c3\u201a\u00c2\u00bf\u00c3\u0192\u00c2\u00b8\u00c3\u201a\u00c2\u00b1\u00c3\u0192\u00c2\u00a2\u00c3\u201a\u00c2\u00b8\u00c3\u201a\u00c2\u00ae\u00c3\u201a\u00c2\u00b9\u00c3\u201a\u00c2\u00b0\u00c3\u201a\u00c2\u00b8\u00c3\u201a\u00c2\u00ae \u00c3\u201a\u00c2\u00b0\u00c3\u0192\u00c2\u00b8\u00c3\u201a\u00c2\u00b0\u00c3\u0192\u00c2 \u00c3\u0192\u00c2\u00c3\u0192\u00c2\u00b5\u00c3\u201a\u00c2\u00b0\u00c3\u201a\u00c2\u00a1</p>\n<p >#define MST_STAT_HITRATE_SKILL 20 // \u00c3\u201a\u00c2\u00bd\u00c3\u201a\u00c2\u00ba\u00c3\u0192\u00e2\u20ac\u00a6\u00c3\u201a\u00c2\u00b3 \u00c3\u201a\u00c2\u00b8\u00c3\u0192\u00c2\u00ad\u00c3\u0192\u00c2\u00c3\u0192\u00c5\u00b8\u00c3\u201a\u00c2\u00b7\u00c3\u0192\u00c2\u00bc</p>\n<p >#define MST_STAT_ATTACK_80 21 // \u00c3\u201a\u00c2\u00b0\u00c3\u0192\u00c2\u00b8\u00c3\u201a\u00c2\u00b0\u00c3\u0192\u00c2\u00c3\u201a\u00c2\u00b7\u00c3\u0192\u00e2\u20ac\u0161 80</p>\n<p >#define MST_STAT_MAXHP_450 22 // \u00c3\u0192\u00c6\u2019\u00c3\u0192\u00e2\u20ac\u201c\u00c3\u201a\u00c2\u00b4\u00c3\u0192\u00c2\u00abHP \u00c3\u0192\u00c2\u00c3\u0192\u00c2\u00b5\u00c3\u201a\u00c2\u00b0\u00c3\u201a\u00c2\u00a1 450</p>\n<p >#define MST_STAT_SKILLSPD 23 // \u00c3\u201a\u00c2\u00bd\u00c3\u201a\u00c2\u00ba\u00c3\u0192\u00e2\u20ac\u00a6\u00c3\u201a\u00c2\u00b3 \u00c3\u201a\u00c2\u00bd\u00c3\u0192\u00c6\u2019\u00c3\u0192\u00e2\u201a\u00ac\u00c3\u0192\u00c2\u00bc \u00c3\u201a\u00c2\u00bc\u00c3\u0192\u00e2\u20ac\u0153\u00c3\u201a\u00c2\u00b5\u00c3\u201a\u00c2\u00b5\u00c3\u0192\u00c2\u00c3\u0192\u00c2\u00b5\u00c3\u201a\u00c2\u00b0\u00c3\u201a\u00c2\u00a1</p>\n<p >#define MST_STAT_VALOR 24 // \u00c3\u0192\u00e2\u20ac \u00c3\u0192\u00e2\u20ac\u017e\u00c3\u0192\u00e2\u20ac \u00c3\u201a\u00c2\u00bc\u00c3\u201a\u00c2\u00bf\u00c3\u0192\u00c2\u00b8\u00c3\u201a\u00c2\u00bc\u00c3\u0192\u00c2\u00b6\u00c3\u201a\u00c2\u00bf\u00c3\u201a\u00c2\u00a1 \u00c3\u201a\u00c2\u00ba\u00c3\u0192\u00c2\u00b1\u00c3\u201a\u00c2\u00b7\u00c3\u0192\u00c5 \u00c3\u0192\u00e2\u20ac\u00a1\u00c3\u0192\u00c2\u00c3\u201a\u00c2\u00bf\u00c3\u201a\u00c2\u00a9 \u00c3\u201a\u00c2\u00b0\u00c3\u0192\u00c2\u00b8\u00c3\u201a\u00c2\u00b0\u00c3\u0192\u00c2\u00c3\u201a\u00c2\u00b7\u00c3\u0192\u00e2\u20ac\u0161 \u00c3\u0192\u00e2\u20ac\u00a1\u00c3\u0192\u00c2\u00a2\u00c3\u201a\u00c2\u00bb\u00c3\u0192\u00c2\u00b3</p>\n<p >#define MST_STAT_STATPALL 25 // \u00c3\u201a\u00c2\u00bd\u00c3\u201a\u00c2\u00ba\u00c3\u0192\u00e2\u20ac\u00a6\u00c3\u0192\u00cb\u2020 \u00c3\u0192\u00c2\u00c3\u0192\u00c2\u00b5\u00c3\u201a\u00c2\u00b0\u00c3\u201a\u00c2\u00a8</p>\n<p >// 071211 kjban edit</p>\n<p >#define MST_STAT_ATTACK_PER 26 // \u00c3\u201a\u00c2\u00b0\u00c3\u0192\u00c2\u00b8\u00c3\u201a\u00c2\u00b0\u00c3\u0192\u00c2 %</p>\n<p >#define MST_STAT_DEFENSE_PER 27 // \u00c3\u201a\u00c2\u00b9\u00c3\u0192\u00c2\u00a6\u00c3\u201a\u00c2\u00be\u00c3\u0192\u00c2\u00ae %</p>\n<p >#define MST_STAT_STATPALL_PER 28 // \u00c3\u201a\u00c2\u00bd\u00c3\u201a\u00c2\u00ba\u00c3\u0192\u00e2\u20ac\u00a6\u00c3\u0192\u00cb\u2020 \u00c3\u0192\u00c2\u00c3\u0192\u00c2\u00b5\u00c3\u201a\u00c2\u00b0\u00c3\u201a\u00c2\u00a8 %</p>\n<p >//  [5/14/2008 KwonYongDae]</p>\n<p >#define MST_STAT_STR 29 // \u00c3\u0192\u00cb\u2020\u00c3\u0192\u00c2\u00bb</p>\n<p >#define MST_STAT_DEX 30 // \u00c3\u201a\u00c2\u00b9\u00c3\u0192\u00c5\u00bd\u00c3\u0192\u00c6\u2019\u00c3\u201a\u00c2\u00b8</p>\n<p >#define MST_STAT_INT 31 // \u00c3\u0192\u00c2\u00c3\u0192\u00c2\u00b6\u00c3\u0192\u00e2\u20ac\u00a1\u00c3\u0192\u00c2\u00bd </p>\n<p >#define MST_STAT_CON 32 // \u00c3\u0192\u00c6\u2019\u00c3\u201a\u00c2\u00bc\u00c3\u0192\u00c2\u00c3\u0192\u00c2\u00ba</p>\n<p > </p>\n<p >// \u00c3\u0192\u00cb\u2020\u00c3\u201a\u00c2\u00bf\u00c3\u201a\u00c2\u00b0\u00c3\u0192\u00c2\u00ba \u00c3\u201a\u00c2\u00bc\u00c3\u201a\u00c2\u00ad\u00c3\u201a\u00c2\u00ba\u00c3\u0192\u00c2\u00aa\u00c3\u0192\u00e2\u20ac\u00a6\u00c3\u201a\u00c2\u00b8\u00c3\u0192\u00e2\u201a\u00ac\u00c3\u0192\u00e2\u20ac - \u00c3\u201a\u00c2\u00bb\u00c3\u0192\u00c2\u00b3\u00c3\u0192\u00e2\u20ac\u00a6\u00c3\u0192\u00e2\u20ac\u0161\u00c3\u0192\u00e2\u201a\u00ac\u00c3\u0192\u00c5\u2019\u00c3\u201a\u00c2\u00bb\u00c3\u0192\u00c2\u00b3</p>\n<p >#define MST_ASSIST_POISON 0 // \u00c3\u201a\u00c2\u00b5\u00c3\u201a\u00c2\u00b6</p>\n<p >#define MST_ASSIST_HOLD 1 // \u00c3\u0192\u00cb\u2020\u00c3\u201a\u00c2\u00a6\u00c3\u201a\u00c2\u00b5\u00c3\u0192\u00c2\u00a5</p>\n<p >#define MST_ASSIST_CONFUSION 2 // \u00c3\u0192\u00cb\u2020\u00c3\u201a\u00c2\u00a5\u00c3\u201a\u00c2\u00b6\u00c3\u0192\u00c2\u00b5</p>\n<p >#define MST_ASSIST_STONE 3 // \u00c3\u201a\u00c2\u00bc\u00c3\u201a\u00c2\u00ae\u00c3\u0192\u00cb\u2020\u00c3\u201a\u00c2\u00ad</p>\n<p >#define MST_ASSIST_SILENT 4 // \u00c3\u201a\u00c2\u00ba\u00c3\u0192\u00e2\u201a\u00ac\u00c3\u0192\u00e2\u201a\u00ac\u00c3\u0192\u00c5\u00bd</p>\n<p >#define MST_ASSIST_BLOOD 5 // \u00c3\u0192\u00c6\u2019\u00c3\u0192\u00c2\u00a2\u00c3\u0192\u00e2\u20ac\u00a1\u00c3\u0192\u00c2\u00b7</p>\n<p >#define MST_ASSIST_BLIND 6 // \u00c3\u201a\u00c2\u00ba\u00c3\u0192\u00c2\u00ad\u00c3\u201a\u00c2\u00b6\u00c3\u0192\u00c2\u00b3\u00c3\u0192\u00e2\u201a\u00ac\u00c3\u0192\u00c5\u00bd\u00c3\u201a\u00c2\u00b5\u00c3\u0192\u00c2\u00a5</p>\n<p >#define MST_ASSIST_STURN 7 // \u00c3\u201a\u00c2\u00bd\u00c3\u201a\u00c2\u00ba\u00c3\u0192\u00e2\u20ac\u00a6\u00c3\u0192\u00c2</p>\n<p >#define MST_ASSIST_SLEEP 8 // \u00c3\u201a\u00c2\u00bd\u00c3\u201a\u00c2\u00bd\u00c3\u201a\u00c2\u00b8\u00c3\u201a\u00c2\u00b3</p>\n<p >#define MST_ASSIST_HP 9 // HP\u00c3\u0192\u00cb\u2020\u00c3\u201a\u00c2\u00b8\u00c3\u201a\u00c2\u00ba\u00c3\u201a\u00c2\u00b9</p>\n<p >#define MST_ASSIST_MP 10 // MP\u00c3\u0192\u00cb\u2020\u00c3\u201a\u00c2\u00b8\u00c3\u201a\u00c2\u00ba\u00c3\u201a\u00c2\u00b9</p>\n<p >#define MST_ASSIST_MOVESPD 11 // \u00c3\u0192\u00e2\u201a\u00ac\u00c3\u0192\u00c5\u2019\u00c3\u201a\u00c2\u00bc\u00c3\u0192\u00e2\u20ac\u0153 \u00c3\u0192\u00e2\u20ac\u00a1\u00c3\u0192\u00c2\u00a2\u00c3\u201a\u00c2\u00bb\u00c3\u0192\u00c2\u00b3</p>\n<p >#define MST_ASSIST_HP_CANCEL 12 // HP\u00c3\u201a\u00c2\u00ba\u00c3\u201a\u00c2\u00af\u00c3\u0192\u00cb\u2020\u00c3\u201a\u00c2\u00ad(0, MAX\u00c3\u201a\u00c2\u00bf\u00c3\u201a\u00c2\u00a1\u00c3\u201a\u00c2\u00bc\u00c3\u201a\u00c2\u00ad \u00c3\u0192\u00c6\u2019\u00c3\u0192\u00c2\u00ab\u00c3\u201a\u00c2\u00bc\u00c3\u0192\u00e2\u20ac\u2122)</p>\n<p >#define MST_ASSIST_MP_CANCEL 13 // MP\u00c3\u201a\u00c2\u00ba\u00c3\u201a\u00c2\u00af\u00c3\u0192\u00cb\u2020\u00c3\u201a\u00c2\u00ad(0, MAX\u00c3\u201a\u00c2\u00bf\u00c3\u201a\u00c2\u00a1\u00c3\u201a\u00c2\u00bc\u00c3\u201a\u00c2\u00ad \u00c3\u0192\u00c6\u2019\u00c3\u0192\u00c2\u00ab\u00c3\u201a\u00c2\u00bc\u00c3\u0192\u00e2\u20ac\u2122)</p>\n<p >#define MST_ASSIST_DIZZY 14 // \u00c3\u0192\u00e2\u20ac\u00a1\u00c3\u0192\u00c2\u00b6\u00c3\u201a\u00c2\u00b1\u00c3\u0192\u00c2\u00a2\u00c3\u0192\u00c2\u00c3\u0192\u00c2\u00b5</p>\n<p >#define MST_ASSIST_INVISIBLE 15 // \u00c3\u0192\u00e2\u201a\u00ac\u00c3\u0192\u00c5\u00bd\u00c3\u201a\u00c2\u00ba\u00c3\u0192\u00c2\u00b1\u00c3\u0192\u00e2\u201a\u00ac\u00c3\u0192\u00c2\u00ba\u00c3\u201a\u00c2\u00ba\u00c3\u0192\u00c2\u00ad</p>\n<p >#define MST_ASSIST_SLOTH 16 // \u00c3\u201a\u00c2\u00bd\u00c3\u201a\u00c2\u00bd\u00c3\u201a\u00c2\u00b7\u00c3\u0192\u00c5\u00bd\u00c3\u201a\u00c2\u00bd\u00c3\u201a\u00c2\u00ba : \u00c3\u201a\u00c2\u00b0\u00c3\u0192\u00c2\u00b8\u00c3\u201a\u00c2\u00bc\u00c3\u0192\u00e2\u20ac\u0153\u00c3\u0192\u00e2\u20ac\u00a1\u00c3\u0192\u00c2\u00c3\u201a\u00c2\u00b6\u00c3\u0192\u00c2\u00b4</p>\n<p >#define MST_ASSIST_FEAR 17 // \u00c3\u201a\u00c2\u00b0\u00c3\u0192\u00c2\u00b8\u00c3\u0192\u00e2\u20ac \u00c3\u0192\u00c2\u00b7 : \u00c3\u0192\u00e2\u20ac\u00a1\u00c3\u0192\u00cb\u0153\u00c3\u201a\u00c2\u00b4\u00c3\u0192\u00c2\u00a7 NPC\u00c3\u201a\u00c2\u00b0\u00c3\u201a\u00c2\u00a1 \u00c3\u201a\u00c2\u00b5\u00c3\u201a\u00c2\u00b5\u00c3\u201a\u00c2\u00b8\u00c3\u0192\u00c2</p>\n<p >#define MST_ASSIST_FAKEDEATH 18 // \u00c3\u0192\u00c2\u00c3\u0192\u00e2\u20ac\u201d\u00c3\u0192\u00e2\u201a\u00ac\u00c3\u201a\u00c2\u00ba\u00c3\u0192\u00c6\u2019\u00c3\u201a\u00c2\u00b4</p>\n<p >#define MST_ASSIST_PERFECTBODY 19 // \u00c3\u0192\u00e2\u20ac\u00a6\u00c3\u201a\u00c2\u00b8\u00c3\u0192\u00e2\u201a\u00ac\u00c3\u0192\u00c5\u2019\u00c3\u0192\u00e2\u20ac\u00a6\u00c3\u201a\u00c2\u00ba \u00c3\u0192\u00e2\u20ac \u00c3\u0192\u00e2\u20ac\u00ba\u00c3\u0192\u00e2\u20ac \u00c3\u0192\u00c2\u00a5 \u00c3\u201a\u00c2\u00b9\u00c3\u0192\u00e2\u201e\u00a2\u00c3\u201a\u00c2\u00b5\u00c3\u0192\u00c2\u00b0</p>\n<p >#define MST_ASSIST_FRENZY 20 // \u00c3\u0192\u00e2\u20ac\u00a6\u00c3\u201a\u00c2\u00b8\u00c3\u0192\u00e2\u201a\u00ac\u00c3\u0192\u00c5\u2019\u00c3\u0192\u00e2\u20ac\u00a6\u00c3\u201a\u00c2\u00ba \u00c3\u0192\u00e2\u20ac\u00a1\u00c3\u0192\u00c2\u00c3\u201a\u00c2\u00b7\u00c3\u201a\u00c2\u00bb\u00c3\u0192\u00c2\u00c3\u0192\u00c2\u00b6</p>\n<p >#define MST_ASSIST_DAMAGELINK 21 // \u00c3\u201a\u00c2\u00b4\u00c3\u0192\u00c2\u00ab\u00c3\u201a\u00c2\u00b9\u00c3\u0192\u00c5\u2019\u00c3\u0192\u00c2\u00c3\u0192\u00c2\u00b6\u00c3\u201a\u00c2\u00b8\u00c3\u201a\u00c2\u00b5\u00c3\u0192\u00e2\u20ac\u00a6\u00c3\u201a\u00c2\u00a9</p>\n<p >#define MST_ASSIST_BERSERK 22 // \u00c3\u201a\u00c2\u00b9\u00c3\u0192\u00c2\u00b6\u00c3\u201a\u00c2\u00bc\u00c3\u201a\u00c2\u00ad\u00c3\u0192\u00e2\u20ac\u00a6\u00c3\u201a\u00c2\u00a9 </p>\n<p >#define MST_ASSIST_DESPAIR 23 // \u00c3\u0192\u00e2\u201a\u00ac\u00c3\u0192\u00c2\u00bd\u00c3\u201a\u00c2\u00b8\u00c3\u0192\u00c2</p>\n<p >#define MST_ASSIST_MANASCREEN 24 // \u00c3\u201a\u00c2\u00b8\u00c3\u201a\u00c2\u00b6\u00c3\u201a\u00c2\u00b3\u00c3\u201a\u00c2\u00aa \u00c3\u201a\u00c2\u00bd\u00c3\u201a\u00c2\u00ba\u00c3\u0192\u00e2\u20ac\u00a6\u00c3\u201a\u00c2\u00a9\u00c3\u201a\u00c2\u00b8\u00c3\u201a\u00c2\u00b0</p>\n<p >#define MST_ASSIST_BLESS 25 // \u00c3\u201a\u00c2\u00ba\u00c3\u0192\u00c2\u00ad\u00c3\u201a\u00c2\u00b7\u00c3\u201a\u00c2\u00b9\u00c3\u201a\u00c2\u00bd\u00c3\u0192\u00c5\u2019</p>\n<p >#define MST_ASSIST_SAFEGUARD 26 // \u00c3\u201a\u00c2\u00ba\u00c3\u201a\u00c2\u00b8\u00c3\u0192\u00cb\u2020\u00c3\u201a\u00c2\u00a3\u00c3\u201a\u00c2\u00b8\u00c3\u0192\u00c2(\u00c3\u0192\u00e2\u201a\u00ac\u00c3\u0192\u00c2\u00bc\u00c3\u0192\u00e2\u20ac\u00a6\u00c3\u0192\u00c2\u00b5\u00c3\u201a\u00c2\u00ba\u00c3\u0192\u00e2\u20ac\u2122\u00c3\u201a\u00c2\u00b0\u00c3\u201a\u00c2\u00a1\u00c3\u201a\u00c2\u00b4\u00c3\u0192\u00e2\u20ac\u00b0)</p>\n<p >#define MST_ASSIST_MANTLE 27 // \u00c3\u201a\u00c2\u00b8\u00c3\u0192\u00c2\u00c3\u0192\u00e2\u20ac\u00a6\u00c3\u0192\u00c2\u00a4</p>\n<p >#define MST_ASSIST_GUARD 28 // \u00c3\u201a\u00c2\u00b0\u00c3\u0192\u00c2\u00a6\u00c3\u201a\u00c2\u00ba\u00c3\u0192\u00c2\u00b1\u00c3\u201a\u00c2\u00ba\u00c3\u201a\u00c2\u00b4 \u00c3\u201a\u00c2\u00bc\u00c3\u0192\u00e2\u20ac\u2122\u00c3\u0192\u00cb\u2020\u00c3\u201a\u00c2\u00af</p>\n<p > </p>\n<p >#define MST_ASSIST_CHARGEATC 29 // \u00c3\u0192\u00e2\u201a\u00ac\u00c3\u0192\u00c2\u00a5\u00c3\u0192\u00e2\u20ac\u00a6\u00c3\u201a\u00c2\u00ba(attack)</p>\n<p >#define MST_ASSIST_CHARGEMGC 30 // \u00c3\u0192\u00e2\u201a\u00ac\u00c3\u0192\u00c2\u00a5\u00c3\u0192\u00e2\u20ac\u00a6\u00c3\u201a\u00c2\u00ba(magic)</p>\n<p > </p>\n<p >#define MST_ASSIST_DISEASE 31 // \u00c3\u0192\u00c2\u00c3\u0192\u00c2\u00ba\u00c3\u201a\u00c2\u00ba\u00c3\u201a\u00c2\u00b4 </p>\n<p >#define MST_ASSIST_CURSE 32 // \u00c3\u0192\u00e2\u201a\u00ac\u00c3\u0192\u00c2\u00ba\u00c3\u0192\u00c2\u00c3\u0192\u00e2\u20ac\u201c</p>\n<p >#ifdef NIGHTSHADOW_SKILL</p>\n<p >#define MST_ASSIST_CONFUSED 33 // \u00c3\u201a\u00c2\u00b8\u00c3\u0192\u00c2\u00b3\u00c3\u201a\u00c2\u00bd\u00c3\u201a\u00c2\u00ba\u00c3\u0192\u00e2\u20ac\u00a6\u00c3\u0192\u00c2\u00c3\u201a\u00c2\u00b8\u00c3\u201a\u00c2\u00b8 \u00c3\u0192\u00cb\u2020\u00c3\u201a\u00c2\u00a5\u00c3\u201a\u00c2\u00b6\u00c3\u0192\u00c2\u00b5\u00c3\u201a\u00c2\u00bf\u00c3\u201a\u00c2\u00a1 \u00c3\u201a\u00c2\u00b0\u00c3\u0192\u00e2\u20ac\u00b0\u00c3\u201a\u00c2\u00b8\u00c3\u201a\u00c2\u00ae\u00c3\u201a\u00c2\u00b0\u00c3\u0192\u00e2\u20ac \u00c3\u0192\u00e2\u20ac\u00a1\u00c3\u0192\u00e2\u20ac</p>\n<p >#define MST_ASSIST_TAMING 34 // \u00c3\u201a\u00c2\u00b8\u00c3\u0192\u00c2\u00b3\u00c3\u201a\u00c2\u00bd\u00c3\u201a\u00c2\u00ba\u00c3\u0192\u00e2\u20ac\u00a6\u00c3\u0192\u00c2\u00c3\u201a\u00c2\u00b8\u00c3\u201a\u00c2\u00a6 \u00c3\u0192\u00e2\u201a\u00ac\u00c3\u0192\u00c2\u00c3\u0192\u00c2\u00c3\u201a\u00c2\u00a4\u00c3\u201a\u00c2\u00bd\u00c3\u0192\u00c6\u2019\u00c3\u201a\u00c2\u00b0\u00c3\u201a\u00c2\u00a3 \u00c3\u201a\u00c2\u00be\u00c3\u0192\u00e2\u20ac \u00c3\u201a\u00c2\u00b1\u00c3\u201a\u00c2\u00ba\u00c3\u0192\u00e2\u201a\u00ac\u00c3\u201a\u00c2\u00b8\u00c3\u201a\u00c2\u00b7\u00c3\u0192\u00c5\u00bd \u00c3\u201a\u00c2\u00b8\u00c3\u201a\u00c2\u00b8\u00c3\u201a\u00c2\u00b5\u00c3\u0192\u00c2\u00ab</p>\n<p >#define MST_ASSIST_FREEZE 35 // \u00c3\u201a\u00c2\u00b0\u00c3\u0192\u00c2\u00a1\u00c3\u201a\u00c2\u00b0\u00c3\u0192\u00c2\u00a8 (\u00c3\u201a\u00c2\u00bc\u00c3\u201a\u00c2\u00ad\u00c3\u201a\u00c2\u00b7\u00c3\u0192\u00c5\u00bd \u00c3\u201a\u00c2\u00b0\u00c3\u0192\u00c2\u00b8\u00c3\u201a\u00c2\u00b0\u00c3\u0192\u00c2 \u00c3\u201a\u00c2\u00b8\u00c3\u0192\u00c2\u00b8\u00c3\u0192\u00e2\u20ac\u00a1\u00c3\u0192\u00e2\u20ac, \u00c3\u201a\u00c2\u00b0\u00c3\u0192\u00e2\u20ac\u00b0\u00c3\u201a\u00c2\u00b8\u00c3\u201a\u00c2\u00b0 \u00c3\u201a\u00c2\u00b0\u00c3\u0192\u00c2\u00c3\u0192\u00e2\u201a\u00ac\u00c3\u201a\u00c2\u00ba \u00c3\u0192\u00e2\u201a\u00ac\u00c3\u0192\u00c5\u2019\u00c3\u201a\u00c2\u00b5\u00c3\u201a\u00c2\u00bf \u00c3\u201a\u00c2\u00b8\u00c3\u0192\u00c2\u00b8\u00c3\u0192\u00e2\u20ac\u00a1\u00c3\u0192\u00e2\u20ac)   </p>\n<p >#define MST_ASSIST_INVERSE_DAMAGE 36 // \u00c3\u0192\u00e2\u20ac\u00a1\u00c3\u0192\u00e2\u20ac\u00a1\u00c3\u201a\u00c2\u00b0\u00c3\u0192\u00c2\u00c3\u201a\u00c2\u00b4\u00c3\u0192\u00c2\u00a7\u00c3\u0192\u00e2\u20ac\u00a1\u00c3\u0192\u00c2\u00c3\u201a\u00c2\u00b8\u00c3\u0192\u00c2\u00a9 \u00c3\u201a\u00c2\u00b5\u00c3\u201a\u00c2\u00a5\u00c3\u201a\u00c2\u00b9\u00c3\u0192\u00c5\u2019\u00c3\u0192\u00c2\u00c3\u0192\u00c2\u00b6 \u00c3\u201a\u00c2\u00b8\u00c3\u201a\u00c2\u00b8\u00c3\u0192\u00e2\u20ac\u00a6\u00c3\u201a\u00c2\u00ad HP \u00c3\u0192\u00cb\u2020\u00c3\u201a\u00c2\u00b8\u00c3\u201a\u00c2\u00ba\u00c3\u201a\u00c2\u00b9   </p>\n<p >#define MST_ASSIST_HP_DOT 37 // \u00c3\u0192\u00c2\u00c3\u0192\u00c2\u00b6\u00c3\u201a\u00c2\u00bc\u00c3\u0192\u00e2\u20ac\u0153\u00c3\u201a\u00c2\u00b5\u00c3\u201a\u00c2\u00a5\u00c3\u201a\u00c2\u00b9\u00c3\u0192\u00c5\u2019\u00c3\u0192\u00c2\u00c3\u0192\u00c2\u00b6 \u00c3\u0192\u00e2\u201a\u00ac\u00c3\u0192\u00e2\u20ac\u00c3\u0192\u00e2\u201a\u00ac\u00c3\u201a\u00c2\u00bd</p>\n<p >#endif // NIGHTSHADOW_SKILL</p>\n<p >#ifdef RAID_MONSTER_SKILL</p>\n<p >#define MST_ASSIST_REBIRTH 38 // \u00c3\u201a\u00c2\u00ba\u00c3\u0192\u00c5\u00bd\u00c3\u0192\u00cb\u2020\u00c3\u201a\u00c2\u00b0</p>\n<p >#define MST_ASSIST_EXPLOSION 39 // \u00c3\u0192\u00e2\u201a\u00ac\u00c3\u0192\u00c5\u00a1\u00c3\u0192\u00e2\u20ac \u00c3\u0192\u00c2\u00b8(npc)</p>\n<p >#endif // RAID_MONSTER_SKILL</p>\n<p > </p>\n<p >// \u00c3\u0192\u00cb\u2020\u00c3\u201a\u00c2\u00bf\u00c3\u201a\u00c2\u00b0\u00c3\u0192\u00c2\u00ba \u00c3\u201a\u00c2\u00bc\u00c3\u201a\u00c2\u00ad\u00c3\u201a\u00c2\u00ba\u00c3\u0192\u00c2\u00aa\u00c3\u0192\u00e2\u20ac\u00a6\u00c3\u201a\u00c2\u00b8\u00c3\u0192\u00e2\u201a\u00ac\u00c3\u0192\u00e2\u20ac - \u00c3\u201a\u00c2\u00b0\u00c3\u0192\u00c2\u00b8\u00c3\u201a\u00c2\u00b0\u00c3\u0192\u00c2</p>\n<p >#define MST_ATTACK_NORMAL 0 // \u00c3\u0192\u00e2\u201a\u00ac\u00c3\u0192\u00c2\u00c3\u201a\u00c2\u00b9\u00c3\u0192\u00c2 \u00c3\u201a\u00c2\u00b0\u00c3\u0192\u00c2\u00b8\u00c3\u201a\u00c2\u00b0\u00c3\u0192\u00c2</p>\n<p >#define MST_ATTACK_CRITICAL 1 // \u00c3\u0192\u00e2\u20ac\u00a6\u00c3\u201a\u00c2\u00a9\u00c3\u201a\u00c2\u00b8\u00c3\u201a\u00c2\u00ae\u00c3\u0192\u00e2\u20ac \u00c3\u201a\u00c2\u00bc\u00c3\u0192\u00e2\u20ac\u017e\u00c3\u0192\u00c6\u2019 \u00c3\u201a\u00c2\u00b0\u00c3\u0192\u00c2\u00b8\u00c3\u201a\u00c2\u00b0\u00c3\u0192\u00c2</p>\n<p >#define MST_ATTACK_DRAIN 2 // \u00c3\u201a\u00c2\u00b5\u00c3\u0192\u00c2\u00a5\u00c3\u201a\u00c2\u00b7\u00c3\u201a\u00c2\u00b9\u00c3\u0192\u00e2\u201a\u00ac\u00c3\u0192\u00c5\u00bd : \u00c3\u0192\u00e2\u201a\u00ac\u00c3\u0192\u00c2\u00bb hp\u00c3\u201a\u00c2\u00b8\u00c3\u201a\u00c2\u00a6 \u00c3\u201a\u00c2\u00b3\u00c3\u201a\u00c2\u00bb\u00c3\u201a\u00c2\u00b0\u00c3\u0192\u00c2\u00c3\u0192\u00e2\u201a\u00ac\u00c3\u201a\u00c2\u00b8\u00c3\u201a\u00c2\u00b7\u00c3\u0192\u00c5\u00bd \u00c3\u0192\u00cb\u2020\u00c3\u0192\u00c2\u00ad\u00c3\u201a\u00c2\u00bc\u00c3\u0192\u00c2\u00b6</p>\n<p >#define MST_ATTACK_ONESHOTKILL 3 // \u00c3\u0192\u00c2\u00c3\u0192\u00c2\u00af\u00c3\u201a\u00c2\u00bb\u00c3\u0192\u00c2\u00a7</p>\n<p >#define MST_ATTACK_DEADLY 4 // \u00c3\u201a\u00c2\u00b5\u00c3\u201a\u00c2\u00a5\u00c3\u201a\u00c2\u00b5\u00c3\u0192\u00c2\u00a9\u00c3\u201a\u00c2\u00b8\u00c3\u201a\u00c2\u00ae \u00c3\u201a\u00c2\u00b0\u00c3\u0192\u00c2\u00b8\u00c3\u201a\u00c2\u00b0\u00c3\u0192\u00c2</p>\n<p >#define MST_ATTACK_HARD 5 // \u00c3\u201a\u00c2\u00b8\u00c3\u0192\u00e2\u20ac\u00a6\u00c3\u201a\u00c2\u00bf\u00c3\u0192\u00c2\u00ac \u00c3\u201a\u00c2\u00b0\u00c3\u201a\u00c2\u00ad\u00c3\u0192\u00e2\u20ac\u00a1\u00c3\u0192\u00e2\u20ac\u02dc \u00c3\u201a\u00c2\u00b0\u00c3\u0192\u00c2\u00b8\u00c3\u201a\u00c2\u00b0\u00c3\u0192\u00c2</p>\n<p > </p>\n<p >// \u00c3\u0192\u00cb\u2020\u00c3\u201a\u00c2\u00bf\u00c3\u201a\u00c2\u00b0\u00c3\u0192\u00c2\u00ba \u00c3\u201a\u00c2\u00bc\u00c3\u201a\u00c2\u00ad\u00c3\u201a\u00c2\u00ba\u00c3\u0192\u00c2\u00aa\u00c3\u0192\u00e2\u20ac\u00a6\u00c3\u201a\u00c2\u00b8\u00c3\u0192\u00e2\u201a\u00ac\u00c3\u0192\u00e2\u20ac - \u00c3\u0192\u00cb\u2020\u00c3\u201a\u00c2\u00b8\u00c3\u201a\u00c2\u00ba\u00c3\u201a\u00c2\u00b9</p>\n<p >#define MST_RECOVER_HP 0 // HP\u00c3\u0192\u00cb\u2020\u00c3\u201a\u00c2\u00b8\u00c3\u201a\u00c2\u00ba\u00c3\u201a\u00c2\u00b9</p>\n<p >#define MST_RECOVER_MP 1 // MP\u00c3\u0192\u00cb\u2020\u00c3\u201a\u00c2\u00b8\u00c3\u201a\u00c2\u00ba\u00c3\u201a\u00c2\u00b9</p>\n<p >#define MST_RECOVER_STM 2 // \u00c3\u201a\u00c2\u00b0\u00c3\u0192\u00c2\u00b8\u00c3\u201a\u00c2\u00b0\u00c3\u0192\u00c2\u00c3\u0192\u00e2\u20ac\u00a1\u00c3\u0192\u00c2\u00bc \u00c3\u0192\u00e2\u20ac \u00c3\u0192\u00c2\u00aa \u00c3\u201a\u00c2\u00bd\u00c3\u201a\u00c2\u00ba\u00c3\u0192\u00e2\u20ac\u00a6\u00c3\u0192\u00e2\u20ac\u201d\u00c3\u201a\u00c2\u00b9\u00c3\u0192\u00c5\u2019\u00c3\u201a\u00c2\u00b3\u00c3\u0192\u00c5  \u00c3\u0192\u00cb\u2020\u00c3\u201a\u00c2\u00b8\u00c3\u201a\u00c2\u00ba\u00c3\u201a\u00c2\u00b9</p>\n<p >#define MST_RECOVER_FAITH 3 // \u00c3\u201a\u00c2\u00b0\u00c3\u0192\u00c2\u00b8\u00c3\u201a\u00c2\u00b0\u00c3\u0192\u00c2\u00c3\u0192\u00e2\u20ac\u00a1\u00c3\u0192\u00c2\u00bc \u00c3\u0192\u00e2\u20ac \u00c3\u0192\u00c2\u00aa \u00c3\u0192\u00c6\u2019\u00c3\u0192\u00c2\u00a6\u00c3\u201a\u00c2\u00bc\u00c3\u201a\u00c2\u00ba\u00c3\u201a\u00c2\u00b5\u00c3\u201a\u00c2\u00b5 \u00c3\u0192\u00cb\u2020\u00c3\u201a\u00c2\u00b8\u00c3\u201a\u00c2\u00ba\u00c3\u201a\u00c2\u00b9</p>\n<p > </p>\n<p >// \u00c3\u0192\u00cb\u2020\u00c3\u201a\u00c2\u00bf\u00c3\u201a\u00c2\u00b0\u00c3\u0192\u00c2\u00ba \u00c3\u201a\u00c2\u00bc\u00c3\u201a\u00c2\u00ad\u00c3\u201a\u00c2\u00ba\u00c3\u0192\u00c2\u00aa\u00c3\u0192\u00e2\u20ac\u00a6\u00c3\u201a\u00c2\u00b8\u00c3\u0192\u00e2\u201a\u00ac\u00c3\u0192\u00e2\u20ac - \u00c3\u0192\u00e2\u20ac\u017e\u00c3\u201a\u00c2\u00a1\u00c3\u0192\u00e2\u201a\u00ac\u00c3\u201a\u00c2\u00af</p>\n<p >#define MST_CURE_POISON 0 // \u00c3\u201a\u00c2\u00b5\u00c3\u201a\u00c2\u00b6</p>\n<p >#define MST_CURE_HOLD 1 // \u00c3\u0192\u00cb\u2020\u00c3\u201a\u00c2\u00a6\u00c3\u201a\u00c2\u00b5\u00c3\u0192\u00c2\u00a5 : TODO : \u00c3\u201a\u00c2\u00bb\u00c3\u0192\u00c2\u00a7\u00c3\u201a\u00c2\u00bf\u00c3\u0192\u00c2\u00ab\u00c3\u0192\u00e2\u20ac\u00a1\u00c3\u0192\u00c2\u00c3\u0192\u00c2\u00c3\u0192\u00c2\u00b6 \u00c3\u201a\u00c2\u00be\u00c3\u0192\u00c5 \u00c3\u0192\u00e2\u201a\u00ac\u00c3\u201a\u00c2\u00bd</p>\n<p >#define MST_CURE_CONFUSION 2 // \u00c3\u0192\u00cb\u2020\u00c3\u201a\u00c2\u00a5\u00c3\u201a\u00c2\u00b6\u00c3\u0192\u00c2\u00b5</p>\n<p >#define MST_CURE_STONE 3 // \u00c3\u201a\u00c2\u00bc\u00c3\u201a\u00c2\u00ae\u00c3\u0192\u00cb\u2020\u00c3\u201a\u00c2\u00ad</p>\n<p >#define MST_CURE_SILENT 4 // \u00c3\u201a\u00c2\u00ba\u00c3\u0192\u00e2\u201a\u00ac\u00c3\u0192\u00e2\u201a\u00ac\u00c3\u0192\u00c5\u00bd</p>\n<p >#define MST_CURE_BLOOD 5 // \u00c3\u0192\u00c6\u2019\u00c3\u0192\u00c2\u00a2\u00c3\u0192\u00e2\u20ac\u00a1\u00c3\u0192\u00c2\u00b7</p>\n<p >#define MST_CURE_REBIRTH 6 // \u00c3\u201a\u00c2\u00ba\u00c3\u0192\u00c5\u00bd\u00c3\u0192\u00cb\u2020\u00c3\u201a\u00c2\u00b0</p>\n<p >#define MST_CURE_INVISIBLE 7 // \u00c3\u0192\u00e2\u201a\u00ac\u00c3\u0192\u00c5\u00bd\u00c3\u201a\u00c2\u00ba\u00c3\u0192\u00c2\u00b1\u00c3\u0192\u00e2\u201a\u00ac\u00c3\u0192\u00c2\u00ba\u00c3\u201a\u00c2\u00ba\u00c3\u0192\u00c2\u00ad \u00c3\u201a\u00c2\u00bb\u00c3\u0192\u00c2\u00b3\u00c3\u0192\u00e2\u20ac\u00a6\u00c3\u0192\u00e2\u20ac\u0161\u00c3\u201a\u00c2\u00b8\u00c3\u201a\u00c2\u00a6 \u00c3\u0192\u00e2\u20ac\u00a1\u00c3\u0192\u00cb\u0153\u00c3\u0192\u00c2\u00c3\u201a\u00c2\u00a6</p>\n<p >#define MST_CURE_STURN 8 // \u00c3\u201a\u00c2\u00bd\u00c3\u201a\u00c2\u00ba\u00c3\u0192\u00e2\u20ac\u00a6\u00c3\u0192\u00c2 \u00c3\u0192\u00e2\u20ac\u00a1\u00c3\u0192\u00cb\u0153\u00c3\u0192\u00c2\u00c3\u201a\u00c2\u00a6</p>\n<p >#define MST_CURE_SLOTH 9 // \u00c3\u201a\u00c2\u00bd\u00c3\u201a\u00c2\u00bd\u00c3\u201a\u00c2\u00b7\u00c3\u0192\u00c5\u00bd\u00c3\u201a\u00c2\u00bd\u00c3\u201a\u00c2\u00ba \u00c3\u0192\u00e2\u20ac\u00a1\u00c3\u0192\u00cb\u0153\u00c3\u0192\u00c2\u00c3\u201a\u00c2\u00a6</p>\n<p >#define MST_CURE_NOTHELP 10 // not help\u00c3\u0192\u00e2\u201a\u00ac\u00c3\u0192\u00c5\u00bd assist\u00c3\u201a\u00c2\u00b8\u00c3\u201a\u00c2\u00a6 \u00c3\u201a\u00c2\u00b8\u00c3\u0192\u00c2\u00b0\u00c3\u201a\u00c2\u00b5\u00c3\u0192\u00c5\u00bd \u00c3\u0192\u00e2\u20ac\u00a1\u00c3\u0192\u00cb\u0153\u00c3\u0192\u00c2\u00c3\u201a\u00c2\u00a6</p>\n<p >#define MST_CURE_BLIND 11 // \u00c3\u201a\u00c2\u00ba\u00c3\u0192\u00c2\u00ad\u00c3\u201a\u00c2\u00b6\u00c3\u0192\u00c2\u00b3\u00c3\u0192\u00e2\u201a\u00ac\u00c3\u0192\u00c5\u00bd\u00c3\u201a\u00c2\u00b5\u00c3\u0192\u00c2\u00a5</p>\n<p > </p>\n<p >#define MST_CURE_DISEASE 12 // \u00c3\u0192\u00c2\u00c3\u0192\u00c2\u00ba\u00c3\u201a\u00c2\u00ba\u00c3\u201a\u00c2\u00b4 \u00c3\u0192\u00e2\u20ac\u00a1\u00c3\u0192\u00cb\u0153\u00c3\u0192\u00c2\u00c3\u201a\u00c2\u00a6</p>\n<p >#define MST_CURE_CURSE 13 // \u00c3\u0192\u00e2\u201a\u00ac\u00c3\u0192\u00c2\u00ba\u00c3\u0192\u00c2\u00c3\u0192\u00e2\u20ac\u201c \u00c3\u0192\u00e2\u20ac\u00a1\u00c3\u0192\u00cb\u0153\u00c3\u0192\u00c2\u00c3\u201a\u00c2\u00a6</p>\n<p > </p>\n<p >// \u00c3\u0192\u00cb\u2020\u00c3\u201a\u00c2\u00bf\u00c3\u201a\u00c2\u00b0\u00c3\u0192\u00c2\u00ba \u00c3\u201a\u00c2\u00bc\u00c3\u201a\u00c2\u00ad\u00c3\u201a\u00c2\u00ba\u00c3\u0192\u00c2\u00aa\u00c3\u0192\u00e2\u20ac\u00a6\u00c3\u201a\u00c2\u00b8\u00c3\u0192\u00e2\u201a\u00ac\u00c3\u0192\u00e2\u20ac - \u00c3\u201a\u00c2\u00b1\u00c3\u0192\u00e2\u20ac\u201d\u00c3\u201a\u00c2\u00bf\u00c3\u0192\u00c5\u201c</p>\n<p >#define MST_OTHER_INSTANTDEATH 0 // \u00c3\u0192\u00c2\u00c3\u0192\u00c2\u00af\u00c3\u201a\u00c2\u00bb\u00c3\u0192\u00c2\u00a7</p>\n<p >#define MST_OTHER_SKILLCANCEL 1 // \u00c3\u201a\u00c2\u00bd\u00c3\u201a\u00c2\u00ba\u00c3\u0192\u00e2\u20ac\u00a6\u00c3\u201a\u00c2\u00b3 \u00c3\u201a\u00c2\u00bd\u00c3\u0192\u00c6\u2019\u00c3\u0192\u00e2\u201a\u00ac\u00c3\u0192\u00c2\u00bc \u00c3\u0192\u00c6\u2019\u00c3\u0192\u00c2\u00ab\u00c3\u201a\u00c2\u00bc\u00c3\u0192\u00e2\u20ac\u2122</p>\n<p >#define MST_OTHER_TACKLE 2 // \u00c3\u0192\u00e2\u20ac\u00a6\u00c3\u0192\u00e2\u20ac\u0161\u00c3\u0192\u00e2\u20ac\u00a6\u00c3\u201a\u00c2\u00ac</p>\n<p >#define MST_OTHER_TACKLE2 3 // \u00c3\u0192\u00e2\u20ac\u00a6\u00c3\u0192\u00e2\u20ac\u0161\u00c3\u0192\u00e2\u20ac\u00a6\u00c3\u201a\u00c2\u00ac2</p>\n<p >#define MST_OTHER_REFLEX 4 // \u00c3\u201a\u00c2\u00b9\u00c3\u0192\u00c2\u00c3\u201a\u00c2\u00bb\u00c3\u0192\u00c2\u00a7 \u00c3\u201a\u00c2\u00b4\u00c3\u0192\u00c2\u00ab\u00c3\u201a\u00c2\u00b9\u00c3\u0192\u00c5\u2019\u00c3\u0192\u00c2\u00c3\u0192\u00c2\u00b6 (\u00c3\u0192\u00e2\u201a\u00ac\u00c3\u0192\u00c2\u00c3\u201a\u00c2\u00b9\u00c3\u0192\u00c2 \u00c3\u201a\u00c2\u00b0\u00c3\u0192\u00c2\u00b8\u00c3\u201a\u00c2\u00b0\u00c3\u0192\u00c2, 25m\u00c3\u201a\u00c2\u00b3\u00c3\u201a\u00c2\u00bb)</p>\n<p >#define MST_OTHER_DEATHEXPPLUS 5 // \u00c3\u0192\u00c2\u00c3\u0192\u00e2\u20ac\u201d\u00c3\u0192\u00e2\u201a\u00ac\u00c3\u201a\u00c2\u00bb\u00c3\u201a\u00c2\u00b6\u00c3\u201a\u00c2\u00a7 \u00c3\u201a\u00c2\u00b0\u00c3\u0192\u00c2\u00a6\u00c3\u0192\u00e2\u20ac\u00a1\u00c3\u0192\u00c2\u00a8\u00c3\u0192\u00e2\u20ac\u017e\u00c3\u201a\u00c2\u00a1 \u00c3\u0192\u00e2\u20ac \u00c3\u0192\u00c2\u00c3\u201a\u00c2\u00b3\u00c3\u0192\u00c5\u00bd\u00c3\u0192\u00e2\u20ac \u00c3\u201a\u00c2\u00bc \u00c3\u0192\u00c2\u00c3\u0192\u00e2\u201e\u00a2\u00c3\u201a\u00c2\u00bf\u00c3\u201a\u00c2\u00a9</p>\n<p >#define MST_OTHER_DEATHSPPLUS 6 // \u00c3\u0192\u00c2\u00c3\u0192\u00e2\u20ac\u201d\u00c3\u0192\u00e2\u201a\u00ac\u00c3\u201a\u00c2\u00bb\u00c3\u201a\u00c2\u00b6\u00c3\u201a\u00c2\u00a7 SP \u00c3\u0192\u00e2\u20ac \u00c3\u0192\u00c2\u00c3\u201a\u00c2\u00b3\u00c3\u0192\u00c5\u00bd\u00c3\u0192\u00e2\u20ac \u00c3\u201a\u00c2\u00bc \u00c3\u0192\u00c2\u00c3\u0192\u00e2\u201e\u00a2\u00c3\u201a\u00c2\u00bf\u00c3\u201a\u00c2\u00a9</p>\n<p >#define MST_OTHER_TELEKINESIS 7 // \u00c3\u0192\u00e2\u20ac\u00a6\u00c3\u0192\u00c5\u00a1\u00c3\u201a\u00c2\u00b7\u00c3\u201a\u00c2\u00b9\u00c3\u0192\u00e2\u20ac\u00a6\u00c3\u201a\u00c2\u00b0\u00c3\u201a\u00c2\u00b3\u00c3\u0192\u00e2\u20ac\u201d\u00c3\u201a\u00c2\u00bd\u00c3\u0192\u00c6\u2019\u00c3\u201a\u00c2\u00bd\u00c3\u201a\u00c2\u00ba</p>\n<p >#define MST_OTHER_TOUNT 8 // \u00c3\u0192\u00e2\u20ac\u00a6\u00c3\u201a\u00c2\u00b8\u00c3\u201a\u00c2\u00bf\u00c3\u0192\u00c2\u00ae\u00c3\u0192\u00e2\u20ac \u00c3\u201a\u00c2\u00ae : \u00c3\u0192\u00e2\u20ac\u00a1\u00c3\u0192\u00c2\u00ac\u00c3\u0192\u00e2\u201a\u00ac\u00c3\u0192\u00c5\u2019\u00c3\u0192\u00e2\u20ac \u00c3\u201a\u00c2\u00ae \u00c3\u201a\u00c2\u00ba\u00c3\u201a\u00c2\u00af\u00c3\u201a\u00c2\u00b0\u00c3\u0192\u00c2\u00a6</p>\n<p >#define MST_OTHER_SUMMON 9 // \u00c3\u201a\u00c2\u00bc\u00c3\u0192\u00e2\u20ac\u2122\u00c3\u0192\u00cb\u2020\u00c3\u201a\u00c2\u00af</p>\n<p >#define MST_OTHER_EVOCATION 10 // \u00c3\u201a\u00c2\u00b0\u00c3\u201a\u00c2\u00ad\u00c3\u201a\u00c2\u00bd\u00c3\u0192\u00e2\u20ac\u00a6</p>\n<p >#define MST_OTHER_TARGETFREE 11 // \u00c3\u0192\u00e2\u20ac\u00a6\u00c3\u201a\u00c2\u00b8\u00c3\u201a\u00c2\u00b0\u00c3\u0192\u00e2\u201e\u00a2 \u00c3\u0192\u00e2\u20ac\u00a1\u00c3\u0192\u00c2\u00c3\u201a\u00c2\u00b8\u00c3\u201a\u00c2\u00ae</p>\n<p >#define MST_OTHER_CURSE 12 // \u00c3\u0192\u00e2\u20ac\u00a6\u00c3\u201a\u00c2\u00b8\u00c3\u0192\u00e2\u20ac\u017e\u00c3\u0192\u00c2 \u00c3\u201a\u00c2\u00bd\u00c3\u201a\u00c2\u00ba\u00c3\u0192\u00e2\u20ac\u00a6\u00c3\u0192\u00cb\u2020 \u00c3\u0192\u00e2\u20ac\u00a1\u00c3\u0192\u00c2\u00c3\u201a\u00c2\u00b6\u00c3\u0192\u00c2\u00b4</p>\n<p >#define MST_OTHER_PEACE 13 // \u00c3\u0192\u00e2\u20ac \u00c3\u0192\u00c2\u00b2\u00c3\u0192\u00cb\u2020\u00c3\u201a\u00c2\u00ad\u00c3\u0192\u00e2\u201a\u00ac\u00c3\u0192\u00e2\u20ac\u00a1 \u00c3\u0192\u00e2\u20ac\u0161\u00c3\u201a\u00c2\u00a1\u00c3\u0192\u00e2\u20ac\u00a1\u00c3\u201a\u00c2\u00a5</p>\n<p >#ifdef NIGHTSHADOW_SKILL</p>\n<p >#define MST_OTHER_SOUL_DRAIN 14 // \u00c3\u201a\u00c2\u00bf\u00c3\u201a\u00c2\u00b5\u00c3\u0192\u00cb\u2020\u00c3\u201a\u00c2\u00a5 \u00c3\u0192\u00cb\u2020\u00c3\u0192\u00c2\u00ad\u00c3\u201a\u00c2\u00bc\u00c3\u0192\u00c2\u00b6, \u00c3\u201a\u00c2\u00b0\u00c3\u201a\u00c2\u00b3\u00c3\u201a\u00c2\u00bc\u00c3\u0192\u00c2\u00b6 \u00c3\u0192\u00c6\u2019\u00c3\u201a\u00c2\u00a4\u00c3\u201a\u00c2\u00bf\u00c3\u0192\u00c2\u00b2</p>\n<p >#define MST_OTHER_KNOCKBACK 15 // \u00c3\u201a\u00c2\u00b3\u00c3\u0192\u00e2\u20ac\u00b9\u00c3\u201a\u00c2\u00b9\u00c3\u0192\u00c2\u00a9 </p>\n<p >#define MST_OTHER_WARP 16 // \u00c3\u201a\u00c2\u00bf\u00c3\u0192\u00c2\u00b6\u00c3\u0192\u00e2\u20ac\u00a1\u00c3\u0192\u00c2 </p>\n<p >#define MST_OTHER_FLY 17 // \u00c3\u201a\u00c2\u00ba\u00c3\u0192\u00c2\u00b1\u00c3\u0192\u00e2\u20ac\u00a1\u00c3\u0192\u00c2 </p>\n<p >#endif // NIGHTSHADOW_SKILL</p>\n<p >#ifdef RAID_MONSTER_SKILL</p>\n<p >#define MST_OTHER_CALL 18 // \u00c3\u0192\u00cb\u2020\u00c3\u201a\u00c2\u00a3\u00c3\u0192\u00c6\u2019\u00c3\u0192\u00c2\u00a2(npc\u00c3\u201a\u00c2\u00b0\u00c3\u201a\u00c2\u00a1 \u00c3\u0192\u00c2\u00c3\u0192\u00e2\u20ac\u201c\u00c3\u0192\u00e2\u201a\u00ac\u00c3\u201a\u00c2\u00a7 \u00c3\u201a\u00c2\u00b5\u00c3\u201a\u00c2\u00bf\u00c3\u0192\u00c2\u00c3\u201a\u00c2\u00b7\u00c3\u201a\u00c2\u00bf\u00c3\u201a\u00c2\u00a1\u00c3\u201a\u00c2\u00b0\u00c3\u0192\u00e2\u20ac)</p>\n<p >#endif // RAID_MONSTER_SKILL</p>\n<p > </p>\n<p >// \u00c3\u0192\u00cb\u2020\u00c3\u201a\u00c2\u00bf\u00c3\u201a\u00c2\u00b0\u00c3\u0192\u00c2\u00ba \u00c3\u201a\u00c2\u00bc\u00c3\u201a\u00c2\u00ad\u00c3\u201a\u00c2\u00ba\u00c3\u0192\u00c2\u00aa\u00c3\u0192\u00e2\u20ac\u00a6\u00c3\u201a\u00c2\u00b8\u00c3\u0192\u00e2\u201a\u00ac\u00c3\u0192\u00e2\u20ac - \u00c3\u201a\u00c2\u00b4\u00c3\u0192\u00c2\u00ab\u00c3\u201a\u00c2\u00b9\u00c3\u0192\u00c5\u2019\u00c3\u0192\u00c2\u00c3\u0192\u00c2\u00b6 \u00c3\u0192\u00cb\u2020\u00c3\u0192\u00c2\u00ad\u00c3\u201a\u00c2\u00bc\u00c3\u0192\u00c2\u00b6</p>\n<p >#define MST_REDUCE_MELEE 0 // \u00c3\u201a\u00c2\u00b1\u00c3\u0192\u00e2\u201e\u00a2\u00c3\u0192\u00c2\u00c3\u201a\u00c2\u00a2 \u00c3\u201a\u00c2\u00b0\u00c3\u0192\u00c2\u00b8\u00c3\u201a\u00c2\u00b0\u00c3\u0192\u00c2 \u00c3\u0192\u00cb\u2020\u00c3\u0192\u00c2\u00ad\u00c3\u201a\u00c2\u00bc\u00c3\u0192\u00c2\u00b6</p>\n<p >#define MST_REDUCE_RANGE 1 // \u00c3\u201a\u00c2\u00bf\u00c3\u0192\u00c2\u00b8\u00c3\u201a\u00c2\u00b0\u00c3\u0192\u00e2\u20ac\u00a6\u00c3\u201a\u00c2\u00b8\u00c3\u201a\u00c2\u00ae \u00c3\u201a\u00c2\u00b0\u00c3\u0192\u00c2\u00b8\u00c3\u201a\u00c2\u00b0\u00c3\u0192\u00c2 \u00c3\u0192\u00cb\u2020\u00c3\u0192\u00c2\u00ad\u00c3\u201a\u00c2\u00bc\u00c3\u0192\u00c2\u00b6</p>\n<p >#define MST_REDUCE_MAGIC 2 // \u00c3\u201a\u00c2\u00b8\u00c3\u201a\u00c2\u00b6\u00c3\u201a\u00c2\u00b9\u00c3\u0192\u00c2\u00bd \u00c3\u201a\u00c2\u00b0\u00c3\u0192\u00c2\u00b8\u00c3\u201a\u00c2\u00b0\u00c3\u0192\u00c2 \u00c3\u0192\u00cb\u2020\u00c3\u0192\u00c2\u00ad\u00c3\u201a\u00c2\u00bc\u00c3\u0192\u00c2\u00b6</p>\n<p > </p>\n<p >// \u00c3\u0192\u00cb\u2020\u00c3\u201a\u00c2\u00bf\u00c3\u201a\u00c2\u00b0\u00c3\u0192\u00c2\u00ba \u00c3\u201a\u00c2\u00bc\u00c3\u201a\u00c2\u00ad\u00c3\u201a\u00c2\u00ba\u00c3\u0192\u00c2\u00aa\u00c3\u0192\u00e2\u20ac\u00a6\u00c3\u201a\u00c2\u00b8\u00c3\u0192\u00e2\u201a\u00ac\u00c3\u0192\u00e2\u20ac - \u00c3\u201a\u00c2\u00b8\u00c3\u0192\u00c2\u00a9\u00c3\u201a\u00c2\u00bf\u00c3\u201a\u00c2\u00aa</p>\n<p >#define MST_IMMUNE_BLIND 0 // \u00c3\u201a\u00c2\u00ba\u00c3\u0192\u00c2\u00ad\u00c3\u201a\u00c2\u00b6\u00c3\u0192\u00c2\u00b3\u00c3\u0192\u00e2\u201a\u00ac\u00c3\u0192\u00c5\u00bd\u00c3\u201a\u00c2\u00b5\u00c3\u0192\u00c2\u00a5</p>\n<p > </p>\n<p >#ifdef NIGHTSHADOW_SKILL</p>\n<p >#define MST_AURA_DARKNESS 1 // \u00c3\u201a\u00c2\u00b0\u00c3\u0192\u00c2\u00b8\u00c3\u201a\u00c2\u00b0\u00c3\u0192\u00c2\u00c3\u201a\u00c2\u00b7\u00c3\u0192\u00e2\u20ac\u0161 \u00c3\u201a\u00c2\u00b0\u00c3\u201a\u00c2\u00a8\u00c3\u201a\u00c2\u00bc\u00c3\u0192\u00e2\u20ac\u2122 </p>\n<p >#define MST_AURA_WEAKNESS 2 // \u00c3\u201a\u00c2\u00b9\u00c3\u0192\u00c2\u00a6\u00c3\u201a\u00c2\u00be\u00c3\u0192\u00c2\u00ae\u00c3\u201a\u00c2\u00b7\u00c3\u0192\u00e2\u20ac\u0161 \u00c3\u201a\u00c2\u00b0\u00c3\u201a\u00c2\u00a8\u00c3\u201a\u00c2\u00bc\u00c3\u0192\u00e2\u20ac\u2122 </p>\n<p >#define MST_AURA_ILLUSION 3 // \u00c3\u0192\u00e2\u20ac\u00a6\u00c3\u201a\u00c2\u00a9\u00c3\u201a\u00c2\u00b8\u00c3\u201a\u00c2\u00ae\u00c3\u0192\u00e2\u20ac \u00c3\u201a\u00c2\u00bc\u00c3\u0192\u00e2\u20ac\u017e\u00c3\u0192\u00c6\u2019 \u00c3\u201a\u00c2\u00bb\u00c3\u0192\u00c2\u00b3\u00c3\u201a\u00c2\u00bd\u00c3\u0192\u00e2\u20ac\u0161</p>\n<p >#endif // NIGHTSHADOW_SKILL</p>\n<p > </p>\n<p >// \u00c3\u201a\u00c2\u00b4\u00c3\u0192\u00c2\u00ab\u00c3\u201a\u00c2\u00b9\u00c3\u0192\u00c5\u2019\u00c3\u0192\u00c2\u00c3\u0192\u00c2\u00b6 \u00c3\u0192\u00e2\u20ac\u00a6\u00c3\u201a\u00c2\u00b8\u00c3\u0192\u00e2\u201a\u00ac\u00c3\u0192\u00e2\u20ac</p>\n<p >#define MDT_ONLYPOWER 0 // \u00c3\u201a\u00c2\u00bd\u00c3\u201a\u00c2\u00ba\u00c3\u0192\u00e2\u20ac\u00a6\u00c3\u201a\u00c2\u00b3 \u00c3\u0192\u00e2\u201a\u00ac\u00c3\u201a\u00c2\u00a7\u00c3\u201a\u00c2\u00b7\u00c3\u0192\u00e2\u20ac\u0161\u00c3\u201a\u00c2\u00b8\u00c3\u201a\u00c2\u00b8</p>\n<p >#define MDT_ADDITION 1 // \u00c3\u201a\u00c2\u00bd\u00c3\u201a\u00c2\u00ba\u00c3\u0192\u00e2\u20ac\u00a6\u00c3\u0192\u00cb\u2020\u00c3\u201a\u00c2\u00bf\u00c3\u201a\u00c2\u00a1 \u00c3\u201a\u00c2\u00b5\u00c3\u201a\u00c2\u00a1\u00c3\u201a\u00c2\u00bc\u00c3\u0192\u00e2\u201a\u00ac</p>\n<p >#define MDT_RATE 2 // \u00c3\u201a\u00c2\u00bd\u00c3\u201a\u00c2\u00ba\u00c3\u0192\u00e2\u20ac\u00a6\u00c3\u0192\u00cb\u2020\u00c3\u201a\u00c2\u00bf\u00c3\u201a\u00c2\u00a1 \u00c3\u201a\u00c2\u00ba\u00c3\u0192\u00c2\u00b1\u00c3\u0192\u00e2\u201a\u00ac\u00c3\u201a\u00c2\u00b2\u00c3\u201a\u00c2\u00b7\u00c3\u0192\u00c5\u00bd \u00c3\u201a\u00c2\u00b0\u00c3\u0192\u00c2\u00b6\u00c3\u201a\u00c2\u00bc\u00c3\u0192\u00e2\u201a\u00ac</p>\n<p > </p>\n<p >// \u00c3\u201a\u00c2\u00b8\u00c3\u0192\u00c2\u00ad\u00c3\u0192\u00c2\u00c3\u0192\u00c5\u00b8 \u00c3\u0192\u00e2\u20ac\u00a6\u00c3\u201a\u00c2\u00b8\u00c3\u0192\u00e2\u201a\u00ac\u00c3\u0192\u00e2\u20ac</p>\n<p >#define MHT_CONSTANT 0 // \u00c3\u201a\u00c2\u00b0\u00c3\u0192\u00c2\u00ad\u00c3\u0192\u00c2\u00c3\u201a\u00c2\u00a4</p>\n<p >#define MHT_VARIABLE 1 // \u00c3\u201a\u00c2\u00bc\u00c3\u0192\u00c2\u00b6\u00c3\u201a\u00c2\u00bd\u00c3\u0192\u00e2\u20ac\u017e</p>\n<p > </p>\n<p > </p>\n<p >#define AST_POISON (1 << MST_ASSIST_POISON) // \u00c3\u201a\u00c2\u00b5\u00c3\u201a\u00c2\u00b6</p>\n<p >#define AST_HOLD (1 << MST_ASSIST_HOLD) // \u00c3\u0192\u00cb\u2020\u00c3\u201a\u00c2\u00a6\u00c3\u201a\u00c2\u00b5\u00c3\u0192\u00c2\u00a5</p>\n<p >#define AST_CONFUSION (1 << MST_ASSIST_CONFUSION) // \u00c3\u0192\u00cb\u2020\u00c3\u201a\u00c2\u00a6\u00c3\u201a\u00c2\u00b6\u00c3\u0192\u00c2\u00b5</p>\n<p >#define AST_STONE (1 << MST_ASSIST_STONE) // \u00c3\u201a\u00c2\u00bc\u00c3\u201a\u00c2\u00ae\u00c3\u0192\u00cb\u2020\u00c3\u201a\u00c2\u00ad</p>\n<p >#define AST_SILENT (1 << MST_ASSIST_SILENT) // \u00c3\u201a\u00c2\u00ba\u00c3\u0192\u00e2\u201a\u00ac\u00c3\u0192\u00e2\u201a\u00ac\u00c3\u0192\u00c5\u00bd</p>\n<p >#define AST_BLOOD (1 << MST_ASSIST_BLOOD) // \u00c3\u0192\u00c6\u2019\u00c3\u0192\u00c2\u00a2\u00c3\u0192\u00e2\u20ac\u00a1\u00c3\u0192\u00c2\u00b7</p>\n<p >#define AST_BLIND (1 << MST_ASSIST_BLIND) // \u00c3\u201a\u00c2\u00ba\u00c3\u0192\u00c2\u00ad\u00c3\u201a\u00c2\u00b6\u00c3\u0192\u00c2\u00b3\u00c3\u0192\u00e2\u201a\u00ac\u00c3\u0192\u00c5\u00bd\u00c3\u201a\u00c2\u00b5\u00c3\u0192\u00c2\u00a5</p>\n<p >#define AST_STURN (1 << MST_ASSIST_STURN) // \u00c3\u201a\u00c2\u00bd\u00c3\u201a\u00c2\u00ba\u00c3\u0192\u00e2\u20ac\u00a6\u00c3\u0192\u00c2</p>\n<p >#define AST_SLEEP (1 << MST_ASSIST_SLEEP) // \u00c3\u201a\u00c2\u00bd\u00c3\u201a\u00c2\u00bd\u00c3\u201a\u00c2\u00b8\u00c3\u201a\u00c2\u00b3</p>\n<p >#define AST_HP (1 << MST_ASSIST_HP) // \u00c3\u0192\u00c6\u2019\u00c3\u201a\u00c2\u00bc\u00c3\u201a\u00c2\u00b7\u00c3\u0192\u00e2\u20ac\u0161</p>\n<p >#define AST_MP (1 << MST_ASSIST_MP) // \u00c3\u201a\u00c2\u00b8\u00c3\u201a\u00c2\u00b6\u00c3\u201a\u00c2\u00b3\u00c3\u201a\u00c2\u00aa</p>\n<p >#define AST_MOVESPD (1 << MST_ASSIST_MOVESPD) // \u00c3\u0192\u00e2\u201a\u00ac\u00c3\u0192\u00c5\u2019\u00c3\u201a\u00c2\u00bc\u00c3\u0192\u00e2\u20ac\u0153 \u00c3\u0192\u00e2\u20ac\u00a1\u00c3\u0192\u00c2\u00a2\u00c3\u201a\u00c2\u00bb\u00c3\u0192\u00c2\u00b3</p>\n<p >#define AST_HP_CANCEL (1 << MST_ASSIST_HP_CANCEL) // HP\u00c3\u201a\u00c2\u00ba\u00c3\u201a\u00c2\u00af\u00c3\u0192\u00cb\u2020\u00c3\u201a\u00c2\u00ad(0, MAX\u00c3\u201a\u00c2\u00bf\u00c3\u201a\u00c2\u00a1\u00c3\u201a\u00c2\u00bc\u00c3\u201a\u00c2\u00ad \u00c3\u0192\u00c6\u2019\u00c3\u0192\u00c2\u00ab\u00c3\u201a\u00c2\u00bc\u00c3\u0192\u00e2\u20ac\u2122)</p>\n<p >#define AST_MP_CANCEL (1 << MST_ASSIST_MP_CANCEL) // MP\u00c3\u201a\u00c2\u00ba\u00c3\u201a\u00c2\u00af\u00c3\u0192\u00cb\u2020\u00c3\u201a\u00c2\u00ad(0, MAX\u00c3\u201a\u00c2\u00bf\u00c3\u201a\u00c2\u00a1\u00c3\u201a\u00c2\u00bc\u00c3\u201a\u00c2\u00ad \u00c3\u0192\u00c6\u2019\u00c3\u0192\u00c2\u00ab\u00c3\u201a\u00c2\u00bc\u00c3\u0192\u00e2\u20ac\u2122)</p>\n<p >#define AST_DIZZY (1 << MST_ASSIST_DIZZY) // \u00c3\u0192\u00e2\u20ac\u00a1\u00c3\u0192\u00c2\u00b6\u00c3\u201a\u00c2\u00b1\u00c3\u0192\u00c2\u00a2\u00c3\u0192\u00c2\u00c3\u0192\u00c2\u00b5</p>\n<p >#define AST_INVISIBLE (1 << MST_ASSIST_INVISIBLE) // \u00c3\u0192\u00e2\u201a\u00ac\u00c3\u0192\u00c5\u00bd\u00c3\u201a\u00c2\u00ba\u00c3\u0192\u00c2\u00b1\u00c3\u0192\u00e2\u201a\u00ac\u00c3\u0192\u00c2\u00ba\u00c3\u201a\u00c2\u00ba\u00c3\u0192\u00c2\u00b4\u00c3\u201a\u00c2\u00b8\u00c3\u201a\u00c2\u00ae\u00c3\u0192\u00e2\u20ac \u00c3\u201a\u00c2\u00bc</p>\n<p >#define AST_SLOTH (1 << MST_ASSIST_SLOTH) // \u00c3\u201a\u00c2\u00bd\u00c3\u201a\u00c2\u00bd\u00c3\u201a\u00c2\u00b7\u00c3\u0192\u00c5\u00bd\u00c3\u201a\u00c2\u00bd\u00c3\u201a\u00c2\u00ba(\u00c3\u201a\u00c2\u00b0\u00c3\u0192\u00c2\u00b8\u00c3\u201a\u00c2\u00bc\u00c3\u0192\u00e2\u20ac\u0153\u00c3\u0192\u00e2\u20ac\u00a1\u00c3\u0192\u00c2\u00c3\u201a\u00c2\u00b6\u00c3\u0192\u00c2\u00b4)</p>\n<p >#define AST_FEAR (1 << MST_ASSIST_FEAR) // \u00c3\u201a\u00c2\u00b0\u00c3\u0192\u00c2\u00b8\u00c3\u0192\u00e2\u20ac \u00c3\u0192\u00c2\u00b7</p>\n<p >#define AST_FAKEDEATH (1 << MST_ASSIST_FAKEDEATH) // \u00c3\u0192\u00c2\u00c3\u0192\u00e2\u20ac\u201d\u00c3\u0192\u00e2\u201a\u00ac\u00c3\u201a\u00c2\u00ba\u00c3\u0192\u00c6\u2019\u00c3\u201a\u00c2\u00b4\u00c3\u0192\u00e2\u20ac\u00a1\u00c3\u0192\u00c2\u00c3\u201a\u00c2\u00b1\u00c3\u0192\u00c2\u00a2</p>\n<p >#define AST_PERFECTBODY (1 << MST_ASSIST_PERFECTBODY) // \u00c3\u0192\u00e2\u20ac\u00a6\u00c3\u201a\u00c2\u00b8\u00c3\u0192\u00e2\u201a\u00ac\u00c3\u0192\u00c5\u2019\u00c3\u0192\u00e2\u20ac\u00a6\u00c3\u201a\u00c2\u00ba \u00c3\u0192\u00e2\u20ac \u00c3\u0192\u00e2\u20ac\u00ba\u00c3\u0192\u00e2\u20ac \u00c3\u0192\u00c2\u00a5 \u00c3\u201a\u00c2\u00b9\u00c3\u0192\u00e2\u201e\u00a2\u00c3\u201a\u00c2\u00b5\u00c3\u0192\u00c2\u00b0</p>\n<p >#define AST_FRENZY (1 << MST_ASSIST_FRENZY) // \u00c3\u0192\u00e2\u20ac\u00a6\u00c3\u201a\u00c2\u00b8\u00c3\u0192\u00e2\u201a\u00ac\u00c3\u0192\u00c5\u2019\u00c3\u0192\u00e2\u20ac\u00a6\u00c3\u201a\u00c2\u00ba \u00c3\u0192\u00e2\u20ac\u00a1\u00c3\u0192\u00c2\u00c3\u201a\u00c2\u00b7\u00c3\u201a\u00c2\u00bb\u00c3\u0192\u00c2\u00c3\u0192\u00c2\u00b6</p>\n<p >#define AST_DAMAGELINK (1 << MST_ASSIST_DAMAGELINK) // \u00c3\u201a\u00c2\u00b5\u00c3\u201a\u00c2\u00a5\u00c3\u201a\u00c2\u00b9\u00c3\u0192\u00c5\u2019\u00c3\u0192\u00c2\u00c3\u0192\u00c2\u00b6 \u00c3\u201a\u00c2\u00b8\u00c3\u201a\u00c2\u00b5\u00c3\u0192\u00e2\u20ac\u00a6\u00c3\u201a\u00c2\u00a9</p>\n<p >#define AST_BERSERK (1 << MST_ASSIST_BERSERK) // \u00c3\u201a\u00c2\u00b9\u00c3\u0192\u00c2\u00b6\u00c3\u201a\u00c2\u00bc\u00c3\u201a\u00c2\u00ad\u00c3\u0192\u00e2\u20ac\u00a6\u00c3\u201a\u00c2\u00a9</p>\n<p >#define AST_DESPAIR (1 << MST_ASSIST_DESPAIR) // \u00c3\u0192\u00e2\u201a\u00ac\u00c3\u0192\u00c2\u00bd\u00c3\u201a\u00c2\u00b8\u00c3\u0192\u00c2</p>\n<p >#define AST_MANASCREEN (1 << MST_ASSIST_MANASCREEN) // \u00c3\u201a\u00c2\u00b8\u00c3\u201a\u00c2\u00b6\u00c3\u201a\u00c2\u00b3\u00c3\u201a\u00c2\u00aa \u00c3\u201a\u00c2\u00bd\u00c3\u201a\u00c2\u00ba\u00c3\u0192\u00e2\u20ac\u00a6\u00c3\u201a\u00c2\u00a9\u00c3\u201a\u00c2\u00b8\u00c3\u201a\u00c2\u00b0</p>\n<p >#define AST_BLESS (1 << MST_ASSIST_BLESS) // \u00c3\u201a\u00c2\u00ba\u00c3\u0192\u00c2\u00ad\u00c3\u201a\u00c2\u00b7\u00c3\u201a\u00c2\u00b9\u00c3\u201a\u00c2\u00bd\u00c3\u0192\u00c5\u2019</p>\n<p >#define AST_SAFEGUARD (1 << MST_ASSIST_SAFEGUARD) // \u00c3\u201a\u00c2\u00ba\u00c3\u201a\u00c2\u00b8\u00c3\u0192\u00cb\u2020\u00c3\u201a\u00c2\u00a3\u00c3\u201a\u00c2\u00b8\u00c3\u0192\u00c2</p>\n<p >#define AST_MANTLE (1 << MST_ASSIST_MANTLE) // \u00c3\u201a\u00c2\u00b8\u00c3\u0192\u00c2\u00c3\u0192\u00e2\u20ac\u00a6\u00c3\u0192\u00c2\u00a4</p>\n<p >#define AST_GUARD (1 << MST_ASSIST_GUARD) // \u00c3\u201a\u00c2\u00b0\u00c3\u0192\u00c2\u00a6\u00c3\u201a\u00c2\u00ba\u00c3\u0192\u00c2\u00b1\u00c3\u201a\u00c2\u00ba\u00c3\u201a\u00c2\u00b4 \u00c3\u201a\u00c2\u00bc\u00c3\u0192\u00e2\u20ac\u2122\u00c3\u0192\u00cb\u2020\u00c3\u201a\u00c2\u00af</p>\n<p >//-- (-2) \u00c3\u0192\u00e2\u201a\u00ac\u00c3\u0192\u00c2\u00a5\u00c3\u0192\u00e2\u20ac\u00a6\u00c3\u201a\u00c2\u00ba 2\u00c3\u0192\u00c2\u00c3\u201a\u00c2\u00be \u00c3\u201a\u00c2\u00bb\u00c3\u0192\u00c2\u00a7\u00c3\u201a\u00c2\u00bf\u00c3\u0192\u00c2\u00ab\u00c3\u201a\u00c2\u00be\u00c3\u0192\u00cb\u2020\u00c3\u0192\u00e2\u20ac\u00a1\u00c3\u0192\u00e2\u20ac</p>\n<p >#define AST_DISEASE (1 << (MST_ASSIST_DISEASE-2) ) // \u00c3\u201a\u00c2\u00b8\u00c3\u0192\u00c2\u00c3\u0192\u00e2\u20ac\u00a6\u00c3\u0192\u00c2\u00a4</p>\n<p >#define AST_CURSE (1 << (MST_ASSIST_CURSE-2) ) // \u00c3\u201a\u00c2\u00b0\u00c3\u0192\u00c2\u00a6\u00c3\u201a\u00c2\u00ba\u00c3\u0192\u00c2\u00b1\u00c3\u201a\u00c2\u00ba\u00c3\u201a\u00c2\u00b4 \u00c3\u201a\u00c2\u00bc\u00c3\u0192\u00e2\u20ac\u2122\u00c3\u0192\u00cb\u2020\u00c3\u201a\u00c2\u00af</p>\n<p >#ifdef NIGHTSHADOW_SKILL</p>\n<p >#define AST_CONFUSED (1 << MST_ASSIST_CONFUSED) // \u00c3\u201a\u00c2\u00b8\u00c3\u0192\u00c2\u00b3\u00c3\u201a\u00c2\u00bd\u00c3\u201a\u00c2\u00ba\u00c3\u0192\u00e2\u20ac\u00a6\u00c3\u0192\u00c2\u00c3\u201a\u00c2\u00b8\u00c3\u201a\u00c2\u00b8 \u00c3\u0192\u00cb\u2020\u00c3\u201a\u00c2\u00a5\u00c3\u201a\u00c2\u00b6\u00c3\u0192\u00c2\u00b5\u00c3\u201a\u00c2\u00bf\u00c3\u201a\u00c2\u00a1 \u00c3\u201a\u00c2\u00b0\u00c3\u0192\u00e2\u20ac\u00b0\u00c3\u201a\u00c2\u00b8\u00c3\u201a\u00c2\u00ae\u00c3\u201a\u00c2\u00b0\u00c3\u0192\u00e2\u20ac \u00c3\u0192\u00e2\u20ac\u00a1\u00c3\u0192\u00e2\u20ac</p>\n<p >#define AST_TAMING (1 << MST_ASSIST_TAMING) // \u00c3\u201a\u00c2\u00b8\u00c3\u0192\u00c2\u00b3\u00c3\u201a\u00c2\u00bd\u00c3\u201a\u00c2\u00ba\u00c3\u0192\u00e2\u20ac\u00a6\u00c3\u0192\u00c2\u00c3\u201a\u00c2\u00b8\u00c3\u201a\u00c2\u00a6 \u00c3\u0192\u00e2\u201a\u00ac\u00c3\u0192\u00c2\u00c3\u0192\u00c2\u00c3\u201a\u00c2\u00a4\u00c3\u201a\u00c2\u00bd\u00c3\u0192\u00c6\u2019\u00c3\u201a\u00c2\u00b0\u00c3\u201a\u00c2\u00a3 \u00c3\u201a\u00c2\u00be\u00c3\u0192\u00e2\u20ac \u00c3\u201a\u00c2\u00b1\u00c3\u201a\u00c2\u00ba\u00c3\u0192\u00e2\u201a\u00ac\u00c3\u201a\u00c2\u00b8\u00c3\u201a\u00c2\u00b7\u00c3\u0192\u00c5\u00bd \u00c3\u201a\u00c2\u00b8\u00c3\u201a\u00c2\u00b8\u00c3\u201a\u00c2\u00b5\u00c3\u0192\u00c2\u00ab</p>\n<p >#define AST_FREEZE (1 << MST_ASSIST_FREEZE) // \u00c3\u201a\u00c2\u00b0\u00c3\u0192\u00c2\u00a1\u00c3\u201a\u00c2\u00b0\u00c3\u0192\u00c2\u00a8 (\u00c3\u201a\u00c2\u00bc\u00c3\u201a\u00c2\u00ad\u00c3\u201a\u00c2\u00b7\u00c3\u0192\u00c5\u00bd \u00c3\u201a\u00c2\u00b0\u00c3\u0192\u00c2\u00b8\u00c3\u201a\u00c2\u00b0\u00c3\u0192\u00c2 \u00c3\u201a\u00c2\u00b8\u00c3\u0192\u00c2\u00b8\u00c3\u0192\u00e2\u20ac\u00a1\u00c3\u0192\u00e2\u20ac, \u00c3\u201a\u00c2\u00b0\u00c3\u0192\u00e2\u20ac\u00b0\u00c3\u201a\u00c2\u00b8\u00c3\u201a\u00c2\u00b0 \u00c3\u201a\u00c2\u00b0\u00c3\u0192\u00c2\u00c3\u0192\u00e2\u201a\u00ac\u00c3\u201a\u00c2\u00ba \u00c3\u0192\u00e2\u201a\u00ac\u00c3\u0192\u00c5\u2019\u00c3\u201a\u00c2\u00b5\u00c3\u201a\u00c2\u00bf \u00c3\u201a\u00c2\u00b8\u00c3\u0192\u00c2\u00b8\u00c3\u0192\u00e2\u20ac\u00a1\u00c3\u0192\u00e2\u20ac)   </p>\n<p >#define AST_INVERSE_DAMAGE (1 << MST_ASSIST_INVERSE_DAMAGE) // \u00c3\u0192\u00e2\u20ac\u00a1\u00c3\u0192\u00e2\u20ac\u00a1\u00c3\u201a\u00c2\u00b0\u00c3\u0192\u00c2\u00c3\u201a\u00c2\u00b4\u00c3\u0192\u00c2\u00a7\u00c3\u0192\u00e2\u20ac\u00a1\u00c3\u0192\u00c2\u00c3\u201a\u00c2\u00b8\u00c3\u0192\u00c2\u00a9 \u00c3\u201a\u00c2\u00b5\u00c3\u201a\u00c2\u00a5\u00c3\u201a\u00c2\u00b9\u00c3\u0192\u00c5\u2019\u00c3\u0192\u00c2\u00c3\u0192\u00c2\u00b6 \u00c3\u201a\u00c2\u00b8\u00c3\u201a\u00c2\u00b8\u00c3\u0192\u00e2\u20ac\u00a6\u00c3\u201a\u00c2\u00ad HP \u00c3\u0192\u00cb\u2020\u00c3\u201a\u00c2\u00b8\u00c3\u201a\u00c2\u00ba\u00c3\u201a\u00c2\u00b9   </p>\n<p >#define AST_HP_DOT (1 << MST_ASSIST_HP_DOT) // \u00c3\u0192\u00c2\u00c3\u0192\u00c2\u00b6\u00c3\u201a\u00c2\u00bc\u00c3\u0192\u00e2\u20ac\u0153\u00c3\u201a\u00c2\u00b5\u00c3\u201a\u00c2\u00a5\u00c3\u201a\u00c2\u00b9\u00c3\u0192\u00c5\u2019\u00c3\u0192\u00c2\u00c3\u0192\u00c2\u00b6 \u00c3\u0192\u00e2\u201a\u00ac\u00c3\u0192\u00e2\u20ac\u00c3\u0192\u00e2\u201a\u00ac\u00c3\u201a\u00c2\u00bd</p>\n<p >#endif // NIGHTSHADOW_SKILL</p>\n<p >#ifdef RAID_MONSTER_SKILL</p>\n<p >#define AST_REBIRTH (1 << MST_ASSIST_REBIRTH) // \u00c3\u0192\u00c2\u00c3\u0192\u00e2\u20ac\u201d\u00c3\u0192\u00e2\u201a\u00ac\u00c3\u201a\u00c2\u00bb\u00c3\u201a\u00c2\u00b6\u00c3\u201a\u00c2\u00a7 \u00c3\u0192\u00e2\u201a\u00ac\u00c3\u0192\u00c5\u2019 \u00c3\u201a\u00c2\u00b9\u00c3\u0192\u00c2\u00b6\u00c3\u0192\u00e2\u20ac\u00a1\u00c3\u0192\u00c2\u00c3\u201a\u00c2\u00b0\u00c3\u201a\u00c2\u00a1 \u00c3\u0192\u00e2\u201a\u00ac\u00c3\u0192\u00e2\u20ac\u201c\u00c3\u0192\u00e2\u201a\u00ac\u00c3\u201a\u00c2\u00b8\u00c3\u201a\u00c2\u00b8\u00c3\u0192\u00c2\u00a9 \u00c3\u201a\u00c2\u00b9\u00c3\u0192\u00e2\u201e\u00a2\u00c3\u201a\u00c2\u00b7\u00c3\u0192\u00c5\u00bd \u00c3\u201a\u00c2\u00ba\u00c3\u0192\u00c5\u00bd\u00c3\u0192\u00cb\u2020\u00c3\u201a\u00c2\u00b0</p>\n<p >#define AST_EXPLOSION (1 << MST_ASSIST_EXPLOSION) // \u00c3\u0192\u00e2\u201a\u00ac\u00c3\u0192\u00c5\u2019 \u00c3\u201a\u00c2\u00b9\u00c3\u0192\u00c2\u00b6\u00c3\u0192\u00e2\u20ac\u00a1\u00c3\u0192\u00c2\u00c3\u201a\u00c2\u00b0\u00c3\u201a\u00c2\u00a1 \u00c3\u201a\u00c2\u00bb\u00c3\u0192\u00c2\u00a7\u00c3\u201a\u00c2\u00b6\u00c3\u0192\u00c2\u00b3\u00c3\u0192\u00c2\u00c3\u0192\u00c2\u00b6\u00c3\u201a\u00c2\u00b8\u00c3\u0192\u00c2\u00a9 \u00c3\u0192\u00e2\u201a\u00ac\u00c3\u0192\u00c5\u00a1\u00c3\u0192\u00e2\u20ac \u00c3\u0192\u00c2\u00b8</p>\n<p >#endif // RAID_MONSTER_SKILL</p>\n<p >#endif // RAID_MONSTER_SKILL<span style=\"color:rgb(40,40,40);\" ><span style=\"font-family:arial;\" ></span></span></p>\n<p >Credits:wizatek</p>\n\n\n\t\t\t\n\t\t\t\t\n\n<span class=\"ipsType_reset ipsType_medium ipsType_light\" data-excludequote=\"None\" >\n\t<strong >Edited <time datetime=\"2013-07-26T23:44:08Z\" title=\"07/26/2013 11:44  PM\" data-short=\"7 yr\" >July 26, 2013</time> by dethunter12</strong>\n\t\n\t\n</span>\n\t\t\t\n\t\t</div>"
        },
        {
            "id": 82861,
            "timestamp": 1374857488,
            "author": {
                "id": 7695,
                "name": "CyberClaus",
                "image": null
            },
            "comment": "<p >why you posted the list here, without any comment nor nothing? Either way thanks</p>"
        },
        {
            "id": 82875,
            "timestamp": 1374861904,
            "author": {
                "id": 2,
                "name": "Wizatek",
                "image": null
            },
            "comment": "<p >Its the type and subtype of the t_magic table</p>"
        },
        {
            "id": 82916,
            "timestamp": 1374870705,
            "author": {
                "id": 10637,
                "name": "redbull",
                "image": null
            },
            "comment": "<p >and what is this? :))</p>"
        },
        {
            "id": 82917,
            "timestamp": 1374870913,
            "author": {
                "id": 7695,
                "name": "CyberClaus",
                "image": null
            },
            "comment": "<p >Yes, what it is i know, i just asked why just the list and credits and no comment about why the release or something...</p>"
        },
        {
            "id": 82928,
            "timestamp": 1374874298,
            "author": {
                "id": 2,
                "name": "Wizatek",
                "image": null
            },
            "comment": "<p >No idea, but it could be usefull for programmers</p>"
        },
        {
            "id": 82938,
            "timestamp": 1374881472,
            "author": {
                "id": 2041,
                "name": "HateMe",
                "image": null
            },
            "comment": "<p >well its more then just the type and subtype its alos the dmgtype and hittype also some are missing on it to</p>"
        },
        {
            "id": 82951,
            "timestamp": 1374886191,
            "author": {
                "id": 2,
                "name": "Wizatek",
                "image": null
            },
            "comment": "\n<blockquote data-ipsquote=\"\" class=\"ipsQuote\" data-ipsquote-contentcommentid=\"82938\" data-ipsquote-contentapp=\"forums\" data-ipsquote-contenttype=\"forums\" data-ipsquote-contentclass=\"forums_Topic\" data-ipsquote-contentid=\"10791\" data-ipsquote-username=\"HateMe\" data-cite=\"HateMe\" data-ipsquote-timestamp=\"1374881472\" ><div ><p >well its more then just the type and subtype its alos the dmgtype and hittype also some are missing on it to</p></div></blockquote>\n<p >\nyep its old, from the 2008 skill tool</p>\n"
        }
    ]
}