{
    "meta": {
        "threadId": 10809,
        "threadName": "CrankChaos Template",
        "dateCreated": "2013-07-28T00:03:11+0000",
        "datePublished": "2013-07-28T00:03:11+0000",
        "pageCount": 1,
        "originalUrl": "https://lckb.dev/forum/index.php?/topic/10809-crankchaos-template/",
        "authorId": 15998,
        "position": [
            {
                "@type": "ListItem",
                "position": 1,
                "item": {
                    "@id": "https://lckb.dev/forum/index.php?/forum/40-website-scripting-security/",
                    "name": "Website Scripting &amp; Security"
                }
            },
            {
                "@type": "ListItem",
                "position": 2,
                "item": {
                    "@id": "https://lckb.dev/forum/index.php?/forum/368-website-releases/",
                    "name": "Website Releases"
                }
            },
            {
                "@type": "ListItem",
                "position": 3,
                "item": {
                    "@id": "https://lckb.dev/forum/index.php?/forum/306-ep2-websites/",
                    "name": "Ep2 Websites"
                }
            }
        ]
    },
    "commentData": [
        {
            "id": 83028,
            "timestamp": 1374969791,
            "author": {
                "id": 15998,
                "name": "crankchaos",
                "image": null
            },
            "comment": "\n<p ><span ><span >Here you have</span> <span >a new</span> <span >template</span> <span >from me</span></span></p>\n<p > </p>\n<p ><a href=\"http://www.crank-chaos.de\" rel=\"external nofollow\" ><span ><span ><img alt=\"uIqMgePy5p.png\" src=\"http://www.imgbox.de/users/public/images/uIqMgePy5p.png\" /></span></span></a></p>\n<p > </p>\n<p >Download:<a href=\"http://www.crank-chaos.de/download/Made%20by%20CrankChaos.zip\" rel=\"external nofollow\" >http://www.crank-chaos.de/download/Made%20by%20CrankChaos.zip</a></p>\n"
        },
        {
            "id": 83087,
            "timestamp": 1375003909,
            "author": {
                "id": 17432,
                "name": "Nymphetamine",
                "image": null
            },
            "comment": "<p >Are u the owner of the site?</p>"
        },
        {
            "id": 83162,
            "timestamp": 1375028172,
            "author": {
                "id": 15998,
                "name": "crankchaos",
                "image": null
            },
            "comment": "<p >yes</p>"
        },
        {
            "id": 83996,
            "timestamp": 1375651327,
            "author": {
                "id": 14756,
                "name": "moro",
                "image": null
            },
            "comment": "<p >looks a little design :)</p>"
        },
        {
            "id": 84421,
            "timestamp": 1376515764,
            "author": {
                "id": 15998,
                "name": "crankchaos",
                "image": null
            },
            "comment": "<p > :D</p>"
        }
    ]
}