{
    "meta": {
        "threadId": 10806,
        "threadName": "Costume Colors Edit",
        "dateCreated": "2013-07-27T22:23:31+0000",
        "datePublished": "2013-07-27T22:23:31+0000",
        "pageCount": 1,
        "originalUrl": "https://lckb.dev/forum/index.php?/topic/10806-costume-colors-edit/",
        "authorId": 17432,
        "position": [
            {
                "@type": "ListItem",
                "position": 1,
                "item": {
                    "@id": "https://lckb.dev/forum/index.php?/forum/258-release-zone/",
                    "name": "Release Zone"
                }
            },
            {
                "@type": "ListItem",
                "position": 2,
                "item": {
                    "@id": "https://lckb.dev/forum/index.php?/forum/336-general-releases/",
                    "name": "General Releases"
                }
            },
            {
                "@type": "ListItem",
                "position": 3,
                "item": {
                    "@id": "https://lckb.dev/forum/index.php?/forum/288-general-client-releases/",
                    "name": "General Client Releases"
                }
            }
        ]
    },
    "commentData": [
        {
            "id": 83013,
            "timestamp": 1374963811,
            "author": {
                "id": 17432,
                "name": "Nymphetamine",
                "image": null
            },
            "comment": "\n<p style=\"text-align:center;\" >Today u got rogue western</p>\n<br /><p style=\"text-align:center;\" >Next day ill upload next classes and new costumes edit</p>\n<br /><p style=\"text-align:center;\" >Read me Included</p>\n<br /><p style=\"text-align:center;\" >Credits go to me</p>\n<br /><p style=\"text-align:center;\" >Hope u guys like it</p>\n<br /><p style=\"text-align:center;\" > </p>\n<br /><p style=\"text-align:center;\" >Screenshots:</p>\n<br /><p style=\"text-align:center;\" >Rogue Western: [Press on spoiler if u want to see it]</p>\n<br /><p style=\"text-align:center;\" ></p>\n<div class=\"ipsSpoiler\" data-ipsspoiler=\"\" >\n<div class=\"ipsSpoiler_header\" ><span ></span></div>\n<div class=\"ipsSpoiler_contents\" >\n<p > </p>\n<br /><p style=\"text-align:center;\" ><img alt=\"0371b-1ace0993-1019-45b4-89c8-8bef659408\" src=\"http://grabilla.com/0371b-1ace0993-1019-45b4-89c8-8bef65940849.png\" /></p>\n<br /><p style=\"text-align:center;\" ><img alt=\"0371b-74800938-46eb-4d0f-b8e3-fb86c3ce58\" src=\"http://grabilla.com/0371b-74800938-46eb-4d0f-b8e3-fb86c3ce585b.png\" /></p>\n<br /><p style=\"text-align:center;\" > </p>\n<br /><p style=\"text-align:center;\" ></p>\n</div>\n</div>\n<p > </p>\n<br /><p style=\"text-align:center;\" > </p>\n<br /><p style=\"text-align:center;\" > </p>\n<br /><p style=\"text-align:center;\" > </p>\n<br /><p style=\"text-align:center;\" > </p>\n<br /><p style=\"text-align:center;\" > </p>\n<br /><p style=\"text-align:center;\" ><a href=\"https://mega.co.nz/#!xVhRCZBK!LcCIVUZCY8cPx5Y7zvpvEFcCEXpCbxOXZVXF85GBzMk\" rel=\"external nofollow\" >Download Link</a></p>\n<br /><p style=\"text-align:center;\" > </p>\n<br /><p style=\"text-align:center;\" ><a href=\"https://www.virustotal.com/it/url/274b18e83a3b2b1db2350782fdb36e225aa3d656f350d26269233ac115c82f67/analysis/\" rel=\"external nofollow\" >URL Scan</a></p>\n<br />"
        },
        {
            "id": 83017,
            "timestamp": 1374965322,
            "author": {
                "id": 16931,
                "name": "Walletman987",
                "image": null
            },
            "comment": "<p >Thanks frend, looks nice.</p>"
        },
        {
            "id": 83160,
            "timestamp": 1375027817,
            "author": {
                "id": 15369,
                "name": "DieYoung",
                "image": null
            },
            "comment": "<p >looks realllly nice :) goodjob!</p>"
        },
        {
            "id": 85678,
            "timestamp": 1377590955,
            "author": {
                "id": 17220,
                "name": "Bonnie",
                "image": null
            },
            "comment": "<p >Where is the next covers ? xD</p>"
        },
        {
            "id": 85718,
            "timestamp": 1377621953,
            "author": {
                "id": 17432,
                "name": "Nymphetamine",
                "image": null
            },
            "comment": "<p >I kinda forgot about them.<br />Ill work on it these days.</p>"
        }
    ]
}