{
    "meta": {
        "threadId": 1081,
        "threadName": "Fixing 140 Loop Bug Issue",
        "dateCreated": "2011-10-18T14:17:01+0000",
        "datePublished": "2011-10-18T14:17:01+0000",
        "pageCount": 1,
        "originalUrl": "https://lckb.dev/forum/index.php?/topic/1081-fixing-140-loop-bug-issue/",
        "authorId": 37,
        "position": [
            {
                "@type": "ListItem",
                "position": 1,
                "item": {
                    "@id": "https://lckb.dev/forum/index.php?/forum/271-general-section/",
                    "name": "General Section"
                }
            },
            {
                "@type": "ListItem",
                "position": 2,
                "item": {
                    "@id": "https://lckb.dev/forum/index.php?/forum/259-general-discussion/",
                    "name": "General Discussion"
                }
            }
        ]
    },
    "commentData": [
        {
            "id": 8810,
            "timestamp": 1318947421,
            "author": {
                "id": 37,
                "name": "BashVendetta",
                "image": null
            },
            "comment": "\n<p >Hi all,</p>\n<p > </p>\n<p >I am wondering what I am doing wrong?</p>\n<p > </p>\n<p >Old code to fix upto 140 was:</p>\n<blockquote data-ipsquote=\"\" class=\"ipsQuote\" data-ipsquote-contentapp=\"forums\" data-ipsquote-contenttype=\"forums\" data-ipsquote-contentid=\"1081\" data-ipsquote-contentclass=\"forums_Topic\" ><div >\n<p >004DF6F5   8C00             MOV WORD PTR DS:[EAX],ES</p>\n<p ></p>\n</div></blockquote>\n<p > </p>\n<p >I am assuming the 8c00 is 140 as 8c in hex is 140 so I change to ff00 as shown:</p>\n<blockquote data-ipsquote=\"\" class=\"ipsQuote\" data-ipsquote-contentapp=\"forums\" data-ipsquote-contenttype=\"forums\" data-ipsquote-contentid=\"1081\" data-ipsquote-contentclass=\"forums_Topic\" ><div >\n<p >004DF6F5     FF00           INC DWORD PTR DS:[EAX]</p>\n<p ></p>\n</div></blockquote>\n<p > </p>\n<p >Still not working though, anyone have any idea what the problem is? Or have I missed anything?</p>\n"
        },
        {
            "id": 8811,
            "timestamp": 1318948113,
            "author": {
                "id": 919,
                "name": "someone",
                "image": null
            },
            "comment": "\n<blockquote data-ipsquote=\"\" class=\"ipsQuote\" data-ipsquote-contentapp=\"forums\" data-ipsquote-contenttype=\"forums\" data-ipsquote-contentid=\"1081\" data-ipsquote-contentclass=\"forums_Topic\" ><div >aSH' date=' post: 11478\"']Hi all,<p > </p>\n<p >I am wondering what I am doing wrong?</p>\n<p > </p>\n<p >Old code to fix upto 140 was:</p>\n<p > </p>\n<p > </p>\n<p >I am assuming the 8c00 is 140 as 8c in hex is 140 so I change to ff00 as shown:</p>\n<p > </p>\n<p > </p>\n<p >Still not working though, anyone have any idea what the problem is? Or have I missed anything?</p>\n</div></blockquote>\n<p > </p>\n<p >Those values are OP code for the mov instruction,changing the value will change the instruction.</p>\n<p ><a href=\"http://ref.x86asm.net/geek-abc.html#P\" rel=\"external nofollow\" >http://ref.x86asm.net/geek-abc.html#P</a></p>\n<p ></p>\n<pre class=\"ipsCode\" >MOV \tEb \tGb \t\t\t\t\t\t88 \t\tdw \tr \t\t\t\t\t\tgen \tdatamov \t\t\t\t\t\t\tMove\nMOV \tEvqp \tGvqp \t\t\t\t\t\t89 \t\tdW \tr \t\t\t\t\t\tgen \tdatamov \t\t\t\t\t\t\tMove\nMOV \tGb \tEb \t\t\t\t\t\t8A \t\tDw \tr \t\t\t\t\t\tgen \tdatamov \t\t\t\t\t\t\tMove\nMOV \tGvqp \tEvqp \t\t\t\t\t\t8B \t\tDw \tr \t\t\t\t\t\tgen \tdatamov \t\t\t\t\t\t\tMove\nMOV \tMw \tSw \t\t\t\t\t\t8C \t\td \tr \t\t\t\t\t\tgen \tdatamov \t\t\t\t\t\t\tMove\nMOV \tRvqp \tSw \t\t\nMOV \tSw \tEw \t\t\t\t\t\t8E \t\tD \tr \t\t\t\t\t\tgen \tdatamov \t\t\t\t\t\t\tMove\nMOV \tAL \tOb \t\t\t\t\t\tA0 \t\tw \t\t\t\t\t\t\tgen \tdatamov \t\t\t\t\t\t\tMove\nMOV \trAX \tOvqp \t\t\t\t\t\tA1 \t\tW \t\t\t\t\t\t\tgen \tdatamov \t\t\t\t\t\t\tMove\nMOV \tOb \tAL \t\t\t\t\t\tA2 \t\tw \t\t\t\t\t\t\tgen \tdatamov \t\t\t\t\t\t\tMove\nMOV \tOvqp \trAX \t\t\t\t\t\tA3 \t\tW \t\t\t\t\t\t\tgen \tdatamov \t\t\t\t\t\t\tMove\nMOV \tZb \tIb \t\t\t\t\t\tB0 \t\t+r \t\t\t\t\t\t\tgen \tdatamov \t\t\t\t\t\t\tMove\nMOV \tZvqp \tIvqp \t\t\t\t\t\tB8 \t\t+r \t\t\t\t\t\t\tgen \tdatamov \t\t\t\t\t\t\tMove\nMOV \tEb \tIb \t\t\t\t\t\tC6 \t\tw \t0 \t\t\t\t\t\tgen \tdatamov \t\t\t\t\t\t\tMove\nMOV \tEvqp \tIvds \t\t\t\t\t\tC7 \t\tW \t0 \t\t\t\t\t\tgen \tdatamov \t\t\t\t\t\t\tMove\nMOV \tRd \tCd \t\t\t\t\t0F \t20 \t\t\tr \t03+ \tD26 \t\t0 \t\tsystem \t\t\t\to..szapc \t\to..szapc \t\tMove to/from Control Registers\nMOV \tHd \tCd \t\t\t\t\t0F \t20 \t\t\tr \t03+ \tU27 \t\t0 \t\tsystem \t\t\t\to..szapc \t\to..szapc \t\tMove to/from Control Registers\nMOV \tRq \tCq \t\t\t\t\t0F \t20 \t\t\tr \tP4+ \t\tE \t0 \t\tsystem \t\t\t\to..szapc \t\to..szapc \t\tMove to/from Control Registers\nMOV \tHq \tCq \t\t\t\t\t0F \t20 \t\t\tr \tP4+ \tU27 \tE \t0 \t\tsystem \t\t\t\to..szapc \t\to..szapc \t\tMove to/from Control Registers\nMOV \tRd \tDd \t\t\t\t\t0F \t21 \t\t\tr \t03+ \t\t\t0 \t\tsystem \t\t\t\to..szapc \t\to..szapc \t\tMove to/from Debug Registers\nMOV \tHd \tDd \t\t\t\t\t0F \t21 \t\t\tr \t03+ \tU27 \t\t0 \t\tsystem \t\t\t\to..szapc \t\to..szapc \t\tMove to/from Debug Registers\nMOV \tRq \tDq \t\t\t\t\t0F \t21 \t\t\tr \t03+ \t\tE \t0 \t\tsystem \t\t\t\to..szapc \t\to..szapc \t\tMove to/from Debug Registers\nMOV \tHq \tDq \t\t\t\t\t0F \t21 \t\t\tr \t03+ \tU27 \tE \t0 \t\tsystem \t\t\t\to..szapc \t\to..szapc \t\tMove to/from Debug Registers\nMOV \tCd \tRd \t\t\t\t\t0F \t22 \t\t\tr \t03+ \tD26 \t\t0 \t\tsystem \t\t\t\to..szapc \t\to..szapc \t\tMove to/from Control Registers\nMOV \tCd \tHd \t\t\t\t\t0F \t22 \t\t\tr \t03+ \tU27 \t\t0 \t\tsystem \t\t\t\to..szapc \t\to..szapc \t\tMove to/from Control Registers\nMOV \tCq \tRq \t\t\t\t\t0F \t22 \t\t\tr \tP4+ \t\tE \t0 \t\tsystem \t\t\t\to..szapc \t\to..szapc \t\tMove to/from Control Registers\nMOV \tCq \tHq \t\t\t\t\t0F \t22 \t\t\tr \tP4+ \tU27 \tE \t0 \t\tsystem \t\t\t\to..szapc \t\to..szapc \t\tMove to/from Control Registers\nMOV \tDd \tRd \t\t\t\t\t0F \t23 \t\t\tr \t03+ \t\t\t0 \t\tsystem \t\t\t\to..szapc \t\to..szapc \t\tMove to/from Debug Registers\nMOV \tDq \tHq \t\t\t\t\t0F \t23 \t\t\tr \t03+ \tU27 \t\t0 \t\tsystem \t\t\t\to..szapc \t\to..szapc \t\tMove to/from Debug Registers\nMOV \tDq \tRq \t\t\t\t\t0F \t23 \t\t\tr \t03+ \t\tE \t0 \t\tsystem \t\t\t\to..szapc \t\to..szapc \t\tMove to/from Debug Registers\nMOV \tDq \tHq \t\t\t\t\t0F \t23 \t\t\tr \t03+ \tU27 \tE \t0 \t\tsystem \t\t\t\to..szapc \t\to..szapc \t\tMove to/from Debug Registers\nMOV \tRd \tTd \t\t\t\t\t0F \t24 \t\t\tr \t03-04 \t\t\t0 \t\tsystem \t\t\t\to..szapc \t\to..szapc \t\tMove to/from Test Registers\nMOV \tHd \tTd \t\t\t\t\t0F \t24 \t\t\tr \t03-04 \tU27 \t\t0 \t\tsystem \t\t\t\to..szapc \t\to..szapc \t\tMove to/from Test Registers\nMOV \tTd \tRd \t\t\t\t\t0F \t26 \t\t\tr \t03-04 \t\t\t0 \t\tsystem \t\t\t\to..szapc \t\to..szapc \t\tMove to/from Test Registers\nMOV \tTd \tHd \t\t\t\t\t0F \t26 \t\t\tr \t03-04 \tU27 \t\t0 \t\tsystem \t\t\t\to..szapc \t\to..szapc \t\tMove to/from Test Registers\n</pre>\n<div ></div>\n<p ></p>\n<p > </p>\n<p >That code code copies the valie from somewhere to EAX, follow dump, of the  eax, or that other registry or you can change the value of the EAX from a location you want.</p>\n"
        },
        {
            "id": 8812,
            "timestamp": 1318948293,
            "author": {
                "id": 37,
                "name": "BashVendetta",
                "image": null
            },
            "comment": "<p >So I go to origin? I am a little confused, I understand EAX will be calling the value.</p>"
        },
        {
            "id": 8816,
            "timestamp": 1318950852,
            "author": {
                "id": 368,
                "name": "blankname",
                "image": null
            },
            "comment": "\n<p >here is the new lvl up loop bug fix. it completely fixes the levelup loop bug and prevent players from going past the max level</p>\n<p > </p>\n<p >0x000FC7F6 B4</p>\n<p >0x000FC80D 9D</p>\n"
        },
        {
            "id": 8821,
            "timestamp": 1318967502,
            "author": {
                "id": 37,
                "name": "BashVendetta",
                "image": null
            },
            "comment": "\n<blockquote data-ipsquote=\"\" class=\"ipsQuote\" data-ipsquote-username=\"\\\" data-cite=\"\\\" data-ipsquote-contentapp=\"forums\" data-ipsquote-contenttype=\"forums\" data-ipsquote-contentid=\"1081\" data-ipsquote-contentclass=\"forums_Topic\" ><div >here is the new lvl up loop bug fix. it completely fixes the levelup loop bug and prevent players from going past the max level<p > </p>\n<p >0x000FC7F6 B4</p>\n<p >0x000FC80D 9D</p>\n</div></blockquote>\n<p > </p>\n<p >What did you edit to get the above?</p>\n<p > </p>\n<p >I use ollydb and have never seen adresses like this.</p>\n"
        },
        {
            "id": 8823,
            "timestamp": 1318969313,
            "author": {
                "id": 919,
                "name": "someone",
                "image": null
            },
            "comment": "\n<blockquote data-ipsquote=\"\" class=\"ipsQuote\" data-ipsquote-contentapp=\"forums\" data-ipsquote-contenttype=\"forums\" data-ipsquote-contentid=\"1081\" data-ipsquote-contentclass=\"forums_Topic\" ><div >aSH' date=' post: 11510\"']What did you edit to get the above?<p > </p>\n<p >I use ollydb and have never seen adresses like this.</p>\n</div></blockquote>\n<p >He used Hex Editor, and those are File offsets, not virtual offsets(virtual offsets are shown in ollydbg).</p>\n<p > </p>\n<p >If you want to edit with ollydbg goto 0x004FC7F6, 0x004FC80D</p>\n"
        },
        {
            "id": 8824,
            "timestamp": 1318969730,
            "author": {
                "id": 37,
                "name": "BashVendetta",
                "image": null
            },
            "comment": "<p >Ya I figured, just people using so many different methods its becoming very confusing >.></p>"
        },
        {
            "id": 8825,
            "timestamp": 1318970715,
            "author": {
                "id": 37,
                "name": "BashVendetta",
                "image": null
            },
            "comment": "<p >I just done this and it is still not working.....</p>"
        },
        {
            "id": 8826,
            "timestamp": 1318970992,
            "author": {
                "id": 919,
                "name": "someone",
                "image": null
            },
            "comment": "\n<blockquote data-ipsquote=\"\" class=\"ipsQuote\" data-ipsquote-contentapp=\"forums\" data-ipsquote-contenttype=\"forums\" data-ipsquote-contentid=\"1081\" data-ipsquote-contentclass=\"forums_Topic\" ><div >ash' date=' post: 11515\"']i just done this and it is still not working.....</div></blockquote>\n<p ></p>\n<pre class=\"ipsCode\" > 004fc5b1  |. 8178 20 8c0000>cmp dword ptr ds:[eax+20],8c</pre>\n<div ></div>\n<p ></p>\n"
        },
        {
            "id": 8827,
            "timestamp": 1318972075,
            "author": {
                "id": 37,
                "name": "BashVendetta",
                "image": null
            },
            "comment": "<p >Im assuming the above I change to: <strong >004fc5b1  |. 8178 20 8c0000>cmp dword ptr ds:[eax+45],8c</strong> or am I wrong lol?</p>"
        },
        {
            "id": 8829,
            "timestamp": 1318976733,
            "author": {
                "id": 919,
                "name": "someone",
                "image": null
            },
            "comment": "\n<p >Ssorry posted the wrong thing this is the correct one tested myself:</p>\n<p > </p>\n<p >0045EA4D   817D DC FF000000 CMP DWORD PTR SS:[EBP-24],8c</p>\n<p >0045EA54   7E 11            JLE SHORT GameServ.0045EA67</p>\n<p > </p>\n<p >Just change from 8C to whatever value you want.</p>\n"
        },
        {
            "id": 8830,
            "timestamp": 1318977790,
            "author": {
                "id": 37,
                "name": "BashVendetta",
                "image": null
            },
            "comment": "\n<p >Ok Mine is this: <strong >0045EA4D   817D DC FF000000 CMP DWORD PTR SS:[EBP-24],0FF</strong> before I edit it.</p>\n<p > </p>\n<p >I am double clicking the expression and entering: <strong >CMP DWORD PTR SS:[EBP-24],8c</strong></p>\n<p > </p>\n<p >It is changing to: <strong >0045EA4D   817D DC 8C000000 CMP DWORD PTR SS:[EBP-24],8C</strong></p>\n<p > </p>\n<p >But yours is: <strong >0045EA4D 817D DC FF000000 CMP DWORD PTR SS:[EBP-24],8c</strong> and if you compare the 2 on your FF000000 mine is 8C000000 and when I try to change to: <strong >CMP DWORD PTR SS:[EBP-24],FF</strong> I receive an error saying \"Unknown Identifier\".</p>\n"
        },
        {
            "id": 8831,
            "timestamp": 1318977954,
            "author": {
                "id": 919,
                "name": "someone",
                "image": null
            },
            "comment": "\n<blockquote data-ipsquote=\"\" class=\"ipsQuote\" data-ipsquote-contentapp=\"forums\" data-ipsquote-contenttype=\"forums\" data-ipsquote-contentid=\"1081\" data-ipsquote-contentclass=\"forums_Topic\" ><div >aSH' date=' post: 11520\"']Ok Mine is this: <strong >0045EA4D   817D DC FF000000 CMP DWORD PTR SS:[EBP-24],0FF</strong> before I edit it.<p > </p>\n<p >I am double clicking the expression and entering: <strong >CMP DWORD PTR SS:[EBP-24],8c</strong></p>\n<p > </p>\n<p >It is changing to: <strong >0045EA4D   817D DC 8C000000 CMP DWORD PTR SS:[EBP-24],8C</strong></p>\n<p > </p>\n<p >But yours is: <strong >0045EA4D 817D DC FF000000 CMP DWORD PTR SS:[EBP-24],8c</strong> and if you compare the 2 on your FF000000 mine is 8C000000 and when I try to change to: <strong >CMP DWORD PTR SS:[EBP-24],FF</strong> I receive an error saying \"Unknown Identifier\".</p>\n</div></blockquote>\n<p >It was like yours but i copied the code after i modified it and change only on forum.</p>\n<p > </p>\n<p >Put 0FF</p>\n"
        },
        {
            "id": 8832,
            "timestamp": 1318978095,
            "author": {
                "id": 37,
                "name": "BashVendetta",
                "image": null
            },
            "comment": "<p >Ya but then that puts it back to: 0045EA4D 817D DC FF000000 CMP DWORD PTR SS:[EBP-24],0FF and it was already this before I edited it and it still dont work</p>"
        },
        {
            "id": 8833,
            "timestamp": 1318978215,
            "author": {
                "id": 37,
                "name": "BashVendetta",
                "image": null
            },
            "comment": "<p >do you know the issue that I am getting? I can put /levelup and get the lvl its when gaining exp it resets it back to 0 straight after the kill.</p>"
        },
        {
            "id": 8838,
            "timestamp": 1319008183,
            "author": {
                "id": 919,
                "name": "someone",
                "image": null
            },
            "comment": "\n<p >Modify from 8c to what ever you want(for game level).</p>\n<p ></p>\n<pre class=\"ipsCode\" >004FC5B1     8178 20 8C0000>CMP DWORD PTR DS:[EAX+20],8C\n004FC5B8  |. 0F8D 71020000  JGE PVP_Game.004FC82F</pre>\n<div ></div>\n<p ></p>\n<p > </p>\n<p >This is for LevelUP command(modify in whatever you want) </p>\n<p ></p>\n<pre class=\"ipsCode\" >0045EA4D     817D DC 8C0000>CMP DWORD PTR SS:[EBP-24],8C\n0045EA54  |. 7E 11          JLE SHORT PVP_Game.0045EA67</pre>\n<div ></div>\n<p ></p>\n<p > </p>\n<p >This 2 addresses i posted earlyer:</p>\n<p > </p>\n<p >Exp loop fix:</p>\n<p ></p>\n<pre class=\"ipsCode\" >004FC44F     8178 20 8C0000>CMP DWORD PTR DS:[EAX+20],8C\n004FC456  |. 7F 18          JG SHORT PVP_Game.004FC470</pre>\n<div ></div>\n<p ></p>\n"
        },
        {
            "id": 8840,
            "timestamp": 1319014998,
            "author": {
                "id": 37,
                "name": "BashVendetta",
                "image": null
            },
            "comment": "<p >This ^ works, Thanks a lot.</p>"
        },
        {
            "id": 8851,
            "timestamp": 1319025965,
            "author": {
                "id": 368,
                "name": "blankname",
                "image": null
            },
            "comment": "\n<p >wonder why you waste time with ollydbg when you can do everything faster and easier with a simple hex editor</p>\n<p > </p>\n<p >the lvl up loop bug is caused for a bug in the levelup function. </p>\n<p > </p>\n<p ></p>\n<pre class=\"ipsCode\" >if( player.current_exp >=  player.needed_exp )\n{\nif( player.level < max_level )\n{\n levelup:\n player levelup\n if( player.current_exp >=  player.needed_exp )\n  goto levelup\n}\n}</pre>\n<div ></div>\n<p ></p>\n<p > </p>\n<p >i think the example above shows perfectly where the bug is</p>\n<p > </p>\n<p >lets say you kill a mob and the above code gets execute. first it checks if you have the exp required to level up, then checks if your level is below the max level, if both are true, you will level up. the problem comes after leveling up, it checks again if you have the exp required to level up and if so, you will level up again but it does NOT check the max level. so if you gain two or more levelups at the same time, you can past over the max level and since the exp required to level up after the max level is always 0/0, you will get in an infinite levelup loop</p>\n<p > </p>\n<p >to fix this bug, you only need to patch these two offsets</p>\n<p > </p>\n<p ><span style=\"color:#FF0000;\" >LevelUp loop bug fix (v2):</span></p>\n<p ></p>\n<pre class=\"ipsCode\" >0x000FC7F6 B4\n0x000FC80D 9D</pre>\n<div ></div>\n<p ></p>\n"
        },
        {
            "id": 8859,
            "timestamp": 1319029982,
            "author": {
                "id": null,
                "name": "Guest damona",
                "image": null
            },
            "comment": "<p >this is not a bug falo have the lvl cap of 140 you must change 3 tables in the gameserver from 140 of 165or what you would</p>"
        },
        {
            "id": 8900,
            "timestamp": 1319114375,
            "author": {
                "id": null,
                "name": "Guest Gothic",
                "image": null
            },
            "comment": "\n<blockquote data-ipsquote=\"\" class=\"ipsQuote\" data-ipsquote-username=\"\\\" data-cite=\"\\\" data-ipsquote-contentapp=\"forums\" data-ipsquote-contenttype=\"forums\" data-ipsquote-contentid=\"1081\" data-ipsquote-contentclass=\"forums_Topic\" ><div >Modify from 8c to what ever you want(for game level).<p ></p>\n<pre class=\"ipsCode\" >004FC5B1     8178 20 8C0000>CMP DWORD PTR DS:[EAX+20],8C\n004FC5B8  |. 0F8D 71020000  JGE PVP_Game.004FC82F</pre>\n<div ></div>\n<p ></p>\n<p > </p>\n<p >This is for LevelUP command(modify in whatever you want) </p>\n<p ></p>\n<pre class=\"ipsCode\" >0045EA4D     817D DC 8C0000>CMP DWORD PTR SS:[EBP-24],8C\n0045EA54  |. 7E 11          JLE SHORT PVP_Game.0045EA67</pre>\n<div ></div>\n<p ></p>\n<p > </p>\n<p >This 2 addresses i posted earlyer:</p>\n<p > </p>\n<p >Exp loop fix:</p>\n<p ></p>\n<pre class=\"ipsCode\" >004FC44F     8178 20 8C0000>CMP DWORD PTR DS:[EAX+20],8C\n004FC456  |. 7F 18          JG SHORT PVP_Game.004FC470</pre>\n<div ></div>\n<p ></p>\n</div></blockquote>\n<p > </p>\n<p > </p>\n<p >What should I change? This one comes at level 165?</p>\n"
        },
        {
            "id": 8902,
            "timestamp": 1319118357,
            "author": {
                "id": 37,
                "name": "BashVendetta",
                "image": null
            },
            "comment": "\n<p ><strong >For future reference:</strong> Put in google \"165 in hex\" it will give you a byte.</p>\n<p > </p>\n<p >But the answer you are asking is: A5 so change 8C to A5</p>\n"
        }
    ]
}