{
    "meta": {
        "threadId": 10826,
        "threadName": "How to change Level Cap [GS GER]",
        "dateCreated": "2013-07-28T16:04:53+0000",
        "datePublished": "2013-07-28T16:04:53+0000",
        "pageCount": 1,
        "originalUrl": "https://lckb.dev/forum/index.php?/topic/10826-how-to-change-level-cap-gs-ger/",
        "authorId": null,
        "position": [
            {
                "@type": "ListItem",
                "position": 1,
                "item": {
                    "@id": "https://lckb.dev/forum/index.php?/forum/100-guides-help-section/",
                    "name": "Guides &amp; Help Section"
                }
            },
            {
                "@type": "ListItem",
                "position": 2,
                "item": {
                    "@id": "https://lckb.dev/forum/index.php?/forum/335-help-support/",
                    "name": "Help &amp; Support"
                }
            },
            {
                "@type": "ListItem",
                "position": 3,
                "item": {
                    "@id": "https://lckb.dev/forum/index.php?/forum/120-ep2-support/",
                    "name": "Ep2 Support"
                }
            },
            {
                "@type": "ListItem",
                "position": 4,
                "item": {
                    "@id": "https://lckb.dev/forum/index.php?/forum/134-solved-topics/",
                    "name": "Solved Topics"
                }
            }
        ]
    },
    "commentData": [
        {
            "id": 83159,
            "timestamp": 1375027493,
            "author": {
                "id": null,
                "name": "Guest SmoGG",
                "image": null
            },
            "comment": "\n<p >Hey hey,</p>\n<p > </p>\n<p >anyone can tell me how I can change the level cap from german GameServer ?</p>\n<p >(Please not post only the offset from level cap or if, explain me how to use/add)</p>\n"
        },
        {
            "id": 83164,
            "timestamp": 1375028381,
            "author": {
                "id": 7695,
                "name": "CyberClaus",
                "image": null
            },
            "comment": "<p >Find out the gseditor from wizatek, then you need to look for the offsets, although i think the gseditor from wizatek already have the offsets for the german gs. </p>"
        },
        {
            "id": 83167,
            "timestamp": 1375028720,
            "author": {
                "id": null,
                "name": "Guest SmoGG",
                "image": null
            },
            "comment": "\n<p >Nope, it dont have the offset for level cap.. </p>\n<p > </p>\n<p >I found the offsets for german GS but idk what to do with that ? - <a href=\"http://toxic-l33t.ddns.net/forum/index.php?/topic/9519-offess-lvl-exp-gm-lvl/\" rel=\"external nofollow\" >http://toxic-l33t.ddns.net/forum/index.php?/topic/9519-offess-lvl-exp-gm-lvl/</a></p>\n<p >USA - Level Cap :Int32:001C830E</p>\n<p >Ger - Level Cap :Int32:00A0EDB (or what ?) O.o</p>\n"
        },
        {
            "id": 83170,
            "timestamp": 1375029268,
            "author": {
                "id": 7695,
                "name": "CyberClaus",
                "image": null
            },
            "comment": "<p >Like i said smogg... find the gameserver editor form wizatek, in the file with the offsets, you paste the offsets you found and then you have the gseditor to open the gameserver_d and it will show you the level. After that, just change to what level you want and save</p>"
        },
        {
            "id": 83172,
            "timestamp": 1375029632,
            "author": {
                "id": null,
                "name": "Guest SmoGG",
                "image": null
            },
            "comment": "<p >Okay, thanks - Solved (:</p>"
        }
    ]
}