{
    "meta": {
        "threadId": 10829,
        "threadName": "Last Chaos Server",
        "dateCreated": "2013-07-28T17:55:14+0000",
        "datePublished": "2013-07-28T17:55:14+0000",
        "pageCount": 1,
        "originalUrl": "https://lckb.dev/forum/index.php?/topic/10829-last-chaos-server/",
        "authorId": 18613,
        "position": [
            {
                "@type": "ListItem",
                "position": 1,
                "item": {
                    "@id": "https://lckb.dev/forum/index.php?/forum/272-programmers-gateway/",
                    "name": "Programmers Gateway"
                }
            },
            {
                "@type": "ListItem",
                "position": 2,
                "item": {
                    "@id": "https://lckb.dev/forum/index.php?/forum/79-coders-talk/",
                    "name": "Coders Talk"
                }
            }
        ]
    },
    "commentData": [
        {
            "id": 83183,
            "timestamp": 1375034114,
            "author": {
                "id": 18613,
                "name": "Karan",
                "image": null
            },
            "comment": "\n<p >Hey yall, I was wondering if someone could maybe help me start up a server? I am willing to pay, so if anyone can help, please add me on skype.</p>\n<p > </p>\n<p >My Skype: FiveRiverFlo</p>\n"
        },
        {
            "id": 83186,
            "timestamp": 1375034609,
            "author": {
                "id": 16983,
                "name": "Jaiz",
                "image": null
            },
            "comment": "<p >Wrong Section. </p>"
        },
        {
            "id": 83188,
            "timestamp": 1375034902,
            "author": {
                "id": 17432,
                "name": "Nymphetamine",
                "image": null
            },
            "comment": "<p >Make a topic in General Chatter</p>"
        },
        {
            "id": 83189,
            "timestamp": 1375034914,
            "author": {
                "id": null,
                "name": "Guest Johnny5",
                "image": null
            },
            "comment": "<p >Topic Closed by a moderator. The reason why: Wrong section!!</p>"
        }
    ]
}