{
    "meta": {
        "threadId": 10823,
        "threadName": "Cheat Sheet library",
        "dateCreated": "2013-07-28T14:02:44+0000",
        "datePublished": "2013-07-28T14:02:44+0000",
        "pageCount": 1,
        "originalUrl": "https://lckb.dev/forum/index.php?/topic/10823-cheat-sheet-library/",
        "authorId": 919,
        "position": [
            {
                "@type": "ListItem",
                "position": 1,
                "item": {
                    "@id": "https://lckb.dev/forum/index.php?/forum/272-programmers-gateway/",
                    "name": "Programmers Gateway"
                }
            },
            {
                "@type": "ListItem",
                "position": 2,
                "item": {
                    "@id": "https://lckb.dev/forum/index.php?/forum/79-coders-talk/",
                    "name": "Coders Talk"
                }
            }
        ]
    },
    "commentData": [
        {
            "id": 83131,
            "timestamp": 1375020164,
            "author": {
                "id": 919,
                "name": "someone",
                "image": null
            },
            "comment": "\n<p >I thought would be nice to post(All cheat sheets for most of the languages and libraries):</p>\n<p ><a href=\"http://overapi.com/\" rel=\"external nofollow\" >http://overapi.com/</a></p>\n"
        },
        {
            "id": 83139,
            "timestamp": 1375023137,
            "author": {
                "id": 7695,
                "name": "CyberClaus",
                "image": null
            },
            "comment": "<p >XD Great collection</p>"
        },
        {
            "id": 83143,
            "timestamp": 1375023525,
            "author": {
                "id": 919,
                "name": "someone",
                "image": null
            },
            "comment": "<p >wrong thread, sorry</p>"
        },
        {
            "id": 83146,
            "timestamp": 1375024048,
            "author": {
                "id": 7695,
                "name": "CyberClaus",
                "image": null
            },
            "comment": "\n<blockquote data-ipsquote=\"\" class=\"ipsQuote\" data-ipsquote-contentcommentid=\"83143\" data-ipsquote-contentapp=\"forums\" data-ipsquote-contenttype=\"forums\" data-ipsquote-contentclass=\"forums_Topic\" data-ipsquote-contentid=\"10823\" data-ipsquote-username=\"someone\" data-cite=\"someone\" data-ipsquote-timestamp=\"1375023525\" ><div ><div ><p >wrong thread, sorry</p></div></div></blockquote>\n<p >why its wrong, i dont see nothing wrong someone</p>\n"
        },
        {
            "id": 83148,
            "timestamp": 1375024266,
            "author": {
                "id": 919,
                "name": "someone",
                "image": null
            },
            "comment": "\n<p >i wrote something else on this thread(since I usually open 50 tabs on my browser, I sometimes mix them).</p>\n<p > </p>\n<p >Sorry about, the misunderstanding.</p>\n"
        },
        {
            "id": 83150,
            "timestamp": 1375024413,
            "author": {
                "id": 7695,
                "name": "CyberClaus",
                "image": null
            },
            "comment": "\n<blockquote data-ipsquote=\"\" class=\"ipsQuote\" data-ipsquote-contentcommentid=\"83148\" data-ipsquote-contentapp=\"forums\" data-ipsquote-contenttype=\"forums\" data-ipsquote-contentclass=\"forums_Topic\" data-ipsquote-contentid=\"10823\" data-ipsquote-username=\"someone\" data-cite=\"someone\" data-ipsquote-timestamp=\"1375024266\" ><div ><div >\n<p >i wrote something else on this thread(since I usually open 50 tabs on my browser, I sometimes mix them).</p>\n<p > </p>\n<p >Sorry about, the misunderstanding.</p>\n</div></div></blockquote>\n<p > </p>\n<p >Its ok, you were fast correcting then cause i just saw the thread like this. :) Either way i liked alot, sometimes comes in handy to have the commands in one place. Thanks for it</p>\n"
        }
    ]
}