{
    "meta": {
        "threadId": 10842,
        "threadName": "Skill fix for CDWriter's Database",
        "dateCreated": "2013-07-29T01:37:25+0000",
        "datePublished": "2013-07-29T01:37:25+0000",
        "pageCount": 1,
        "originalUrl": "https://lckb.dev/forum/index.php?/topic/10842-skill-fix-for-cdwriters-database/",
        "authorId": 18031,
        "position": [
            {
                "@type": "ListItem",
                "position": 1,
                "item": {
                    "@id": "https://lckb.dev/forum/index.php?/forum/258-release-zone/",
                    "name": "Release Zone"
                }
            },
            {
                "@type": "ListItem",
                "position": 2,
                "item": {
                    "@id": "https://lckb.dev/forum/index.php?/forum/325-episode-2-releases/",
                    "name": "Episode 2 Releases"
                }
            },
            {
                "@type": "ListItem",
                "position": 3,
                "item": {
                    "@id": "https://lckb.dev/forum/index.php?/forum/125-server-side/",
                    "name": "Server Side"
                }
            }
        ]
    },
    "commentData": [
        {
            "id": 83270,
            "timestamp": 1375061845,
            "author": {
                "id": 18031,
                "name": "Nitrobit1337",
                "image": null
            },
            "comment": "<p >Hello guys,<br /><br />since Ive tested CDWriters Database/Server pack, I recently found a bug -> You can not learn Deadline lvl 6 (Assassin and Archer, lvl 180).<br /><br />So I made a fix for the lazy ones :) Simply execute the .sql file in xxx_data. (In CDWriters case newproject_data)<br /><br /><a href=\"https://www.mediafire.com/download/nwdf4dwaltca0d3/Skillupdate.rar\" rel=\"external nofollow\" >http://www.mediafire.com/download/nwdf4dwaltca0d3/Skillupdate.rar</a><br /><br />Best regards,<br /><br />Nitrobit<br /><br />//Edit: Fixed Spin Chop lvl 5 (Warmaster) aswell. (Updated download link)<br /><br /><br /> </p>\n\n\t\t\t\n\t\t\t\t\n\n<span class=\"ipsType_reset ipsType_medium ipsType_light\" data-excludequote=\"None\" >\n\t<strong >Edited <time datetime=\"2013-07-29T04:55:01Z\" title=\"07/29/2013 04:55  AM\" data-short=\"7 yr\" >July 29, 2013</time> by Nitrobit1337</strong>\n\t\n\t\n</span>\n\t\t\t\n\t\t</div>"
        },
        {
            "id": 83291,
            "timestamp": 1375068779,
            "author": {
                "id": 17582,
                "name": "CDWriter",
                "image": null
            },
            "comment": "<p >wow again your own topic for 2 lines of code .......WOW and they aproved it also ......</p>\n\n\t\t\t\n\t\t\t\t\n\n<span class=\"ipsType_reset ipsType_medium ipsType_light\" data-excludequote=\"None\" >\n\t<strong >Edited <time datetime=\"2013-07-29T03:36:18Z\" title=\"07/29/2013 03:36  AM\" data-short=\"7 yr\" >July 29, 2013</time> by CDWriter</strong>\n\t\n\t\n</span>\n\t\t\t\n\t\t</div>"
        },
        {
            "id": 83292,
            "timestamp": 1375068990,
            "author": {
                "id": 6038,
                "name": "RomainLastChaos",
                "image": null
            },
            "comment": "\n<p >@<a contenteditable=\"false\" data-ipshover=\"\" href=\"https://lckb.dev/forum/index.php?/profile/17582-cdwriter/\" data-ipshover-target=\"https://lckb.dev/forum/index.php?/profile/17582-cdwriter/&do=hovercard\" data-mentionid=\"17582\" rel=\"\" >@CDWriter</a></p>\n<p > </p>\n<p >i dont know why you are bored about that you can say thanks to him he find an bugs and fix it is good for who use your database :)</p>\n"
        },
        {
            "id": 83293,
            "timestamp": 1375069140,
            "author": {
                "id": 17582,
                "name": "CDWriter",
                "image": null
            },
            "comment": "\n<p >to release the whole table like its whats wrong, is a slap in my face ......he did 2 lines of code he could have just added it like i did when he posted the same thing at the end of my release topic ........maybe next time read where it all went down first before commenting here ......and why would some approve my work under someone else........</p>\n<p > </p>\n<p > </p>\n<p ><a href=\"http://toxic-l33t.ddns.net/forum/index.php?/topic/10759-complete-database-v7-by-cdwriter/page-3&do=findComment&comment=83272\" rel=\"external nofollow\" >http://toxic-l33t.ddns.net/forum/index.php?/topic/10759-complete-database-v7-by-cdwriter/page-3&do=findComment&comment=83272</a></p>\n\n\n\t\t\t\n\t\t\t\t\n\n<span class=\"ipsType_reset ipsType_medium ipsType_light\" data-excludequote=\"None\" >\n\t<strong >Edited <time datetime=\"2013-07-29T03:39:58Z\" title=\"07/29/2013 03:39  AM\" data-short=\"7 yr\" >July 29, 2013</time> by CDWriter</strong>\n\t\n\t\n</span>\n\t\t\t\n\t\t</div>"
        },
        {
            "id": 83294,
            "timestamp": 1375070707,
            "author": {
                "id": 6038,
                "name": "RomainLastChaos",
                "image": null
            },
            "comment": "<p >ist not me approved that release</p>"
        },
        {
            "id": 83295,
            "timestamp": 1375071977,
            "author": {
                "id": 18031,
                "name": "Nitrobit1337",
                "image": null
            },
            "comment": "\n<blockquote data-ipsquote=\"\" class=\"ipsQuote\" data-ipsquote-contentcommentid=\"83293\" data-ipsquote-contentapp=\"forums\" data-ipsquote-contenttype=\"forums\" data-ipsquote-contentclass=\"forums_Topic\" data-ipsquote-contentid=\"10842\" data-ipsquote-username=\"CDWriter\" data-cite=\"CDWriter\" data-ipsquote-timestamp=\"1375069140\" ><div ><div >\n<p >to release the whole table like its whats wrong, is a slap in my face ......he did 2 lines of code he could have just added it like i did when he posted the same thing at the end of my release topic ........maybe next time read where it all went down first before commenting here ......and why would some approve my work under someone else........</p>\n<p > </p>\n<p > </p>\n<p ><a href=\"http://toxic-l33t.ddns.net/forum/index.php?/topic/10759-complete-database-v7-by-cdwriter/page-3&do=findComment&comment=83272\" rel=\"external nofollow\" >http://toxic-l33t.ddns.net/forum/index.php?/topic/10759-complete-database-v7-by-cdwriter/page-3&do=findComment&comment=83272</a></p>\n</div></div></blockquote>\n<p >Hey man, I can understand that you want to protect your work, but even in the title it says \"CDwriters Database\". I dont want to make anything look like my work, compared to yours I did nothing. I just wanted to share my fixed version of your skill tables... As I said, I dont know how to only put those 2 lines into a .sql file. I will try to do it that way next time... Im sorry for making trouble.</p>\n<p > </p>\n<p >Btw: I tried to open this topic before commenting on yours, I didnt know that it had to be approved by someone :s </p>\n"
        },
        {
            "id": 83296,
            "timestamp": 1375075893,
            "author": {
                "id": 17582,
                "name": "CDWriter",
                "image": null
            },
            "comment": "\n<p >@<a contenteditable=\"false\" data-ipshover=\"\" href=\"https://lckb.dev/forum/index.php?/profile/18031-nitrobit1337/\" data-ipshover-target=\"https://lckb.dev/forum/index.php?/profile/18031-nitrobit1337/&do=hovercard\" data-mentionid=\"18031\" rel=\"\" >@Nitrobit1337</a></p>\n<p > </p>\n<p >yeah sorry ....i guess i my self was having a bad night for little bit....  i myself am sorry, for acting like a 20 year old ....  so too you Nitrobit1337 i apologize, </p>\n"
        },
        {
            "id": 83326,
            "timestamp": 1375101387,
            "author": {
                "id": 18031,
                "name": "Nitrobit1337",
                "image": null
            },
            "comment": "\n<blockquote data-ipsquote=\"\" class=\"ipsQuote\" data-ipsquote-contentcommentid=\"83296\" data-ipsquote-contentapp=\"forums\" data-ipsquote-contenttype=\"forums\" data-ipsquote-contentclass=\"forums_Topic\" data-ipsquote-contentid=\"10842\" data-ipsquote-username=\"CDWriter\" data-cite=\"CDWriter\" data-ipsquote-timestamp=\"1375075893\" ><div ><div >\n<p >@<a contenteditable=\"false\" data-ipshover=\"\" href=\"https://lckb.dev/forum/index.php?/profile/18031-nitrobit1337/\" data-ipshover-target=\"https://lckb.dev/forum/index.php?/profile/18031-nitrobit1337/&do=hovercard\" data-mentionid=\"18031\" rel=\"\" >@Nitrobit1337</a></p>\n<p > </p>\n<p >yeah sorry ....i guess i my self was having a bad night for little bit....  i myself am sorry, for acting like a 20 year old ....  so too you Nitrobit1337 i apologize, </p>\n</div></div></blockquote>\n<p >Its alright, I can totally understand it since it must have been months of working for the database :) Lets forget it :)</p>\n"
        },
        {
            "id": 83633,
            "timestamp": 1375292046,
            "author": {
                "id": 1835,
                "name": "robino1996",
                "image": null
            },
            "comment": "\n<blockquote data-ipsquote=\"\" class=\"ipsQuote\" data-ipsquote-contentcommentid=\"83295\" data-ipsquote-contentapp=\"forums\" data-ipsquote-contenttype=\"forums\" data-ipsquote-contentclass=\"forums_Topic\" data-ipsquote-contentid=\"10842\" data-ipsquote-username=\"Nitrobit1337\" data-cite=\"Nitrobit1337\" data-ipsquote-timestamp=\"1375071977\" ><div >\n<p >Hey man, I can understand that you want to protect your work, but even in the title it says \"CDwriters Database\". I dont want to make anything look like my work, compared to yours I did nothing. I just wanted to share my fixed version of your skill tables... As I said, I dont know how to only put those 2 lines into a .sql file. I will try to do it that way next time... Im sorry for making trouble.</p>\n<p > </p>\n<p >\nBtw: I tried to open this topic before commenting on yours, I didnt know that it had to be approved by someone :s</p>\n</div></blockquote>could you maybe fix aswell the keron scrolls?they dont affect anything with me :D"
        },
        {
            "id": 83638,
            "timestamp": 1375294484,
            "author": {
                "id": 17582,
                "name": "CDWriter",
                "image": null
            },
            "comment": "<p >@<a contenteditable=\"false\" data-ipshover=\"\" href=\"https://lckb.dev/forum/index.php?/profile/1835-robino1996/\" data-ipshover-target=\"https://lckb.dev/forum/index.php?/profile/1835-robino1996/&do=hovercard\" data-mentionid=\"1835\" rel=\"\" >@robino1996</a>  simple fix load up your skill editor and add the skill level thats missing to all of them ......stop double posting the same question also ...</p>"
        },
        {
            "id": 83705,
            "timestamp": 1375349233,
            "author": {
                "id": 18031,
                "name": "Nitrobit1337",
                "image": null
            },
            "comment": "\n<blockquote data-ipsquote=\"\" class=\"ipsQuote\" data-ipsquote-contentcommentid=\"83633\" data-ipsquote-contentapp=\"forums\" data-ipsquote-contenttype=\"forums\" data-ipsquote-contentclass=\"forums_Topic\" data-ipsquote-contentid=\"10842\" data-ipsquote-username=\"robino1996\" data-cite=\"robino1996\" data-ipsquote-timestamp=\"1375292046\" ><div ><div ><p >could you maybe fix aswell the keron scrolls?they dont affect anything with me :D</p></div></div></blockquote>\n<p >Next time please ask CDWriter, he knows the best what to do with his release :)</p>\n"
        }
    ]
}