{
    "meta": {
        "threadId": 10844,
        "threadName": "Billing Server",
        "dateCreated": "2013-07-29T01:41:21+0000",
        "datePublished": "2013-07-29T01:41:21+0000",
        "pageCount": 1,
        "originalUrl": "https://lckb.dev/forum/index.php?/topic/10844-billing-server/",
        "authorId": 18619,
        "position": [
            {
                "@type": "ListItem",
                "position": 1,
                "item": {
                    "@id": "https://lckb.dev/forum/index.php?/forum/272-programmers-gateway/",
                    "name": "Programmers Gateway"
                }
            },
            {
                "@type": "ListItem",
                "position": 2,
                "item": {
                    "@id": "https://lckb.dev/forum/index.php?/forum/79-coders-talk/",
                    "name": "Coders Talk"
                }
            }
        ]
    },
    "commentData": [
        {
            "id": 83273,
            "timestamp": 1375062081,
            "author": {
                "id": 18619,
                "name": "weehaa",
                "image": null
            },
            "comment": "\n<p >Hello LCKB,</p>\n<p > </p>\n<p >i was a member of a forum, similar to this, but it was in my home language. Now they closed up the forum and took our donations money with them. So to be in peace with those bas.tards im going to release everything they gave me. Starting for this ***** code, that i cant even make it to work. Its supposed to be the billingserver for the game Last Chaos, but i cant put it to work. If any of you understand all this thingys, feel free to use.</p>\n<p > </p>\n<p ><span style=\"color:#ff0000;\" >Link Removed by CyberClaus Trojan Detected</span></p>\n<p >Hope you all have fun, and i hope this is a good start for me in a new community :D</p>\n<p > </p>\n<p >The WeeHaa Girl</p>\n"
        },
        {
            "id": 83277,
            "timestamp": 1375063857,
            "author": {
                "id": 2016,
                "name": "pwesty",
                "image": null
            },
            "comment": "\n<p ><a href=\"https://www.virustotal.com/en/file/5b30b502d05934c0c571e20b4812bb34200218d980937f17965c3075c558b8d4/analysis/1375063716/\" rel=\"external nofollow\" >https://www.virustotal.com/en/file/5b30b502d05934c0c571e20b4812bb34200218d980937f17965c3075c558b8d4/analysis/1375063716/</a></p>\n<p > </p>\n<p >dont download please remove link!!!! this is the cashserver.exe inside the folder ^^</p>\n"
        },
        {
            "id": 83278,
            "timestamp": 1375064601,
            "author": {
                "id": 7695,
                "name": "CyberClaus",
                "image": null
            },
            "comment": "<p >thanks pwesty, good job</p>"
        },
        {
            "id": 83281,
            "timestamp": 1375064949,
            "author": {
                "id": 2016,
                "name": "pwesty",
                "image": null
            },
            "comment": "<p >Youre welcome glad i could help</p>"
        }
    ]
}