{
    "meta": {
        "threadId": 10853,
        "threadName": "LC Web Template",
        "dateCreated": "2013-07-29T17:19:18+0000",
        "datePublished": "2013-07-29T17:19:18+0000",
        "pageCount": 1,
        "originalUrl": "https://lckb.dev/forum/index.php?/topic/10853-lc-web-template/",
        "authorId": 267,
        "position": [
            {
                "@type": "ListItem",
                "position": 1,
                "item": {
                    "@id": "https://lckb.dev/forum/index.php?/forum/271-general-section/",
                    "name": "General Section"
                }
            },
            {
                "@type": "ListItem",
                "position": 2,
                "item": {
                    "@id": "https://lckb.dev/forum/index.php?/forum/43-development-showroom/",
                    "name": "Development Showroom"
                }
            }
        ]
    },
    "commentData": [
        {
            "id": 83367,
            "timestamp": 1375118358,
            "author": {
                "id": 267,
                "name": "SutWick",
                "image": null
            },
            "comment": "\n<p >Hey guys an girls,</p>\n<p > </p>\n<p >\nWas bored today so played about in photoshop an came up with this website template.</p>\n<p >\nWhat you think?</p>\n<p > </p>\n<p >\n<a data-ipb=\"nomediaparse\" href=\"http://grabilla.com/0371d-b0d6ff1c-ce66-41b2-92bc-e9f57122a733.html#\" rel=\"external nofollow\" >http://grabilla.com/0371d-b0d6ff1c-ce66-41b2-92bc-e9f57122a733.html#</a></p>\n<p > </p>\n<p >\nThe funny square that looks all messed up is where the slider will be :)</p>\n"
        },
        {
            "id": 83368,
            "timestamp": 1375118713,
            "author": {
                "id": 18525,
                "name": "Lisana",
                "image": null
            },
            "comment": "<p >looks very well</p>"
        },
        {
            "id": 83370,
            "timestamp": 1375121904,
            "author": {
                "id": 7695,
                "name": "CyberClaus",
                "image": null
            },
            "comment": "<p >Overall i do like, but did you think about changing the backgroud to something like a gradient? Instead of plain black? A diamond effect in darktones is actually something awsome.</p>"
        },
        {
            "id": 83777,
            "timestamp": 1375397444,
            "author": {
                "id": 16983,
                "name": "Jaiz",
                "image": null
            },
            "comment": "<p >very, very nice! Great work @<a contenteditable=\"false\" rel=\"\" ></a></p>"
        },
        {
            "id": 83824,
            "timestamp": 1375473411,
            "author": {
                "id": 2835,
                "name": "halohalo",
                "image": null
            },
            "comment": "<p >nice template^^</p>"
        },
        {
            "id": 83825,
            "timestamp": 1375474679,
            "author": {
                "id": 6038,
                "name": "RomainLastChaos",
                "image": null
            },
            "comment": "<p >Look nice +1 for ur friend (but the knight  not nice with the leg to big and placed very bad color of the pants too broken the style of the template i think very much white on the pants of the knight )</p>"
        }
    ]
}