{
    "meta": {
        "threadId": 10866,
        "threadName": "Animation location.",
        "dateCreated": "2013-07-30T02:05:17+0000",
        "datePublished": "2013-07-30T02:05:17+0000",
        "pageCount": 1,
        "originalUrl": "https://lckb.dev/forum/index.php?/topic/10866-animation-location/",
        "authorId": 16931,
        "position": [
            {
                "@type": "ListItem",
                "position": 1,
                "item": {
                    "@id": "https://lckb.dev/forum/index.php?/forum/100-guides-help-section/",
                    "name": "Guides &amp; Help Section"
                }
            },
            {
                "@type": "ListItem",
                "position": 2,
                "item": {
                    "@id": "https://lckb.dev/forum/index.php?/forum/335-help-support/",
                    "name": "Help &amp; Support"
                }
            },
            {
                "@type": "ListItem",
                "position": 3,
                "item": {
                    "@id": "https://lckb.dev/forum/index.php?/forum/120-ep2-support/",
                    "name": "Ep2 Support"
                }
            },
            {
                "@type": "ListItem",
                "position": 4,
                "item": {
                    "@id": "https://lckb.dev/forum/index.php?/forum/134-solved-topics/",
                    "name": "Solved Topics"
                }
            }
        ]
    },
    "commentData": [
        {
            "id": 83436,
            "timestamp": 1375149917,
            "author": {
                "id": 16931,
                "name": "Walletman987",
                "image": null
            },
            "comment": "<p ><a href=\"http://grabilla.com/0371e-8b16f37a-c893-44e0-b522-6091bb3a18d0.html#\" rel=\"external nofollow\" >http://grabilla.com/0371e-8b16f37a-c893-44e0-b522-6091bb3a18d0.html#</a><br />Can someone tell me where these animations would be located within the client? I cant find them.</p>\n\n\t\t\t\n\t\t\t\t\n\n<span class=\"ipsType_reset ipsType_medium ipsType_light\" data-excludequote=\"None\" >\n\t<strong >Edited <time datetime=\"2013-07-30T04:18:40Z\" title=\"07/30/2013 04:18  AM\" data-short=\"7 yr\" >July 30, 2013</time> by Walletman987</strong>\n\t\n\t\n</span>\n\t\t\t\n\t\t</div>"
        },
        {
            "id": 83437,
            "timestamp": 1375151375,
            "author": {
                "id": 6038,
                "name": "RomainLastChaos",
                "image": null
            },
            "comment": "\n<p >exemple for the sucubus -> sucubus.ba</p>\n<p > </p>\n<p ><a href=\"http://http//grabilla.com/0371e-e04b2a10-e258-404c-92ae-d60d42c7ffb3.html\" rel=\"external nofollow\" ><img alt=\"0371e-e04b2a10-e258-404c-92ae-d60d42c7ff\" src=\"http://grabilla.com/0371e-e04b2a10-e258-404c-92ae-d60d42c7ffb3.png\" /></a></p>\n<p > </p>\n<p >for the elephant was the same thing but with the file elephant unfortunetly i dont have again look about this news pet i dont have the file so  you just need open the correct file .ba with the animation editor from our elephant</p>\n"
        },
        {
            "id": 83438,
            "timestamp": 1375151733,
            "author": {
                "id": 16931,
                "name": "Walletman987",
                "image": null
            },
            "comment": "\n<blockquote data-ipsquote=\"\" class=\"ipsQuote\" data-ipsquote-contentcommentid=\"83437\" data-ipsquote-contentapp=\"forums\" data-ipsquote-contenttype=\"forums\" data-ipsquote-contentclass=\"forums_Topic\" data-ipsquote-contentid=\"10866\" data-ipsquote-username=\"Era\" data-cite=\"Era\" data-ipsquote-timestamp=\"1375151375\" ><div ><div >\n<p >exemple for the sucubus -> sucubus.ba</p>\n<p > </p>\n<p ><a href=\"http://http//grabilla.com/0371e-e04b2a10-e258-404c-92ae-d60d42c7ffb3.html\" rel=\"external nofollow\" ><img alt=\"0371e-e04b2a10-e258-404c-92ae-d60d42c7ff\" src=\"http://grabilla.com/0371e-e04b2a10-e258-404c-92ae-d60d42c7ffb3.png\" /></a></p>\n<p > </p>\n<p >for the elephant was the same thing but with the file elephant unfortunetly i dont have again look about this news pet i dont have the file so  you just need open the correct file .ba with the animation editor from our elephant</p>\n</div></div></blockquote>\n<p >Thanks frend.</p>\n"
        }
    ]
}