{
    "meta": {
        "threadId": 10864,
        "threadName": "SS Editor",
        "dateCreated": "2013-07-29T20:54:27+0000",
        "datePublished": "2013-07-29T20:54:27+0000",
        "pageCount": 1,
        "originalUrl": "https://lckb.dev/forum/index.php?/topic/10864-ss-editor/",
        "authorId": 307,
        "position": [
            {
                "@type": "ListItem",
                "position": 1,
                "item": {
                    "@id": "https://lckb.dev/forum/index.php?/forum/100-guides-help-section/",
                    "name": "Guides &amp; Help Section"
                }
            },
            {
                "@type": "ListItem",
                "position": 2,
                "item": {
                    "@id": "https://lckb.dev/forum/index.php?/forum/335-help-support/",
                    "name": "Help &amp; Support"
                }
            },
            {
                "@type": "ListItem",
                "position": 3,
                "item": {
                    "@id": "https://lckb.dev/forum/index.php?/forum/120-ep2-support/",
                    "name": "Ep2 Support"
                }
            },
            {
                "@type": "ListItem",
                "position": 4,
                "item": {
                    "@id": "https://lckb.dev/forum/index.php?/forum/134-solved-topics/",
                    "name": "Solved Topics"
                }
            }
        ]
    },
    "commentData": [
        {
            "id": 83404,
            "timestamp": 1375131267,
            "author": {
                "id": 307,
                "name": "ReturnKratos",
                "image": null
            },
            "comment": "\n<p >where i found the SS Editor (not the source but the editor) for lastchaos ?</p>\n<p > </p>\n<p >fonded, but need 32 bit system, need install on vmware \u00c3\u0192\u00c2\u00a7.\u00c3\u0192\u00c2\u00a7</p>\n\n\n\t\t\t\n\t\t\t\t\n\n<span class=\"ipsType_reset ipsType_medium ipsType_light\" data-excludequote=\"None\" >\n\t<strong >Edited <time datetime=\"2013-07-29T21:02:18Z\" title=\"07/29/2013 09:02  PM\" data-short=\"7 yr\" >July 29, 2013</time> by ReturnKratos</strong>\n\t\n\t\n</span>\n\t\t\t\n\t\t</div>"
        },
        {
            "id": 83430,
            "timestamp": 1375143935,
            "author": {
                "id": 17991,
                "name": "iSixxer",
                "image": null
            },
            "comment": "\n<p >SS_Editor :</p>\n<p ><a href=\"https://www.hightail.com/download/bWJwcHBFNXZTSUNFQk1UQw\" rel=\"external nofollow\" >https://www.hightail.com/download/bWJwcHBFNXZTSUNFQk1UQw</a></p>\n<p > </p>\n<p >And you need Windows xp (32bit) or Windows 7 (32bit)</p>\n<p > </p>\n<p >Windows Xp Professional Sp2 (32bit) Download:</p>\n<p ><a href=\"http://sharepirate.com/freedownloads/windows-xp-professional-with-service-pack-2-32bit-mediafire/#.UfcDiJCO6Ag\" rel=\"external nofollow\" >http://sharepirate.com/freedownloads/windows-xp-professional-with-service-pack-2-32bit-mediafire/#.UfcDiJCO6Ag</a></p>\n<p > </p>\n<p >Windows 7 Professional (32bit) Download:</p>\n<p ><a href=\"http://winfuture.de/downloadvorschalt,2663.html\" rel=\"external nofollow\" >http://winfuture.de/downloadvorschalt,2663.html</a></p>\n<p > </p>\n<p >1.Then you need the correct Bin Folder Download:</p>\n<p ><a href=\"https://www.hightail.com/download/bWJwcHBKY3lBNkZBSXRVag\" rel=\"external nofollow\" >https://www.hightail.com/download/bWJwcHBKY3lBNkZBSXRVag</a></p>\n<p > </p>\n<p >2. You need VirtualTree... Download:</p>\n<p ><a href=\"https://www.hightail.com/download/bWJwcHBKY3lmVFk5WThUQw\" rel=\"external nofollow\" >https://www.hightail.com/download/bWJwcHBKY3lmVFk5WThUQw</a></p>\n<p >Only in the Last Chaos folder.</p>\n<p > </p>\n<p >3.Go to your Last Chaos Folder ->Data->Textures->Editor.</p>\n<p >You see 1x Deafault.tex make 2 more copys and paste it in...</p>\n<p ><span ><span >The first</span> <span >copy,you rename it in Error.tex.</span></span></p>\n<p ><span ><span >The second</span> <span >copy</span></span> ,you rename it in IconsTray.tex.</p>\n<p > </p>\n<p >Then install notepad++ Download:</p>\n<p ><a href=\"http://www.chip.de/downloads/Notepad_12996935.html\" rel=\"external nofollow\" >http://www.chip.de/downloads/Notepad_12996935.html</a></p>\n<p >Create a new .txt file and called it :SED_TipOFTheDay.txt</p>\n<p ><span ><span >Open</span> <span >it with</span> <span >notepad +</span> <span >+ and</span> <span >save</span> <span >it in their</span> <span >Last Chaos</span> <span >-></span> <span >Data</span> <span >folder.</span></span></p>\n<p > </p>\n<p ><span ><span >Sorry for my bad english, hehe ;)</span></span></p>\n<p ><span ><span >But i hope i can help you :)</span></span></p>\n"
        },
        {
            "id": 83435,
            "timestamp": 1375147785,
            "author": {
                "id": 17474,
                "name": "kixtzz",
                "image": null
            },
            "comment": "<p >how i can rotate the camera ?</p>"
        },
        {
            "id": 83439,
            "timestamp": 1375151879,
            "author": {
                "id": 6038,
                "name": "RomainLastChaos",
                "image": null
            },
            "comment": "<p >Keyboard  press space + right mouse or left mouse</p>"
        },
        {
            "id": 83447,
            "timestamp": 1375171748,
            "author": {
                "id": 307,
                "name": "ReturnKratos",
                "image": null
            },
            "comment": "\n<blockquote data-ipsquote=\"\" class=\"ipsQuote\" data-ipsquote-contentcommentid=\"83430\" data-ipsquote-contentapp=\"forums\" data-ipsquote-contenttype=\"forums\" data-ipsquote-contentclass=\"forums_Topic\" data-ipsquote-contentid=\"10864\" data-ipsquote-username=\"iSixxer\" data-cite=\"iSixxer\" data-ipsquote-timestamp=\"1375143935\" ><div ><div >\n<p >SS_Editor :</p>\n<p ><a href=\"https://www.hightail.com/download/bWJwcHBFNXZTSUNFQk1UQw\" rel=\"external nofollow\" >https://www.hightail.com/download/bWJwcHBFNXZTSUNFQk1UQw</a></p>\n<p > </p>\n<p >And you need Windows xp (32bit) or Windows 7 (32bit)</p>\n<p > </p>\n<p >Windows Xp Professional Sp2 (32bit) Download:</p>\n<p ><a href=\"http://sharepirate.com/freedownloads/windows-xp-professional-with-service-pack-2-32bit-mediafire/#.UfcDiJCO6Ag\" rel=\"external nofollow\" >http://sharepirate.com/freedownloads/windows-xp-professional-with-service-pack-2-32bit-mediafire/#.UfcDiJCO6Ag</a></p>\n<p > </p>\n<p >Windows 7 Professional (32bit) Download:</p>\n<p ><a href=\"http://winfuture.de/downloadvorschalt,2663.html\" rel=\"external nofollow\" >http://winfuture.de/downloadvorschalt,2663.html</a></p>\n<p > </p>\n<p >1.Then you need the correct Bin Folder Download:</p>\n<p ><a href=\"https://www.hightail.com/download/bWJwcHBKY3lBNkZBSXRVag\" rel=\"external nofollow\" >https://www.hightail.com/download/bWJwcHBKY3lBNkZBSXRVag</a></p>\n<p > </p>\n<p >2. You need VirtualTree... Download:</p>\n<p ><a href=\"https://www.hightail.com/download/bWJwcHBKY3lmVFk5WThUQw\" rel=\"external nofollow\" >https://www.hightail.com/download/bWJwcHBKY3lmVFk5WThUQw</a></p>\n<p >Only in the Last Chaos folder.</p>\n<p > </p>\n<p >3.Go to your Last Chaos Folder ->Data->Textures->Editor.</p>\n<p >You see 1x Deafault.tex make 2 more copys and paste it in...</p>\n<p >The first copy,you rename it in Error.tex.</p>\n<p >The second copy ,you rename it in IconsTray.tex.</p>\n<p > </p>\n<p >Then install notepad++ Download:</p>\n<p ><a href=\"http://www.chip.de/downloads/Notepad_12996935.html\" rel=\"external nofollow\" >http://www.chip.de/downloads/Notepad_12996935.html</a></p>\n<p >Create a new .txt file and called it :SED_TipOFTheDay.txt</p>\n<p >Open it with notepad + + and save it in their Last Chaos -> Data folder.</p>\n<p > </p>\n<p >Sorry for my bad english, hehe ;)</p>\n<p >But i hope i can help you :)</p>\n</div></div></blockquote>\n<p > </p>\n<p >Nice tanks</p>\n"
        },
        {
            "id": 83451,
            "timestamp": 1375176067,
            "author": {
                "id": 7263,
                "name": "SibaN",
                "image": null
            },
            "comment": "\n<p >how to fix thes error</p>\n<p ><a href=\"http://http//grabilla.com/0371e-48c59daf-745e-4700-8290-3253e5669d0e.html\" rel=\"external nofollow\" ><img alt=\"0371e-48c59daf-745e-4700-8290-3253e5669d\" src=\"http://grabilla.com/0371e-48c59daf-745e-4700-8290-3253e5669d0e.png\" /></a></p>\n"
        },
        {
            "id": 83493,
            "timestamp": 1375197374,
            "author": {
                "id": 17474,
                "name": "kixtzz",
                "image": null
            },
            "comment": "\n<p >@<a contenteditable=\"false\" rel=\"\" ></a></p>\n<p >run with serius editor</p>\n<p > </p>\n<p > </p>\n<p >how i can delete any item from startzone ?</p>\n\n\n\t\t\t\n\t\t\t\t\n\n<span class=\"ipsType_reset ipsType_medium ipsType_light\" data-excludequote=\"None\" >\n\t<strong >Edited <time datetime=\"2013-07-30T15:44:47Z\" title=\"07/30/2013 03:44  PM\" data-short=\"7 yr\" >July 30, 2013</time> by kixtzz</strong>\n\t\n\t\n</span>\n\t\t\t\n\t\t</div>"
        },
        {
            "id": 83494,
            "timestamp": 1375198025,
            "author": {
                "id": 6038,
                "name": "RomainLastChaos",
                "image": null
            },
            "comment": "<p >select item and keyboard delete button anchored too (anchored mean no zonning blocked area)</p>"
        },
        {
            "id": 83513,
            "timestamp": 1375204231,
            "author": {
                "id": 17474,
                "name": "kixtzz",
                "image": null
            },
            "comment": "\n<blockquote data-ipsquote=\"\" class=\"ipsQuote\" data-ipsquote-contentcommentid=\"83494\" data-ipsquote-contentapp=\"forums\" data-ipsquote-contenttype=\"forums\" data-ipsquote-contentclass=\"forums_Topic\" data-ipsquote-contentid=\"10864\" data-ipsquote-username=\"Era\" data-cite=\"Era\" data-ipsquote-timestamp=\"1375198025\" ><div ><div ><p >select item and keyboard delete button anchored too (anchored mean no zonning blocked area)</p></div></div></blockquote>\n<p >I want to select and delete the horse statue in juno, but cant do it, can u help me ?</p>\n"
        },
        {
            "id": 83522,
            "timestamp": 1375206563,
            "author": {
                "id": 6038,
                "name": "RomainLastChaos",
                "image": null
            },
            "comment": "<p >it was the same select the statue and press DELETE button of the keyboard and wait a will and it will delete your horse statue but if you want to move into it after you will have to need to delete  the anchored  same thing select them and delete by the same way (but the anchored was not a visible object) (no zoning)</p>"
        }
    ]
}