{
    "meta": {
        "threadId": 10861,
        "threadName": "serious edit juno v1",
        "dateCreated": "2013-07-29T20:15:01+0000",
        "datePublished": "2013-07-29T20:15:01+0000",
        "pageCount": 1,
        "originalUrl": "https://lckb.dev/forum/index.php?/topic/10861-serious-edit-juno-v1/",
        "authorId": 7119,
        "position": [
            {
                "@type": "ListItem",
                "position": 1,
                "item": {
                    "@id": "https://lckb.dev/forum/index.php?/forum/271-general-section/",
                    "name": "General Section"
                }
            },
            {
                "@type": "ListItem",
                "position": 2,
                "item": {
                    "@id": "https://lckb.dev/forum/index.php?/forum/43-development-showroom/",
                    "name": "Development Showroom"
                }
            }
        ]
    },
    "commentData": [
        {
            "id": 83392,
            "timestamp": 1375128901,
            "author": {
                "id": 7119,
                "name": "MANGUSTA788",
                "image": null
            },
            "comment": "<p > <a href=\"https://www.youtube.com/watch?v=3tIMAfQiuK4&feature=youtu.be%C2%A0%C2%A0\" rel=\"external nofollow\" >http://www.youtube.com/watch?v=3tIMAfQiuK4&feature=youtu.be  </a> \" not finish \"</p>"
        },
        {
            "id": 83427,
            "timestamp": 1375142301,
            "author": {
                "id": 12148,
                "name": "extreme",
                "image": null
            },
            "comment": "<p >Well done, Good Job.</p>"
        },
        {
            "id": 83444,
            "timestamp": 1375162488,
            "author": {
                "id": 17554,
                "name": "MegaLCVal",
                "image": null
            },
            "comment": "\n<p >I think you use too much from skyrim and lose LC feel but still nice edit friend :)</p>\n<p >I think you are one of better here I have seen with editor haha :)</p>\n"
        },
        {
            "id": 83448,
            "timestamp": 1375173225,
            "author": {
                "id": 13172,
                "name": "soryjero",
                "image": null
            },
            "comment": "<p >nice!</p>"
        },
        {
            "id": 83457,
            "timestamp": 1375179717,
            "author": {
                "id": 267,
                "name": "SutWick",
                "image": null
            },
            "comment": "\n<p >Sometimes I wish this editor was never leaked!</p>\n<p >\nWell done, can see you put alot of work into it but its just not a good look for LC</p>\n"
        },
        {
            "id": 83470,
            "timestamp": 1375184858,
            "author": {
                "id": 16954,
                "name": "spadge88",
                "image": null
            },
            "comment": "<p >Looks nice keep it up and maybe u could use it for a new map</p>"
        },
        {
            "id": 83511,
            "timestamp": 1375203836,
            "author": {
                "id": 7119,
                "name": "MANGUSTA788",
                "image": null
            },
            "comment": "<p > <span ><span >The</span> <span >original maps</span> <span >are not</span> <span >anything special,</span> <span >well</span> <span >if we check</span> <span >the details,</span> <span >Dratan</span> <span >=</span> <span >a mixture</span> <span >desert egypt</span><span >,</span> <span >juno</span> <span >=</span> <span >mixed</span> <span >medieval</span> <span >streyana</span> <span >=</span> <span >mixed</span> <span >forest,</span> <span >Tarian</span> <span >=</span> <span >the land of</span> <span >Santa Claus,</span> <span >the game and</span> <span ></span><span >an imaginary world</span><span >, so I think</span> <span >that</span> <span >can go</span> <span >juno</span> <span >done</span> <span >so</span><span >,</span> <span >and in any case</span> <span >I experience</span> <span >I am practicing</span> <span >for</span> <span >a</span> <span >final</span> <span >juno</span> <span >that</span> <span >this</span> <span >will not be</span></span></p>"
        },
        {
            "id": 83516,
            "timestamp": 1375204982,
            "author": {
                "id": 17474,
                "name": "kixtzz",
                "image": null
            },
            "comment": "\n<p >@<a contenteditable=\"false\" data-ipshover=\"\" href=\"https://lckb.dev/forum/index.php?/profile/7119-mangusta788/\" data-ipshover-target=\"https://lckb.dev/forum/index.php?/profile/7119-mangusta788/&do=hovercard\" data-mentionid=\"7119\" rel=\"\" >@MANGUSTA788</a></p>\n<p > </p>\n<p >do u can explain me how i can delete the horse statue in juno (center)?</p>\n"
        }
    ]
}