{
    "meta": {
        "threadId": 10894,
        "threadName": "find strings in listbox",
        "dateCreated": "2013-08-01T13:04:20+0000",
        "datePublished": "2013-08-01T13:04:20+0000",
        "pageCount": 1,
        "originalUrl": "https://lckb.dev/forum/index.php?/topic/10894-find-strings-in-listbox/",
        "authorId": 13172,
        "position": [
            {
                "@type": "ListItem",
                "position": 1,
                "item": {
                    "@id": "https://lckb.dev/forum/index.php?/forum/272-programmers-gateway/",
                    "name": "Programmers Gateway"
                }
            },
            {
                "@type": "ListItem",
                "position": 2,
                "item": {
                    "@id": "https://lckb.dev/forum/index.php?/forum/79-coders-talk/",
                    "name": "Coders Talk"
                }
            }
        ]
    },
    "commentData": [
        {
            "id": 83726,
            "timestamp": 1375362260,
            "author": {
                "id": 13172,
                "name": "soryjero",
                "image": null
            },
            "comment": "\n<p >hello,</p>\n<p > </p>\n<p >i am trying to find indexes of items from a string.</p>\n<p > </p>\n<p >i introduce a string in a textbox and click on a search button which has this function:</p>\n<pre class=\"ipsCode prettyprint\" >listBox1.FindString(textBox1.Text)\n</pre>\n<p >but with this, i only get first index.</p>\n<p > </p>\n<p >how could i do to get all indexes?</p>\n<p > </p>\n<p >i have tried</p>\n<pre class=\"ipsCode prettyprint\" >int[] idxs = listBox1.FindString(textBox1.Text)\n</pre>\n<p >but idxs is array type and listBox1.FindString(textBox1.Text) is int type, so i get an error.</p>\n<p > </p>\n<p >could anyone help me please?</p>\n<p > </p>\n<p >thanks in advance.</p>\n\n\n\t\t\t\n\t\t\t\t\n\n<span class=\"ipsType_reset ipsType_medium ipsType_light\" data-excludequote=\"None\" >\n\t<strong >Edited <time datetime=\"2013-08-02T09:01:41Z\" title=\"08/02/2013 09:01  AM\" data-short=\"7 yr\" >August 2, 2013</time> by soryjero</strong>\n\t\n\t\n</span>\n\t\t\t\n\t\t</div>"
        },
        {
            "id": 83729,
            "timestamp": 1375363147,
            "author": {
                "id": 307,
                "name": "ReturnKratos",
                "image": null
            },
            "comment": "\n<p >i usually use this (vb.net)</p>\n<pre class=\"ipsCode prettyprint\" >Dim searchString As String = TextBox4.Text\n        Dim index As Integer = UserList.FindString(searchString)\n           If string.contains = true then, else error.\n              If index <> -1 Then\n                  UserList.SetSelected(index, True)\n              Else\n                  MsgBox(\"Not Found\")\n              End If\n</pre>\n<p >may be in c# can be like :</p>\n<pre class=\"ipsCode prettyprint\" >string searchString = TextBox4.Text;\nint index = UserList.FindString(searchString);\n// If string.contains = true then, else error.\nif (index != -1) {\n\tUserList.SetSelected(index, true);\n} else {\n\tInteraction.MsgBox(\"Not Found\");\n}\n</pre>\n"
        },
        {
            "id": 83736,
            "timestamp": 1375366985,
            "author": {
                "id": 13172,
                "name": "soryjero",
                "image": null
            },
            "comment": "<p >the problem of this is i only get one index and i want to get all indexes that contains char i have introduced in textbox</p>\n\n\t\t\t\n\t\t\t\t\n\n<span class=\"ipsType_reset ipsType_medium ipsType_light\" data-excludequote=\"None\" >\n\t<strong >Edited <time datetime=\"2013-08-01T14:26:56Z\" title=\"08/01/2013 02:26  PM\" data-short=\"7 yr\" >August 1, 2013</time> by soryjero</strong>\n\t\n\t\n</span>\n\t\t\t\n\t\t</div>"
        },
        {
            "id": 83745,
            "timestamp": 1375370792,
            "author": {
                "id": 307,
                "name": "ReturnKratos",
                "image": null
            },
            "comment": "<p >ah, ok i undertand but i cant help you. i think you must create e list where put all indexes founded in it then show in the listbox, wait someone help you as well tham me :)</p>"
        },
        {
            "id": 83748,
            "timestamp": 1375373193,
            "author": {
                "id": 2,
                "name": "Wizatek",
                "image": null
            },
            "comment": "<p >I usually keep all listbox item in a List<string > and when i search for something in the list u can loop trough that list and add everything that matches to the listbox</string></p>"
        },
        {
            "id": 83750,
            "timestamp": 1375375572,
            "author": {
                "id": 919,
                "name": "someone",
                "image": null
            },
            "comment": "\n<p >According to MSDN:</p>\n<p ><a href=\"https://msdn.microsoft.com/en-us/library/e5et1818.aspx\" rel=\"external nofollow\" >http://msdn.microsoft.com/en-us/library/e5et1818.aspx</a></p>\n<blockquote data-ipsquote=\"\" class=\"ipsQuote\" ><div >\n<p > </p>\n<p >Finds the first item in the <span ><a href=\"https://msdn.microsoft.com/en-us/library/system.windows.forms.listbox.aspx\" rel=\"external nofollow\" >ListBox</a></span> that starts with the specified string.</p>\n</div></blockquote>\n<p > </p>\n<p >FindString has 2 overloads:</p>\n<p ><a href=\"https://msdn.microsoft.com/en-us/library/system.windows.forms.listbox.findstring.aspx\" rel=\"external nofollow\" >http://msdn.microsoft.com/en-us/library/system.windows.forms.listbox.findstring.aspx</a></p>\n<p >Have you looked at this:</p>\n<p ><a href=\"https://msdn.microsoft.com/en-us/library/kh590ewz.aspx\" rel=\"external nofollow\" >http://msdn.microsoft.com/en-us/library/kh590ewz.aspx</a></p>\n<blockquote data-ipsquote=\"\" class=\"ipsQuote\" ><div >\n<p > </p>\n<p >Finds the first item in the <span ><a href=\"https://msdn.microsoft.com/en-us/library/system.windows.forms.listbox.aspx\" rel=\"external nofollow\" >ListBox</a></span> that starts with the specified string. The search starts at a specific starting index.</p>\n</div></blockquote>\n<pre class=\"ipsCode prettyprint\" >List<int > foundIndexes = new List<int >();\nint index = -1, firstIndex = -1;\nwhile ((index = listBox1.FindString(\"test\", index)) !=-1){\n    if(index == firstIndex ){\n        break;\n    }\n    if (firstIndex == -1){\n        firstIndex = index;\n    }\n    foundIndexes.Add(index);\n}\n</int></int></pre>\n<p >FindString only looks for string that starts with your string, if you want to search for strings that are exactly like your string use FindStringExact:</p>\n<p ><a href=\"https://msdn.microsoft.com/en-us/library/system.windows.forms.listbox.findstringexact.aspx\" rel=\"external nofollow\" >http://msdn.microsoft.com/en-us/library/system.windows.forms.listbox.findstringexact.aspx</a></p>\n<p ><a href=\"https://msdn.microsoft.com/en-us/library/kdyzw10k.aspx\" rel=\"external nofollow\" >http://msdn.microsoft.com/en-us/library/kdyzw10k.aspx</a></p>\n"
        },
        {
            "id": 83782,
            "timestamp": 1375399334,
            "author": {
                "id": 13172,
                "name": "soryjero",
                "image": null
            },
            "comment": "\n<blockquote data-ipsquote=\"\" class=\"ipsQuote\" data-ipsquote-contentcommentid=\"83750\" data-ipsquote-contentapp=\"forums\" data-ipsquote-contenttype=\"forums\" data-ipsquote-contentclass=\"forums_Topic\" data-ipsquote-contentid=\"10894\" data-ipsquote-username=\"someone\" data-cite=\"someone\" data-ipsquote-timestamp=\"1375375572\" ><div ><div >\n<p >According to MSDN:</p>\n<p ><a href=\"https://msdn.microsoft.com/en-us/library/e5et1818.aspx\" rel=\"external nofollow\" >http://msdn.microsoft.com/en-us/library/e5et1818.aspx</a></p>\n<p > </p>\n<p >FindString has 2 overloads:</p>\n<p ><a href=\"https://msdn.microsoft.com/en-us/library/system.windows.forms.listbox.findstring.aspx\" rel=\"external nofollow\" >http://msdn.microsoft.com/en-us/library/system.windows.forms.listbox.findstring.aspx</a></p>\n<p >Have you looked at this:</p>\n<p ><a href=\"https://msdn.microsoft.com/en-us/library/kh590ewz.aspx\" rel=\"external nofollow\" >http://msdn.microsoft.com/en-us/library/kh590ewz.aspx</a></p>\n<pre class=\"ipsCode prettyprint\" >List<int > foundIndexes = new List<int >();\nint index = -1, firstIndex = -1;\nwhile ((index = listBox1.FindString(\"test\", index)) !=-1){\n    if(index == firstIndex ){\n        break;\n    }\n    if (firstIndex == -1){\n        firstIndex = index;\n    }\n    foundIndexes.Add(index);\n}\n</int></int></pre>\n<p >FindString only looks for string that starts with your string, if you want to search for strings that are exactly like your string use FindStringExact:</p>\n<p ><a href=\"https://msdn.microsoft.com/en-us/library/system.windows.forms.listbox.findstringexact.aspx\" rel=\"external nofollow\" >http://msdn.microsoft.com/en-us/library/system.windows.forms.listbox.findstringexact.aspx</a></p>\n<p ><a href=\"https://msdn.microsoft.com/en-us/library/kdyzw10k.aspx\" rel=\"external nofollow\" >http://msdn.microsoft.com/en-us/library/kdyzw10k.aspx</a></p>\n</div></div></blockquote>\n<p > </p>\n<p >thanks. tomorrow i will try it and i post here.</p>\n"
        },
        {
            "id": 83791,
            "timestamp": 1375433475,
            "author": {
                "id": 13172,
                "name": "soryjero",
                "image": null
            },
            "comment": "\n<blockquote data-ipsquote=\"\" class=\"ipsQuote\" data-ipsquote-contentcommentid=\"83748\" data-ipsquote-contentapp=\"forums\" data-ipsquote-contenttype=\"forums\" data-ipsquote-contentclass=\"forums_Topic\" data-ipsquote-contentid=\"10894\" data-ipsquote-username=\"Wizatek\" data-cite=\"Wizatek\" data-ipsquote-timestamp=\"1375373193\" ><div ><div ><p >I usually keep all listbox item in a List<string > and when i search for something in the list u can loop trough that list and add everything that matches to the listbox</string></p></div></div></blockquote>\n<p > </p>\n<p > </p>\n<blockquote data-ipsquote=\"\" class=\"ipsQuote\" data-ipsquote-contentcommentid=\"83750\" data-ipsquote-contentapp=\"forums\" data-ipsquote-contenttype=\"forums\" data-ipsquote-contentclass=\"forums_Topic\" data-ipsquote-contentid=\"10894\" data-ipsquote-username=\"someone\" data-cite=\"someone\" data-ipsquote-timestamp=\"1375375572\" ><div ><div >\n<p >According to MSDN:</p>\n<p ><a href=\"https://msdn.microsoft.com/en-us/library/e5et1818.aspx\" rel=\"external nofollow\" >http://msdn.microsoft.com/en-us/library/e5et1818.aspx</a></p>\n<p > </p>\n<p >FindString has 2 overloads:</p>\n<p ><a href=\"https://msdn.microsoft.com/en-us/library/system.windows.forms.listbox.findstring.aspx\" rel=\"external nofollow\" >http://msdn.microsoft.com/en-us/library/system.windows.forms.listbox.findstring.aspx</a></p>\n<p >Have you looked at this:</p>\n<p ><a href=\"https://msdn.microsoft.com/en-us/library/kh590ewz.aspx\" rel=\"external nofollow\" >http://msdn.microsoft.com/en-us/library/kh590ewz.aspx</a></p>\n<pre class=\"ipsCode prettyprint\" >List<int > foundIndexes = new List<int >();\nint index = -1, firstIndex = -1;\nwhile ((index = listBox1.FindString(\"test\", index)) !=-1){\n    if(index == firstIndex ){\n        break;\n    }\n    if (firstIndex == -1){\n        firstIndex = index;\n    }\n    foundIndexes.Add(index);\n}\n</int></int></pre>\n<p >FindString only looks for string that starts with your string, if you want to search for strings that are exactly like your string use FindStringExact:</p>\n<p ><a href=\"https://msdn.microsoft.com/en-us/library/system.windows.forms.listbox.findstringexact.aspx\" rel=\"external nofollow\" >http://msdn.microsoft.com/en-us/library/system.windows.forms.listbox.findstringexact.aspx</a></p>\n<p ><a href=\"https://msdn.microsoft.com/en-us/library/kdyzw10k.aspx\" rel=\"external nofollow\" >http://msdn.microsoft.com/en-us/library/kdyzw10k.aspx</a></p>\n</div></div></blockquote>\n<p > </p>\n<p > </p>\n<p >thanks again someone and wiza.</p>\n<p > </p>\n<p >works perfectly.</p>\n\n\n\t\t\t\n\t\t\t\t\n\n<span class=\"ipsType_reset ipsType_medium ipsType_light\" data-excludequote=\"None\" >\n\t<strong >Edited <time datetime=\"2013-08-02T08:52:26Z\" title=\"08/02/2013 08:52  AM\" data-short=\"7 yr\" >August 2, 2013</time> by soryjero</strong>\n\t\n\t\n</span>\n\t\t\t\n\t\t</div>"
        }
    ]
}