{
    "meta": {
        "threadId": 10896,
        "threadName": "Login ...",
        "dateCreated": "2013-08-01T16:42:47+0000",
        "datePublished": "2013-08-01T16:42:47+0000",
        "pageCount": 1,
        "originalUrl": "https://lckb.dev/forum/index.php?/topic/10896-login/",
        "authorId": null,
        "position": [
            {
                "@type": "ListItem",
                "position": 1,
                "item": {
                    "@id": "https://lckb.dev/forum/index.php?/forum/40-website-scripting-security/",
                    "name": "Website Scripting &amp; Security"
                }
            },
            {
                "@type": "ListItem",
                "position": 2,
                "item": {
                    "@id": "https://lckb.dev/forum/index.php?/forum/117-webmasters-help-talk/",
                    "name": "Webmasters Help &amp; Talk"
                }
            },
            {
                "@type": "ListItem",
                "position": 3,
                "item": {
                    "@id": "https://lckb.dev/forum/index.php?/forum/188-help-requests/",
                    "name": "Help &amp; Requests"
                }
            }
        ]
    },
    "commentData": [
        {
            "id": 83749,
            "timestamp": 1375375367,
            "author": {
                "id": null,
                "name": "Guest SmoGG",
                "image": null
            },
            "comment": "\n<p >Damn I need help :/</p>\n<p > </p>\n<p >I wanna learn PHP and i will start with a really simple login script.</p>\n<p >So I searched on Google \"php login script with mysql\" and i found <a href=\"http://www.php-einfach.de/tuts_mysql_login.php\" rel=\"external nofollow\" >this.</a></p>\n<p >(I have look other scripts from MaX and Blackfire, Sentence but its to high for me)</p>\n<p > </p>\n<p >I only need login & login and thats what i have now:</p>\n<p > </p>\n<p >Login //HTML\\\\</p>\n<pre class=\"ipsCode prettyprint lang-html\" >\n\n\n\n\n\n<form method=\"post\" action=\"login.php\" >\n<input type=\"hidden\" name=\"submit\" />\n<input type=\"text\" value=\"\" name=\"user\" id=\"login\" placeholder=\"Username\" />\n<input type=\"password\" value=\"\" name=\"passwd\" id=\"pass\" placeholder=\"Password\" />\n<div id=\"space\" ></div>\n<div id=\"loginbtn\" ><input name=\"image\" type=\"image\" value=\"Log In\" src=\"images/login.jpg\" ></input></div>\n</form>\n</pre>\n<p >Login //PHP\\\\</p>\n<pre class=\"ipsCode prettyprint\" >\n\n\n\n\n\n<?php \nsession_start(); \n?> \n\n<?php \n$verbindung = mysql_connect(\"localhost\", \"root\" , \"\") \nor die(\"Verbindung zur Datenbank konnte nicht hergestellt werden\"); \nmysql_select_db(\"auth\") or die (\"Datenbank konnte nicht ausgew\u00c3\u0192\u00c2\u00a4hlt werden\"); \n\n$username = $_POST[\"user\"]; \n$passwort = md5($_POST[\"passwd\"]); \n\n$abfrage = \"SELECT user_id, passwd FROM bg_user WHERE user_id LIKE $username LIMIT 1\"; \n$ergebnis = mysql_query($abfrage); \n$row = mysql_fetch_object($ergebnis); \n\nif($row->passwd == $passwort) \n    { \n    $_SESSION[\"user_id\"] = $username; \n    echo \"Login erfolgreich. <br > <a href=\"\\\"index.php\\\"\" >Gesch\u00c3\u0192\u00c2\u00bctzer Bereich</a>\"; \n    } \nelse \n    { \n    echo \"Benutzername und/oder Passwort waren falsch. <a href=\"\\\"index.php\\\"\" >Login</a>\"; \n    } \n\n?>\n</br></pre>\n<p >But I get every time \"username or password are wrong\" but why ?! >.<<br />(sorry but I dont know much about this so please dont laugh or tell me noob<br />& dont come with \"the script isnt safe\" .. its my first try)</p>\n"
        },
        {
            "id": 83771,
            "timestamp": 1375393444,
            "author": {
                "id": 2859,
                "name": "AdiH97",
                "image": null
            },
            "comment": "\n<p >Here you have</p>\n<pre class=\"ipsCode prettyprint\" ><?php\nsession_start(); \n\n$verbindung = mysql_connect(\"localhost\", \"root\" , \"mysqlroot\") \nor die(\"Verbindung zur Datenbank konnte nicht hergestellt werden\");\nmysql_select_db(\"auth\") or die (\"Datenbank konnte nicht ausgew\u00c3\u0192\u00c2\u00a4hlt werden\");\n\n$username = $_POST[\"user\"];\n$passwort = md5($_POST[\"passwd\"]);\n\n$abfrage = \"SELECT user_id,passwd FROM bg_user WHERE user_id = $username\";\n\t$ergebnis = mysql_query($abfrage);\n\t$row = mysql_fetch_array($ergebnis);\n\t\t$user_id = $row[user_id];\n\t\t$passwd = $row[passwd];\n\t\t\n\nif($username = $user_id AND $passwort = $passwd)\n{\n$_SESSION[\"user_id\"] = $username;\necho \"Login erfolgreich. <br> <a href=\"\\\"index.php\\\"\" >Gesch\u00c3\u0192\u00c2\u00bctzer Bereich</a>\"; \n} \nelse \n{\necho \"Benutzername und/oder Passwort waren falsch. <a href=\"\\\"index.php\\\"\" >Login</a>\"; \n} \n?>\n</pre>\n<p >Tested by me.</p>\n"
        },
        {
            "id": 83779,
            "timestamp": 1375397844,
            "author": {
                "id": null,
                "name": "Guest SmoGG",
                "image": null
            },
            "comment": "<p >Thanks (:</p>"
        }
    ]
}