{
    "meta": {
        "threadId": 1089,
        "threadName": "Pet Files",
        "dateCreated": "2011-10-19T14:15:33+0000",
        "datePublished": "2011-10-19T14:15:33+0000",
        "pageCount": 1,
        "originalUrl": "https://lckb.dev/forum/index.php?/topic/1089-pet-files/",
        "authorId": 37,
        "position": [
            {
                "@type": "ListItem",
                "position": 1,
                "item": {
                    "@id": "https://lckb.dev/forum/index.php?/forum/271-general-section/",
                    "name": "General Section"
                }
            },
            {
                "@type": "ListItem",
                "position": 2,
                "item": {
                    "@id": "https://lckb.dev/forum/index.php?/forum/259-general-discussion/",
                    "name": "General Discussion"
                }
            }
        ]
    },
    "commentData": [
        {
            "id": 8860,
            "timestamp": 1319033733,
            "author": {
                "id": 37,
                "name": "BashVendetta",
                "image": null
            },
            "comment": "<p >Anyone have the client side pet files for version -1300 ive added the ep2 ones by accident and ending up getting error reports when attempting to mount pets.</p>"
        },
        {
            "id": 8864,
            "timestamp": 1319038400,
            "author": {
                "id": 165,
                "name": "StyLeRZockeR",
                "image": null
            },
            "comment": "<p >?</p>"
        },
        {
            "id": 8866,
            "timestamp": 1319044856,
            "author": {
                "id": 37,
                "name": "BashVendetta",
                "image": null
            },
            "comment": "<p >Im asking does anyone have the ep1 mount files as I am error reporting when attempting to ride a mount.</p>"
        },
        {
            "id": 8868,
            "timestamp": 1319045953,
            "author": {
                "id": null,
                "name": "Guest Bubbles",
                "image": null
            },
            "comment": "\n<p >Try to use my client </p>\n<p >Or use the .ba fils (they are the same for the skill animations) in every \\Data\\Character data ordner</p>\n<p > </p>\n<p >Hope i can help you ;D</p>\n"
        },
        {
            "id": 8869,
            "timestamp": 1319046242,
            "author": {
                "id": 161,
                "name": "Koko",
                "image": null
            },
            "comment": "\n<p >Uploading the entire folder atm, i will edit my post as soon as its done.</p>\n<p > </p>\n<p >Edit : <a href=\"https://www.mediafire.com/?8kxtd9j5dda7ttd\" rel=\"external nofollow\" >http://www.mediafire.com/?8kxtd9j5dda7ttd</a></p>\n"
        },
        {
            "id": 8873,
            "timestamp": 1319048905,
            "author": {
                "id": 37,
                "name": "BashVendetta",
                "image": null
            },
            "comment": "<p >Cool thx a lot guys.</p>"
        }
    ]
}