{
    "meta": {
        "threadId": 10901,
        "threadName": "MySQL Updating Error",
        "dateCreated": "2013-08-01T22:28:08+0000",
        "datePublished": "2013-08-01T22:28:08+0000",
        "pageCount": 1,
        "originalUrl": "https://lckb.dev/forum/index.php?/topic/10901-mysql-updating-error/",
        "authorId": 16983,
        "position": [
            {
                "@type": "ListItem",
                "position": 1,
                "item": {
                    "@id": "https://lckb.dev/forum/index.php?/forum/272-programmers-gateway/",
                    "name": "Programmers Gateway"
                }
            },
            {
                "@type": "ListItem",
                "position": 2,
                "item": {
                    "@id": "https://lckb.dev/forum/index.php?/forum/79-coders-talk/",
                    "name": "Coders Talk"
                }
            }
        ]
    },
    "commentData": [
        {
            "id": 83775,
            "timestamp": 1375396088,
            "author": {
                "id": 16983,
                "name": "Jaiz",
                "image": null
            },
            "comment": "\n<p >Hello Coders, </p>\n<p > </p>\n<p >Im trying to update something to my Database t_shop. Its update succesfully but i get one error but i dont know why. Maybe you can help me to fix / soleving this problem. Its says me that i duplicate the key although i looked in the database the key isnt duplicated. Very strange problem.</p>\n<p > </p>\n<p >Here you can see on this Video my Problem: </p>\n<p > </p>\n<p ><a href=\"https://www.youtube.com/watch?v=pIzozRMpksw&feature=youtu.be\" rel=\"external nofollow\" >http://www.youtube.com/watch?v=pIzozRMpksw&feature=youtu.be</a></p>\n<p > </p>\n<p >Hope you can help me. :)</p>\n<p >Regards Jaiz</p>\n"
        },
        {
            "id": 83780,
            "timestamp": 1375397884,
            "author": {
                "id": 919,
                "name": "someone",
                "image": null
            },
            "comment": "\n<p >The column that has primary key it has a constraint( to not let duplicates ID ),and it is used for tables relationships.</p>\n<p > </p>\n<p >Since you didnt post the Update SQL query, and in what I saw just a part of it, in what I saw  is that you forgot to put the condition for the Query.</p>\n<p >Your current query is:</p>\n<pre class=\"ipsCode prettyprint\" >UPDATE table SET columns=xxxx,coklumn2=yyyyyyyy\n</pre>\n<p >Which without condition will apply to all  rows in the table(the first row will change successfully and when it will  apply the settings on the second row, it will pop up an exception about your constraint)<br />:</p>\n<p >The proper method to use Update  for a certain row is(this way will apply to the rows that columnX is zzz):</p>\n<pre class=\"ipsCode prettyprint\" >UPDATE table SET columns=xxxx,coklumn2=yyyyyyyy WHERE columnX=zzz\n</pre>\n<p >I suggest reading more about SQL.</p>\n"
        },
        {
            "id": 83781,
            "timestamp": 1375398738,
            "author": {
                "id": 16983,
                "name": "Jaiz",
                "image": null
            },
            "comment": "<p >Okey i try it out. Thanks</p>"
        }
    ]
}