{
    "meta": {
        "threadId": 10910,
        "threadName": "Need Help Please :D",
        "dateCreated": "2013-08-03T11:49:28+0000",
        "datePublished": "2013-08-03T11:49:28+0000",
        "pageCount": 1,
        "originalUrl": "https://lckb.dev/forum/index.php?/topic/10910-need-help-please-d/",
        "authorId": 18613,
        "position": [
            {
                "@type": "ListItem",
                "position": 1,
                "item": {
                    "@id": "https://lckb.dev/forum/index.php?/forum/100-guides-help-section/",
                    "name": "Guides &amp; Help Section"
                }
            },
            {
                "@type": "ListItem",
                "position": 2,
                "item": {
                    "@id": "https://lckb.dev/forum/index.php?/forum/335-help-support/",
                    "name": "Help &amp; Support"
                }
            },
            {
                "@type": "ListItem",
                "position": 3,
                "item": {
                    "@id": "https://lckb.dev/forum/index.php?/forum/120-ep2-support/",
                    "name": "Ep2 Support"
                }
            },
            {
                "@type": "ListItem",
                "position": 4,
                "item": {
                    "@id": "https://lckb.dev/forum/index.php?/forum/134-solved-topics/",
                    "name": "Solved Topics"
                }
            }
        ]
    },
    "commentData": [
        {
            "id": 83856,
            "timestamp": 1375530568,
            "author": {
                "id": 18613,
                "name": "Karan",
                "image": null
            },
            "comment": "\n<p >Hey guys, I was trying to make a last chaos private server and I ran into one problem. I was wondering if anyone can help me please?</p>\n<p > </p>\n<p >Error:</p>\n<pre class=\"ipsCode prettyprint\" >./LoginServer: error while loading shared libraries: s_start: cannot open shared</pre>\n<p >Thank You to who ever reads this. :)</p>\n\n\n\t\t\t\n\t\t\t\t\n\n<span class=\"ipsType_reset ipsType_medium ipsType_light\" data-excludequote=\"None\" >\n\t<strong >Edited <time datetime=\"2013-08-03T12:39:48Z\" title=\"08/03/2013 12:39  PM\" data-short=\"7 yr\" >August 3, 2013</time> by Karan</strong>\n\t\n\t\n</span>\n\t\t\t\n\t\t</div>"
        },
        {
            "id": 83858,
            "timestamp": 1375531050,
            "author": {
                "id": 6038,
                "name": "RomainLastChaos",
                "image": null
            },
            "comment": "<p >missing libmysqlclient.so.12 and maybe libcrypto.so.6 and libssl.so.6</p>"
        },
        {
            "id": 83859,
            "timestamp": 1375531220,
            "author": {
                "id": 18613,
                "name": "Karan",
                "image": null
            },
            "comment": "<p >They are not missing :\\ Anything else? </p>"
        },
        {
            "id": 83860,
            "timestamp": 1375531567,
            "author": {
                "id": 6038,
                "name": "RomainLastChaos",
                "image": null
            },
            "comment": "<p >hmm this problem i have got before was an problem regarding this way</p>"
        },
        {
            "id": 83862,
            "timestamp": 1375533530,
            "author": {
                "id": 18613,
                "name": "Karan",
                "image": null
            },
            "comment": "\n<p >Well I was missing something :p </p>\n<p > </p>\n<p >I was missing the directory \"10\", Thank you anyways Era :D</p>\n<p > </p>\n<p >/Solved</p>\n"
        }
    ]
}