{
    "meta": {
        "threadId": 10918,
        "threadName": "juno edit V2",
        "dateCreated": "2013-08-03T18:29:59+0000",
        "datePublished": "2013-08-03T18:29:59+0000",
        "pageCount": 1,
        "originalUrl": "https://lckb.dev/forum/index.php?/topic/10918-juno-edit-v2/",
        "authorId": 7119,
        "position": [
            {
                "@type": "ListItem",
                "position": 1,
                "item": {
                    "@id": "https://lckb.dev/forum/index.php?/forum/271-general-section/",
                    "name": "General Section"
                }
            },
            {
                "@type": "ListItem",
                "position": 2,
                "item": {
                    "@id": "https://lckb.dev/forum/index.php?/forum/43-development-showroom/",
                    "name": "Development Showroom"
                }
            }
        ]
    },
    "commentData": [
        {
            "id": 83882,
            "timestamp": 1375554599,
            "author": {
                "id": 7119,
                "name": "MANGUSTA788",
                "image": null
            },
            "comment": "<p > <a href=\"https://www.youtube.com/watch?v=Cn1Di2DH6W0&feature=youtu.be%C2%A0\" rel=\"external nofollow\" >http://www.youtube.com/watch?v=Cn1Di2DH6W0&feature=youtu.be </a> work in progress , this is 100 % final juno</p>"
        },
        {
            "id": 83885,
            "timestamp": 1375555511,
            "author": {
                "id": 17474,
                "name": "kixtzz",
                "image": null
            },
            "comment": "<p >do can you explain me how i can select and delete the horse statue in juno(center)?</p>"
        },
        {
            "id": 83892,
            "timestamp": 1375558442,
            "author": {
                "id": 6038,
                "name": "RomainLastChaos",
                "image": null
            },
            "comment": "<p >really nice work im sure you can do something very nice you are creative :)</p>"
        },
        {
            "id": 83896,
            "timestamp": 1375559929,
            "author": {
                "id": 2835,
                "name": "halohalo",
                "image": null
            },
            "comment": "<p >love it :)</p>"
        },
        {
            "id": 83960,
            "timestamp": 1375611471,
            "author": {
                "id": 18082,
                "name": "gurock1172",
                "image": null
            },
            "comment": "<p >how to edit map ?</p>"
        },
        {
            "id": 83961,
            "timestamp": 1375613290,
            "author": {
                "id": 6038,
                "name": "RomainLastChaos",
                "image": null
            },
            "comment": "\n<p >With the Serious sam World Editor</p>\n<p > </p>\n<p >(but good luck to understand how use this editor is a very complicated editor if you never use this take a learning on it and you will be able to edit your maps)</p>\n"
        }
    ]
}