{
    "meta": {
        "threadId": 10931,
        "threadName": "doubt with affinity",
        "dateCreated": "2013-08-04T10:54:55+0000",
        "datePublished": "2013-08-04T10:54:55+0000",
        "pageCount": 1,
        "originalUrl": "https://lckb.dev/forum/index.php?/topic/10931-doubt-with-affinity/",
        "authorId": 13172,
        "position": [
            {
                "@type": "ListItem",
                "position": 1,
                "item": {
                    "@id": "https://lckb.dev/forum/index.php?/forum/100-guides-help-section/",
                    "name": "Guides &amp; Help Section"
                }
            },
            {
                "@type": "ListItem",
                "position": 2,
                "item": {
                    "@id": "https://lckb.dev/forum/index.php?/forum/335-help-support/",
                    "name": "Help &amp; Support"
                }
            },
            {
                "@type": "ListItem",
                "position": 3,
                "item": {
                    "@id": "https://lckb.dev/forum/index.php?/forum/120-ep2-support/",
                    "name": "Ep2 Support"
                }
            },
            {
                "@type": "ListItem",
                "position": 4,
                "item": {
                    "@id": "https://lckb.dev/forum/index.php?/forum/134-solved-topics/",
                    "name": "Solved Topics"
                }
            }
        ]
    },
    "commentData": [
        {
            "id": 83963,
            "timestamp": 1375613695,
            "author": {
                "id": 13172,
                "name": "soryjero",
                "image": null
            },
            "comment": "\n<p >hello, now i am working with affinity but i dont know for what is t_affinity_reward_item table.</p>\n<p > </p>\n<p >this is a screen shot about it to view columns.</p>\n<p > </p>\n<p ><a href=\"http://grabilla.com/03804-a1264c2e-2e2f-40da-854c-c2a7a904396f.html#\" rel=\"external nofollow\" >http://grabilla.com/03804-a1264c2e-2e2f-40da-854c-c2a7a904396f.html#</a></p>\n<p > </p>\n<p >i dont know what is the mean of each columns.</p>\n<p > </p>\n<p >thanks in advance.</p>\n\n\n\t\t\t\n\t\t\t\t\n\n<span class=\"ipsType_reset ipsType_medium ipsType_light\" data-excludequote=\"None\" >\n\t<strong >Edited <time datetime=\"2013-08-05T08:44:15Z\" title=\"08/05/2013 08:44  AM\" data-short=\"7 yr\" >August 5, 2013</time> by soryjero</strong>\n\t\n\t\n</span>\n\t\t\t\n\t\t</div>"
        },
        {
            "id": 83964,
            "timestamp": 1375614446,
            "author": {
                "id": 6038,
                "name": "RomainLastChaos",
                "image": null
            },
            "comment": "\n<p >ok so maybe i know for each colum if some colum information is wrong please let me know</p>\n<p >-------------------------------------------------------------------------------------------------------------------</p>\n<p > </p>\n<p >a_npcidx = mean the affinity npc</p>\n<p > </p>\n<p >a_allow_points = mean the point needed to get the item from the afinity npc / or the points getting from a monster</p>\n<p > </p>\n<p >a_itemidx = mean the item can be dropping by an monster to get points from affinity npc/ or maybe the item idx when reach some pts and get this item from the affinity npc</p>\n<p > </p>\n<p >a_flag = dont know as i know all have 0</p>\n<p > </p>\n<p >a_count = mean the ammount of the item rewarding from the affinity npc</p>\n<p > </p>\n<p >a_exp = maybe mean the exp rewarded by the affinity npc when reach the item</p>\n<p > </p>\n<p >a_sp = maybe the rewarded sp from the affinity npc when reach the item</p>\n<p > </p>\n<p >a_needpclevel = (i dont know maybe the level max to get the sp)</p>\n<p > </p>\n<p >a_needitemidx = probaly the item needed to get the reward like Sio from monndshine needed to get some points from the affinity npc)</p>\n<p > </p>\n<p >a_needitemcount =  look like the ammount of item rewarded</p>\n<p > </p>\n<p >---------------------------------------------------------------------------------------------------------------------------------------------------</p>\n<p > </p>\n<p >well if im wrong at some colum please let me know it can be help the community and me when i will work on the affinity</p>\n"
        },
        {
            "id": 83999,
            "timestamp": 1375652317,
            "author": {
                "id": 13172,
                "name": "soryjero",
                "image": null
            },
            "comment": "\n<blockquote data-ipsquote=\"\" class=\"ipsQuote\" data-ipsquote-contentcommentid=\"83964\" data-ipsquote-contentapp=\"forums\" data-ipsquote-contenttype=\"forums\" data-ipsquote-contentclass=\"forums_Topic\" data-ipsquote-contentid=\"10931\" data-ipsquote-username=\"Era\" data-cite=\"Era\" data-ipsquote-timestamp=\"1375614446\" ><div ><div >\n<p >ok so maybe i know for each colum if some colum information is wrong please let me know</p>\n<p >-------------------------------------------------------------------------------------------------------------------</p>\n<p > </p>\n<p >a_npcidx = mean the affinity npc</p>\n<p > </p>\n<p >a_allow_points = mean the point needed to get the item from the afinity npc / or the points getting from a monster</p>\n<p > </p>\n<p >a_itemidx = mean the item can be dropping by an monster to get points from affinity npc/ or maybe the item idx when reach some pts and get this item from the affinity npc</p>\n<p > </p>\n<p >a_flag = dont know as i know all have 0</p>\n<p > </p>\n<p >a_count = mean the ammount of the item rewarding from the affinity npc</p>\n<p > </p>\n<p >a_exp = maybe mean the exp rewarded by the affinity npc when reach the item</p>\n<p > </p>\n<p >a_sp = maybe the rewarded sp from the affinity npc when reach the item</p>\n<p > </p>\n<p >a_needpclevel = (i dont know maybe the level max to get the sp)</p>\n<p > </p>\n<p >a_needitemidx = probaly the item needed to get the reward like Sio from monndshine needed to get some points from the affinity npc)</p>\n<p > </p>\n<p >a_needitemcount =  look like the ammount of item rewarded</p>\n<p > </p>\n<p >---------------------------------------------------------------------------------------------------------------------------------------------------</p>\n<p > </p>\n<p >well if im wrong at some colum please let me know it can be help the community and me when i will work on the affinity</p>\n</div></div></blockquote>\n<p > </p>\n<p >does anyone know if this is correct?</p>\n"
        },
        {
            "id": 84000,
            "timestamp": 1375656764,
            "author": {
                "id": 16931,
                "name": "Walletman987",
                "image": null
            },
            "comment": "\n<blockquote data-ipsquote=\"\" class=\"ipsQuote\" data-ipsquote-contentcommentid=\"83999\" data-ipsquote-contentapp=\"forums\" data-ipsquote-contenttype=\"forums\" data-ipsquote-contentclass=\"forums_Topic\" data-ipsquote-contentid=\"10931\" data-ipsquote-username=\"soryjero\" data-cite=\"soryjero\" data-ipsquote-timestamp=\"1375652317\" ><div ><div ><p >does anyone know if this is correct?</p></div></div></blockquote>\n<p >Why dont you test it and see?  It most likely is correct.</p>\n"
        },
        {
            "id": 84003,
            "timestamp": 1375659259,
            "author": {
                "id": 2,
                "name": "Wizatek",
                "image": null
            },
            "comment": "\n<p >Its a little bit correct</p>\n<p > </p>\n<p >\nThe t_affinity_reward table is for the rewards u get for farming affinity points.</p>\n<p > </p>\n<p > </p>\n<p >\na_npcidx = mean the affinity npc</p>\n<p > </p>\n<p >\na_allow_points = the minimal points needed to get the reward</p>\n<p > </p>\n<p >\na_itemidx = The reward item</p>\n<p > </p>\n<p >\na_flag = I think the level of a item, like u can set it to 12 to give lvl 12 minerals for example</p>\n<p > </p>\n<p >\na_count = amount of item reward</p>\n<p > </p>\n<p >\na_exp = amount of exp reward</p>\n<p > </p>\n<p >\na_sp = amount of sp reward</p>\n<p > </p>\n<p >\na_needpclevel = the level u need to get the reward</p>\n<p > </p>\n<p >\na_needitemidx = Item needed to get the reward</p>\n<p > </p>\n<p >\na_needitemcount = amount of the item needed to get the reward</p>\n"
        },
        {
            "id": 84027,
            "timestamp": 1375692239,
            "author": {
                "id": 13172,
                "name": "soryjero",
                "image": null
            },
            "comment": "\n<blockquote data-ipsquote=\"\" class=\"ipsQuote\" data-ipsquote-contentcommentid=\"84003\" data-ipsquote-contentapp=\"forums\" data-ipsquote-contenttype=\"forums\" data-ipsquote-contentclass=\"forums_Topic\" data-ipsquote-contentid=\"10931\" data-ipsquote-username=\"Wizatek\" data-cite=\"Wizatek\" data-ipsquote-timestamp=\"1375659259\" ><div ><div >\n<p >Its a little bit correct</p>\n<p > </p>\n<p >The t_affinity_reward table is for the rewards u get for farming affinity points.</p>\n<p > </p>\n<p > </p>\n<p >a_npcidx = mean the affinity npc</p>\n<p > </p>\n<p >a_allow_points = the minimal points needed to get the reward</p>\n<p > </p>\n<p >a_itemidx = The reward item</p>\n<p > </p>\n<p >a_flag = I think the level of a item, like u can set it to 12 to give lvl 12 minerals for example</p>\n<p > </p>\n<p >a_count = amount of item reward</p>\n<p > </p>\n<p >a_exp = amount of exp reward</p>\n<p > </p>\n<p >a_sp = amount of sp reward</p>\n<p > </p>\n<p >a_needpclevel = the level u need to get the reward</p>\n<p > </p>\n<p >a_needitemidx = Item needed to get the reward</p>\n<p > </p>\n<p >a_needitemcount = amount of the item needed to get the reward</p>\n</div></div></blockquote>\n<p > </p>\n<p >thanks wiza.</p>\n"
        }
    ]
}