{
    "meta": {
        "threadId": 10933,
        "threadName": "PHP Database USER_ID for Paymentwall Widget",
        "dateCreated": "2013-08-04T13:16:13+0000",
        "datePublished": "2013-08-04T13:16:13+0000",
        "pageCount": 1,
        "originalUrl": "https://lckb.dev/forum/index.php?/topic/10933-php-database-user_id-for-paymentwall-widget/",
        "authorId": 18506,
        "position": [
            {
                "@type": "ListItem",
                "position": 1,
                "item": {
                    "@id": "https://lckb.dev/forum/index.php?/forum/40-website-scripting-security/",
                    "name": "Website Scripting &amp; Security"
                }
            },
            {
                "@type": "ListItem",
                "position": 2,
                "item": {
                    "@id": "https://lckb.dev/forum/index.php?/forum/117-webmasters-help-talk/",
                    "name": "Webmasters Help &amp; Talk"
                }
            },
            {
                "@type": "ListItem",
                "position": 3,
                "item": {
                    "@id": "https://lckb.dev/forum/index.php?/forum/188-help-requests/",
                    "name": "Help &amp; Requests"
                }
            }
        ]
    },
    "commentData": [
        {
            "id": 83970,
            "timestamp": 1375622173,
            "author": {
                "id": 18506,
                "name": "primax16",
                "image": null
            },
            "comment": "\n<p >Hello Guys,</p>\n<p >I need your help. I need a script for the paymentwall widget which read the user_id from database. I dont know how to do it...</p>\n<p > </p>\n<p >So, I have a login system from eternia website template from noizy</p>\n<p > </p>\n<p >The script of <em >login.php</em>:</p>\n<pre class=\"ipsCode prettyprint\" ><?php\nsession_start();\nerror_reporting(0);\n?>\n\t\t<?php\n\t\t\n        include include/config.php;\n        include include/functions.php;\n\t\t\n\t\tIf (isset($_POST[\"username\"]))\n\t\t{\n\t\tif (empty($_POST[username]) OR empty($_POST[password]))\n        {\n        echo \"<div class=ferrorbig>Error! one or more fields are empty, please try again</pre></div>"
        },
        {
            "id": 83973,
            "timestamp": 1375624141,
            "author": {
                "id": 6038,
                "name": "RomainLastChaos",
                "image": null
            },
            "comment": "\n<p >as i know some months ago i have trying to get the same way paymentwall app well is the same if you have the config right working pingback etc into your database with your email sending the cash  paymentwall need look your website and approved the script to make it alive but unfortunetly paymentwall dont approve the application for LastChaos anymore</p>\n<p > </p>\n<p >as i have see you need create and code a fake website to get paymentwall working and after you can copy past your code of the paymenjtwall widget into your real lastchaos website never tested again</p>\n<p > </p>\n<p >my paymentwall reponse date of 20 junuary Lol ...</p>\n<p > </p>\n<p ><a href=\"http://grabilla.com/03804-54569e6b-377f-483d-9c2b-047fd38e3830.html\" rel=\"external nofollow\" ><img alt=\"03804-54569e6b-377f-483d-9c2b-047fd38e38\" src=\"http://grabilla.com/03804-54569e6b-377f-483d-9c2b-047fd38e3830.png\" /></a></p>\n"
        },
        {
            "id": 83976,
            "timestamp": 1375625045,
            "author": {
                "id": 18506,
                "name": "primax16",
                "image": null
            },
            "comment": "<p >Yes I heard about it but I need this script^^ So if you have an old script can you please post it?</p>"
        },
        {
            "id": 83978,
            "timestamp": 1375626143,
            "author": {
                "id": 6038,
                "name": "RomainLastChaos",
                "image": null
            },
            "comment": "<p >unfortunetly i have remake my compunter after junuary i dont have the script sorry</p>"
        },
        {
            "id": 83985,
            "timestamp": 1375633616,
            "author": {
                "id": 18506,
                "name": "primax16",
                "image": null
            },
            "comment": "\n<p >Hmm well thanks for your help, did anyone else can code it please? I cant do it..</p>\n<p > :(</p>\n\n\n\t\t\t\n\t\t\t\t\n\n<span class=\"ipsType_reset ipsType_medium ipsType_light\" data-excludequote=\"None\" >\n\t<strong >Edited <time datetime=\"2013-08-04T16:27:17Z\" title=\"08/04/2013 04:27  PM\" data-short=\"7 yr\" >August 4, 2013</time> by primax16</strong>\n\t\n\t\n</span>\n\t\t\t\n\t\t</div>"
        }
    ]
}