{
    "meta": {
        "threadId": 10945,
        "threadName": "IPB Errors",
        "dateCreated": "2013-08-05T15:47:04+0000",
        "datePublished": "2013-08-05T15:47:04+0000",
        "pageCount": 1,
        "originalUrl": "https://lckb.dev/forum/index.php?/topic/10945-ipb-errors/",
        "authorId": 18226,
        "position": [
            {
                "@type": "ListItem",
                "position": 1,
                "item": {
                    "@id": "https://lckb.dev/forum/index.php?/forum/40-website-scripting-security/",
                    "name": "Website Scripting &amp; Security"
                }
            },
            {
                "@type": "ListItem",
                "position": 2,
                "item": {
                    "@id": "https://lckb.dev/forum/index.php?/forum/117-webmasters-help-talk/",
                    "name": "Webmasters Help &amp; Talk"
                }
            },
            {
                "@type": "ListItem",
                "position": 3,
                "item": {
                    "@id": "https://lckb.dev/forum/index.php?/forum/188-help-requests/",
                    "name": "Help &amp; Requests"
                }
            }
        ]
    },
    "commentData": [
        {
            "id": 84059,
            "timestamp": 1375717624,
            "author": {
                "id": 18226,
                "name": "OldHM",
                "image": null
            },
            "comment": "\n<p >Hello Community!</p>\n<p >If I upload my IPB to my Linux server to the directory /var/www/html</p>\n<p >and try to install it i cant it just shows in the domain the domain and path but its just an white screen??</p>\n<p > </p>\n<p >What do i need to do?</p>\n"
        },
        {
            "id": 84109,
            "timestamp": 1375740038,
            "author": {
                "id": 13172,
                "name": "soryjero",
                "image": null
            },
            "comment": "<p >you have to upload it to a web server and install on it (i think)</p>"
        },
        {
            "id": 84110,
            "timestamp": 1375740473,
            "author": {
                "id": 17432,
                "name": "Nymphetamine",
                "image": null
            },
            "comment": "<p >U have to upload ipb files in a web host. Then installation will show up</p>"
        },
        {
            "id": 84117,
            "timestamp": 1375749024,
            "author": {
                "id": 18226,
                "name": "OldHM",
                "image": null
            },
            "comment": "<p >Is there no way to install it on Linux?</p>"
        },
        {
            "id": 84824,
            "timestamp": 1376773555,
            "author": {
                "id": 267,
                "name": "SutWick",
                "image": null
            },
            "comment": "<p >you can install a webserver on linux an make sure port 80 is open on the linux server</p>"
        },
        {
            "id": 84891,
            "timestamp": 1376820650,
            "author": {
                "id": 2069,
                "name": "LikeToMove",
                "image": null
            },
            "comment": "\n<p >Try it:</p>\n<pre class=\"ipsCode prettyprint\" >http://www.yoursitename.com/index.php\n</pre>\n<p >If Apache (I presume youre using that) gives you an error like 404 Not Found you have an error on your <em >httpd.conf </em>probably on <span style=\"font-family:'courier new', courier, monospace;\" >DocumentRoot</span> directive.</p>\n<p > </p>\n<p >If nothing happens and IPB redirect you on Installation folder but you see your page blank probably you have something wrong on your Apache/PHP modules.</p>\n<p > </p>\n<p > </p>\n<p >EDIT: be sure your IPB isnt a broken or damaged version.</p>\n"
        },
        {
            "id": 84958,
            "timestamp": 1376854029,
            "author": {
                "id": 18226,
                "name": "OldHM",
                "image": null
            },
            "comment": "\n<p >Can you gimme a not broken IPB link? maybe this is it..</p>\n<p >I installed Apache etc. on linux put the IPB thigny to var/www/html and then joined on the ip with browser nothing happened...</p>\n"
        },
        {
            "id": 85510,
            "timestamp": 1377432431,
            "author": {
                "id": 2791,
                "name": "cyborg2009",
                "image": null
            },
            "comment": "<p >go in your browser to : <a href=\"http://your\" rel=\"external nofollow\" >http://your</a> website.[CeNsOrEd]/install/install.php , i think thats can help you!</p>"
        }
    ]
}