{
    "meta": {
        "threadId": 10946,
        "threadName": "Change guilds color",
        "dateCreated": "2013-08-05T16:14:56+0000",
        "datePublished": "2013-08-05T16:14:56+0000",
        "pageCount": 1,
        "originalUrl": "https://lckb.dev/forum/index.php?/topic/10946-change-guilds-color/",
        "authorId": 17432,
        "position": [
            {
                "@type": "ListItem",
                "position": 1,
                "item": {
                    "@id": "https://lckb.dev/forum/index.php?/forum/100-guides-help-section/",
                    "name": "Guides &amp; Help Section"
                }
            },
            {
                "@type": "ListItem",
                "position": 2,
                "item": {
                    "@id": "https://lckb.dev/forum/index.php?/forum/335-help-support/",
                    "name": "Help &amp; Support"
                }
            },
            {
                "@type": "ListItem",
                "position": 3,
                "item": {
                    "@id": "https://lckb.dev/forum/index.php?/forum/44-ep1-support/",
                    "name": "Ep1 Support"
                }
            },
            {
                "@type": "ListItem",
                "position": 4,
                "item": {
                    "@id": "https://lckb.dev/forum/index.php?/forum/135-solved-topics/",
                    "name": "Solved Topics"
                }
            }
        ]
    },
    "commentData": [
        {
            "id": 84064,
            "timestamp": 1375719296,
            "author": {
                "id": 17432,
                "name": "Nymphetamine",
                "image": null
            },
            "comment": "\n<p >Hello guys.</p>\n<p >As what i have heard for change guild colors (in general) i have to edit some offsets in engine with hex editor.</p>\n<p >Does someone know where they are located?</p>\n<p >Also i know it is possible to change the color of a single guild name,or edit charatchers colors </p>\n<p >Does someone know how?</p>\n\n\n\t\t\t\n\t\t\t\t\n\n<span class=\"ipsType_reset ipsType_medium ipsType_light\" data-excludequote=\"None\" >\n\t<strong >Edited <time datetime=\"2013-08-05T16:15:59Z\" title=\"08/05/2013 04:15  PM\" data-short=\"7 yr\" >August 5, 2013</time> by Nymphetamine</strong>\n\t\n\t\n</span>\n\t\t\t\n\t\t</div>"
        },
        {
            "id": 84102,
            "timestamp": 1375736767,
            "author": {
                "id": 11986,
                "name": "SnowFox",
                "image": null
            },
            "comment": "<p >Ask wizatek he knows :P</p>"
        },
        {
            "id": 84105,
            "timestamp": 1375738570,
            "author": {
                "id": 17432,
                "name": "Nymphetamine",
                "image": null
            },
            "comment": "\n<p >The topic was for him basically because its not a thing that everyone know but shhh :p</p>\n<p >Still i hope someone other know how to help me too</p>\n\n\n\t\t\t\n\t\t\t\t\n\n<span class=\"ipsType_reset ipsType_medium ipsType_light\" data-excludequote=\"None\" >\n\t<strong >Edited <time datetime=\"2013-08-05T21:56:25Z\" title=\"08/05/2013 09:56  PM\" data-short=\"7 yr\" >August 5, 2013</time> by Nymphetamine</strong>\n\t\n\t\n</span>\n\t\t\t\n\t\t</div>"
        },
        {
            "id": 84192,
            "timestamp": 1375860109,
            "author": {
                "id": 2167,
                "name": "dethunter12",
                "image": null
            },
            "comment": "<p > i think he said somthing like make a custom hook for the gameserver or somthing like that cant remeber</p>"
        },
        {
            "id": 84194,
            "timestamp": 1375860753,
            "author": {
                "id": 15126,
                "name": "rrbkmz",
                "image": null
            },
            "comment": "\n<p ><span ><span >As I recall</span> <span >the color changes</span> <span >in</span> <span >engine.dll.</span><br /><span >Just do not know</span> <span >where.</span></span></p>\n<p ><span ><span >For example</span> <span >here is the code</span> <span >of action</span> <span >at a certain</span> <span >karma</span></span></p>\n<pre class=\"ipsCode prettyprint\" >if ( v14 >= 6000 && v14 < 19000 )\n  {\n    if ( *((_BYTE *)v36 + 1093928) & 8 || *((_DWORD *)v36 + 273483) )\n      return;\n    v42 = 3;\n    goto LABEL_70;\n  }\n</pre>\n\n\n\t\t\t\n\t\t\t\t\n\n<span class=\"ipsType_reset ipsType_medium ipsType_light\" data-excludequote=\"None\" >\n\t<strong >Edited <time datetime=\"2013-08-07T07:43:15Z\" title=\"08/07/2013 07:43  AM\" data-short=\"7 yr\" >August 7, 2013</time> by rrbkmz</strong>\n\t\n\t\n</span>\n\t\t\t\n\t\t</div>"
        },
        {
            "id": 84198,
            "timestamp": 1375867457,
            "author": {
                "id": 17432,
                "name": "Nymphetamine",
                "image": null
            },
            "comment": "\n<blockquote data-ipsquote=\"\" class=\"ipsQuote\" data-ipsquote-contentcommentid=\"84192\" data-ipsquote-contentapp=\"forums\" data-ipsquote-contenttype=\"forums\" data-ipsquote-contentclass=\"forums_Topic\" data-ipsquote-contentid=\"10946\" data-ipsquote-username=\"dethunter12\" data-cite=\"dethunter12\" data-ipsquote-timestamp=\"1375860109\" ><div ><p > i think he said somthing like make a custom hook for the gameserver or somthing like that cant remeber</p></div></blockquote>No,nothing in GS.<p >Pretty sure its engine.dll</p>\n"
        },
        {
            "id": 84209,
            "timestamp": 1375878037,
            "author": {
                "id": 13627,
                "name": "peterkosta12",
                "image": null
            },
            "comment": "\n<blockquote data-ipsquote=\"\" class=\"ipsQuote\" data-ipsquote-contentcommentid=\"84198\" data-ipsquote-contentapp=\"forums\" data-ipsquote-contenttype=\"forums\" data-ipsquote-contentclass=\"forums_Topic\" data-ipsquote-contentid=\"10946\" data-ipsquote-username=\"Nymphetamine\" data-cite=\"Nymphetamine\" data-ipsquote-timestamp=\"1375867457\" ><div ><div >\n<p >No,nothing in GS.</p>\n<p >Pretty sure its engine.dll</p>\n</div></div></blockquote>\n<p >copy engine dl from generic 01</p>\n"
        },
        {
            "id": 84212,
            "timestamp": 1375878761,
            "author": {
                "id": 17432,
                "name": "Nymphetamine",
                "image": null
            },
            "comment": "\n<blockquote data-ipsquote=\"\" class=\"ipsQuote\" data-ipsquote-contentcommentid=\"84209\" data-ipsquote-contentapp=\"forums\" data-ipsquote-contenttype=\"forums\" data-ipsquote-contentclass=\"forums_Topic\" data-ipsquote-contentid=\"10946\" data-ipsquote-username=\"peterkosta12\" data-cite=\"peterkosta12\" data-ipsquote-timestamp=\"1375878037\" ><div ><div ><p >copy engine dl from generic 01</p></div></div></blockquote>\n<p >Is that a serious answer? -__-</p>\n"
        },
        {
            "id": 84245,
            "timestamp": 1375914053,
            "author": {
                "id": 13627,
                "name": "peterkosta12",
                "image": null
            },
            "comment": "\n<blockquote data-ipsquote=\"\" class=\"ipsQuote\" data-ipsquote-contentcommentid=\"84212\" data-ipsquote-contentapp=\"forums\" data-ipsquote-contenttype=\"forums\" data-ipsquote-contentclass=\"forums_Topic\" data-ipsquote-contentid=\"10946\" data-ipsquote-username=\"Nymphetamine\" data-cite=\"Nymphetamine\" data-ipsquote-timestamp=\"1375878761\" ><div ><div ><p >Is that a serious answer? -__-</p></div></div></blockquote>\n<p >yes </p>\n"
        },
        {
            "id": 84246,
            "timestamp": 1375914369,
            "author": {
                "id": 17432,
                "name": "Nymphetamine",
                "image": null
            },
            "comment": "\n<p >This is not my style. :)</p>\n<p >Also would be useless because in LCGN01 just crew guild got different color</p>\n"
        },
        {
            "id": 84276,
            "timestamp": 1375956758,
            "author": {
                "id": 11986,
                "name": "SnowFox",
                "image": null
            },
            "comment": "\n<blockquote data-ipsquote=\"\" class=\"ipsQuote\" data-ipsquote-contentcommentid=\"84246\" data-ipsquote-contentapp=\"forums\" data-ipsquote-contenttype=\"forums\" data-ipsquote-contentclass=\"forums_Topic\" data-ipsquote-contentid=\"10946\" data-ipsquote-username=\"Nymphetamine\" data-cite=\"Nymphetamine\" data-ipsquote-timestamp=\"1375914369\" ><div ><div >\n<p >This is not my style. :)</p>\n<p >Also would be useless because in LCGN01 just crew guild got different color</p>\n</div></div></blockquote>\n<p > </p>\n<p >Atm yeah only LCGenericName01 has a color but also remember the Charnames have colors also.</p>\n<p >And that are more colors.</p>\n<p >Since people that left the staff or just joined dont have colors so wizatek does it on a special way.</p>\n<p >Best is really to wait for him. Since it seems he bind the color with a ID/Guild ID.</p>\n\n\n\t\t\t\n\t\t\t\t\n\n<span class=\"ipsType_reset ipsType_medium ipsType_light\" data-excludequote=\"None\" >\n\t<strong >Edited <time datetime=\"2013-08-08T10:15:04Z\" title=\"08/08/2013 10:15  AM\" data-short=\"7 yr\" >August 8, 2013</time> by ArrowOfDead</strong>\n\t\n\t\n</span>\n\t\t\t\n\t\t</div>"
        },
        {
            "id": 84299,
            "timestamp": 1375988950,
            "author": {
                "id": 13529,
                "name": "DrGenius",
                "image": null
            },
            "comment": "<p >here a topic where wiza answer to that question; <a href=\"http://toxic-l33t.ddns.net/forum/index.php?/topic/5118-about-colors/?hl=guild\" rel=\"external nofollow\" >http://toxic-l33t.ddns.net/forum/index.php?/topic/5118-about-colors/?hl=guild</a></p>"
        },
        {
            "id": 84300,
            "timestamp": 1375990663,
            "author": {
                "id": 17432,
                "name": "Nymphetamine",
                "image": null
            },
            "comment": "<p >The answer isnt that complete.<br />I looked into the engine 1 hour and found nothing.</p>"
        },
        {
            "id": 84373,
            "timestamp": 1376074155,
            "author": {
                "id": 1503,
                "name": "Paramount",
                "image": null
            },
            "comment": "\n<blockquote data-ipsquote=\"\" class=\"ipsQuote\" data-ipsquote-contentcommentid=\"84194\" data-ipsquote-contentapp=\"forums\" data-ipsquote-contenttype=\"forums\" data-ipsquote-contentclass=\"forums_Topic\" data-ipsquote-contentid=\"10946\" data-ipsquote-username=\"rrbkmz\" data-cite=\"rrbkmz\" data-ipsquote-timestamp=\"1375860753\" ><div ><div >\n<p > </p>\n<p ><span ><span >As I recall</span> <span >the color changes</span> <span >in</span> <span >engine.dll.</span></span></p>\n<p ><span >Just do not know</span> <span >where.</span></p>\n<p ><span ><span >For example</span> <span >here is the code</span> <span >of action</span> <span >at a certain</span> <span >karma</span></span></p>\n<pre class=\"ipsCode prettyprint\" >if ( v14 >= 6000 && v14 < 19000 )\n  {\n    if ( *((_BYTE *)v36 + 1093928) & 8 || *((_DWORD *)v36 + 273483) )\n      return;\n    v42 = 3;\n    goto LABEL_70;\n  }\n</pre>\n</div></div></blockquote>\n<p >Do you know what does this code do? No, you dont. Even because this code does not associated with the colors. Its just a couple of conditions.</p>\n<p > </p>\n<p >Btw dunno where did you find this code</p>\n<p ><img alt=\"WmXqRKG.png\" src=\"https://i.imgur.com/WmXqRKG.png\" /></p>\n"
        },
        {
            "id": 84396,
            "timestamp": 1376508759,
            "author": {
                "id": 17432,
                "name": "Nymphetamine",
                "image": null
            },
            "comment": "\n<p >Mmmh found something in engine that maybe has something to do with it.</p>\n<p > </p>\n<blockquote data-ipsquote=\"\" class=\"ipsQuote\" ><div >\n<p > </p>\n<p >lcgn.dll.LCGNDecrypt.GetGuildNameColor.GetCharNameColor..</p>\n</div></blockquote>\n<p > </p>\n<p >Maybe it means that colors are decided by a file called lcgn.dll? Its in Bin too</p>\n"
        },
        {
            "id": 84407,
            "timestamp": 1376512761,
            "author": {
                "id": 11986,
                "name": "SnowFox",
                "image": null
            },
            "comment": "\n<blockquote data-ipsquote=\"\" class=\"ipsQuote\" data-ipsquote-contentcommentid=\"84396\" data-ipsquote-contentapp=\"forums\" data-ipsquote-contenttype=\"forums\" data-ipsquote-contentclass=\"forums_Topic\" data-ipsquote-contentid=\"10946\" data-ipsquote-username=\"Nymphetamine\" data-cite=\"Nymphetamine\" data-ipsquote-timestamp=\"1376508759\" ><div ><div >\n<p >Mmmh found something in engine that maybe has something to do with it.</p>\n<p > </p>\n<p > </p>\n<p >Maybe it means that colors are decided by a file called lcgn.dll? Its in Bin too</p>\n</div></div></blockquote>\n<p > </p>\n<p >Look to the name.</p>\n<p > </p>\n<p >lcgn.dll    Last Chaos GenericName.</p>\n<p > </p>\n<p >I think Wizatek made it by himself.</p>\n\n\n\t\t\t\n\t\t\t\t\n\n<span class=\"ipsType_reset ipsType_medium ipsType_light\" data-excludequote=\"None\" >\n\t<strong >Edited <time datetime=\"2013-08-14T20:39:35Z\" title=\"08/14/2013 08:39  PM\" data-short=\"7 yr\" >August 14, 2013</time> by ArrowOfDead</strong>\n\t\n\t\n</span>\n\t\t\t\n\t\t</div>"
        },
        {
            "id": 84490,
            "timestamp": 1376575021,
            "author": {
                "id": 1503,
                "name": "Paramount",
                "image": null
            },
            "comment": "<p >Yep that is his hook.</p>"
        },
        {
            "id": 84493,
            "timestamp": 1376575172,
            "author": {
                "id": 17432,
                "name": "Nymphetamine",
                "image": null
            },
            "comment": "\n<blockquote data-ipsquote=\"\" class=\"ipsQuote\" data-ipsquote-contentcommentid=\"84490\" data-ipsquote-contentapp=\"forums\" data-ipsquote-contenttype=\"forums\" data-ipsquote-contentclass=\"forums_Topic\" data-ipsquote-contentid=\"10946\" data-ipsquote-username=\"Paramount\" data-cite=\"Paramount\" data-ipsquote-timestamp=\"1376575021\" ><div ><div ><p >Yep that is his hook.</p></div></div></blockquote>\n<p >I opened also lcgn.dll but looks like colors are encrypted someway.</p>\n"
        },
        {
            "id": 84502,
            "timestamp": 1376582892,
            "author": {
                "id": 1503,
                "name": "Paramount",
                "image": null
            },
            "comment": "\n<blockquote data-ipsquote=\"\" class=\"ipsQuote\" data-ipsquote-contentcommentid=\"84493\" data-ipsquote-contentapp=\"forums\" data-ipsquote-contenttype=\"forums\" data-ipsquote-contentclass=\"forums_Topic\" data-ipsquote-contentid=\"10946\" data-ipsquote-username=\"Nymphetamine\" data-cite=\"Nymphetamine\" data-ipsquote-timestamp=\"1376575172\" ><div ><div ><p >I opened also lcgn.dll but looks like colors are encrypted someway.</p></div></div></blockquote>\n<p >Can you please send me this lcgn.dll via PM? Id like to look into this.</p>\n"
        },
        {
            "id": 84504,
            "timestamp": 1376583074,
            "author": {
                "id": 17432,
                "name": "Nymphetamine",
                "image": null
            },
            "comment": "\n<p >Here the link if someone other want to look into it also:</p>\n<div >\n<a href=\"https://mega.co.nz/#\" rel=\"external nofollow\" >https://mega.co.nz/#</a>!9FRRjIra!GyHbYgkXRV2yf56aOIS4vTY_v-Z_1Rapka8qCy_sCd0</div>\n<div > </div>\n"
        },
        {
            "id": 84537,
            "timestamp": 1376614022,
            "author": {
                "id": 2,
                "name": "Wizatek",
                "image": null
            },
            "comment": "<p >The reason why i never go into detail about this because its about the only thing still preserved in lastchaos private server world. And i would like to keep it that way</p>"
        },
        {
            "id": 84550,
            "timestamp": 1376640798,
            "author": {
                "id": 17432,
                "name": "Nymphetamine",
                "image": null
            },
            "comment": "<p >There is no problem. :p</p>"
        },
        {
            "id": 84562,
            "timestamp": 1376650350,
            "author": {
                "id": 17432,
                "name": "Nymphetamine",
                "image": null
            },
            "comment": "<p >Well i close it since looks like no one know how to help me,thank you  everyone everyway :P</p>"
        }
    ]
}