{
    "meta": {
        "threadId": 10950,
        "threadName": "juno v2",
        "dateCreated": "2013-08-05T20:07:33+0000",
        "datePublished": "2013-08-05T20:07:33+0000",
        "pageCount": 1,
        "originalUrl": "https://lckb.dev/forum/index.php?/topic/10950-juno-v2/",
        "authorId": 7119,
        "position": [
            {
                "@type": "ListItem",
                "position": 1,
                "item": {
                    "@id": "https://lckb.dev/forum/index.php?/forum/271-general-section/",
                    "name": "General Section"
                }
            },
            {
                "@type": "ListItem",
                "position": 2,
                "item": {
                    "@id": "https://lckb.dev/forum/index.php?/forum/43-development-showroom/",
                    "name": "Development Showroom"
                }
            }
        ]
    },
    "commentData": [
        {
            "id": 84094,
            "timestamp": 1375733253,
            "author": {
                "id": 7119,
                "name": "MANGUSTA788",
                "image": null
            },
            "comment": "<p ><a href=\"https://www.youtube.com/watch?v=OKV_j3BFYXc&feature=youtu.be%C2%A0%C2%A0\" rel=\"external nofollow\" >http://www.youtube.com/watch?v=OKV_j3BFYXc&feature=youtu.be  </a> <span ><span >next week</span> <span >the job</span> <span >is finished,</span> <span >settle</span> <span >all</span> <span >npc</span></span></p>"
        },
        {
            "id": 84111,
            "timestamp": 1375743381,
            "author": {
                "id": 16983,
                "name": "Jaiz",
                "image": null
            },
            "comment": "\n<p >Very nice! Do you sell this awesome JUNO??!!</p>\n<p > </p>\n<p >Regards Jaiz </p>\n"
        }
    ]
}