{
    "meta": {
        "threadId": 10966,
        "threadName": "User editor w/inventory",
        "dateCreated": "2013-08-06T17:33:08+0000",
        "datePublished": "2013-08-06T17:33:08+0000",
        "pageCount": 1,
        "originalUrl": "https://lckb.dev/forum/index.php?/topic/10966-user-editor-winventory/",
        "authorId": 625,
        "position": [
            {
                "@type": "ListItem",
                "position": 1,
                "item": {
                    "@id": "https://lckb.dev/forum/index.php?/forum/258-release-zone/",
                    "name": "Release Zone"
                }
            },
            {
                "@type": "ListItem",
                "position": 2,
                "item": {
                    "@id": "https://lckb.dev/forum/index.php?/forum/336-general-releases/",
                    "name": "General Releases"
                }
            },
            {
                "@type": "ListItem",
                "position": 3,
                "item": {
                    "@id": "https://lckb.dev/forum/index.php?/forum/282-general-tools-releases/",
                    "name": "General Tools Releases"
                }
            }
        ]
    },
    "commentData": [
        {
            "id": 84155,
            "timestamp": 1375810388,
            "author": {
                "id": 625,
                "name": "Evanpp7",
                "image": null
            },
            "comment": "\n<p ><strong >Function: </strong>Edit accounts, characters and inventories</p>\n<p > </p>\n<p ><strong >Features:</strong></p>\n<p >Loads all accounts<br />Loads all chatacters on account<br />Allows enable and disable of account and chararcter<br />Can add, delete, and update account<br />Can delete character and update<br />Passwords are hashed<br />Shows guild now<br />Pops inventory up<br />Inventory: allows you to change seals, edit amount, plus</p>\n<p > </p>\n<p ><strong >Works on: </strong>Any version</p>\n<p > </p>\n<p ><strong >Author: </strong>Evanpp7</p>\n<p > </p>\n<p ><strong >Download: </strong><a href=\"http://lckb.downloadsbgg.com/tools/multi/User%20Editor.zip\" rel=\"external nofollow\" >Download</a></p>\n<p style=\"text-align:center;\" > </p>\n<p ><strong >Images:</strong></p>\n<p style=\"text-align:center;\" ><img alt=\"Capture-5.png\" src=\"https://i305.photobucket.com/albums/nn224/chrispp7/Capture-5.png\" /></p>\n\n\n\t\t\t\n\t\t\t\t\n\n<span class=\"ipsType_reset ipsType_medium ipsType_light\" data-excludequote=\"None\" >\n\t<strong >Edited <time datetime=\"2013-12-11T21:43:10Z\" title=\"12/11/2013 09:43  PM\" data-short=\"7 yr\" >December 11, 2013</time> by Wrong</strong>\n\t\n\t\n</span>\n\t\t\t\n\t\t</div>"
        },
        {
            "id": 84165,
            "timestamp": 1375816682,
            "author": {
                "id": 13529,
                "name": "DrGenius",
                "image": null
            },
            "comment": "\n<p >Approved, Here <a href=\"https://www.virustotal.com/en/file/ff164fa201d961b1e30292d36eda76520466dfc9bbe4bb2edb47760f393fe92b/analysis/1375816488/\" rel=\"external nofollow\" >VirusTotal </a>Scan</p>\n<p >nice tool thanks for release it.</p>\n"
        },
        {
            "id": 84166,
            "timestamp": 1375817194,
            "author": {
                "id": 7482,
                "name": "Creep",
                "image": null
            },
            "comment": "<p >recompiled from Hateme or ure own work?</p>"
        },
        {
            "id": 84168,
            "timestamp": 1375819717,
            "author": {
                "id": 17474,
                "name": "kixtzz",
                "image": null
            },
            "comment": "<p >add the option to delete item from inventory</p>"
        },
        {
            "id": 84170,
            "timestamp": 1375822248,
            "author": {
                "id": 1503,
                "name": "Paramount",
                "image": null
            },
            "comment": "<p >I like this tool, thank you very much!</p>"
        },
        {
            "id": 84177,
            "timestamp": 1375829041,
            "author": {
                "id": 625,
                "name": "Evanpp7",
                "image": null
            },
            "comment": "\n<p >@kixtzz</p>\n<p >I will added one</p>\n<p >@creep</p>\n<p >All of the code is my own its not recompiled.</p>\n"
        },
        {
            "id": 84221,
            "timestamp": 1375888613,
            "author": {
                "id": 625,
                "name": "Evanpp7",
                "image": null
            },
            "comment": "\n<p >Update</p>\n<p ><img alt=\"Capture-6.png\" src=\"https://i305.photobucket.com/albums/nn224/chrispp7/Capture-6.png\" /></p>\n<p >fixed a couple problems</p>\n<p >and added the delete button just click the trash can when item is seleted.</p>\n<p > </p>\n<p ><a href=\"https://www.mediafire.com/download/yllzavncj8mjoww/UserEditor.zip\" rel=\"external nofollow\" >----->Download<-----</a></p>\n"
        },
        {
            "id": 98458,
            "timestamp": 1394213437,
            "author": {
                "id": 11151,
                "name": "Vogelj1988",
                "image": null
            },
            "comment": "<p >will this work with the ep3 release </p>"
        },
        {
            "id": 98461,
            "timestamp": 1394214371,
            "author": {
                "id": 19462,
                "name": "xMeowx3",
                "image": null
            },
            "comment": "<p >the user hasnt been online since 17 days, best trying it yourself instead of asking here <.<</p>"
        }
    ]
}