{
    "meta": {
        "threadId": 10964,
        "threadName": "Exchange of data between forms [C#]",
        "dateCreated": "2013-08-06T13:24:13+0000",
        "datePublished": "2013-08-06T13:24:13+0000",
        "pageCount": 1,
        "originalUrl": "https://lckb.dev/forum/index.php?/topic/10964-exchange-of-data-between-forms-c/",
        "authorId": 1503,
        "position": [
            {
                "@type": "ListItem",
                "position": 1,
                "item": {
                    "@id": "https://lckb.dev/forum/index.php?/forum/272-programmers-gateway/",
                    "name": "Programmers Gateway"
                }
            },
            {
                "@type": "ListItem",
                "position": 2,
                "item": {
                    "@id": "https://lckb.dev/forum/index.php?/forum/79-coders-talk/",
                    "name": "Coders Talk"
                }
            }
        ]
    },
    "commentData": [
        {
            "id": 84143,
            "timestamp": 1375795453,
            "author": {
                "id": 1503,
                "name": "Paramount",
                "image": null
            },
            "comment": "\n<p >Hey guys. Im gonna get the data from Form1 to Form2.</p>\n<p >This is mine code:</p>\n<pre class=\"ipsCode prettyprint\" >            Form1 form = new Form1();\n            this.hash_user.Text = form.textBox36.Text;\n</pre>\n<p >this.hash_user.Text is the field from the current form, textBox36 is the field from Form1.</p>\n<p > </p>\n<p >This does not work. Field in Form2 is still empty.</p>\n<p >Although I have already tried to use form.ShowDialog() and form.Show() but nothing happens</p>\n<p > </p>\n<p >Any idea how to do it?</p>\n<p > </p>\n<p >Thanks in advance.</p>\n"
        },
        {
            "id": 84151,
            "timestamp": 1375807967,
            "author": {
                "id": 919,
                "name": "someone",
                "image": null
            },
            "comment": "\n<p >Try this:</p>\n<pre class=\"ipsCode prettyprint\" >Form1 form = new Form1();\nform.ShowDialog();\nthis.hash_user.Text = form.textBox36.Text;</pre>\n<p >The form with ShowDialog is a Modal form(it means it  Blocks at ShowDialog), the with Show it is not a modal form(it will load the form and continue with the program while the form is running).</p>\n<p > </p>\n<p > </p>\n<p >Usually when you close The form The controls on that form deinitializes, it is better to save the data in a public variable(or a private one and access it thru public methods);</p>\n<pre class=\"ipsCode prettyprint\" >private struct MyData{\n     public string  textBox1\n};\npublic MyData data = new MyData();\n....\ndata.textBox1 = textBox36.Text;\n....\nForm1 form = new Form1();\nform.ShowDialog();\nthis.hash_user.Text = form.data.textBox1;</pre>\n"
        },
        {
            "id": 84152,
            "timestamp": 1375808170,
            "author": {
                "id": 1503,
                "name": "Paramount",
                "image": null
            },
            "comment": "\n<p >I have already tried to use ShowDialog() but it does not work.</p>\n<p >hash_user is still empty...</p>\n"
        },
        {
            "id": 84159,
            "timestamp": 1375812894,
            "author": {
                "id": 919,
                "name": "someone",
                "image": null
            },
            "comment": "\n<p > Read the full reply:</p>\n<blockquote data-ipsquote=\"\" class=\"ipsQuote\" data-ipsquote-contentcommentid=\"84151\" data-ipsquote-contentapp=\"forums\" data-ipsquote-contenttype=\"forums\" data-ipsquote-contentclass=\"forums_Topic\" data-ipsquote-contentid=\"10964\" data-ipsquote-username=\"someone\" data-cite=\"someone\" data-ipsquote-timestamp=\"1375807967\" ><div ><div >Usually when you close The form The controls on that form deinitializes, it is better to save the data in a public variable(or a private one and access it thru public methods);<pre class=\"ipsCode prettyprint\" >private struct MyData{\n     public string  textBox1\n};\npublic MyData data = new MyData();\n....\ndata.textBox1 = textBox36.Text;\n....\nForm1 form = new Form1();\nform.ShowDialog();\nthis.hash_user.Text = form.data.textBox1;</pre>\n</div></div></blockquote>\n<pre class=\"ipsCode prettyprint\" >public string data;\n....\ndata= textBox36.Text;\n....\nForm1 form = new Form1();\nform.ShowDialog();\nthis.hash_user.Text = form.data;</pre>\n"
        },
        {
            "id": 84171,
            "timestamp": 1375822500,
            "author": {
                "id": 1503,
                "name": "Paramount",
                "image": null
            },
            "comment": "<p >Oh, I havent observed it! Thank you very much! Workz!</p>"
        }
    ]
}