{
    "meta": {
        "threadId": 10973,
        "threadName": "I've problem with login.php",
        "dateCreated": "2013-08-07T08:16:47+0000",
        "datePublished": "2013-08-07T08:16:47+0000",
        "pageCount": 1,
        "originalUrl": "https://lckb.dev/forum/index.php?/topic/10973-ive-problem-with-loginphp/",
        "authorId": 307,
        "position": [
            {
                "@type": "ListItem",
                "position": 1,
                "item": {
                    "@id": "https://lckb.dev/forum/index.php?/forum/272-programmers-gateway/",
                    "name": "Programmers Gateway"
                }
            },
            {
                "@type": "ListItem",
                "position": 2,
                "item": {
                    "@id": "https://lckb.dev/forum/index.php?/forum/79-coders-talk/",
                    "name": "Coders Talk"
                }
            }
        ]
    },
    "commentData": [
        {
            "id": 84196,
            "timestamp": 1375863407,
            "author": {
                "id": 307,
                "name": "ReturnKratos",
                "image": null
            },
            "comment": "\n<p >Now ive fixed the session problem. now it dont say me Welcome back \"user\".</p>\n<p > </p>\n<p >where \"user\" must contains $_SESSION[uid] = $r[user_id];</p>\n<p > </p>\n<p >here the new login2.php</p>\n<pre class=\"ipsCode prettyprint\" ><?php \nsession_start();\nif(isset($_SESSION[\"uid\"]))\n{\n?>\n<script type=\"text/javascript\" >\nsetTimeout(\"location.href=index.php\",5000);\n</script>\n<?php\n}\ninclude includes/settings/Config.php;\ninclude includes/config.php;\ninclude includes/functions.php;\n\nIf (isset($_POST[username]))\n{\n   if (empty($_POST[username]) OR empty($_POST[password]))\n   {\n   echo \"Error! One or more fields are empty. Youll be redirected in 5 seconds... Or click \";\n   ?>\n   <a href=\"register.php\" >here.</a>\n   <script type=\"text/javascript\" >\n        setTimeout(\"location.href=login.php\",5000);\n   </script>\n   <?php\n   die;\n   }\n   \n   $conn = new mysqli($ip,$sqluser,$sqlpw,$userdb);\n   if (mysqli_connect_errno() == 0)\n\t{\n\t\t$user = $conn->real_escape_string(htmlspecialchars(clean_str(strtolower($_POST[username]))));\n\t\t$pass = $conn->real_escape_string(htmlspecialchars(strtolower($_POST[password])));\n\t\t\t\n\t\t$qusr = \"SELECT * FROM \".$Server[auth].\".bg_user WHERE user_id = $user AND truepasswd = $pass\";\n\t\t\n\t\t$resusr = $conn->query($qusr);\n\t\t\tIf ($resusr->num_rows > 0)\n\t\t\t\t{\n\t\t\t\techo <img src=\"images/msg/succ.png\" width=\"50\" height=\"50\" alt=\"Error\" ><br >;\n\t\t\t\techo Logged Successfully ! You will be redirected in 2 seconds !;\n\t\t\t\techo ;\n\t\t\t\t\n\t\t\t\t$_SESSION[utente]=\"ok\";\n\t\t\t\t$r = mysql_fetch_array( $result );\n\t\t\t\t$_SESSION[uid] = (int)$r[user_code];\n\t\t\t\t$_SESSION[pwd] = $r[truepasswd];\n\t\t\t\t$_SESSION[name] = $r[user_id];\n\t\t\t\t$User = $r[user_id];\n\t\t\t\t$TRPWD = $r[truepasswd];\n\t\t\t\t\t\t\t\t\t\t\t\t\t\t\t\t\t\t\t\t\t\t\t\t\t\t\t\n\t\t\t\t} else \t{\n\t\t\t\t\t\t\techo <img src=\"images/msg/error.png\" width=\"50\" height=\"50\" alt=\"Error\" ><br >;\t\n\t\t\t\t\t\t\techo Username or password wrong ! Login Failed<br >;\n\t\t\t\t\t\t\techo <meta http-equiv=\"refresh\" content=\"10; url=index.php\" >;\n\t\t\t\t\t\t\techo $qusr;\n\t\t\t\t\t\t}\n\t\t\t\t\t\n\t\t\t\t\t\t\t\t\t\t\t\t\t\t\t\t\t\t\t\t\t\t\t\t\t\n\t\t\t\t\t\t\t\t\t\t\t\t\t\t\t\t\t\t\t\t\t\t\t\t\n\t}\n\t\n\t} else {\n\t\t\techo Username or Password is not setted.;\n\t\t\t}\n?>\n\n</meta></br></br></img></br></img></pre>\n<p >and here the session check where $User contains username, but if i put in welcome back \"user\" the page will deface. </p>\n<pre class=\"ipsCode prettyprint\" ><?php\n\t\t\t\t\t\t\t\t\tif (isset($User)) \t{\n\t\t\t\t\t\t\t\t\t\t\t\t\t\t\t\t\t\techo  > Welcome back .$_SESSION[name]..;\n\t\t\t\t\t\t\t\t\t\t\t\t\t\t\t\t\t\t\n\t\t\t\t\t\t\t\t\t\t\t\t\t\t\t\t\t\t\n\t\t\t\t\t\t\t\t\t\t\t\t\t\t\t\t\t} else {\n\t\t\t\t\t\t\t\t\t\t\t\t\t\t\t\t\t\t\t\techo <a href=\"login.php\" > > Login Page</a>;\n\t\t\t\t\t\t\t\t\t\t\t\t\t\t\t\t\t\t\t}\n\t\t\t\t\t\t\t\t\t?>\n</pre>\n<p >Someone can help me ?</p>\n\n\n\t\t\t\n\t\t\t\t\n\n<span class=\"ipsType_reset ipsType_medium ipsType_light\" data-excludequote=\"None\" >\n\t<strong >Edited <time datetime=\"2013-08-07T13:23:24Z\" title=\"08/07/2013 01:23  PM\" data-short=\"7 yr\" >August 7, 2013</time> by ReturnKratos</strong>\n\t\n\t\n</span>\n\t\t\t\n\t\t</div>"
        },
        {
            "id": 84205,
            "timestamp": 1375873946,
            "author": {
                "id": 307,
                "name": "ReturnKratos",
                "image": null
            },
            "comment": "<p >Up, Someone can help me i need of this.</p>"
        },
        {
            "id": 84210,
            "timestamp": 1375878425,
            "author": {
                "id": 2859,
                "name": "AdiH97",
                "image": null
            },
            "comment": "\n<pre class=\"ipsCode prettyprint\" ><?php\n\tif (isset($User)){ echo \"Welcome back $_SESSION[name]\";\t} \n\telse { echo <a href=\"login.php\"> Login Page; }\n?>\n</pre>\n<p >Try with this</p>\n"
        },
        {
            "id": 84213,
            "timestamp": 1375881008,
            "author": {
                "id": 307,
                "name": "ReturnKratos",
                "image": null
            },
            "comment": "\n<blockquote data-ipsquote=\"\" class=\"ipsQuote\" data-ipsquote-contentcommentid=\"84210\" data-ipsquote-contentapp=\"forums\" data-ipsquote-contenttype=\"forums\" data-ipsquote-contentclass=\"forums_Topic\" data-ipsquote-contentid=\"10973\" data-ipsquote-username=\"AdiH97\" data-cite=\"AdiH97\" data-ipsquote-timestamp=\"1375878425\" ><div ><div >\n<pre class=\"ipsCode prettyprint\" ><?php\n\tif (isset($User)){ echo \"Welcome back $_SESSION[name]\";\t} \n\telse { echo <a href=\"login.php\"> Login Page; }\n?>\n</pre>\n<p >Try with this</p>\n<p > </p>\n</div></div></blockquote>\n<p > </p>\n<p >Same look : <img alt=\"03807-6396bdbb-3347-444e-b9f7-2b0ed595b5\" src=\"http://grabilla.com/03807-6396bdbb-3347-444e-b9f7-2b0ed595b5a3.png\" /></p>\n"
        },
        {
            "id": 84214,
            "timestamp": 1375881774,
            "author": {
                "id": 307,
                "name": "ReturnKratos",
                "image": null
            },
            "comment": "\n<p >oh yea ive fixed with login pdo (thanks google the best friend.)</p>\n<p > </p>\n<p >ive fixed with this :</p>\n<p > </p>\n<p >login.php</p>\n<pre class=\"ipsCode prettyprint\" ><?php\n\n// Inialize session\nsession_start();\n\n// Include database connection settings\ninclude(includes/pdodb/database.php);\n\n// Retrieve username and password from database according to users input\n$stmt = $db->prepare(\"SELECT * FROM bg_user WHERE (`user_id` = :username) and (`truepasswd` = :password)\");\n\n$result = $stmt->execute(array(:username=>$_POST[username],:password=>$_POST[password]));\n$num_rows = $stmt->rowCount();\n// Check username and password match\nif ( $num_rows > 0) {\n// Set username session variable\n$_SESSION[username] = $_POST[username];\n// Jump to secured page\nheader(Location: index.php);\n}\nelse {\n// Jump to login page\nheader(Location: login.php);\n}\n\n?>\n</pre>\n<p >database.php</p>\n<pre class=\"ipsCode prettyprint\" ><?php\n$dsn = mysql:host=localhost;dbname=lc_db_auth;\n$username = root;\n$password = ;\n$options = array(PDO::ATTR_ERRMODE => PDO::ERRMODE_EXCEPTION);\n\ntry {\n    $db = new PDO($dsn, $username, $password, $options);\n} catch (PDOException $e) {\n    $error_message = $e->getMessage();\n    include errors/db_error_connect.php;\n    exit;\n}\n\nfunction display_db_error($error_message) {\n    global $app_path;\n    include errors/db_error.php;\n    exit;\n}\n?>\n</pre>\n<p >and now says :</p>\n<p > </p>\n<p ><img alt=\"03807-91ae6297-dcf9-4509-8134-7acff620a8\" src=\"http://grabilla.com/03807-91ae6297-dcf9-4509-8134-7acff620a8fe.png\" /></p>\n<p > </p>\n<p >And thanks to AdiH97 for you help</p>\n<p > </p>\n<p >Here what i do ;)</p>\n<p > </p>\n<p ><img alt=\"03807-86678174-e25c-4c6b-830a-5aa8179977\" src=\"http://grabilla.com/03807-86678174-e25c-4c6b-830a-5aa8179977f2.png\" /></p>\n\n\n\t\t\t\n\t\t\t\t\n\n<span class=\"ipsType_reset ipsType_medium ipsType_light\" data-excludequote=\"None\" >\n\t<strong >Edited <time datetime=\"2013-08-07T13:51:39Z\" title=\"08/07/2013 01:51  PM\" data-short=\"7 yr\" >August 7, 2013</time> by ReturnKratos</strong>\n\t\n\t\n</span>\n\t\t\t\n\t\t</div>"
        },
        {
            "id": 85092,
            "timestamp": 1376990942,
            "author": {
                "id": 15543,
                "name": "luoo",
                "image": null
            },
            "comment": "\n<p >i think this was the problem</p>\n<pre class=\"ipsCode prettyprint\" >$qusr = \"SELECT * FROM \".$Server[auth].\".bg_user WHERE user_id = $user AND truepasswd = $pass\";</pre>\n<p >to</p>\n<pre class=\"ipsCode prettyprint\" >$qusr = \"SELECT * FROM \".$Server[auth].\".bg_user WHERE user_id = \".$user.\" AND truepasswd = \".$pass.\"\";</pre>\n\n\n\t\t\t\n\t\t\t\t\n\n<span class=\"ipsType_reset ipsType_medium ipsType_light\" data-excludequote=\"None\" >\n\t<strong >Edited <time datetime=\"2013-08-20T09:29:16Z\" title=\"08/20/2013 09:29  AM\" data-short=\"7 yr\" >August 20, 2013</time> by luoo</strong>\n\t\n\t\n</span>\n\t\t\t\n\t\t</div>"
        },
        {
            "id": 85093,
            "timestamp": 1376991329,
            "author": {
                "id": 17432,
                "name": "Nymphetamine",
                "image": null
            },
            "comment": "<p >Topic is marked as solved so.</p>"
        },
        {
            "id": 85095,
            "timestamp": 1376991335,
            "author": {
                "id": null,
                "name": "Guest Johnny5",
                "image": null
            },
            "comment": "<p >Topic Closed by a moderator. The reason why: Solved</p>"
        }
    ]
}