{
    "meta": {
        "threadId": 10998,
        "threadName": "Some problems to get characters",
        "dateCreated": "2013-08-09T09:56:06+0000",
        "datePublished": "2013-08-09T09:56:06+0000",
        "pageCount": 1,
        "originalUrl": "https://lckb.dev/forum/index.php?/topic/10998-some-problems-to-get-characters/",
        "authorId": 307,
        "position": [
            {
                "@type": "ListItem",
                "position": 1,
                "item": {
                    "@id": "https://lckb.dev/forum/index.php?/forum/272-programmers-gateway/",
                    "name": "Programmers Gateway"
                }
            },
            {
                "@type": "ListItem",
                "position": 2,
                "item": {
                    "@id": "https://lckb.dev/forum/index.php?/forum/79-coders-talk/",
                    "name": "Coders Talk"
                }
            }
        ]
    },
    "commentData": [
        {
            "id": 84344,
            "timestamp": 1376042166,
            "author": {
                "id": 307,
                "name": "ReturnKratos",
                "image": null
            },
            "comment": "\n<p >im creating a reborn system, ive just one problem with get chars from db.</p>\n<p > </p>\n<p >here my code : </p>\n<pre class=\"ipsCode prettyprint\" >  $cong = mysql_connect( $Server[\"server\"] , $Server[\"user\"] , $Server[\"pass\"] ) or die( mysql_error() );\n  mysql_select_db( $db_char , $cong) or die(mysql_error());\n  $stringg = \"SELECT * FROM `t_characters` WHERE `a_user_index` = \".$_SESSION[user_code].\" AND a_enable = 1 ORDER BY a_level desc LIMIT \".$CharacterNumMax.\"\";\n  $queryg = mysql_query($stringg, $cong) or die(mysql_error());\n   while ($row = mysql_fetch_array($queryg)) \n\t\t\t\t\t\t\t\t\t\t\t{\n\t\t\t\t\t\t\t\t\t\t\t\t$CharID_1 = $row[a_index];\n\t\t\t\t\t\t\t\t\t\t\t\t$CharName_1 = $row[a_name];\n\t\t\t\t\t\t\t\t\t\t\t\t$CharLevel_1 = $row[a_level];\n\t\t\t\t\t\t\t\t\t\t\t\t$CharReborn_1 = $row[a_reborn];\n\t\t\t\t\t\t\t\t\t\t\t}\n</pre>\n<p >But with this code i get just the last character. some one can help me ? i need get all character where a_user_index = $_SESSION[user_code] AND a_enable = 1</p>\n<p > </p>\n<p > </p>\n<p > </p>\n<p >Edit : Ive fixed myself lol here the fix :</p>\n<pre class=\"ipsCode prettyprint\" >while ($row = mysql_fetch_array($queryg)) \n\t\t\t\t\t\t\t\t\t\t\t{\n\t\t\t\t\t\t\t\t\t\t\t\tif ($Count != $CharacterNumMax) \t{\n\t\t\t\t\t\t\t\t\t\t\t\t\t\t\t\t\t\t\t\t\t$Count = $Count + 1;\n\t\t\t\t\t\t\t\t\t\t\t\t\t\t\t\t\t\t\t\t\t$CharCount = $Count;\n\t\t\t\t\t\t\t\t\t\t\t\t\t\t\t\t\t\t\t\t\t$CharID[$CharCount] = $row[a_index];\n\t\t\t\t\t\t\t\t\t\t\t\t\t\t\t\t\t\t\t\t\t$CharName[$CharCount] = $row[a_name];\n\t\t\t\t\t\t\t\t\t\t\t\t\t\t\t\t\t\t\t\t\t$CharLevel[$CharCount] = $row[a_level];\n\t\t\t\t\t\t\t\t\t\t\t\t\t\t\t\t\t\t\t\t\t$CharReborn[$CharCount] = $row[a_reborn];\n\t\t\t\t\t\t\t\t\t\t\t\t\t\t\t\t\t\t\t\t\t} else \t{\n\t\t\t\t\t\t\t\t\t\t\t\t\t\t\t\t\t\t\t\t\t\t\t\n\t\t\t\t\t\t\t\t\t\t\t\t\t\t\t\t\t\t\t\t\t\t\t}\n\t\t\t\t\t\t\t\t\t\t\t}\n</pre>\n\n\n\t\t\t\n\t\t\t\t\n\n<span class=\"ipsType_reset ipsType_medium ipsType_light\" data-excludequote=\"None\" >\n\t<strong >Edited <time datetime=\"2013-08-09T10:11:17Z\" title=\"08/09/2013 10:11  AM\" data-short=\"7 yr\" >August 9, 2013</time> by ReturnKratos</strong>\n\t\n\t\n</span>\n\t\t\t\n\t\t</div>"
        },
        {
            "id": 84360,
            "timestamp": 1376066862,
            "author": {
                "id": 919,
                "name": "someone",
                "image": null
            },
            "comment": "<p >I suggest using DBO or MySqli(with mysqli you can use it the same as mysql, just the functions are called mysqli_ instead of mysql_), because its deprecated, and in newer PHP versions will have problems(will be removed in newer versions).</p>"
        },
        {
            "id": 85096,
            "timestamp": 1376991353,
            "author": {
                "id": null,
                "name": "Guest Johnny5",
                "image": null
            },
            "comment": "<p >Topic Closed by a moderator. The reason why: Solved</p>"
        }
    ]
}