{
    "meta": {
        "threadId": 1101,
        "threadName": "Screen Loading and Maps",
        "dateCreated": "2011-10-20T22:49:27+0000",
        "datePublished": "2011-10-20T22:49:27+0000",
        "pageCount": 1,
        "originalUrl": "https://lckb.dev/forum/index.php?/topic/1101-screen-loading-and-maps/",
        "authorId": 37,
        "position": [
            {
                "@type": "ListItem",
                "position": 1,
                "item": {
                    "@id": "https://lckb.dev/forum/index.php?/forum/271-general-section/",
                    "name": "General Section"
                }
            },
            {
                "@type": "ListItem",
                "position": 2,
                "item": {
                    "@id": "https://lckb.dev/forum/index.php?/forum/259-general-discussion/",
                    "name": "General Discussion"
                }
            }
        ]
    },
    "commentData": [
        {
            "id": 8923,
            "timestamp": 1319150967,
            "author": {
                "id": 37,
                "name": "BashVendetta",
                "image": null
            },
            "comment": "\n<p >Hi,</p>\n<p > </p>\n<p >I have searched all over the client I cant for my life figure out what links the map files and loading files, any clues? I understand engine could be but I have searched for the file names and no luck so there has to be something inbetween the 2.</p>\n<p > </p>\n<p >Regards</p>\n"
        },
        {
            "id": 8924,
            "timestamp": 1319154911,
            "author": {
                "id": 2,
                "name": "Wizatek",
                "image": null
            },
            "comment": "\n<p >Its in Data\\Interface  there u have the folders Loading and Signboard. aswell as the map_world*.tex files</p>\n<p > </p>\n<p >the folder Loading are the loading screens</p>\n<p >Signboard are the letters u see on screen when u walk into a town and such</p>\n<p >and the map_world.tex files are the worldmaps</p>\n"
        },
        {
            "id": 8926,
            "timestamp": 1319157726,
            "author": {
                "id": 37,
                "name": "BashVendetta",
                "image": null
            },
            "comment": "<p >Im asking what points to these files as in zone6 specifically loads zone6 loading page.</p>"
        }
    ]
}