{
    "meta": {
        "threadId": 11013,
        "threadName": "[SOLVED]darkglow website problem",
        "dateCreated": "2013-08-14T22:15:55+0000",
        "datePublished": "2013-08-14T22:15:55+0000",
        "pageCount": 1,
        "originalUrl": "https://lckb.dev/forum/index.php?/topic/11013-solveddarkglow-website-problem/",
        "authorId": 13764,
        "position": [
            {
                "@type": "ListItem",
                "position": 1,
                "item": {
                    "@id": "https://lckb.dev/forum/index.php?/forum/100-guides-help-section/",
                    "name": "Guides &amp; Help Section"
                }
            },
            {
                "@type": "ListItem",
                "position": 2,
                "item": {
                    "@id": "https://lckb.dev/forum/index.php?/forum/335-help-support/",
                    "name": "Help &amp; Support"
                }
            },
            {
                "@type": "ListItem",
                "position": 3,
                "item": {
                    "@id": "https://lckb.dev/forum/index.php?/forum/120-ep2-support/",
                    "name": "Ep2 Support"
                }
            },
            {
                "@type": "ListItem",
                "position": 4,
                "item": {
                    "@id": "https://lckb.dev/forum/index.php?/forum/134-solved-topics/",
                    "name": "Solved Topics"
                }
            }
        ]
    },
    "commentData": [
        {
            "id": 84428,
            "timestamp": 1376518555,
            "author": {
                "id": 13764,
                "name": "MrBuSta",
                "image": null
            },
            "comment": "\n<p >Hi all</p>\n<p >I have problem with darkglow website...its no show images...how i can fix it ? </p>\n<p >Here is image:</p>\n<p ><a href=\"https://img843.imageshack.us/img843/4078/n1bj.png\" rel=\"external nofollow\" >http://img843.imageshack.us/img843/4078/n1bj.png</a></p>\n\n\n\t\t\t\n\t\t\t\t\n\n<span class=\"ipsType_reset ipsType_medium ipsType_light\" data-excludequote=\"None\" >\n\t<strong >Edited <time datetime=\"2013-08-15T11:28:08Z\" title=\"08/15/2013 11:28  AM\" data-short=\"7 yr\" >August 15, 2013</time> by Adam1998i</strong>\n\t\n\t\n</span>\n\t\t\t\n\t\t</div>"
        },
        {
            "id": 84436,
            "timestamp": 1376524399,
            "author": {
                "id": 5184,
                "name": "fonsy84",
                "image": null
            },
            "comment": "<p >try deleted .htaccess from the all folders</p>"
        },
        {
            "id": 84455,
            "timestamp": 1376561778,
            "author": {
                "id": 13764,
                "name": "MrBuSta",
                "image": null
            },
            "comment": "\n<blockquote data-ipsquote=\"\" class=\"ipsQuote\" data-ipsquote-contentcommentid=\"84436\" data-ipsquote-contentapp=\"forums\" data-ipsquote-contenttype=\"forums\" data-ipsquote-contentclass=\"forums_Topic\" data-ipsquote-contentid=\"11013\" data-ipsquote-username=\"fonsy84\" data-cite=\"fonsy84\" data-ipsquote-timestamp=\"1376524399\" ><div ><div ><p >try deleted .htaccess from the all folders</p></div></div></blockquote>\n<p >deleted but now to no show image</p>\n"
        },
        {
            "id": 84465,
            "timestamp": 1376565234,
            "author": {
                "id": 5891,
                "name": "wowa296",
                "image": null
            },
            "comment": "\n<p >go include/config.php and put your link on</p>\n<p >dont forget here a example <a href=\"http://test.tk/\" rel=\"external nofollow\" >http://test.tk/</a> </p>\n<p >AND than works.</p>\n"
        },
        {
            "id": 84466,
            "timestamp": 1376565472,
            "author": {
                "id": 13764,
                "name": "MrBuSta",
                "image": null
            },
            "comment": "\n<blockquote data-ipsquote=\"\" class=\"ipsQuote\" data-ipsquote-contentcommentid=\"84465\" data-ipsquote-contentapp=\"forums\" data-ipsquote-contenttype=\"forums\" data-ipsquote-contentclass=\"forums_Topic\" data-ipsquote-contentid=\"11013\" data-ipsquote-username=\"wowa296\" data-cite=\"wowa296\" data-ipsquote-timestamp=\"1376565234\" ><div ><div >\n<p >go include/config.php and put your link on</p>\n<p >dont forget here a example <a href=\"http://test.tk/\" rel=\"external nofollow\" >http://test.tk/</a></p>\n<p >AND than works.</p>\n</div></div></blockquote>\n<p >its no fix problem :(</p>\n"
        },
        {
            "id": 84467,
            "timestamp": 1376565727,
            "author": {
                "id": 14748,
                "name": "uillian",
                "image": null
            },
            "comment": "<p >I use the hosting <a href=\"http://lcbrasil.uhosti.com/\" rel=\"external nofollow\" >http://lcbrasil.uhosti.com/</a> the case in my setup I usu the same at $ site = \"http://lcbrasil.uhosti.com/\" / / Main Link</p>"
        },
        {
            "id": 84468,
            "timestamp": 1376566070,
            "author": {
                "id": 13764,
                "name": "MrBuSta",
                "image": null
            },
            "comment": "\n<p >I fixed website no image problem. thnx for all help.</p>\n<p >Im maked server with my ip address and i put server on centos and website on windows, and my windows website connect to centos navicat and databases...i know its not good idea,but no other idea for fix problem.</p>\n\n\n\t\t\t\n\t\t\t\t\n\n<span class=\"ipsType_reset ipsType_medium ipsType_light\" data-excludequote=\"None\" >\n\t<strong >Edited <time datetime=\"2013-08-15T11:32:22Z\" title=\"08/15/2013 11:32  AM\" data-short=\"7 yr\" >August 15, 2013</time> by Adam1998i</strong>\n\t\n\t\n</span>\n\t\t\t\n\t\t</div>"
        },
        {
            "id": 84469,
            "timestamp": 1376566142,
            "author": {
                "id": 17432,
                "name": "Nymphetamine",
                "image": null
            },
            "comment": "<p >Explain please how you fixed it so you can be helpfull for others who can get the problem in the future.</p>"
        },
        {
            "id": 84474,
            "timestamp": 1376567262,
            "author": {
                "id": 14748,
                "name": "uillian",
                "image": null
            },
            "comment": "<p >will have to create a User with the ip address of the server in case <a href=\"/cdn-cgi/l/email-protection\" class=\"__cf_email__\" data-cfemail=\"92fbe2d2a3a0a5bca2bca2bca3\" >[email protected]</a> or ip @ localhost with password to configure the site</p>"
        },
        {
            "id": 84475,
            "timestamp": 1376567352,
            "author": {
                "id": 14748,
                "name": "uillian",
                "image": null
            },
            "comment": "\n<a href=\"http://lcbrasil.uhosti.com/\" rel=\"external nofollow\" >http://lcbrasil.uhosti.com/</a> all worked!!! test acc= steve pass= steve!!!\n\n\t\t\t\n\t\t\t\t\n\n<span class=\"ipsType_reset ipsType_medium ipsType_light\" data-excludequote=\"None\" >\n\t<strong >Edited <time datetime=\"2013-08-15T11:49:53Z\" title=\"08/15/2013 11:49  AM\" data-short=\"7 yr\" >August 15, 2013</time> by uillian</strong>\n\t\n\t\n</span>\n\t\t\t\n\t\t</div>"
        },
        {
            "id": 84476,
            "timestamp": 1376567403,
            "author": {
                "id": 17432,
                "name": "Nymphetamine",
                "image": null
            },
            "comment": "\n<p >Thank you.</p>\n<p >Tagged as solved and moved into Solved section.</p>\n"
        },
        {
            "id": 84477,
            "timestamp": 1376567411,
            "author": {
                "id": null,
                "name": "Guest Johnny5",
                "image": null
            },
            "comment": "<p >Topic Closed by a moderator. The reason why: Solved</p>"
        }
    ]
}