{
    "meta": {
        "threadId": 11029,
        "threadName": "Help",
        "dateCreated": "2013-08-16T12:03:53+0000",
        "datePublished": "2013-08-16T12:03:53+0000",
        "pageCount": 1,
        "originalUrl": "https://lckb.dev/forum/index.php?/topic/11029-help/",
        "authorId": 18347,
        "position": [
            {
                "@type": "ListItem",
                "position": 1,
                "item": {
                    "@id": "https://lckb.dev/forum/index.php?/forum/100-guides-help-section/",
                    "name": "Guides &amp; Help Section"
                }
            },
            {
                "@type": "ListItem",
                "position": 2,
                "item": {
                    "@id": "https://lckb.dev/forum/index.php?/forum/335-help-support/",
                    "name": "Help &amp; Support"
                }
            },
            {
                "@type": "ListItem",
                "position": 3,
                "item": {
                    "@id": "https://lckb.dev/forum/index.php?/forum/120-ep2-support/",
                    "name": "Ep2 Support"
                }
            },
            {
                "@type": "ListItem",
                "position": 4,
                "item": {
                    "@id": "https://lckb.dev/forum/index.php?/forum/134-solved-topics/",
                    "name": "Solved Topics"
                }
            }
        ]
    },
    "commentData": [
        {
            "id": 84564,
            "timestamp": 1376654633,
            "author": {
                "id": 18347,
                "name": "FlowTheDark",
                "image": null
            },
            "comment": "<p >Install a server assembly CDWriter, and will come out the error is not possible to connect to login server</p>"
        },
        {
            "id": 84565,
            "timestamp": 1376654703,
            "author": {
                "id": 2069,
                "name": "LikeToMove",
                "image": null
            },
            "comment": "<p >As I said you in PM we need some output errors or screenshot to be able to help you ;)</p>"
        },
        {
            "id": 84567,
            "timestamp": 1376655140,
            "author": {
                "id": 1503,
                "name": "Paramount",
                "image": null
            },
            "comment": "\n<p >Screenshot of Failed to connect to loginserver? I guess you have already seen it somewhere.</p>\n<p > </p>\n<p >Author:</p>\n<p >Check your newStomb.bin, I am sure 99% this error there.</p>\n<p > </p>\n<p >If you are using Virtual machine, to know your ip use this command:</p>\n<p ></p>\n<pre class=\"ipsCode prettyprint lang-auto\" >ifconfig</pre>\n"
        },
        {
            "id": 84570,
            "timestamp": 1376655398,
            "author": {
                "id": 18347,
                "name": "FlowTheDark",
                "image": null
            },
            "comment": "<p ><a href=\"http://rghost.ru/48156104.view\" rel=\"external nofollow\" ><img alt=\"image.png\" src=\"http://rghost.ru/48156104/image.png\" /></a></p>"
        },
        {
            "id": 84574,
            "timestamp": 1376657036,
            "author": {
                "id": 18347,
                "name": "FlowTheDark",
                "image": null
            },
            "comment": "<div >Looked, and still the same error</div>"
        },
        {
            "id": 84575,
            "timestamp": 1376657296,
            "author": {
                "id": 1503,
                "name": "Paramount",
                "image": null
            },
            "comment": "\n<blockquote data-ipsquote=\"\" class=\"ipsQuote\" data-ipsquote-contentcommentid=\"84574\" data-ipsquote-contentapp=\"forums\" data-ipsquote-contenttype=\"forums\" data-ipsquote-contentclass=\"forums_Topic\" data-ipsquote-contentid=\"11029\" data-ipsquote-username=\"FlowTheDark\" data-cite=\"FlowTheDark\" data-ipsquote-timestamp=\"1376657036\" ><div ><div ><p >Looked, and still the same error</p></div></div></blockquote>\n<p >Post your newStobm.bins like:</p>\n<p > </p>\n<div class=\"ipsSpoiler\" data-ipsspoiler=\"\" >\n<div class=\"ipsSpoiler_header\" ><span ></span></div>\n<div class=\"ipsSpoiler_contents\" ><p >your newStobm.bin</p></div>\n</div>\n<p > </p>\n"
        },
        {
            "id": 84578,
            "timestamp": 1376657725,
            "author": {
                "id": 18347,
                "name": "FlowTheDark",
                "image": null
            },
            "comment": "<div >All corrected by restarting the works thanks</div>"
        },
        {
            "id": 84581,
            "timestamp": 1376659798,
            "author": {
                "id": 18347,
                "name": "FlowTheDark",
                "image": null
            },
            "comment": "<p >F* Again error </p>"
        },
        {
            "id": 84582,
            "timestamp": 1376659980,
            "author": {
                "id": 18347,
                "name": "FlowTheDark",
                "image": null
            },
            "comment": "<pre class=\"ipsCode prettyprint\" ><br />\n[Server]<br />\nNo=1<br />\nIP=93.170.131.160<br />\nPort=4001<br />\nAllowExternalIP=TRUE<br /><br />\n[User DB]<br />\nIP=127.0.0.1<br />\nDBName=newproject_db_auth<br />\nUser=root<br />\nPassword=<br /><br />\n[Data DB]<br />\nIP=127.0.0.1<br />\nDBName=newproject_data<br />\nUser=root<br />\nPassword=<br /><br />\n[Auth DB]<br />\nIP=127.0.0.1<br />\nDBName=newproject_db_auth<br />\nUser=root<br />\nPassword=<br /><br />\n[Messenger Server]<br />\nIP=93.170.131.160<br />\nPort=50500<br /><br />\n[Connector Server]<br />\nCount=1<br /><br />\n[Connector_0]<br />\nNumber=1<br />\nMaxSubNumber=4<br />\nIP=93.170.131.160<br />\nPort=50200<br /><br />\n[Auto Block]<br />\nRefresh=2<br />\nMaxTry=7<br /><br />\n[SHA256]<br />\nSalt=phoohie1yaihooyaequae7PuiWoeNgahjieth3ru3yeeghaepahb7aeYaipe2we6zii6mai6uweig8siasheinoungeoyeiLohShi2xoh2xi8ooxee9ahpiehahc9Phe<br /></pre>"
        },
        {
            "id": 84583,
            "timestamp": 1376661214,
            "author": {
                "id": 14022,
                "name": "zdanuxiz",
                "image": null
            },
            "comment": "\n<p >look all ips and next look all ports i mind for example in gs newstobm.bin to have in login server port same port as in newstobm.bin of login server</p>\n<p >and of course you have to had to put correct port in lc in sl.dta</p>\n"
        },
        {
            "id": 84595,
            "timestamp": 1376671352,
            "author": {
                "id": 2167,
                "name": "dethunter12",
                "image": null
            },
            "comment": "<p >did you set up the same  ip in sl.data ? ._.</p>"
        },
        {
            "id": 84597,
            "timestamp": 1376672223,
            "author": {
                "id": 12456,
                "name": "gallito",
                "image": null
            },
            "comment": "<p >Firewall be?</p>"
        },
        {
            "id": 84599,
            "timestamp": 1376672388,
            "author": {
                "id": 2069,
                "name": "LikeToMove",
                "image": null
            },
            "comment": "\n<blockquote data-ipsquote=\"\" class=\"ipsQuote\" data-ipsquote-contentcommentid=\"84567\" data-ipsquote-contentapp=\"forums\" data-ipsquote-contenttype=\"forums\" data-ipsquote-contentclass=\"forums_Topic\" data-ipsquote-contentid=\"11029\" data-ipsquote-username=\"Paramount\" data-cite=\"Paramount\" data-ipsquote-timestamp=\"1376655140\" ><div ><div >\n<p >Screenshot of Failed to connect to loginserver? I guess you have already seen it somewhere.</p>\n<p > </p>\n</div></div></blockquote>\n<p > </p>\n<p >This is what I said:</p>\n<p ><em >As I said you in PM we need some output errors or screenshot to be able to help you</em></p>\n<p > </p>\n<p >Simply asking for output errors or some screenshots (most users send me a ss showing their configuration/shell output),</p>\n<p >cuz some ppl want help without giving start points.</p>\n<p > </p>\n<p >Surely I dont need a \"failed to connect to server\" LC ss ;)</p>\n<p > </p>\n<p > </p>\n<p >EDIT: A little trick - Use your external IP just for GameServer and LoginServer processes, all the others you can simply edit using your internal LAN IP or localhost (aka 127.0.0.1)</p>\n<p > </p>\n<p >Probably youre trying to connect your LC using your WAN ip from your local network (not allowed, you must use your LAN ip into sl.dta).</p>\n<p >Are you using a remote vps? Or a local vps machine?</p>\n"
        },
        {
            "id": 84628,
            "timestamp": 1376686114,
            "author": {
                "id": 13529,
                "name": "DrGenius",
                "image": null
            },
            "comment": "<p >Guys i will start closing post that dont give details on titles, next time please give more details on the title.</p>"
        },
        {
            "id": 84631,
            "timestamp": 1376686813,
            "author": {
                "id": 1503,
                "name": "Paramount",
                "image": null
            },
            "comment": "\n<blockquote data-ipsquote=\"\" class=\"ipsQuote\" data-ipsquote-contentcommentid=\"84628\" data-ipsquote-contentapp=\"forums\" data-ipsquote-contenttype=\"forums\" data-ipsquote-contentclass=\"forums_Topic\" data-ipsquote-contentid=\"11029\" data-ipsquote-username=\"DrGenius\" data-cite=\"DrGenius\" data-ipsquote-timestamp=\"1376686114\" ><div ><p >Guys i will start closing post that dont give details on titles, next time please give more details on the title.</p></div></blockquote>In my opinion this point should be posted in the rules & next time these violations should be posted in Wall Of Shame<p >And yes title should be maximum shortly, but maximum informative. I know somebody will post topic in the title :P</p>\n"
        },
        {
            "id": 84636,
            "timestamp": 1376689519,
            "author": {
                "id": 13529,
                "name": "DrGenius",
                "image": null
            },
            "comment": "<p >that rules are already added from the begin, <span style=\"color:rgb(40,40,40);font-family:arial, helvetica, clean, sans-serif;\" >- </span><strong >Dont put titles like \"Help me please\", give as much details as you can on your problem/question.</strong></p>"
        },
        {
            "id": 84646,
            "timestamp": 1376691362,
            "author": {
                "id": 1503,
                "name": "Paramount",
                "image": null
            },
            "comment": "\n<blockquote data-ipsquote=\"\" class=\"ipsQuote\" data-ipsquote-contentcommentid=\"84636\" data-ipsquote-contentapp=\"forums\" data-ipsquote-contenttype=\"forums\" data-ipsquote-contentclass=\"forums_Topic\" data-ipsquote-contentid=\"11029\" data-ipsquote-username=\"DrGenius\" data-cite=\"DrGenius\" data-ipsquote-timestamp=\"1376689519\" ><div ><div ><p >that rules are already added from the begin, <span style=\"color:rgb(40,40,40);font-family:arial, helvetica, clean, sans-serif;\" >- </span><strong >Dont put titles like \"Help me please\", give as much details as you can on your problem/question.</strong></p></div></div></blockquote>\n<p >Yea I wanna tell as it is the rule, violation should be posted in Wall Of Shame.</p>\n"
        },
        {
            "id": 84650,
            "timestamp": 1376692171,
            "author": {
                "id": 13529,
                "name": "DrGenius",
                "image": null
            },
            "comment": "<p >is on wall of shame already, i just tell him there to he dont do it anymore.</p>"
        },
        {
            "id": 84736,
            "timestamp": 1376741942,
            "author": {
                "id": 16545,
                "name": "rifaas",
                "image": null
            },
            "comment": "\n<p >i chek port, its open, sl.dta is configured, any ideas? use CDwriter Server files and client, vps server from hoster</p>\n<p ><span ><span >Previously,</span> <span >the server</span> <span >is configured and</span> <span >no problems</span></span>, got 2 servers, but this one is some error</p>\n"
        },
        {
            "id": 84738,
            "timestamp": 1376742146,
            "author": {
                "id": 18347,
                "name": "FlowTheDark",
                "image": null
            },
            "comment": "<p >Errors are not displayed correctly all introduced, replacing the client of the USA to 777 the same error</p>"
        },
        {
            "id": 84796,
            "timestamp": 1376762838,
            "author": {
                "id": 17582,
                "name": "CDWriter",
                "image": null
            },
            "comment": "<p >To take a picture or a Screen shot of your desktop at any time hit ..\"Print Screen\" key ...then open up paint and paste it will paste you print screen there ....... </p>"
        },
        {
            "id": 84915,
            "timestamp": 1376832086,
            "author": {
                "id": 16545,
                "name": "rifaas",
                "image": null
            },
            "comment": "\n<p >1) iptables <a href=\"http://postimg.org/image/4t4vmnzl7/\" rel=\"external nofollow\" ><img alt=\"1234.jpg\" src=\"http://s17.postimg.org/4t4vmnzl7/1234.jpg\" /></a></p>\n<p >2) client <a href=\"http://postimg.org/image/c542vhsph/\" rel=\"external nofollow\" ><img alt=\"123456.jpg\" src=\"http://s10.postimg.org/c542vhsph/123456.jpg\" /></a></p>\n<p >3) running <a href=\"http://postimg.org/image/5e4e59ok1/\" rel=\"external nofollow\" ><img alt=\"12345.jpg\" src=\"http://s24.postimg.org/5e4e59ok1/12345.jpg\" /></a></p>\n"
        },
        {
            "id": 84916,
            "timestamp": 1376832287,
            "author": {
                "id": 13172,
                "name": "soryjero",
                "image": null
            },
            "comment": "<p >i prefer to use ip editor. i have had some problems with that checker tool.</p>"
        },
        {
            "id": 84917,
            "timestamp": 1376832404,
            "author": {
                "id": 16545,
                "name": "rifaas",
                "image": null
            },
            "comment": "<p >Close. running</p>"
        },
        {
            "id": 84918,
            "timestamp": 1376832565,
            "author": {
                "id": 17432,
                "name": "Nymphetamine",
                "image": null
            },
            "comment": "<p >Done and moved into solved</p>"
        }
    ]
}