{
    "meta": {
        "threadId": 11023,
        "threadName": "[Help]Icons!???",
        "dateCreated": "2013-08-16T01:34:35+0000",
        "datePublished": "2013-08-16T01:34:35+0000",
        "pageCount": 1,
        "originalUrl": "https://lckb.dev/forum/index.php?/topic/11023-helpicons/",
        "authorId": 8659,
        "position": [
            {
                "@type": "ListItem",
                "position": 1,
                "item": {
                    "@id": "https://lckb.dev/forum/index.php?/forum/100-guides-help-section/",
                    "name": "Guides &amp; Help Section"
                }
            },
            {
                "@type": "ListItem",
                "position": 2,
                "item": {
                    "@id": "https://lckb.dev/forum/index.php?/forum/335-help-support/",
                    "name": "Help &amp; Support"
                }
            },
            {
                "@type": "ListItem",
                "position": 3,
                "item": {
                    "@id": "https://lckb.dev/forum/index.php?/forum/44-ep1-support/",
                    "name": "Ep1 Support"
                }
            },
            {
                "@type": "ListItem",
                "position": 4,
                "item": {
                    "@id": "https://lckb.dev/forum/index.php?/forum/135-solved-topics/",
                    "name": "Solved Topics"
                }
            }
        ]
    },
    "commentData": [
        {
            "id": 84538,
            "timestamp": 1376616875,
            "author": {
                "id": 8659,
                "name": "BayBay",
                "image": null
            },
            "comment": "\n<p >Hi guys!, my question is:</p>\n<p > </p>\n<p >what is the best tool to add icons ? i been using model viewer, i open the wep then i export it as a png, i open with paint, cut the wep in a small little square but it looks a bit blury and not really good. Is there something i can do so the icon im cutting and pasting looks better? not to blury. I dont know if you guys are understanding what im saying...</p>\n\n\n\t\t\t\n\t\t\t\t\n\n<span class=\"ipsType_reset ipsType_medium ipsType_light\" data-excludequote=\"None\" >\n\t<strong >Edited <time datetime=\"2013-08-16T01:35:42Z\" title=\"08/16/2013 01:35  AM\" data-short=\"7 yr\" >August 16, 2013</time> by Curious</strong>\n\t\n\t\n</span>\n\t\t\t\n\t\t</div>"
        },
        {
            "id": 84539,
            "timestamp": 1376624056,
            "author": {
                "id": 16931,
                "name": "Walletman987",
                "image": null
            },
            "comment": "<p >Use photoshop, save at the highest quality</p>"
        },
        {
            "id": 84613,
            "timestamp": 1376680786,
            "author": {
                "id": 11986,
                "name": "SnowFox",
                "image": null
            },
            "comment": "\n<p >i just used paint worked perfect with placing the icons.</p>\n<p >And it looked high quality.</p>\n<p > </p>\n<p >But yeah for making the icons and the right size i prefer photoshop since it can save it with better quality.</p>\n\n\n\t\t\t\n\t\t\t\t\n\n<span class=\"ipsType_reset ipsType_medium ipsType_light\" data-excludequote=\"None\" >\n\t<strong >Edited <time datetime=\"2013-08-16T19:21:19Z\" title=\"08/16/2013 07:21  PM\" data-short=\"7 yr\" >August 16, 2013</time> by ArrowOfDead</strong>\n\t\n\t\n</span>\n\t\t\t\n\t\t</div>"
        },
        {
            "id": 84669,
            "timestamp": 1376712384,
            "author": {
                "id": 8659,
                "name": "BayBay",
                "image": null
            },
            "comment": "<p >Yep thanks ill try using photoshop even tho with paint is really nice and easy to use </p>"
        },
        {
            "id": 84757,
            "timestamp": 1376747971,
            "author": {
                "id": 1503,
                "name": "Paramount",
                "image": null
            },
            "comment": "<p >Solved = closed & moved!</p>"
        }
    ]
}