{
    "meta": {
        "threadId": 11030,
        "threadName": "Images in datagridview",
        "dateCreated": "2013-08-16T12:11:22+0000",
        "datePublished": "2013-08-16T12:11:22+0000",
        "pageCount": 1,
        "originalUrl": "https://lckb.dev/forum/index.php?/topic/11030-images-in-datagridview/",
        "authorId": 13172,
        "position": [
            {
                "@type": "ListItem",
                "position": 1,
                "item": {
                    "@id": "https://lckb.dev/forum/index.php?/forum/272-programmers-gateway/",
                    "name": "Programmers Gateway"
                }
            },
            {
                "@type": "ListItem",
                "position": 2,
                "item": {
                    "@id": "https://lckb.dev/forum/index.php?/forum/79-coders-talk/",
                    "name": "Coders Talk"
                }
            }
        ]
    },
    "commentData": [
        {
            "id": 84566,
            "timestamp": 1376655082,
            "author": {
                "id": 13172,
                "name": "soryjero",
                "image": null
            },
            "comment": "\n<p >i am trying to get images in a column in a datagridview but i cant get it.</p>\n<p > </p>\n<p >this is my line to add a row in datagridview:</p>\n<pre class=\"ipsCode prettyprint\" >dataGridView1.Rows.Add(\"String\", (Image)GetEmpty(), - 1, \"None\", -1);\n</pre>\n<p >and this is my GetEmpty() function:</p>\n<pre class=\"ipsCode prettyprint\" >private Bitmap GetEmpty()\n{\n            Bitmap bmp = new Bitmap(\"Images/Empty.png\");\n            return bmp;\n}\n</pre>\n<p >but when i run my program and click on an item from a listbox, i get this:</p>\n<p > </p>\n<p ><a href=\"http://grabilla.com/03810-c0699db7-4ad7-452b-b5e8-ffc58e687e2b.html#\" rel=\"external nofollow\" >http://grabilla.com/03810-c0699db7-4ad7-452b-b5e8-ffc58e687e2b.html#</a></p>\n<p > </p>\n<p >Could anyone help me please?</p>\n<p > </p>\n<p >Thanks in advance.</p>\n\n\n\t\t\t\n\t\t\t\t\n\n<span class=\"ipsType_reset ipsType_medium ipsType_light\" data-excludequote=\"None\" >\n\t<strong >Edited <time datetime=\"2013-08-16T23:56:57Z\" title=\"08/16/2013 11:56  PM\" data-short=\"7 yr\" >August 16, 2013</time> by soryjero</strong>\n\t\n\t\n</span>\n\t\t\t\n\t\t</div>"
        },
        {
            "id": 84592,
            "timestamp": 1376668531,
            "author": {
                "id": 919,
                "name": "someone",
                "image": null
            },
            "comment": "\n<p >Did you make the column on that datagridview  into \"DataGridViewImageColumn\": (when you create a column create the column with that type).</p>\n<pre class=\"ipsCode prettyprint\" >Bitmap bmp = new Bitmap(\"image.bmp\");\ndataGridView1.Rows.Add(\"String\", (Image)bmp, - 1, \"None\", -1);\n\n</pre>\n<p >Or you can Change the cell type to \"DataGridViewImageCell\"</p>\n<pre class=\"ipsCode prettyprint\" >DataGridViewImageCell cell  = new DataGridViewImageCell();\ncell.Value = (Image )bmp;\ndataGridView2.Rows[RowIndex].Cells[\"MyColumn\"] = cell;\n</pre>\n"
        },
        {
            "id": 84660,
            "timestamp": 1376697394,
            "author": {
                "id": 13172,
                "name": "soryjero",
                "image": null
            },
            "comment": "<p >thanks someone. i hadnt created the image column correctly.</p>"
        },
        {
            "id": 84720,
            "timestamp": 1376733733,
            "author": {
                "id": null,
                "name": "Guest Johnny5",
                "image": null
            },
            "comment": "<p >Topic Closed by a moderator. The reason why: Solved</p>"
        }
    ]
}