{
    "meta": {
        "threadId": 11038,
        "threadName": "Problem with adding a item ingame",
        "dateCreated": "2013-08-16T19:47:54+0000",
        "datePublished": "2013-08-16T19:47:54+0000",
        "pageCount": 1,
        "originalUrl": "https://lckb.dev/forum/index.php?/topic/11038-problem-with-adding-a-item-ingame/",
        "authorId": 11986,
        "position": [
            {
                "@type": "ListItem",
                "position": 1,
                "item": {
                    "@id": "https://lckb.dev/forum/index.php?/forum/100-guides-help-section/",
                    "name": "Guides &amp; Help Section"
                }
            },
            {
                "@type": "ListItem",
                "position": 2,
                "item": {
                    "@id": "https://lckb.dev/forum/index.php?/forum/335-help-support/",
                    "name": "Help &amp; Support"
                }
            },
            {
                "@type": "ListItem",
                "position": 3,
                "item": {
                    "@id": "https://lckb.dev/forum/index.php?/forum/44-ep1-support/",
                    "name": "Ep1 Support"
                }
            },
            {
                "@type": "ListItem",
                "position": 4,
                "item": {
                    "@id": "https://lckb.dev/forum/index.php?/forum/135-solved-topics/",
                    "name": "Solved Topics"
                }
            }
        ]
    },
    "commentData": [
        {
            "id": 84619,
            "timestamp": 1376682474,
            "author": {
                "id": 11986,
                "name": "SnowFox",
                "image": null
            },
            "comment": "\n<p >Hey LCKB members,</p>\n<p > </p>\n<p >I have a small problem with adding items to the game.</p>\n<p > </p>\n<p >This is what i did:</p>\n<p > </p>\n<p >I just copyed a item in the itemall editor and changed just the name of the item and the icon.</p>\n<p >So i save the itemall.lod file and i save the itemname.lod file.</p>\n<p > </p>\n<p >Ofcourse i also updated it with the DB.</p>\n<p >I even added the item in the smc.lod file.</p>\n<p > </p>\n<p >I rebooted all.</p>\n<p > </p>\n<p >So i went ingame and i dropped the item.</p>\n<p >The item got dropped but it is a cube and it has no name.</p>\n<p >And yeah it doesnt work somebody a item what i missed?</p>\n<p >Also is there maby a limit of the max amount of items you can have?</p>\n<p > </p>\n<p >Regards,</p>\n<p >-SnowFox</p>\n\n\n\t\t\t\n\t\t\t\t\n\n<span class=\"ipsType_reset ipsType_medium ipsType_light\" data-excludequote=\"None\" >\n\t<strong >Edited <time datetime=\"2013-08-16T22:08:17Z\" title=\"08/16/2013 10:08  PM\" data-short=\"7 yr\" >August 16, 2013</time> by ArrowOfDead</strong>\n\t\n\t\n</span>\n\t\t\t\n\t\t</div>"
        },
        {
            "id": 84639,
            "timestamp": 1376689829,
            "author": {
                "id": 161,
                "name": "Koko",
                "image": null
            },
            "comment": "\n<p >If you didnt reboot your client thatll happen.</p>\n<p >Else, basic querstions... are you sure you saved the correct item name? Are you sure the smc you put in both itemall/smc lod files is in your client?</p>\n<p > </p>\n<p >Also, not sure theres an item amount limit like there was with the 2005 files, but maybe an ID limit... what was the one u used?</p>\n"
        },
        {
            "id": 84642,
            "timestamp": 1376690091,
            "author": {
                "id": 11986,
                "name": "SnowFox",
                "image": null
            },
            "comment": "\n<blockquote data-ipsquote=\"\" class=\"ipsQuote\" data-ipsquote-contentcommentid=\"84639\" data-ipsquote-contentapp=\"forums\" data-ipsquote-contenttype=\"forums\" data-ipsquote-contentclass=\"forums_Topic\" data-ipsquote-contentid=\"11038\" data-ipsquote-username=\"Koko\" data-cite=\"Koko\" data-ipsquote-timestamp=\"1376689829\" ><div ><div >\n<p >If you didnt reboot your client thatll happen.</p>\n<p >Else, basic querstions... are you sure you saved the correct item name? Are you sure the smc you put in both itemall/smc lod files is in your client?</p>\n<p > </p>\n<p >Also, not sure theres an item amount limit like there was with the 2005 files, but maybe an ID limit... what was the one u used?</p>\n</div></div></blockquote>\n<p > </p>\n<p >I rebooted all. Since i turned off everything and i did it more then 2 times.</p>\n<p >Yeah i added smc and the itemmall.lod in the right client.</p>\n<p > </p>\n<p >And yeah i saved the correct item name saved it 10+ times also i delete just the itemname.lod to be sure its saving.</p>\n<p > </p>\n<p >And ID was 7798 and 7799 didnt go higher since those 2 just didnt work.</p>\n<p > </p>\n"
        },
        {
            "id": 84644,
            "timestamp": 1376690854,
            "author": {
                "id": 11986,
                "name": "SnowFox",
                "image": null
            },
            "comment": "\n<p >Definitely weird the files i saved were in the right client.</p>\n<p > </p>\n<p >But i just deleted it and re installed the whole client did same things and worked.</p>\n<p >No idea why but now it works Maby something gived a conflict no idea what but its solved..</p>\n<p > </p>\n<p >So topic can be closed.</p>\n\n\n\t\t\t\n\t\t\t\t\n\n<span class=\"ipsType_reset ipsType_medium ipsType_light\" data-excludequote=\"None\" >\n\t<strong >Edited <time datetime=\"2013-08-16T22:07:47Z\" title=\"08/16/2013 10:07  PM\" data-short=\"7 yr\" >August 16, 2013</time> by ArrowOfDead</strong>\n\t\n\t\n</span>\n\t\t\t\n\t\t</div>"
        },
        {
            "id": 84645,
            "timestamp": 1376690964,
            "author": {
                "id": 17432,
                "name": "Nymphetamine",
                "image": null
            },
            "comment": "<p >Closed and moved into solved section.</p>"
        }
    ]
}