{
    "meta": {
        "threadId": 11046,
        "threadName": "searth good server hosting",
        "dateCreated": "2013-08-16T23:55:15+0000",
        "datePublished": "2013-08-16T23:55:15+0000",
        "pageCount": 1,
        "originalUrl": "https://lckb.dev/forum/index.php?/topic/11046-searth-good-server-hosting/",
        "authorId": 18639,
        "position": [
            {
                "@type": "ListItem",
                "position": 1,
                "item": {
                    "@id": "https://lckb.dev/forum/index.php?/forum/271-general-section/",
                    "name": "General Section"
                }
            },
            {
                "@type": "ListItem",
                "position": 2,
                "item": {
                    "@id": "https://lckb.dev/forum/index.php?/forum/259-general-discussion/",
                    "name": "General Discussion"
                }
            }
        ]
    },
    "commentData": [
        {
            "id": 84659,
            "timestamp": 1376697315,
            "author": {
                "id": 18639,
                "name": "ISamyVegasI",
                "image": null
            },
            "comment": "<p >Hay i searth a good hosting site pls tell me</p>"
        },
        {
            "id": 84665,
            "timestamp": 1376706528,
            "author": {
                "id": 16931,
                "name": "Walletman987",
                "image": null
            },
            "comment": "<p ><a href=\"http://myhosting.com/\" rel=\"external nofollow\" >http://myhosting.com/</a></p>"
        },
        {
            "id": 84718,
            "timestamp": 1376733658,
            "author": {
                "id": 17432,
                "name": "Nymphetamine",
                "image": null
            },
            "comment": "<p >Topic locked. U opened a new one,and so u earned a warning point.</p>"
        },
        {
            "id": 84719,
            "timestamp": 1376733671,
            "author": {
                "id": null,
                "name": "Guest Johnny5",
                "image": null
            },
            "comment": "<p >Topic Closed by a moderator. The reason why: Double Posting</p>"
        }
    ]
}