{
    "meta": {
        "threadId": 11050,
        "threadName": "Wings problem",
        "dateCreated": "2013-08-17T04:26:47+0000",
        "datePublished": "2013-08-17T04:26:47+0000",
        "pageCount": 1,
        "originalUrl": "https://lckb.dev/forum/index.php?/topic/11050-wings-problem/",
        "authorId": 8659,
        "position": [
            {
                "@type": "ListItem",
                "position": 1,
                "item": {
                    "@id": "https://lckb.dev/forum/index.php?/forum/100-guides-help-section/",
                    "name": "Guides &amp; Help Section"
                }
            },
            {
                "@type": "ListItem",
                "position": 2,
                "item": {
                    "@id": "https://lckb.dev/forum/index.php?/forum/335-help-support/",
                    "name": "Help &amp; Support"
                }
            },
            {
                "@type": "ListItem",
                "position": 3,
                "item": {
                    "@id": "https://lckb.dev/forum/index.php?/forum/44-ep1-support/",
                    "name": "Ep1 Support"
                }
            },
            {
                "@type": "ListItem",
                "position": 4,
                "item": {
                    "@id": "https://lckb.dev/forum/index.php?/forum/135-solved-topics/",
                    "name": "Solved Topics"
                }
            }
        ]
    },
    "commentData": [
        {
            "id": 84671,
            "timestamp": 1376713607,
            "author": {
                "id": 8659,
                "name": "BayBay",
                "image": null
            },
            "comment": "\n<p >I been messing with the 4 main common wings : Wings of honor</p>\n<p >                                                                           Wings of judgement</p>\n<p >                                                                           Wings of revenge</p>\n<p >                                                                           Wings of greed</p>\n<p > </p>\n<p > </p>\n<p >Main problem:</p>\n<p ><img alt=\"shot08-16-13220416_zps0e16ac4e.jpg\" src=\"https://i1249.photobucket.com/albums/hh506/KIRA0002/shot08-16-13220416_zps0e16ac4e.jpg\" /></p>\n<p > </p>\n<p > </p>\n<p >2. When i click then to unequip any of them they are still visible in the character and when i try to add another wing the other ones just get over each other and still are visible like the image above.</p>\n<p > </p>\n<p > </p>\n<p >Anyone have a solution for this ? or something im doing wrong ?</p>\n<p > </p>\n<p >P.S: Ive tried different flags but im still having this issue.</p>\n<p > </p>\n<p > </p>\n<p > </p>\n"
        },
        {
            "id": 84714,
            "timestamp": 1376733538,
            "author": {
                "id": 17432,
                "name": "Nymphetamine",
                "image": null
            },
            "comment": "\n<p >Basically this is normal that they stay. Its like that in every server.</p>\n<p >If u want them to go away u need to log off and log in back.</p>\n"
        },
        {
            "id": 84752,
            "timestamp": 1376746571,
            "author": {
                "id": 13627,
                "name": "peterkosta12",
                "image": null
            },
            "comment": "\n<blockquote data-ipsquote=\"\" class=\"ipsQuote\" data-ipsquote-contentcommentid=\"84671\" data-ipsquote-contentapp=\"forums\" data-ipsquote-contenttype=\"forums\" data-ipsquote-contentclass=\"forums_Topic\" data-ipsquote-contentid=\"11050\" data-ipsquote-username=\"Curious\" data-cite=\"Curious\" data-ipsquote-timestamp=\"1376713607\" ><div ><div >\n<p >I been messing with the 4 main common wings : Wings of honor</p>\n<p >                                                                           Wings of judgement</p>\n<p >                                                                           Wings of revenge</p>\n<p >                                                                           Wings of greed</p>\n<p > </p>\n<p > </p>\n<p >Main problem:</p>\n<p ><img alt=\"shot08-16-13220416_zps0e16ac4e.jpg\" src=\"https://i1249.photobucket.com/albums/hh506/KIRA0002/shot08-16-13220416_zps0e16ac4e.jpg\" /></p>\n<p > </p>\n<p > </p>\n<p >2. When i click then to unequip any of them they are still visible in the character and when i try to add another wing the other ones just get over each other and still are visible like the image above.</p>\n<p > </p>\n<p > </p>\n<p >Anyone have a solution for this ? or something im doing wrong ?</p>\n<p > </p>\n<p >P.S: Ive tried different flags but im still having this issue.</p>\n</div></div></blockquote>\n<p >change map and is solved u see only the wind u have equiped</p>\n"
        },
        {
            "id": 84798,
            "timestamp": 1376763312,
            "author": {
                "id": 8659,
                "name": "BayBay",
                "image": null
            },
            "comment": "\n<blockquote data-ipsquote=\"\" class=\"ipsQuote\" data-ipsquote-contentcommentid=\"84714\" data-ipsquote-contentapp=\"forums\" data-ipsquote-contenttype=\"forums\" data-ipsquote-contentclass=\"forums_Topic\" data-ipsquote-contentid=\"11050\" data-ipsquote-username=\"Nymphetamine\" data-cite=\"Nymphetamine\" data-ipsquote-timestamp=\"1376733538\" ><div ><div >\n<p >Basically this is normal that they stay. Its like that in every server.</p>\n<p >If u want them to go away u need to log off and log in back.</p>\n</div></div></blockquote>\n<p >ohh I see i though this could be change, Thanks alot Nymphetamine ill continue working on other things then.</p>\n"
        },
        {
            "id": 84799,
            "timestamp": 1376763497,
            "author": {
                "id": 17432,
                "name": "Nymphetamine",
                "image": null
            },
            "comment": "\n<blockquote data-ipsquote=\"\" class=\"ipsQuote\" data-ipsquote-contentcommentid=\"84798\" data-ipsquote-contentapp=\"forums\" data-ipsquote-contenttype=\"forums\" data-ipsquote-contentclass=\"forums_Topic\" data-ipsquote-contentid=\"11050\" data-ipsquote-username=\"Curious\" data-cite=\"Curious\" data-ipsquote-timestamp=\"1376763312\" ><div ><div ><p >ohh I see i though this could be change, Thanks alot Nymphetamine ill continue working on other things then.</p></div></div></blockquote>\n<p >Ohm no idea if it can,still its not that important bug so yeah better work on more important things.</p>\n<p >So did you solve your problem/got the answer you needed?</p>\n"
        },
        {
            "id": 84800,
            "timestamp": 1376765552,
            "author": {
                "id": 8659,
                "name": "BayBay",
                "image": null
            },
            "comment": "\n<blockquote data-ipsquote=\"\" class=\"ipsQuote\" data-ipsquote-contentcommentid=\"84799\" data-ipsquote-contentapp=\"forums\" data-ipsquote-contenttype=\"forums\" data-ipsquote-contentclass=\"forums_Topic\" data-ipsquote-contentid=\"11050\" data-ipsquote-username=\"Nymphetamine\" data-cite=\"Nymphetamine\" data-ipsquote-timestamp=\"1376763497\" ><div ><div >\n<p >Ohm no idea if it can,still its not that important bug so yeah better work on more important things.</p>\n<p >So did you solve your problem/got the answer you needed?</p>\n</div></div></blockquote>\n<p >Yeah, u told me this is normal so i wont worry about it thanks alot u can close it :p </p>\n"
        },
        {
            "id": 84801,
            "timestamp": 1376766392,
            "author": {
                "id": 17432,
                "name": "Nymphetamine",
                "image": null
            },
            "comment": "<p >Done and moved onto solved</p>"
        }
    ]
}