{
    "meta": {
        "threadId": 11052,
        "threadName": "All Skills Free?",
        "dateCreated": "2013-08-17T05:53:23+0000",
        "datePublished": "2013-08-17T05:53:23+0000",
        "pageCount": 1,
        "originalUrl": "https://lckb.dev/forum/index.php?/topic/11052-all-skills-free/",
        "authorId": 6967,
        "position": [
            {
                "@type": "ListItem",
                "position": 1,
                "item": {
                    "@id": "https://lckb.dev/forum/index.php?/forum/100-guides-help-section/",
                    "name": "Guides &amp; Help Section"
                }
            },
            {
                "@type": "ListItem",
                "position": 2,
                "item": {
                    "@id": "https://lckb.dev/forum/index.php?/forum/335-help-support/",
                    "name": "Help &amp; Support"
                }
            },
            {
                "@type": "ListItem",
                "position": 3,
                "item": {
                    "@id": "https://lckb.dev/forum/index.php?/forum/120-ep2-support/",
                    "name": "Ep2 Support"
                }
            },
            {
                "@type": "ListItem",
                "position": 4,
                "item": {
                    "@id": "https://lckb.dev/forum/index.php?/forum/134-solved-topics/",
                    "name": "Solved Topics"
                }
            }
        ]
    },
    "commentData": [
        {
            "id": 84678,
            "timestamp": 1376718803,
            "author": {
                "id": 6967,
                "name": "GuXz",
                "image": null
            },
            "comment": "\n<p >Hi for my soon server I want put all free skill (gold, book, sp)</p>\n<p > </p>\n<p >I dont have find guide for this in ep2/ep3</p>\n<p > </p>\n<p >Do you know how to make ?</p>\n<p > </p>\n<p >Sry for bad english ;) thanks</p>\n\n\n\t\t\t\n\t\t\t\t\n\n<span class=\"ipsType_reset ipsType_medium ipsType_light\" data-excludequote=\"None\" >\n\t<strong >Edited <time datetime=\"2013-08-17T09:09:05Z\" title=\"08/17/2013 09:09  AM\" data-short=\"7 yr\" >August 17, 2013</time> by GuXz</strong>\n\t\n\t\n</span>\n\t\t\t\n\t\t</div>"
        },
        {
            "id": 84687,
            "timestamp": 1376725519,
            "author": {
                "id": 13529,
                "name": "DrGenius",
                "image": null
            },
            "comment": "\n<p >run this querry on newproject_data</p>\n<p > </p>\n<div >\n<blockquote data-ipsquote=\"\" class=\"ipsQuote\" ><div >\n<div >UPDATE t_skillLevel SET a_needItemIndex1 = \"-1\";</div>\n<div >UPDATE t_skillLevel SET a_needItemCount1 = \"0\";</div>\n<div >UPDATE t_skillLevel SET a_needItemIndex2 = \"-1\";</div>\n<div >UPDATE t_skillLevel SET a_needItemCount2 = \"0\";</div>\n<div >UPDATE t_skillLevel SET a_learnSP = \"0\";</div>\n<div >UPDATE t_skillLevel SET a_learnItemIndex1 = \"-1\";</div>\n<div >UPDATE t_skillLevel SET a_learnItemCount1 = \"0\";</div>\n<div >UPDATE t_skillLevel SET a_learnItemIndex2 = \"-1\";</div>\n<div >UPDATE t_skillLevel SET a_learnItemCount2 = \"0\";</div>\n<div >UPDATE t_skillLevel SET a_learnItemIndex3 = \"-1\";</div>\n<div >UPDATE t_skillLevel SET a_learnItemCount3 = \"0\";</div>\n<p > </p>\n</div></blockquote>\n<p > </p>\n</div>\n"
        },
        {
            "id": 84698,
            "timestamp": 1376730665,
            "author": {
                "id": 6967,
                "name": "GuXz",
                "image": null
            },
            "comment": "\n<p >Thanks, what is removed with this querry ? SP only or gold/book too ;)</p>\n<p > </p>\n<p >And if its not, post in ep2 post-it query, its search by many pepole</p>\n"
        },
        {
            "id": 84705,
            "timestamp": 1376733083,
            "author": {
                "id": 17432,
                "name": "Nymphetamine",
                "image": null
            },
            "comment": "<p >The query he gave u removes also items (skill book,gold etc.)</p>"
        },
        {
            "id": 84873,
            "timestamp": 1376807455,
            "author": {
                "id": 6967,
                "name": "GuXz",
                "image": null
            },
            "comment": "\n<p ><span ><span >Ok lol</span></span></p>\n<p > </p>\n<p >My poor english :/ I need to learn yet years in game lol</p>\n<p > </p>\n<p >Thanks. (y)</p>\n\n\n\t\t\t\n\t\t\t\t\n\n<span class=\"ipsType_reset ipsType_medium ipsType_light\" data-excludequote=\"None\" >\n\t<strong >Edited <time datetime=\"2013-08-18T06:36:20Z\" title=\"08/18/2013 06:36  AM\" data-short=\"7 yr\" >August 18, 2013</time> by GuXz</strong>\n\t\n\t\n</span>\n\t\t\t\n\t\t</div>"
        },
        {
            "id": 84879,
            "timestamp": 1376815940,
            "author": {
                "id": 2069,
                "name": "LikeToMove",
                "image": null
            },
            "comment": "<p >Moved to solved section</p>"
        },
        {
            "id": 84880,
            "timestamp": 1376815962,
            "author": {
                "id": null,
                "name": "Guest Johnny5",
                "image": null
            },
            "comment": "<p >Topic Closed by a moderator. The reason why: Answered</p>"
        }
    ]
}