{
    "meta": {
        "threadId": 11062,
        "threadName": "[PHP] Get a list of online characters",
        "dateCreated": "2013-08-17T15:32:18+0000",
        "datePublished": "2013-08-17T15:32:18+0000",
        "pageCount": 1,
        "originalUrl": "https://lckb.dev/forum/index.php?/topic/11062-php-get-a-list-of-online-characters/",
        "authorId": 1503,
        "position": [
            {
                "@type": "ListItem",
                "position": 1,
                "item": {
                    "@id": "https://lckb.dev/forum/index.php?/forum/272-programmers-gateway/",
                    "name": "Programmers Gateway"
                }
            },
            {
                "@type": "ListItem",
                "position": 2,
                "item": {
                    "@id": "https://lckb.dev/forum/index.php?/forum/79-coders-talk/",
                    "name": "Coders Talk"
                }
            }
        ]
    },
    "commentData": [
        {
            "id": 84768,
            "timestamp": 1376753538,
            "author": {
                "id": 1503,
                "name": "Paramount",
                "image": null
            },
            "comment": "\n<p >Hey! I am interested how to get a list of online chars, well, I tried to look into the online count script, but it uses t_user table, just for count. Have you got any idea bout it?</p>\n<p > </p>\n<p >Thanks in advance!</p>\n"
        },
        {
            "id": 84827,
            "timestamp": 1376774406,
            "author": {
                "id": 267,
                "name": "SutWick",
                "image": null
            },
            "comment": "\n<p >Im not really sure :?</p>\n<p > </p>\n<p >The only way I know of atm is from t_users but thats for accounts an wont support single chars</p>\n"
        },
        {
            "id": 84833,
            "timestamp": 1376775327,
            "author": {
                "id": 2,
                "name": "Wizatek",
                "image": null
            },
            "comment": "\n<p >A dirty way to get this would be</p>\n<p > </p>\n<p ></p>\n<pre class=\"ipsCode prettyprint lang-auto linenums:0\" >SELECT a_nick, a_user_index \nFROM newproject_db.t_characters c\nWHERE a_user_index IN \n(\n\tSELECT a_portal_index \n\tFROM newproject_auth.t_users \n\tWHERE a_zone_num != -1\n)\nAND a_index = \n(\n\tSELECT a_index\n\tFROM newproject_db.t_characters\n\tWHERE a_user_index = c.a_user_index\n\tORDER BY a_datestamp DESC\n\tLIMIT 1\n)\nGROUP BY a_user_index\n</pre>But its not really efficient and if u would use this query live and not cached<p >then someone could harm your mysql server spam loading this page</p>\n"
        },
        {
            "id": 84839,
            "timestamp": 1376776307,
            "author": {
                "id": 1503,
                "name": "Paramount",
                "image": null
            },
            "comment": "\n<p >Oh thanks guyz! This page would be closed, and will be just for me.</p>\n<p > </p>\n<p >Thanks again ;)</p>\n"
        },
        {
            "id": 84842,
            "timestamp": 1376776432,
            "author": {
                "id": 267,
                "name": "SutWick",
                "image": null
            },
            "comment": "<p >Hmm that script just blown my mind lol.</p>"
        },
        {
            "id": 84843,
            "timestamp": 1376776480,
            "author": {
                "id": null,
                "name": "Guest Johnny5",
                "image": null
            },
            "comment": "<p >Topic Closed by a moderator. The reason why: Solved, thanks to MaX and Wizatek for help.</p>"
        }
    ]
}