{
    "meta": {
        "threadId": 11070,
        "threadName": "increase p2 exp rate",
        "dateCreated": "2013-08-17T19:31:32+0000",
        "datePublished": "2013-08-17T19:31:32+0000",
        "pageCount": 1,
        "originalUrl": "https://lckb.dev/forum/index.php?/topic/11070-increase-p2-exp-rate/",
        "authorId": 12565,
        "position": [
            {
                "@type": "ListItem",
                "position": 1,
                "item": {
                    "@id": "https://lckb.dev/forum/index.php?/forum/100-guides-help-section/",
                    "name": "Guides &amp; Help Section"
                }
            },
            {
                "@type": "ListItem",
                "position": 2,
                "item": {
                    "@id": "https://lckb.dev/forum/index.php?/forum/335-help-support/",
                    "name": "Help &amp; Support"
                }
            },
            {
                "@type": "ListItem",
                "position": 3,
                "item": {
                    "@id": "https://lckb.dev/forum/index.php?/forum/120-ep2-support/",
                    "name": "Ep2 Support"
                }
            },
            {
                "@type": "ListItem",
                "position": 4,
                "item": {
                    "@id": "https://lckb.dev/forum/index.php?/forum/134-solved-topics/",
                    "name": "Solved Topics"
                }
            }
        ]
    },
    "commentData": [
        {
            "id": 84809,
            "timestamp": 1376767892,
            "author": {
                "id": 12565,
                "name": "ambassadorbk",
                "image": null
            },
            "comment": "\n<p >hey guys...</p>\n<p >i was just wondering couldnt find where to increase the p2 exp rate...</p>\n"
        },
        {
            "id": 84810,
            "timestamp": 1376767957,
            "author": {
                "id": 1503,
                "name": "Paramount",
                "image": null
            },
            "comment": "<p >For it you need to know P2 Exp pet offset. It could be edited in the GameServer</p>"
        },
        {
            "id": 84888,
            "timestamp": 1376820026,
            "author": {
                "id": 12565,
                "name": "ambassadorbk",
                "image": null
            },
            "comment": "<p >anyone knows those offset....</p>"
        },
        {
            "id": 84890,
            "timestamp": 1376820383,
            "author": {
                "id": 1503,
                "name": "Paramount",
                "image": null
            },
            "comment": "\n<p >Use the search button.</p>\n<p > </p>\n<pre class=\"ipsCode prettyprint\" >APet EXP:Double:002A0EB8\nPet Exp:Int32:0010BCDB\n</pre>\n"
        },
        {
            "id": 85109,
            "timestamp": 1377000440,
            "author": {
                "id": 2573,
                "name": "Mr.Speedy",
                "image": null
            },
            "comment": "\n<p >Add this offsets on the GS Editor from Wizatek and then open your GameServer and edit the exp what ever you want. Dont forget to save.</p>\n<p > </p>\n<p >Regards Speedy </p>\n"
        },
        {
            "id": 85110,
            "timestamp": 1377000856,
            "author": {
                "id": null,
                "name": "Guest Johnny5",
                "image": null
            },
            "comment": "<p >Topic Closed by a moderator. The reason why: Got ur answer</p>"
        }
    ]
}