{
    "meta": {
        "threadId": 11089,
        "threadName": "New Jewels official  USA Help",
        "dateCreated": "2013-08-18T20:39:14+0000",
        "datePublished": "2013-08-18T20:39:14+0000",
        "pageCount": 1,
        "originalUrl": "https://lckb.dev/forum/index.php?/topic/11089-new-jewels-official-usa-help/",
        "authorId": 17582,
        "position": [
            {
                "@type": "ListItem",
                "position": 1,
                "item": {
                    "@id": "https://lckb.dev/forum/index.php?/forum/100-guides-help-section/",
                    "name": "Guides &amp; Help Section"
                }
            },
            {
                "@type": "ListItem",
                "position": 2,
                "item": {
                    "@id": "https://lckb.dev/forum/index.php?/forum/335-help-support/",
                    "name": "Help &amp; Support"
                }
            },
            {
                "@type": "ListItem",
                "position": 3,
                "item": {
                    "@id": "https://lckb.dev/forum/index.php?/forum/120-ep2-support/",
                    "name": "Ep2 Support"
                }
            },
            {
                "@type": "ListItem",
                "position": 4,
                "item": {
                    "@id": "https://lckb.dev/forum/index.php?/forum/134-solved-topics/",
                    "name": "Solved Topics"
                }
            }
        ]
    },
    "commentData": [
        {
            "id": 84970,
            "timestamp": 1376858354,
            "author": {
                "id": 17582,
                "name": "CDWriter",
                "image": null
            },
            "comment": "\n<p >OK i ve been adding new items getting ready for v10 ... and was adding all the new jewels, from</p>\n<p ><a href=\"http://lastchaosinfo.wikifoundry.com/page/Available+Jewels?t=anon\" rel=\"external nofollow\" >http://lastchaosinfo.wikifoundry.com/page/Available+Jewels?t=anon</a></p>\n<p > when adding Option i noticed that some where not labeled and i labeled them accordingly but i also noticed the Pet Options where not giving the Option any idea?? </p>\n<p > </p>\n<p ><img alt=\"kcem.jpg\" src=\"https://img43.imageshack.us/img43/2430/kcem.jpg\" /></p>\n<p > </p>\n<p >Any help would be great ...... If you go to that link you will see Pet HP and Pet attack ....</p>\n<p > </p>\n<p >thanks </p>\n<p >CDWriter</p>\n\n\n\t\t\t\n\t\t\t\t\n\n<span class=\"ipsType_reset ipsType_medium ipsType_light\" data-excludequote=\"None\" >\n\t<strong >Edited <time datetime=\"2013-08-18T21:05:24Z\" title=\"08/18/2013 09:05  PM\" data-short=\"7 yr\" >August 18, 2013</time> by CDWriter</strong>\n\t\n\t\n</span>\n\t\t\t\n\t\t</div>"
        },
        {
            "id": 84971,
            "timestamp": 1376858496,
            "author": {
                "id": 15543,
                "name": "luoo",
                "image": null
            },
            "comment": "<p >because the option ids are not implented in server files.</p>"
        },
        {
            "id": 84973,
            "timestamp": 1376859325,
            "author": {
                "id": 17582,
                "name": "CDWriter",
                "image": null
            },
            "comment": "<p >that sucks ....lol thanks @<a contenteditable=\"false\" data-ipshover=\"\" href=\"https://lckb.dev/forum/index.php?/profile/15543-luoo/\" data-ipshover-target=\"https://lckb.dev/forum/index.php?/profile/15543-luoo/&do=hovercard\" data-mentionid=\"15543\" rel=\"\" >@luoo</a></p>"
        }
    ]
}