{
    "meta": {
        "threadId": 11083,
        "threadName": "Little rules to LC Server starters",
        "dateCreated": "2013-08-18T13:13:50+0000",
        "datePublished": "2013-08-18T13:13:50+0000",
        "pageCount": 1,
        "originalUrl": "https://lckb.dev/forum/index.php?/topic/11083-little-rules-to-lc-server-starters/",
        "authorId": 2069,
        "position": [
            {
                "@type": "ListItem",
                "position": 1,
                "item": {
                    "@id": "https://lckb.dev/forum/index.php?/forum/271-general-section/",
                    "name": "General Section"
                }
            },
            {
                "@type": "ListItem",
                "position": 2,
                "item": {
                    "@id": "https://lckb.dev/forum/index.php?/forum/259-general-discussion/",
                    "name": "General Discussion"
                }
            }
        ]
    },
    "commentData": [
        {
            "id": 84913,
            "timestamp": 1376831630,
            "author": {
                "id": 2069,
                "name": "LikeToMove",
                "image": null
            },
            "comment": "\n<p >Hey guys ;)</p>\n<p >Since EP2 files were released <span ><span >I have noticed that</span> <span >many of you</span> <span >want to venture</span> <span >into the opening</span> <span >of</span> <span >a private server</span></span>.</p>\n<p ><span ><span >My post</span> <span >is for the sole</span> <span >purpose of informing</span> <span >newcomers</span> <span >about what</span> <span >awaits them.</span></span></p>\n<p > </p>\n<p ><span ><span ><strong ><span style=\"color:#4b0082;\" >ABOUT EP2 SERVER FILES..</span></strong></span></span></p>\n<p > </p>\n<p ><span ><span ><strong >First of all you need a general knowledge of Linux/Unix Systems -  </strong></span></span><span ><span >Do not start</span> <span >what you can not</span> <span >complete</span><span >;</span> <span >Without the knowledge</span> <span >of the basics</span> <span >of these systems</span> <span >will not get far</span><span >.</span> <span >You can find</span> <span >many</span> <span >how-to</span> <span >and tutorial about</span> <span >Google that</span> <span >can help you.</span></span></p>\n<p ><em ><span ><span >Google is your</span> <span >best friend, do not</span> <span >be afraid to</span> <span >ask for his help</span></span>.</em></p>\n<p > </p>\n<p ><span ><strong ><span >Be</span> <span >aware of what</span> <span >you are about to</span> <span >do -</span></strong> <span >Open</span> <span >a private server</span> <span >carries a</span> <span >high price</span> <span >of money</span> <span >and</span><span > work;</span> <span >Once</span> <span >your Server is online</span> <span >you will be</span> <span >exposed to</span> <span >all kinds</span> <span >of attacks</span> <span >and it will be</span> <span >only</span> <span >your ability to</span> <span >go up against them</span><span >.</span></span></p>\n<p ><em ><span ><span >Remember that</span> <span >LCKB</span> <span >is a</span> <span >developing forum</span> <span >not</span> <span >an emergency room.</span></span></em></p>\n<p > </p>\n<p ><span ><strong ><span >Know your</span> <span >game</span><span >, do not</span> <span >wait for others</span> </strong><span ><strong >-</strong> it is good</span> <span >that you know</span> <span >perfectly</span> <span >the operation of the</span> <span >game</span> <span >from both the</span> <span >client and</span> <span >server</span></span> sides. <span ><span >Good</span> <span >tools can</span> <span >definitely help you</span> <span >but it is</span> <span >on your own strength</span> <span >and</span> <span >on your</span> <span >knowledge</span> <span >that</span> <span >you have to rely</span></span>.</p>\n<p > </p>\n<p ><span ><span >Well, I can</span> <span >now</span> <span >answer the</span> <span >most frequently asked questions</span> <span >that will surely</span> <span >be wondering</span><span >:</span></span></p>\n<p > </p>\n<p ><span ><span style=\"color:#808080;\" ><strong ><span >I want to open</span> <span >a private server</span> <span >but do not know</span> <span >what machine</span> <span >to take:</span></strong></span><br /><em ><span >Keep in mind that</span> <span >you have two</span> <span >different choices</span><span >,</span> <span >a VPS</span> <span >(virtual private</span> <span >server</span><span >)</span> <span >or</span> <span >root</span> <span >(dedicated</span> <span >server).</span></em><br /><br /><span style=\"color:#808080;\" ><strong ><span >Whats the difference</span> <span >from the two</span>?</strong></span><br /><em ><span >A</span> <span >VPS</span> <span >is a</span> <span >virtualized space</span> <span >inside</span> <span >a dedicated server.</span> <span >It</span> <span >was created to</span> <span >reduce costs and</span> <span >offer</span> <span >limited resources</span> <span >to the end user</span><span >.</span> <span >It usually</span> <span >contains</span> <span >1/10</span> <span >of the performances</span> <span >that</span> <span >usually</span> <span >has</span> <span >a dedicated server</span><span >.</span></em></span></p>\n<p ><em >A Dedicated Server usually has a very high performances (like a big amount of RAM, HD and CPU), ideal for a free-lag and high performanced server.</em></p>\n<p > </p>\n<p ><span ><span style=\"color:#808080;\" ><strong ><span >I would</span> <span >not</span> <span >have</span> <span >lag</span> <span >in my</span> <span >server</span>, how do?</strong></span><br /><em ><span >First, the</span> <span >connectivity</span> <span >of your</span> <span >remote server</span> <span >is important.</span> <span >A good</span> <span >server must</span> <span >first have a</span> <span >good</span> <span >backbone</span> <span >connectivity with a</span> <span >low average</span> <span >ping</span><span >.</span><br /><span >Keep in mind that</span> <span >several factors</span> <span >come into play</span><span >;</span> <span >Your PC,</span> <span >your connection</span><span >, the amount</span> <span >of RAM and</span> <span >the configuration of your</span> <span >MySQL DB</span></em></span>.</p>\n<p > </p>\n<p ><span ><span style=\"color:#808080;\" ><strong ><span >Where can I</span> <span >find good</span> <span >server vendors</span>?</strong></span><br /><em ><span >If you search</span> <span >on Google</span> <span >youll be spoiled</span> <span >for choice.</span> <span >There are</span> <span >many</span> <span >service</span> <span >providers that offer</span> <span >good</span>-<span >medium services.</span></em></span></p>\n<p > </p>\n<p ><span ><span style=\"color:#808080;\" ><strong ><span >Help, Im</span> <span >under</span> <span >DDoS attack</span>!</strong></span><br /><em ><span >If youve</span> <span >not followed my</span> <span >first guides</span> <span >on learning</span> <span >the fundamentals of</span> <span >Linux</span> <span >and</span> <span >Firewall</span> <span >protection</span> <span >you can</span> <span >switch off your</span> <span >pc and</span> <span >eat a banana</span><span >;</span> <span >Needless to</span> <span >drive a car without</span> <span >brakes and</span> <span >no</span> <span >steering wheel.</span><br /><span style=\"color:#ff0000;\" ><span >Warning</span>:</span><span > Many</span> <span >service</span> <span >providers</span> <span >provide an</span> <span >advanced firewall</span> <span >setting, paying</span> <span >several dollars</span>.</em></span></p>\n<p > </p>\n<p ><span ><span style=\"color:#808080;\" ><strong ><span >I have a problem</span>, <span >ask for help</span> <span >on</span> <span >LCKB</span> <span >:-)</span></strong></span><br /><em ><span >You can</span> <span >do that easily</span><span >, as long as</span> <span >your post</span> <span >contains the</span> <span >most information</span> <span >possible</span> <span >and</span> <span >has not been</span> <span >previously treated</span><span >.</span> <span >A good</span> <span >use of the</span> <span >Search function</span> <span >will save you</span> <span >a lot of time</span> <span >and several</span> <span >Warn</span></em></span><em > Points.</em></p>\n<p > </p>\n<p > </p>\n<p ><span ><span >I hope to be</span> <span >helpfull,</span> <span >for everything else</span> <span >I am available</span> <span >on my own</span> <span >forum</span></span> section B)</p>\n"
        },
        {
            "id": 84996,
            "timestamp": 1376905475,
            "author": {
                "id": 7482,
                "name": "Creep",
                "image": null
            },
            "comment": "<p >You should also add the legal and illegal things to host a server</p>"
        },
        {
            "id": 91351,
            "timestamp": 1386209503,
            "author": {
                "id": 5136,
                "name": "qwaszx13",
                "image": null
            },
            "comment": "<p >ghrf</p>"
        },
        {
            "id": 96531,
            "timestamp": 1390899325,
            "author": {
                "id": 19694,
                "name": "xHowiPwn",
                "image": null
            },
            "comment": "<p >good job :)</p>"
        }
    ]
}