{
    "meta": {
        "threadId": 11087,
        "threadName": "Change Spawn?",
        "dateCreated": "2013-08-18T18:16:52+0000",
        "datePublished": "2013-08-18T18:16:52+0000",
        "pageCount": 1,
        "originalUrl": "https://lckb.dev/forum/index.php?/topic/11087-change-spawn/",
        "authorId": 18312,
        "position": [
            {
                "@type": "ListItem",
                "position": 1,
                "item": {
                    "@id": "https://lckb.dev/forum/index.php?/forum/100-guides-help-section/",
                    "name": "Guides &amp; Help Section"
                }
            },
            {
                "@type": "ListItem",
                "position": 2,
                "item": {
                    "@id": "https://lckb.dev/forum/index.php?/forum/335-help-support/",
                    "name": "Help &amp; Support"
                }
            },
            {
                "@type": "ListItem",
                "position": 3,
                "item": {
                    "@id": "https://lckb.dev/forum/index.php?/forum/120-ep2-support/",
                    "name": "Ep2 Support"
                }
            },
            {
                "@type": "ListItem",
                "position": 4,
                "item": {
                    "@id": "https://lckb.dev/forum/index.php?/forum/134-solved-topics/",
                    "name": "Solved Topics"
                }
            }
        ]
    },
    "commentData": [
        {
            "id": 84943,
            "timestamp": 1376849812,
            "author": {
                "id": 18312,
                "name": "Assasin",
                "image": null
            },
            "comment": "<p >Hellow my Frends i have question. How to change start spawn character in Juno?</p>"
        },
        {
            "id": 84978,
            "timestamp": 1376861821,
            "author": {
                "id": 13172,
                "name": "soryjero",
                "image": null
            },
            "comment": "<p >i dont understand you. i think you are trying to ask for change place? instead of appear in junos square appear in storekepper? if yes, you only have to change coordenates</p>"
        },
        {
            "id": 84979,
            "timestamp": 1376862864,
            "author": {
                "id": 2640,
                "name": "Kenpachi",
                "image": null
            },
            "comment": "<p >You can change start spawn in server.cfg if you have it in your gameserver file. -1 starts players off where they logged out</p>"
        },
        {
            "id": 84983,
            "timestamp": 1376865032,
            "author": {
                "id": 18312,
                "name": "Assasin",
                "image": null
            },
            "comment": "<p >i not have this file :D</p>"
        },
        {
            "id": 84986,
            "timestamp": 1376890693,
            "author": {
                "id": 2640,
                "name": "Kenpachi",
                "image": null
            },
            "comment": "<p >okay when I get back home from work Ill upload it, out of town til Tuesday</p>"
        },
        {
            "id": 84989,
            "timestamp": 1376895114,
            "author": {
                "id": 18312,
                "name": "Assasin",
                "image": null
            },
            "comment": "<p >giv my this file ok</p>"
        },
        {
            "id": 85111,
            "timestamp": 1377000931,
            "author": {
                "id": 17432,
                "name": "Nymphetamine",
                "image": null
            },
            "comment": "\n<blockquote data-ipsquote=\"\" class=\"ipsQuote\" data-ipsquote-contentcommentid=\"84983\" data-ipsquote-contentapp=\"forums\" data-ipsquote-contenttype=\"forums\" data-ipsquote-contentclass=\"forums_Topic\" data-ipsquote-contentid=\"11087\" data-ipsquote-username=\"Assasin\" data-cite=\"Assasin\" data-ipsquote-timestamp=\"1376865032\" ><div ><div ><p >i not have this file :D</p></div></div></blockquote>\n<p >U must have it lol ur server wouldnt even run.</p>\n<p >Into gameserver folder there is a .cfg file. Open it with note/word pad or so and edit.</p>\n"
        },
        {
            "id": 85116,
            "timestamp": 1377005999,
            "author": {
                "id": 16983,
                "name": "Jaiz",
                "image": null
            },
            "comment": "\n<blockquote data-ipsquote=\"\" class=\"ipsQuote\" data-ipsquote-contentcommentid=\"85111\" data-ipsquote-contentapp=\"forums\" data-ipsquote-contenttype=\"forums\" data-ipsquote-contentclass=\"forums_Topic\" data-ipsquote-contentid=\"11087\" data-ipsquote-username=\"Nymphetamine\" data-cite=\"Nymphetamine\" data-ipsquote-timestamp=\"1377000931\" ><div ><div >\n<p >U must have it lol ur server wouldnt even run.</p>\n<p >Into gameserver folder there is a .cfg file. Open it with note/word pad or so and edit.</p>\n</div></div></blockquote>\n<p >That was in Ep1? Lol but in ep2 i havent seen that yet. </p>\n"
        },
        {
            "id": 85117,
            "timestamp": 1377006590,
            "author": {
                "id": 17432,
                "name": "Nymphetamine",
                "image": null
            },
            "comment": "\n<blockquote data-ipsquote=\"\" class=\"ipsQuote\" data-ipsquote-contentcommentid=\"85116\" data-ipsquote-contentapp=\"forums\" data-ipsquote-contenttype=\"forums\" data-ipsquote-contentclass=\"forums_Topic\" data-ipsquote-contentid=\"11087\" data-ipsquote-username=\"Jaiz\" data-cite=\"Jaiz\" data-ipsquote-timestamp=\"1377005999\" ><div ><p >That was in Ep1? Lol but in ep2 i havent seen that yet.</p></div></blockquote>oh nvm thought it was ep1"
        },
        {
            "id": 85131,
            "timestamp": 1377016348,
            "author": {
                "id": 1503,
                "name": "Paramount",
                "image": null
            },
            "comment": "\n<blockquote data-ipsquote=\"\" class=\"ipsQuote\" data-ipsquote-contentcommentid=\"85117\" data-ipsquote-contentapp=\"forums\" data-ipsquote-contenttype=\"forums\" data-ipsquote-contentclass=\"forums_Topic\" data-ipsquote-contentid=\"11087\" data-ipsquote-username=\"Nymphetamine\" data-cite=\"Nymphetamine\" data-ipsquote-timestamp=\"1377006590\" ><div ><div ><p >oh nvm thought it was ep1</p></div></div></blockquote>\n<p >Egh thats EP2 section :P</p>\n<p >Spawn can be changed in the <u ><strong >t_zonedata</strong></u> table.</p>\n"
        },
        {
            "id": 85138,
            "timestamp": 1377027419,
            "author": {
                "id": 18312,
                "name": "Assasin",
                "image": null
            },
            "comment": "\n<blockquote data-ipsquote=\"\" class=\"ipsQuote\" data-ipsquote-contentcommentid=\"85131\" data-ipsquote-contentapp=\"forums\" data-ipsquote-contenttype=\"forums\" data-ipsquote-contentclass=\"forums_Topic\" data-ipsquote-contentid=\"11087\" data-ipsquote-username=\"Paramount\" data-cite=\"Paramount\" data-ipsquote-timestamp=\"1377016348\" ><div ><div >\n<p >Egh thats EP2 section :P</p>\n<p >Spawn can be changed in the <u ><strong >t_zonedata</strong></u> table.</p>\n</div></div></blockquote>\n<p >t_zonedata -> ??? Tabele??</p>\n"
        },
        {
            "id": 85141,
            "timestamp": 1377029173,
            "author": {
                "id": 1503,
                "name": "Paramount",
                "image": null
            },
            "comment": "\n<blockquote data-ipsquote=\"\" class=\"ipsQuote\" data-ipsquote-contentcommentid=\"85138\" data-ipsquote-contentapp=\"forums\" data-ipsquote-contenttype=\"forums\" data-ipsquote-contentclass=\"forums_Topic\" data-ipsquote-contentid=\"11087\" data-ipsquote-username=\"Assasin\" data-cite=\"Assasin\" data-ipsquote-timestamp=\"1377027419\" ><div ><div ><p >t_zonedata -> ??? Tabele??</p></div></div></blockquote>\n<p >You gotta find it yourself, I havent ever worked on it, just know that spawn can be changed in that table.</p>\n<p ><img alt=\"Iw7wM79.png\" src=\"https://i.imgur.com/Iw7wM79.png\" /></p>\n"
        },
        {
            "id": 85143,
            "timestamp": 1377030474,
            "author": {
                "id": 18312,
                "name": "Assasin",
                "image": null
            },
            "comment": "\n<p >Okey Thx You The best !!!</p>\n<p > </p>\n<p >Topic Close :-) </p>\n"
        },
        {
            "id": 85145,
            "timestamp": 1377032644,
            "author": {
                "id": 1503,
                "name": "Paramount",
                "image": null
            },
            "comment": "<p >Solved = moved & closed!</p>"
        }
    ]
}