{
    "meta": {
        "threadId": 11090,
        "threadName": "Tarian Dungeon... again :P",
        "dateCreated": "2013-08-19T06:29:38+0000",
        "datePublished": "2013-08-19T06:29:38+0000",
        "pageCount": 1,
        "originalUrl": "https://lckb.dev/forum/index.php?/topic/11090-tarian-dungeon-again-p/",
        "authorId": 16931,
        "position": [
            {
                "@type": "ListItem",
                "position": 1,
                "item": {
                    "@id": "https://lckb.dev/forum/index.php?/forum/258-release-zone/",
                    "name": "Release Zone"
                }
            },
            {
                "@type": "ListItem",
                "position": 2,
                "item": {
                    "@id": "https://lckb.dev/forum/index.php?/forum/336-general-releases/",
                    "name": "General Releases"
                }
            },
            {
                "@type": "ListItem",
                "position": 3,
                "item": {
                    "@id": "https://lckb.dev/forum/index.php?/forum/288-general-client-releases/",
                    "name": "General Client Releases"
                }
            }
        ]
    },
    "commentData": [
        {
            "id": 84988,
            "timestamp": 1376893778,
            "author": {
                "id": 16931,
                "name": "Walletman987",
                "image": null
            },
            "comment": "\n<p ><p ><a href=\"http://filebeam.com/4b7354ef27d4394d09e84e8fb43beced\" rel=\"external nofollow\" >http://filebeam.com/4b7354ef27d4394d09e84e8fb43beced</a><br /></p>\n<p ><br /></p>\n<p ><br /></p>\n<p ><br /></p>\n<p ><span style=\"font-size:18px;\" ><span style=\"font-family:comic sans ms;\" >Link analized by CyberClaus, Status : <span style=\"color:#008000;\" >Clean</span></span></span></p></p>\n"
        },
        {
            "id": 84991,
            "timestamp": 1376903513,
            "author": {
                "id": 4544,
                "name": "franlunac",
                "image": null
            },
            "comment": "<p >i will like u post a little guide about how to insert it on our client and server files thx for the release</p>"
        },
        {
            "id": 84999,
            "timestamp": 1376908867,
            "author": {
                "id": 2167,
                "name": "dethunter12",
                "image": null
            },
            "comment": "<p >why was it deleted in the first place?</p>"
        },
        {
            "id": 85005,
            "timestamp": 1376910712,
            "author": {
                "id": 6038,
                "name": "RomainLastChaos",
                "image": null
            },
            "comment": "<p >because is a leaked files ....</p>"
        },
        {
            "id": 85006,
            "timestamp": 1376911469,
            "author": {
                "id": 1503,
                "name": "Paramount",
                "image": null
            },
            "comment": "\n<blockquote data-ipsquote=\"\" class=\"ipsQuote\" data-ipsquote-contentcommentid=\"85005\" data-ipsquote-contentapp=\"forums\" data-ipsquote-contenttype=\"forums\" data-ipsquote-contentclass=\"forums_Topic\" data-ipsquote-contentid=\"11090\" data-ipsquote-username=\"Era\" data-cite=\"Era\" data-ipsquote-timestamp=\"1376910712\" ><div ><div ><p >because is a leaked files ....</p></div></div></blockquote>\n<p >Leaked from Barunson? Good point.</p>\n"
        },
        {
            "id": 85008,
            "timestamp": 1376912276,
            "author": {
                "id": 6038,
                "name": "RomainLastChaos",
                "image": null
            },
            "comment": "\n<blockquote data-ipsquote=\"\" class=\"ipsQuote\" data-ipsquote-contentcommentid=\"85006\" data-ipsquote-contentapp=\"forums\" data-ipsquote-contenttype=\"forums\" data-ipsquote-contentclass=\"forums_Topic\" data-ipsquote-contentid=\"11090\" data-ipsquote-username=\"Paramount\" data-cite=\"Paramount\" data-ipsquote-timestamp=\"1376911469\" ><div ><div ><p >Leaked from Barunson? Good point.</p></div></div></blockquote>\n<p >no well the source database was my old local server today i have an doubt about this realese i have donwload it and see it was from me  when i have helped him to setup  the server he have i have helped him about that dungeon  and so now i have see he realese the files on the community board i know people like it but in my points if the work of everyone was leaked  the community will be bad as i know is not the first files leaked well i know in one points i have make ***** when i have helped him on this dungeon but so now i know  no trust again anymore on anyone.</p>\n"
        },
        {
            "id": 85009,
            "timestamp": 1376912338,
            "author": {
                "id": 17432,
                "name": "Nymphetamine",
                "image": null
            },
            "comment": "<p >Well i take the link away til when this situation dont get clear.</p>"
        },
        {
            "id": 85041,
            "timestamp": 1376925989,
            "author": {
                "id": 6967,
                "name": "GuXz",
                "image": null
            },
            "comment": "\n<p >Leaked files. Lol</p>\n<p > </p>\n<p >All files is from leak, we are not can be created original files ^^</p>\n"
        },
        {
            "id": 85042,
            "timestamp": 1376926089,
            "author": {
                "id": 17432,
                "name": "Nymphetamine",
                "image": null
            },
            "comment": "\n<blockquote data-ipsquote=\"\" class=\"ipsQuote\" data-ipsquote-contentcommentid=\"85041\" data-ipsquote-contentapp=\"forums\" data-ipsquote-contenttype=\"forums\" data-ipsquote-contentclass=\"forums_Topic\" data-ipsquote-contentid=\"11090\" data-ipsquote-username=\"GuXz\" data-cite=\"GuXz\" data-ipsquote-timestamp=\"1376925989\" ><div ><div >\n<p >Leaked files. Lol</p>\n<p > </p>\n<p >All files is from leak, we are not can be created original files ^^<span style=\"font-size:14px;\" > </span></p>\n</div></div></blockquote>\n<p > </p>\n<p >A thing is leak from official servers like all do ,a thing is leak from others work.</p>\n"
        },
        {
            "id": 85054,
            "timestamp": 1376934027,
            "author": {
                "id": 5184,
                "name": "fonsy84",
                "image": null
            },
            "comment": "\n<p >this is me private release ... -.- DrGenius can confimated.</p>\n<p > </p>\n<p >this is the second time this guy post link here . whit me files.</p>\n"
        },
        {
            "id": 85055,
            "timestamp": 1376935326,
            "author": {
                "id": 2167,
                "name": "dethunter12",
                "image": null
            },
            "comment": "<p >guess ya know how it felt when you release vals map :D</p>"
        },
        {
            "id": 85076,
            "timestamp": 1376949774,
            "author": {
                "id": 16931,
                "name": "Walletman987",
                "image": null
            },
            "comment": "<p >I actually didnt know who gave it to me,  sorry @<a contenteditable=\"false\" rel=\"\" ></a> and who ever else is mad at me.  Go ahead and delete this post, and give me some warning posts if you must.</p>"
        },
        {
            "id": 85078,
            "timestamp": 1376949993,
            "author": {
                "id": null,
                "name": "Guest Johnny5",
                "image": null
            },
            "comment": "\n<p >Topic Closed by a moderator.</p>\n<p >Ill think about if give you warnings or not.</p>\n"
        },
        {
            "id": 86253,
            "timestamp": 1378208780,
            "author": {
                "id": 17432,
                "name": "Nymphetamine",
                "image": null
            },
            "comment": "\n<p >Re-opened and cleaned.</p>\n<p >This is a map and ofc its not work of people but of barunson/aeria games. So i dont see point of say its ur work.</p>\n"
        },
        {
            "id": 86289,
            "timestamp": 1378265939,
            "author": {
                "id": 17858,
                "name": "Canton",
                "image": null
            },
            "comment": "<p >Congratulations... a empty sat-File  -_-</p>"
        },
        {
            "id": 86967,
            "timestamp": 1379201993,
            "author": {
                "id": 17582,
                "name": "CDWriter",
                "image": null
            },
            "comment": "\n<p >They can always rip it from my NEW release since i did have permission from Ucaff to release it to public ....just do some work and you have it ...its not hard ....</p>\n<p > </p>\n<p > </p>\n<p >CDWriter</p>\n"
        }
    ]
}