{
    "meta": {
        "threadId": 11104,
        "threadName": "Complete DataBase v10 by CDWriter",
        "dateCreated": "2013-08-20T07:10:24+0000",
        "datePublished": "2013-08-20T07:10:24+0000",
        "pageCount": 2,
        "originalUrl": "https://lckb.dev/forum/index.php?/topic/11104-complete-database-v10-by-cdwriter/",
        "authorId": 17582,
        "position": [
            {
                "@type": "ListItem",
                "position": 1,
                "item": {
                    "@id": "https://lckb.dev/forum/index.php?/forum/258-release-zone/",
                    "name": "Release Zone"
                }
            },
            {
                "@type": "ListItem",
                "position": 2,
                "item": {
                    "@id": "https://lckb.dev/forum/index.php?/forum/325-episode-2-releases/",
                    "name": "Episode 2 Releases"
                }
            },
            {
                "@type": "ListItem",
                "position": 3,
                "item": {
                    "@id": "https://lckb.dev/forum/index.php?/forum/125-server-side/",
                    "name": "Server Side"
                }
            }
        ]
    },
    "commentData": [
        {
            "id": 85087,
            "timestamp": 1376982624,
            "author": {
                "id": 17582,
                "name": "CDWriter",
                "image": null
            },
            "comment": "\n<p ><span style=\"color:rgb(51,51,51);font-family:Verdana, Arial;font-size:13px;\" >V10</span><br /><span style=\"color:rgb(51,51,51);font-family:Verdana, Arial;font-size:13px;\" >***</span><br /><br /><span style=\"color:rgb(51,51,51);font-family:Verdana, Arial;font-size:13px;\" >Hello community</span><br /><br /><span style=\"color:rgb(51,51,51);font-family:Verdana, Arial;font-size:13px;\" >Here i release another complete sql release COMPLETE meaning with client data files to match.</span><br /><span style=\"color:rgb(51,51,51);font-family:Verdana, Arial;font-size:13px;\" >These files are for the Centos USA last chaos release and should be compatible to gamegos release with a little change.</span><br /><br /><span style=\"color:rgb(51,51,51);font-family:Verdana, Arial;font-size:13px;\" >Accounts</span><br /><span style=\"color:rgb(51,51,51);font-family:Verdana, Arial;font-size:13px;\" >** ******</span><br /><span style=\"color:rgb(51,51,51);font-family:Verdana, Arial;font-size:13px;\" >There will be 1 account for this release, by now you all know how to add a account... also at this point you need to either delete the account steve and start with your own our leave steve there to get started. You also need to remove all the toons, and all there reference.</span><br /><span style=\"color:rgb(51,51,51);font-family:Verdana, Arial;font-size:13px;\" >ill add LastChaos Password Hasher (by fabi202cool) a file needed to create one and get you started..</span><br /><br /><span style=\"color:rgb(51,51,51);font-family:Verdana, Arial;font-size:13px;\" >Thanks everyone who helped, and everyone who has release public tools, anything in this release has the Authors name of who gave it to me our from where i got it,  Except for Me my name is only on the forum i will not add my name or anything to it ...</span><br /><br /><span style=\"color:rgb(51,51,51);font-family:Verdana, Arial;font-size:13px;\" >As for what was done this time.</span><br /><br /><span style=\"color:rgb(51,51,51);font-family:Verdana, Arial;font-size:13px;\" >RELEASE v10</span><br /><span style=\"color:rgb(51,51,51);font-family:Verdana, Arial;font-size:13px;\" >-------------</span><br /><br /><span style=\"color:rgb(51,51,51);font-family:Verdana, Arial;font-size:13px;\" >Fixed Invis bug.</span><br /><span style=\"color:rgb(51,51,51);font-family:Verdana, Arial;font-size:13px;\" >Few skill fixes. (again)</span><br /><span style=\"color:rgb(51,51,51);font-family:Verdana, Arial;font-size:13px;\" >Fixed Elephant stats to match Official server.</span><br /><span style=\"color:rgb(51,51,51);font-family:Verdana, Arial;font-size:13px;\" >Created a new ItemBtn16.tex to include ItemBtn17.tex and ItemBtn18.tex (Image Below)</span><br /><span style=\"color:rgb(51,51,51);font-family:Verdana, Arial;font-size:13px;\" >Went Back and re-added all the new icons to the original items.</span><br /><span style=\"color:rgb(51,51,51);font-family:Verdana, Arial;font-size:13px;\" >Added 285 New jewels.</span><br /><span style=\"color:rgb(51,51,51);font-family:Verdana, Arial;font-size:13px;\" >(although we cant use them based off the offical server, they still could be used like Normal Jewels.)</span><br /><span style=\"color:rgb(51,51,51);font-family:Verdana, Arial;font-size:13px;\" >(New Pet Jewels where added but are not Implemented in the Server files released)</span><br /><br /><span style=\"color:rgb(51,51,51);font-family:Verdana, Arial;font-size:13px;\" >If you see anything wrong with anything i might have done please let me now.</span><br /><br /><span style=\"color:rgb(51,51,51);font-family:Verdana, Arial;font-size:13px;\" >**Extras</span><br /><span style=\"color:rgb(51,51,51);font-family:Verdana, Arial;font-size:13px;\" >-----------</span><br /><span style=\"color:rgb(51,51,51);font-family:Verdana, Arial;font-size:13px;\" >GSEditor <-- add a GS editor Thanks Wizatek for this public release.. Offsets from forum posts.</span><br /><span style=\"color:rgb(51,51,51);font-family:Verdana, Arial;font-size:13px;\" >Time Stamp <-- Used to get a Correct Unix time for t_lc_time / Newproject_db needs to be there for Automation of Ranking list.</span><br /><span style=\"color:rgb(51,51,51);font-family:Verdana, Arial;font-size:13px;\" >GameServer_d(USA) Newer___My Gameserver Lvl 180 gm 186 <-- WHAT i use so i can level to 180.</span><br /><span style=\"color:rgb(51,51,51);font-family:Verdana, Arial;font-size:13px;\" >GameServer_d(USA) Newer.rar <-- Original release by blankname.</span><br /><span style=\"color:rgb(51,51,51);font-family:Verdana, Arial;font-size:13px;\" >Readme for GameServer_d(USA) Newer.txt <-- Explains all about the Rar file also has all the OFFSETS by Blankname and Buff Npc Offsets where given by Douglas Origens.</span><br /><br /><span style=\"color:rgb(51,51,51);font-family:Verdana, Arial;font-size:13px;\" >**Notes</span><br /><span style=\"color:rgb(51,51,51);font-family:Verdana, Arial;font-size:13px;\" >----------</span><br /><span style=\"color:rgb(51,51,51);font-family:Verdana, Arial;font-size:13px;\" >I will not add editors to this release. but i could give you a list of the public ones i used. </span><br /><br /><br /><span style=\"color:rgb(51,51,51);font-family:Verdana, Arial;font-size:13px;\" >Just remember i will reply to your post to understand the error better its not me attacking you in any way, Just need to understand how you worded the mistake...</span><br /><br /><span style=\"color:rgb(51,51,51);font-family:Verdana, Arial;font-size:13px;\" >Special thanks to Public Tool Designers, Wizatek, Hateme, Bash, Falo, and all the others i might have missed...</span><br /><br /><span style=\"color:rgb(51,51,51);font-family:Verdana, Arial;font-size:13px;\" >As long as there error reports ill keep releasing these bases ...something simple ill add the sql fix to this topic..</span><br /><br /><br /><span style=\"color:rgb(51,51,51);font-family:Verdana, Arial;font-size:13px;\" >To DOWNLOAD this 10th release file go here: -->   </span><a href=\"https://mega.co.nz/#!lFRAGDbD!SuIR9xPDneCbMq-F7GkwxH-j9-dMHLyEeNmKi4aPI\" rel=\"external nofollow\" >V10 Release</a><br /><span style=\"color:rgb(51,51,51);font-family:Verdana, Arial;font-size:13px;\" >My Server Files: -->   </span><a href=\"https://mega.co.nz/#!gBZUFBBT!R6gSSnIh1OA78ya7wSjCrVdc4xG28F-Mf9Lw4wFI\" rel=\"external nofollow\" >Server</a><br /><br /><br /><span style=\"color:rgb(51,51,51);font-family:Verdana, Arial;font-size:13px;\" >Simple WAY to get a client</span><br /><span style=\"color:rgb(51,51,51);font-family:Verdana, Arial;font-size:13px;\" >*********************************</span><br /><span style=\"color:rgb(51,51,51);font-family:Verdana, Arial;font-size:13px;\" >1. In Theory so far it looks like any USA client will work just update fully.</span><br /><br /><span style=\"color:rgb(51,51,51);font-family:Verdana, Arial;font-size:13px;\" >2. This UPDATED folder will be your NEW client..</span><br /><br /><span style=\"color:rgb(51,51,51);font-family:Verdana, Arial;font-size:13px;\" >3. Now Open my release u will see USA Files and Extras goto USA files copy the folders to the new client, BIN and DATA folders you must copy the content of each of them over into the same folders.</span><br /><br /><span style=\"color:rgb(51,51,51);font-family:Verdana, Arial;font-size:13px;\" >4. At this point you should be 100% compatible to my SQL. As long as you used the Extra folder and the GS in there. Steve account has 1 - 180 character and can support up to 8. if you can not get to this toon then you did not follow all what i put here in this new release... start again.</span><br /><br /><span style=\"color:rgb(51,51,51);font-family:Verdana, Arial;font-size:13px;\" >For every account you make you need to do the following to get the 8 character slot working. Lets get the 8 Character creation started ...Go into newproject_db find table t_extendcharslot and add in your char number (take from newproject_db_auth / bg_user - column user_code) date it starts and date it ends. I added my account name there for a reference. (Temp for now till someone figures the in-game item out).</span><br /><br /><span style=\"color:rgb(51,51,51);font-family:Verdana, Arial;font-size:13px;\" >5 Why did i not think of this before, This way we are using USA last chaos download sites for our NEW client and make it simple i always say.........</span><br /><br /><span style=\"color:rgb(51,51,51);font-family:Verdana, Arial;font-size:13px;\" >I have tested this myself and all works great, and still using it this way... any issues please let me now ...sorry for all the confusion before..</span><br /><br /><br /><span style=\"color:rgb(51,51,51);font-family:Verdana, Arial;font-size:13px;\" >Please REPORT ERRORS CANT fix what i dont know of....</span><br /><br /><span style=\"color:rgb(51,51,51);font-family:Verdana, Arial;font-size:13px;\" >If you have any issues getting it started or loading the database please post it in the help section.</span><br /><br /><span style=\"color:rgb(51,51,51);font-family:Verdana, Arial;font-size:13px;\" >Client -->  </span><a href=\"https://mega.co.nz/#!gcJFGToJ!Zudrqw3wLLTFsnUEz42WqhBZMalkd-fiqdaSru5ca-Q\" rel=\"external nofollow\" >Client</a><br /><br /><span style=\"color:rgb(51,51,51);font-family:Verdana, Arial;font-size:13px;\" >Thanks to dethunter12 for this client upload..</span><br /><br /><br /><br /><span style=\"color:rgb(51,51,51);font-family:Verdana, Arial;font-size:13px;\" >CDWriter</span></p>\n<p > </p>\n<p ><span style=\"color:rgb(51,51,51);font-family:Verdana, Arial;font-size:13px;\" ><img alt=\"znri.jpg\" src=\"https://img809.imageshack.us/img809/8256/znri.jpg\" /></span></p>\n\n\n\t\t\t\n\t\t\t\t\n\n<span class=\"ipsType_reset ipsType_medium ipsType_light\" data-excludequote=\"None\" >\n\t<strong >Edited <time datetime=\"2014-03-03T00:45:05Z\" title=\"03/03/2014 12:45  AM\" data-short=\"6 yr\" >March 3, 2014</time> by CDWriter</strong>\n\t\n\t\n</span>\n\t\t\t\n\t\t</div>"
        },
        {
            "id": 85088,
            "timestamp": 1376990385,
            "author": {
                "id": 17432,
                "name": "Nymphetamine",
                "image": null
            },
            "comment": "\n<p >Apporved by Nymphetamine.</p>\n<p >Status:Clean.</p>\n<p > </p>\n<p > </p>\n<p >Thank you.</p>\n"
        },
        {
            "id": 85103,
            "timestamp": 1376993653,
            "author": {
                "id": 18525,
                "name": "Lisana",
                "image": null
            },
            "comment": "\n<p >GREAT RELEASE ; THANKS !!!</p>\n<p > </p>\n<p >Edit :</p>\n<p > </p>\n<p >To all \"thanker\" pls press thanks , if u like his release :D.</p>\n\n\n\t\t\t\n\t\t\t\t\n\n<span class=\"ipsType_reset ipsType_medium ipsType_light\" data-excludequote=\"None\" >\n\t<strong >Edited <time datetime=\"2013-08-20T10:14:41Z\" title=\"08/20/2013 10:14  AM\" data-short=\"7 yr\" >August 20, 2013</time> by Lisana</strong>\n\t\n\t\n</span>\n\t\t\t\n\t\t</div>"
        },
        {
            "id": 85134,
            "timestamp": 1377020637,
            "author": {
                "id": 17582,
                "name": "CDWriter",
                "image": null
            },
            "comment": "\n<p >The New jewels need to be added to Npc to drop ...our you could create a Vendor with them all ..... I added 1 and 15 to to RogueMe on Steve .... Every 2  jewel has a set of 15 but iam only showing 2 of the 15 ....all 15 jewels are there with stats based off <a href=\"http://lastchaosinfo.wikifoundry.com/page/Available+Jewels?t=anon\" rel=\"external nofollow\" >http://lastchaosinfo.wikifoundry.com/page/Available+Jewels?t=anon</a>  on this site these jewels are called </p>\tGeneral Jewels  ..<p > </p>\n<p ><img alt=\"gutu.jpg\" src=\"https://img716.imageshack.us/img716/7899/gutu.jpg\" /></p>\n\n\n\t\t\t\n\t\t\t\t\n\n<span class=\"ipsType_reset ipsType_medium ipsType_light\" data-excludequote=\"None\" >\n\t<strong >Edited <time datetime=\"2013-08-20T19:08:36Z\" title=\"08/20/2013 07:08  PM\" data-short=\"7 yr\" >August 20, 2013</time> by CDWriter</strong>\n\t\n\t\n</span>\n\t\t\t\n\t\t</div>"
        },
        {
            "id": 85146,
            "timestamp": 1377034285,
            "author": {
                "id": 16545,
                "name": "rifaas",
                "image": null
            },
            "comment": "<p >Do you fix lvl65 weapon atack speed? and some people say that they cant resurrect horse.</p>"
        },
        {
            "id": 85148,
            "timestamp": 1377035403,
            "author": {
                "id": 17582,
                "name": "CDWriter",
                "image": null
            },
            "comment": "<p >First time ive heard of this. Explian plz about both of these so if there is any isssue i can fix it </p>"
        },
        {
            "id": 85150,
            "timestamp": 1377037438,
            "author": {
                "id": 16931,
                "name": "Walletman987",
                "image": null
            },
            "comment": "\n<blockquote data-ipsquote=\"\" class=\"ipsQuote\" data-ipsquote-contentcommentid=\"85148\" data-ipsquote-contentapp=\"forums\" data-ipsquote-contenttype=\"forums\" data-ipsquote-contentclass=\"forums_Topic\" data-ipsquote-contentid=\"11104\" data-ipsquote-username=\"CDWriter\" data-cite=\"CDWriter\" data-ipsquote-timestamp=\"1377035403\" ><div ><div ><p >First time ive heard of this. Explian plz about both of these so if there is any isssue i can fix it</p></div></div></blockquote>\n<p >For the lvl 65 wep, I think its an issue with the flags and num0,1,2,3, and so on, I have it all fixed if you want me itemall.</p>\n"
        },
        {
            "id": 85154,
            "timestamp": 1377039643,
            "author": {
                "id": 17582,
                "name": "CDWriter",
                "image": null
            },
            "comment": "<p >Sure pm me the file ..and its all of the lvl 65 weps only ...???? This msy help but does not tell me the issue?</p>"
        },
        {
            "id": 85155,
            "timestamp": 1377039986,
            "author": {
                "id": 16931,
                "name": "Walletman987",
                "image": null
            },
            "comment": "\n<blockquote data-ipsquote=\"\" class=\"ipsQuote\" data-ipsquote-contentcommentid=\"85154\" data-ipsquote-contentapp=\"forums\" data-ipsquote-contenttype=\"forums\" data-ipsquote-contentclass=\"forums_Topic\" data-ipsquote-contentid=\"11104\" data-ipsquote-username=\"CDWriter\" data-cite=\"CDWriter\" data-ipsquote-timestamp=\"1377039643\" ><div ><div ><p >Sure pm me the file ..and its all of the lvl 65 weps only ...???? This msy help but does not tell me the issue?</p></div></div></blockquote>\n<p >If youre asking me, I didnt tell you what the issue was lol.</p>\n"
        },
        {
            "id": 85157,
            "timestamp": 1377040875,
            "author": {
                "id": 17582,
                "name": "CDWriter",
                "image": null
            },
            "comment": "<p >Sorrt waletman ...iam on my cell at work ..i mean the isssue with what u said above is All lvl 65 weps only ? our more</p>"
        },
        {
            "id": 85158,
            "timestamp": 1377042190,
            "author": {
                "id": 16931,
                "name": "Walletman987",
                "image": null
            },
            "comment": "\n<blockquote data-ipsquote=\"\" class=\"ipsQuote\" data-ipsquote-contentcommentid=\"85157\" data-ipsquote-contentapp=\"forums\" data-ipsquote-contenttype=\"forums\" data-ipsquote-contentclass=\"forums_Topic\" data-ipsquote-contentid=\"11104\" data-ipsquote-username=\"CDWriter\" data-cite=\"CDWriter\" data-ipsquote-timestamp=\"1377040875\" ><div ><div ><p >Sorrt waletman ...iam on my cell at work ..i mean the isssue with what u said above is All lvl 65 weps only ? our more</p></div></div></blockquote>\n<p >Not sure, ask the guy that told you about the issue.</p>\n"
        },
        {
            "id": 85159,
            "timestamp": 1377043476,
            "author": {
                "id": 6967,
                "name": "GuXz",
                "image": null
            },
            "comment": "<p >Wallet I want :d</p>"
        },
        {
            "id": 85160,
            "timestamp": 1377044207,
            "author": {
                "id": 16931,
                "name": "Walletman987",
                "image": null
            },
            "comment": "\n<blockquote data-ipsquote=\"\" class=\"ipsQuote\" data-ipsquote-contentcommentid=\"85159\" data-ipsquote-contentapp=\"forums\" data-ipsquote-contenttype=\"forums\" data-ipsquote-contentclass=\"forums_Topic\" data-ipsquote-contentid=\"11104\" data-ipsquote-username=\"GuXz\" data-cite=\"GuXz\" data-ipsquote-timestamp=\"1377043476\" ><div ><div ><p >Wallet I want :D</p></div></div></blockquote>\n<p >Wait for CDWriter to give you guys the fix, or just go to my website and download my game.</p>\n"
        },
        {
            "id": 85161,
            "timestamp": 1377045032,
            "author": {
                "id": 17582,
                "name": "CDWriter",
                "image": null
            },
            "comment": "<p >well sorry i assumed u knew what was wrong from your reply sorry i asked...</p>"
        },
        {
            "id": 85162,
            "timestamp": 1377046181,
            "author": {
                "id": 16931,
                "name": "Walletman987",
                "image": null
            },
            "comment": "\n<blockquote data-ipsquote=\"\" class=\"ipsQuote\" data-ipsquote-contentcommentid=\"85161\" data-ipsquote-contentapp=\"forums\" data-ipsquote-contenttype=\"forums\" data-ipsquote-contentclass=\"forums_Topic\" data-ipsquote-contentid=\"11104\" data-ipsquote-username=\"CDWriter\" data-cite=\"CDWriter\" data-ipsquote-timestamp=\"1377045032\" ><div ><div ><p >well sorry i assumed u knew what was wrong from your reply sorry i asked...</p></div></div></blockquote>\n<p >Its the Num0,1,2,3 and flags.</p>\n<p > </p>\n<p >You can use this as an example</p>\n<p ><a href=\"http://grabilla.com/03815-ff9e4e87-5ab7-4462-8357-4646042f6bcd.html#\" rel=\"external nofollow\" >http://grabilla.com/03815-ff9e4e87-5ab7-4462-8357-4646042f6bcd.html#</a></p>\n"
        },
        {
            "id": 85178,
            "timestamp": 1377063194,
            "author": {
                "id": 17582,
                "name": "CDWriter",
                "image": null
            },
            "comment": "\n<p >@<a contenteditable=\"false\" data-ipshover=\"\" href=\"https://lckb.dev/forum/index.php?/profile/16931-walletman987/\" data-ipshover-target=\"https://lckb.dev/forum/index.php?/profile/16931-walletman987/&do=hovercard\" data-mentionid=\"16931\" rel=\"\" >@Walletman987</a> what you have and your example is 10000% the same thing that i have ? ...so i am wondering if there is even a issue ....</p>\n<p > </p>\n<p >@<a contenteditable=\"false\" data-ipshover=\"\" href=\"https://lckb.dev/forum/index.php?/profile/16545-rifaas/\" data-ipshover-target=\"https://lckb.dev/forum/index.php?/profile/16545-rifaas/&do=hovercard\" data-mentionid=\"16545\" rel=\"\" >@rifaas</a> Ok going through all items from 1136 - 1146  is the issue will be fixed in v11 .... ill look into the horse but can you be more exact of what horse our pony ? </p>\n<p > </p>\n<p >Hmmm maybe i should not add replys here from my phone ..</p>\n<p > </p>\n<p >I still DONT understand this community.... we are at v10 and this is finally reported briefly ... you think someone would have said something like v2 .....     Glade i do this for fun.....</p>\n\n\n\t\t\t\n\t\t\t\t\n\n<span class=\"ipsType_reset ipsType_medium ipsType_light\" data-excludequote=\"None\" >\n\t<strong >Edited <time datetime=\"2013-08-21T06:02:02Z\" title=\"08/21/2013 06:02  AM\" data-short=\"7 yr\" >August 21, 2013</time> by CDWriter</strong>\n\t\n\t\n</span>\n\t\t\t\n\t\t</div>"
        },
        {
            "id": 85184,
            "timestamp": 1377065783,
            "author": {
                "id": 16931,
                "name": "Walletman987",
                "image": null
            },
            "comment": "\n<blockquote data-ipsquote=\"\" class=\"ipsQuote\" data-ipsquote-contentcommentid=\"85178\" data-ipsquote-contentapp=\"forums\" data-ipsquote-contenttype=\"forums\" data-ipsquote-contentclass=\"forums_Topic\" data-ipsquote-contentid=\"11104\" data-ipsquote-username=\"CDWriter\" data-cite=\"CDWriter\" data-ipsquote-timestamp=\"1377063194\" ><div ><div >\n<p >@<a contenteditable=\"false\" data-ipshover=\"\" href=\"https://lckb.dev/forum/index.php?/profile/16931-walletman987/\" data-ipshover-target=\"https://lckb.dev/forum/index.php?/profile/16931-walletman987/&do=hovercard\" data-mentionid=\"16931\" rel=\"\" >@Walletman987</a> what you have and your example is 10000% the same thing that i have ? ...so i am wondering if there is even a issue ....</p>\n<p > </p>\n<p >@<a contenteditable=\"false\" data-ipshover=\"\" href=\"https://lckb.dev/forum/index.php?/profile/16545-rifaas/\" data-ipshover-target=\"https://lckb.dev/forum/index.php?/profile/16545-rifaas/&do=hovercard\" data-mentionid=\"16545\" rel=\"\" >@rifaas</a> Ok going through all items from 1136 - 1146  is the issue will be fixed in v11 .... ill look into the horse but can you be more exact of what horse our pony ? </p>\n<p > </p>\n<p >Hmmm maybe i should not add replys here from my phone ..</p>\n<p > </p>\n<p >I still DONT understand this community.... we are at v10 and this is finally reported briefly ... you think someone would have said something like v2 .....     Glade i do this for fun.....</p>\n</div></div></blockquote>\n<p >Not sure, I guess they left it just for this specific time to make you mad :P</p>\n"
        },
        {
            "id": 85185,
            "timestamp": 1377067651,
            "author": {
                "id": 17582,
                "name": "CDWriter",
                "image": null
            },
            "comment": "<p >@<a contenteditable=\"false\" data-ipshover=\"\" href=\"https://lckb.dev/forum/index.php?/profile/16931-walletman987/\" data-ipshover-target=\"https://lckb.dev/forum/index.php?/profile/16931-walletman987/&do=hovercard\" data-mentionid=\"16931\" rel=\"\" >@Walletman987</a> its all good , i should know better to browse with my cell phone at work.... Fix is on my forum ...</p>"
        },
        {
            "id": 85191,
            "timestamp": 1377074958,
            "author": {
                "id": 2167,
                "name": "dethunter12",
                "image": null
            },
            "comment": "<p >---------------------------------<br />---------------------------------<br />*8/21/2013 finds<br />---------------------------------<br />---------------------------------<br />items in Pet Merchant Polly<br />items give cancelled transaction<br />[P2]Mossy Iron hammer<br />[P2]Mossy Iron healm<br />[P2]Mossy iron armor<br />Charm of Malden<br />Crystal Claw<br />Rope of Storm<br />Crystal Teeth<br />Charm of Kasha<br />Olivine claw<br />Rope of Gaurd<br />Olivine Teeth<br />Charm of Suerele<br />Luzinite Claw<br />Rope of Mana<br />Luzinite Teeth<br />Charm of Naiad<br />Hyasinth claw<br />Rope of Knowledge<br />Hyasinth Teeth<br />Blood Ruby Claw<br />Charm of Erisis<br />Blood Ruby Teeth<br />Rope of Hope<br />----------------------------------<br />Merchant nix Transaction Errors location=bloodymir<br /><br />----------------------------------<br />Platinum Small Mana Potion<br />Platinum Small Healing Potion<br />Platinum Medium Healing Potion<br />Platinum Medium Mana Potion<br />---------------------------------<br />---------------------------------<br /> </p>\n\n\t\t\t\n\t\t\t\t\n\n<span class=\"ipsType_reset ipsType_medium ipsType_light\" data-excludequote=\"None\" >\n\t<strong >Edited <time datetime=\"2013-08-21T08:49:53Z\" title=\"08/21/2013 08:49  AM\" data-short=\"7 yr\" >August 21, 2013</time> by dethunter12</strong>\n\t\n\t\n</span>\n\t\t\t\n\t\t</div>"
        },
        {
            "id": 85203,
            "timestamp": 1377081823,
            "author": {
                "id": 1821,
                "name": "Xan",
                "image": null
            },
            "comment": "<p >Nice work ! </p>"
        },
        {
            "id": 85211,
            "timestamp": 1377092754,
            "author": {
                "id": 5853,
                "name": "ucaff",
                "image": null
            },
            "comment": "<p >I think theres many people who only dedicated to criticizing the work but actually do nothing .....</p>"
        },
        {
            "id": 85212,
            "timestamp": 1377093066,
            "author": {
                "id": 2167,
                "name": "dethunter12",
                "image": null
            },
            "comment": "\n<blockquote data-ipsquote=\"\" class=\"ipsQuote\" data-ipsquote-contentcommentid=\"85211\" data-ipsquote-contentapp=\"forums\" data-ipsquote-contenttype=\"forums\" data-ipsquote-contentclass=\"forums_Topic\" data-ipsquote-contentid=\"11104\" data-ipsquote-username=\"ucaff\" data-cite=\"ucaff\" data-ipsquote-timestamp=\"1377092754\" ><div ><div ><p >I think theres many people who only dedicated to criticizing the work but actually do nothing .....</p></div></div></blockquote>\n<p >   were do you see criticizing he wants people to find buggs i went through and found some for him like he has asked</p>\n"
        },
        {
            "id": 85214,
            "timestamp": 1377093909,
            "author": {
                "id": 5853,
                "name": "ucaff",
                "image": null
            },
            "comment": "<p >I do not mean for you ... and I think you understand perfectly to which I refer</p>"
        },
        {
            "id": 85215,
            "timestamp": 1377093979,
            "author": {
                "id": 17432,
                "name": "Nymphetamine",
                "image": null
            },
            "comment": "<p >Discuss about it in PM its not point of topic ;)</p>"
        },
        {
            "id": 85227,
            "timestamp": 1377100753,
            "author": {
                "id": 17289,
                "name": "fafa59",
                "image": null
            },
            "comment": "<p >the ability of the thief skill after 122 lvl 4 not its market and other personally I think even the ability lvl 177 I think that does not otherwise beautiful work :)</p>"
        },
        {
            "id": 85244,
            "timestamp": 1377111721,
            "author": {
                "id": 17582,
                "name": "CDWriter",
                "image": null
            },
            "comment": "\n<p >@<a contenteditable=\"false\" data-ipshover=\"\" href=\"https://lckb.dev/forum/index.php?/profile/2167-dethunter12/\" data-ipshover-target=\"https://lckb.dev/forum/index.php?/profile/2167-dethunter12/&do=hovercard\" data-mentionid=\"2167\" rel=\"\" >@dethunter12</a> thanks you ...</p>\n<p > </p>\n<div >items in Pet Merchant Polly</div>\n<div >items give cancelled transaction</div>\n<div >[P2]Mossy Iron hammer</div>\n<div >[P2]Mossy Iron healm</div>\n<div >[P2]Mossy iron armor</div>\n<div >Charm of Malden</div>\n<div >Crystal Claw</div>\n<div >Rope of Storm</div>\n<div >Crystal Teeth</div>\n<div >Charm of Kasha</div>\n<div >Olivine claw</div>\n<div >Rope of Gaurd</div>\n<div >Olivine Teeth</div>\n<div >Charm of Suerele           Fixed v11 </div>\n<div >Luzinite Claw</div>\n<div >Rope of Mana</div>\n<div >Luzinite Teeth</div>\n<div >Charm of Naiad</div>\n<div >Hyasinth claw</div>\n<div >Rope of Knowledge</div>\n<div >Hyasinth Teeth</div>\n<div >Blood Ruby Claw</div>\n<div >Charm of Erisis</div>\n<div >Blood Ruby Teeth</div>\n<div >Rope of Hope</div>\n<div >----------------------------------</div>\n<div >Merchant nix Transaction Errors location=bloodymir</div>\n<div > </div>\n<div >----------------------------------</div>\n<div >Platinum Small Mana Potion</div>\n<div >Platinum Small Healing Potion      Fixed v11</div>\n<div >Platinum Medium Healing Potion</div>\n<div >Platinum Medium Mana Potion</div>\n<div >---------------------------------</div>\n<div > </div>\n<p > </p>\n<p > </p>\n<p >@<a contenteditable=\"false\" data-ipshover=\"\" href=\"https://lckb.dev/forum/index.php?/profile/17289-fafa59/\" data-ipshover-target=\"https://lckb.dev/forum/index.php?/profile/17289-fafa59/&do=hovercard\" data-mentionid=\"17289\" rel=\"\" >@fafa59</a> Sorry i understand your trying to help ...but please try to tell me the skill names cant fix the skills if you don t give that info ? .... if you need to reply in a different language please PM me i can use google translator .... If this would help ...</p>\n\n\n\t\t\t\n\t\t\t\t\n\n<span class=\"ipsType_reset ipsType_medium ipsType_light\" data-excludequote=\"None\" >\n\t<strong >Edited <time datetime=\"2013-08-21T19:44:27Z\" title=\"08/21/2013 07:44  PM\" data-short=\"7 yr\" >August 21, 2013</time> by CDWriter</strong>\n\t\n\t\n</span>\n\t\t\t\n\t\t</div>"
        },
        {
            "id": 85258,
            "timestamp": 1377120072,
            "author": {
                "id": 2640,
                "name": "Kenpachi",
                "image": null
            },
            "comment": "<p >Nice work once again CD, always doing an amazing job with these :) </p>"
        },
        {
            "id": 85309,
            "timestamp": 1377169567,
            "author": {
                "id": 2167,
                "name": "dethunter12",
                "image": null
            },
            "comment": "\n<p >ice pillar lvl 5 gives unable to learn even though all the conditions match this is a specialist skill by the way maybey its just my side but  i think its a bug can you check @<a contenteditable=\"false\" data-ipshover=\"\" href=\"https://lckb.dev/forum/index.php?/profile/17582-cdwriter/\" data-ipshover-target=\"https://lckb.dev/forum/index.php?/profile/17582-cdwriter/&do=hovercard\" data-mentionid=\"17582\" rel=\"\" >@CDWriter</a></p>\n<p >thunder lvl 5 gives same bug also unable to learn this is a elementalist skill</p>\n\n\n\t\t\t\n\t\t\t\t\n\n<span class=\"ipsType_reset ipsType_medium ipsType_light\" data-excludequote=\"None\" >\n\t<strong >Edited <time datetime=\"2013-08-22T11:26:11Z\" title=\"08/22/2013 11:26  AM\" data-short=\"7 yr\" >August 22, 2013</time> by dethunter12</strong>\n\t\n\t\n</span>\n\t\t\t\n\t\t</div>"
        },
        {
            "id": 85350,
            "timestamp": 1377193908,
            "author": {
                "id": 17582,
                "name": "CDWriter",
                "image": null
            },
            "comment": "<p >@<a contenteditable=\"false\" data-ipshover=\"\" href=\"https://lckb.dev/forum/index.php?/profile/2167-dethunter12/\" data-ipshover-target=\"https://lckb.dev/forum/index.php?/profile/2167-dethunter12/&do=hovercard\" data-mentionid=\"2167\" rel=\"\" >@dethunter12</a> got it thanks </p>"
        },
        {
            "id": 85395,
            "timestamp": 1377256341,
            "author": {
                "id": 16545,
                "name": "rifaas",
                "image": null
            },
            "comment": "\n<blockquote data-ipsquote=\"\" class=\"ipsQuote\" data-ipsquote-contentcommentid=\"85350\" data-ipsquote-contentapp=\"forums\" data-ipsquote-contenttype=\"forums\" data-ipsquote-contentclass=\"forums_Topic\" data-ipsquote-contentid=\"11104\" data-ipsquote-username=\"CDWriter\" data-cite=\"CDWriter\" data-ipsquote-timestamp=\"1377193908\" ><div ><div ><p >@<a contenteditable=\"false\" data-ipshover=\"\" href=\"https://lckb.dev/forum/index.php?/profile/2167-dethunter12/\" data-ipshover-target=\"https://lckb.dev/forum/index.php?/profile/2167-dethunter12/&do=hovercard\" data-mentionid=\"2167\" rel=\"\" >@dethunter12</a> got it thanks </p></div></div></blockquote>\n<p >Sory, i havent time to write you, all lvl65 weapon give you 1 attack speed, so yours attack are like speedhack.</p>\n<p >With pet, all work, sory </p>\n"
        },
        {
            "id": 85396,
            "timestamp": 1377257918,
            "author": {
                "id": 18226,
                "name": "OldHM",
                "image": null
            },
            "comment": "<p >@<a contenteditable=\"false\" data-ipshover=\"\" href=\"https://lckb.dev/forum/index.php?/profile/17582-cdwriter/\" data-ipshover-target=\"https://lckb.dev/forum/index.php?/profile/17582-cdwriter/&do=hovercard\" data-mentionid=\"17582\" rel=\"\" >@CDWriter</a> 7 Days etc. HP Boost Potions just hold for an hour...</p>"
        },
        {
            "id": 85414,
            "timestamp": 1377283304,
            "author": {
                "id": 17582,
                "name": "CDWriter",
                "image": null
            },
            "comment": "\n<p >@<a contenteditable=\"false\" rel=\"\" ></a> ok i went back and revamped the Boost potions ....  And working well ....but there was many tables changed to fix them, they now stay when you log out ....</p>\n<p > </p>\n<p >@<a contenteditable=\"false\" rel=\"\" ></a> pm me and ill send you a fix to try let me know ? </p>\n"
        },
        {
            "id": 85421,
            "timestamp": 1377285548,
            "author": {
                "id": 17582,
                "name": "CDWriter",
                "image": null
            },
            "comment": "<p >@<a contenteditable=\"false\" rel=\"\" ></a>  i hope it helped please let me know ?  off to work</p>"
        },
        {
            "id": 85446,
            "timestamp": 1377322337,
            "author": {
                "id": 17582,
                "name": "CDWriter",
                "image": null
            },
            "comment": "<p >@<a contenteditable=\"false\" rel=\"\" ></a> wow really NO reply even if it worked our NOT for a Section Mod. No wonder no one trys to help all you did was ask how to fix because of let me guess \"becuase Monkey\" ask you too .... Well his smart azz on skpye made me ban him tell him to help his self ....</p>"
        },
        {
            "id": 85452,
            "timestamp": 1377334498,
            "author": {
                "id": 17432,
                "name": "Nymphetamine",
                "image": null
            },
            "comment": "\n<blockquote data-ipsquote=\"\" class=\"ipsQuote\" data-ipsquote-contentcommentid=\"85446\" data-ipsquote-contentapp=\"forums\" data-ipsquote-contenttype=\"forums\" data-ipsquote-contentclass=\"forums_Topic\" data-ipsquote-contentid=\"11104\" data-ipsquote-username=\"CDWriter\" data-cite=\"CDWriter\" data-ipsquote-timestamp=\"1377322337\" ><div ><div ><p >@<a contenteditable=\"false\" rel=\"\" ></a> wow really NO reply even if it worked our NOT for a Section Mod. No wonder no one trys to help all you did was ask how to fix because of let me guess \"becuase Monkey\" ask you too .... Well his smart azz on skpye made me ban him tell him to help his self ....</p></div></div></blockquote>\n<p >Well maybe he just didnt see it.</p>\n"
        },
        {
            "id": 85458,
            "timestamp": 1377341447,
            "author": {
                "id": 2167,
                "name": "dethunter12",
                "image": null
            },
            "comment": "<p >trick swing lvl 5 gives unable to learn skill -Highlander<br />and armor of courage-warmaster gives 3414 hp with  on wetpaint it says it suppose to give 6k</p>"
        },
        {
            "id": 85463,
            "timestamp": 1377354684,
            "author": {
                "id": 18226,
                "name": "OldHM",
                "image": null
            },
            "comment": "\n<blockquote data-ipsquote=\"\" class=\"ipsQuote\" data-ipsquote-contentcommentid=\"85446\" data-ipsquote-contentapp=\"forums\" data-ipsquote-contenttype=\"forums\" data-ipsquote-contentclass=\"forums_Topic\" data-ipsquote-contentid=\"11104\" data-ipsquote-username=\"CDWriter\" data-cite=\"CDWriter\" data-ipsquote-timestamp=\"1377322337\" ><div ><div ><p >@<a contenteditable=\"false\" rel=\"\" ></a> wow really NO reply even if it worked our NOT for a Section Mod. No wonder no one trys to help all you did was ask how to fix because of let me guess \"becuase Monkey\" ask you too .... Well his smart azz on skpye made me ban him tell him to help his self ....</p></div></div></blockquote>\n<p >Im verry sorry, It didnt help I didnt see this because i got mentioned twice and didnt see the second one.</p>\n<p >So Atm it didnt help but im trying to fix it. Sorry for not answering</p>\n"
        },
        {
            "id": 85475,
            "timestamp": 1377365988,
            "author": {
                "id": 17582,
                "name": "CDWriter",
                "image": null
            },
            "comment": "\n<p >@<a contenteditable=\"false\" rel=\"\" ></a>  hmmm with what i gave you i have no issues ....who ever your fixing this for must have a mixed database ....and not my complete DATA tables.....</p>\n<p > </p>\n<p ><img alt=\"rwti.jpg\" src=\"https://img607.imageshack.us/img607/3325/rwti.jpg\" /></p>\n<p > </p>\n<p >and </p>\n<p > </p>\n<p >@<a contenteditable=\"false\" data-ipshover=\"\" href=\"https://lckb.dev/forum/index.php?/profile/2167-dethunter12/\" data-ipshover-target=\"https://lckb.dev/forum/index.php?/profile/2167-dethunter12/&do=hovercard\" data-mentionid=\"2167\" rel=\"\" >@dethunter12</a> i fixed the Trick swing thanks again ...as for <span style=\"color:rgb(40,40,40);font-family:arial, helvetica, clean, sans-serif;\" > armor of courage-warmaster gives 3414 hp . I read that as armor of courage gives 6000 total to party since this is a party skill, so 3k for 1 player would be right ?</span></p>\n<p > </p>\n<p ><a href=\"http://lastchaosinfo.wikifoundry.com/page/Warmaster+general+skills\" rel=\"external nofollow\" >http://lastchaosinfo.wikifoundry.com/page/Warmaster+general+skills</a></p>\n<p > </p>\n<p >i could be wrong ? anyone else ?</p>\n\n\n\t\t\t\n\t\t\t\t\n\n<span class=\"ipsType_reset ipsType_medium ipsType_light\" data-excludequote=\"None\" >\n\t<strong >Edited <time datetime=\"2013-08-24T17:43:12Z\" title=\"08/24/2013 05:43  PM\" data-short=\"7 yr\" >August 24, 2013</time> by CDWriter</strong>\n\t\n\t\n</span>\n\t\t\t\n\t\t</div>"
        },
        {
            "id": 85569,
            "timestamp": 1377514047,
            "author": {
                "id": 2888,
                "name": "BaZZtian",
                "image": null
            },
            "comment": "\n<p >Whats about Platinum Healing Potion ?</p>\n<p > </p>\n<p >ID: </p>\n<p >4917</p>\n<p >4918</p>\n<p >4919</p>\n<p >4920</p>\n<p >4921</p>\n<p >4922</p>\n<p >4923</p>\n<p >4924</p>\n<p >4925</p>\n<p >4926</p>\n<p > </p>\n<p > </p>\n<p >We use your v7 and this items are not implemented ...</p>\n<p >we worked with your v7 and dont want to use your v10 completly!</p>\n<p > </p>\n<p >Can u Fix this too?</p>\n<p > </p>\n<p >This is all Missing</p>\n<p ><img alt=\"0381a-74b32821-6ddd-40ac-8de8-63054cb3ce\" src=\"http://grabilla.com/0381a-74b32821-6ddd-40ac-8de8-63054cb3ced0.png\" /></p>\n\n\n\t\t\t\n\t\t\t\t\n\n<span class=\"ipsType_reset ipsType_medium ipsType_light\" data-excludequote=\"None\" >\n\t<strong >Edited <time datetime=\"2013-08-26T10:54:30Z\" title=\"08/26/2013 10:54  AM\" data-short=\"7 yr\" >August 26, 2013</time> by BaZZtian</strong>\n\t\n\t\n</span>\n\t\t\t\n\t\t</div>"
        },
        {
            "id": 85572,
            "timestamp": 1377516802,
            "author": {
                "id": 2167,
                "name": "dethunter12",
                "image": null
            },
            "comment": "<p >why dont you try v10 first just take t_item and the smc itemname and itemall data file and add your previous items to it  that way you stay updated.</p>"
        },
        {
            "id": 85747,
            "timestamp": 1377637427,
            "author": {
                "id": 17582,
                "name": "CDWriter",
                "image": null
            },
            "comment": "\n<p >Please close topic ill be releasing v11 this weekend... Release info will follow on lcdatabase.</p>\n<p > </p>\n<p >CDWriter</p>\n"
        },
        {
            "id": 85748,
            "timestamp": 1377637697,
            "author": {
                "id": null,
                "name": "Guest Johnny5",
                "image": null
            },
            "comment": "<p >Topic Closed by a moderator. The reason why: CDWriter asked so</p>"
        }
    ]
}