{
    "meta": {
        "threadId": 11113,
        "threadName": "[SOLVED]How could I change the DT timer?",
        "dateCreated": "2013-08-21T01:03:38+0000",
        "datePublished": "2013-08-21T01:03:38+0000",
        "pageCount": 1,
        "originalUrl": "https://lckb.dev/forum/index.php?/topic/11113-solvedhow-could-i-change-the-dt-timer/",
        "authorId": 16931,
        "position": [
            {
                "@type": "ListItem",
                "position": 1,
                "item": {
                    "@id": "https://lckb.dev/forum/index.php?/forum/100-guides-help-section/",
                    "name": "Guides &amp; Help Section"
                }
            },
            {
                "@type": "ListItem",
                "position": 2,
                "item": {
                    "@id": "https://lckb.dev/forum/index.php?/forum/335-help-support/",
                    "name": "Help &amp; Support"
                }
            },
            {
                "@type": "ListItem",
                "position": 3,
                "item": {
                    "@id": "https://lckb.dev/forum/index.php?/forum/120-ep2-support/",
                    "name": "Ep2 Support"
                }
            },
            {
                "@type": "ListItem",
                "position": 4,
                "item": {
                    "@id": "https://lckb.dev/forum/index.php?/forum/134-solved-topics/",
                    "name": "Solved Topics"
                }
            }
        ]
    },
    "commentData": [
        {
            "id": 85165,
            "timestamp": 1377047018,
            "author": {
                "id": 16931,
                "name": "Walletman987",
                "image": null
            },
            "comment": "\n<p >When I open .dungeontime in my gameserver folder,  I stare at this:</p>\n<div >41</div>\n<div >100</div>\n<div >500</div>\n<div >100</div>\n<div >500</div>\n<div >100</div>\n<div >100</div>\n<div >100</div>\n<div >100</div>\n<div >100</div>\n<div >500</div>\n<div >100</div>\n<div >100</div>\n<div >500</div>\n<div >100</div>\n<div >100</div>\n<div >100</div>\n<div >100</div>\n<div >500</div>\n<div >500</div>\n<div >500</div>\n<div >500</div>\n<div >500</div>\n<div >100</div>\n<div >100</div>\n<div >100</div>\n<div >100</div>\n<div >500</div>\n<div >500</div>\n<div >500</div>\n<div >100</div>\n<div >100</div>\n<div >500</div>\n<div >100</div>\n<div >100</div>\n<div >100</div>\n<div >100</div>\n<div >100</div>\n<div >500</div>\n<div >100</div>\n<div >100</div>\n<div >100</div>\n<div >1</div>\n<div >0</div>\n<div >0</div>\n<div >1</div>\n<div >0</div>\n<div >0</div>\n<div >1</div>\n<div >0</div>\n<div >0</div>\n<div >1</div>\n<div >0</div>\n<div >0</div>\n<div >1</div>\n<div >0</div>\n<div >0</div>\n<div >1</div>\n<div >0</div>\n<div >0</div>\n<div >1</div>\n<div >0</div>\n<div >0</div>\n<div >1</div>\n<div >0</div>\n<div >0</div>\n<div >1</div>\n<div >1</div>\n<div >What the eff do I do to make it run 2 hours instead of 1 hour?</div>\n"
        },
        {
            "id": 85166,
            "timestamp": 1377048193,
            "author": {
                "id": 2167,
                "name": "dethunter12",
                "image": null
            },
            "comment": "\n<p > its a command sir check episode two command and you will see it </p>\n<p >----- DT The value is calculate on: %exp * 2</p>\n<p >.dt_expset</p>\n<p >    dt_expset ing {value 100 - 600}</p>\n<p >    dt_toggle {on/off}</p>\n<p >    dt_timeset ing all {value (default:24} {on/off}</p>\n<p >    dt_timeset ing 0 {on/off}</p>\n<p >    dt_timeinterval ing {value 1-12, default 3}</p>\n\n\n\t\t\t\n\t\t\t\t\n\n<span class=\"ipsType_reset ipsType_medium ipsType_light\" data-excludequote=\"None\" >\n\t<strong >Edited <time datetime=\"2013-08-21T01:25:08Z\" title=\"08/21/2013 01:25  AM\" data-short=\"7 yr\" >August 21, 2013</time> by dethunter12</strong>\n\t\n\t\n</span>\n\t\t\t\n\t\t</div>"
        },
        {
            "id": 85167,
            "timestamp": 1377048513,
            "author": {
                "id": 16931,
                "name": "Walletman987",
                "image": null
            },
            "comment": "\n<blockquote data-ipsquote=\"\" class=\"ipsQuote\" data-ipsquote-contentcommentid=\"85166\" data-ipsquote-contentapp=\"forums\" data-ipsquote-contenttype=\"forums\" data-ipsquote-contentclass=\"forums_Topic\" data-ipsquote-contentid=\"11113\" data-ipsquote-username=\"dethunter12\" data-cite=\"dethunter12\" data-ipsquote-timestamp=\"1377048193\" ><div ><div >\n<p >its a command sir check episode two command and you will see it</p>\n<p >----- DT The value is calculate on: %exp * 2</p>\n<p >.dt_expset</p>\n<p >dt_expset ing {value 100 - 600}</p>\n<p >dt_toggle {on/off}</p>\n<p >dt_timeset ing all {value (default:24} {on/off}</p>\n<p >dt_timeset ing 0 {on/off}</p>\n<p >dt_timeinterval ing {value 1-12, default 3}</p>\n</div></div></blockquote>\n<p >Yea, until you restart the server, the dt_toggle command only works when dt is on,  dt_expset doesnt seem to do anything.  I know that you can make it run for 2 hours each time without commands, i dont know how though. I dont want to do the commands every time I restart the server. I guess I can wait for a more helpful answer.  Thanks though</p>\n"
        },
        {
            "id": 85188,
            "timestamp": 1377073689,
            "author": {
                "id": 7695,
                "name": "CyberClaus",
                "image": null
            },
            "comment": "<p >I hope im not giving you a mistaken information, but i guess that what you want, to run for more then 1 hour the DT, its in the GS. Or you find the offset or there is no other way to do it.</p>"
        },
        {
            "id": 85206,
            "timestamp": 1377086415,
            "author": {
                "id": 17432,
                "name": "Nymphetamine",
                "image": null
            },
            "comment": "\n<blockquote data-ipsquote=\"\" class=\"ipsQuote\" data-ipsquote-contentcommentid=\"85188\" data-ipsquote-contentapp=\"forums\" data-ipsquote-contenttype=\"forums\" data-ipsquote-contentclass=\"forums_Topic\" data-ipsquote-contentid=\"11113\" data-ipsquote-username=\"CyberClaus\" data-cite=\"CyberClaus\" data-ipsquote-timestamp=\"1377073689\" ><div ><p >I hope im not giving you a mistaken information, but i guess that what you want, to run for more then 1 hour the DT, its in the GS. Or you find the offset or there is no other way to do it.</p></div></blockquote>\n<p >Yep i heard about GS offsets etc. too</p>\n"
        },
        {
            "id": 85261,
            "timestamp": 1377121251,
            "author": {
                "id": 16931,
                "name": "Walletman987",
                "image": null
            },
            "comment": "\n<blockquote data-ipsquote=\"\" class=\"ipsQuote\" data-ipsquote-contentcommentid=\"85206\" data-ipsquote-contentapp=\"forums\" data-ipsquote-contenttype=\"forums\" data-ipsquote-contentclass=\"forums_Topic\" data-ipsquote-contentid=\"11113\" data-ipsquote-username=\"Nymphetamine\" data-cite=\"Nymphetamine\" data-ipsquote-timestamp=\"1377086415\" ><div ><div ><p >Yep i heard about GS offsets etc. too</p></div></div></blockquote>\n<p > </p>\n<p > </p>\n<blockquote data-ipsquote=\"\" class=\"ipsQuote\" data-ipsquote-contentcommentid=\"85188\" data-ipsquote-contentapp=\"forums\" data-ipsquote-contenttype=\"forums\" data-ipsquote-contentclass=\"forums_Topic\" data-ipsquote-contentid=\"11113\" data-ipsquote-username=\"CyberClaus\" data-cite=\"CyberClaus\" data-ipsquote-timestamp=\"1377073689\" ><div ><div ><p >I hope im not giving you a mistaken information, but i guess that what you want, to run for more then 1 hour the DT, its in the GS. Or you find the offset or there is no other way to do it.</p></div></div></blockquote>\n<p >Okay,  Ill check it out. Thanks everyone. </p>\n<p >Move to solved please.</p>\n"
        },
        {
            "id": 85262,
            "timestamp": 1377121496,
            "author": {
                "id": 17432,
                "name": "Nymphetamine",
                "image": null
            },
            "comment": "<p >Closed and moved</p>"
        }
    ]
}