{
    "meta": {
        "threadId": 11129,
        "threadName": "events",
        "dateCreated": "2013-08-22T02:06:01+0000",
        "datePublished": "2013-08-22T02:06:01+0000",
        "pageCount": 1,
        "originalUrl": "https://lckb.dev/forum/index.php?/topic/11129-events/",
        "authorId": 17582,
        "position": [
            {
                "@type": "ListItem",
                "position": 1,
                "item": {
                    "@id": "https://lckb.dev/forum/index.php?/forum/100-guides-help-section/",
                    "name": "Guides &amp; Help Section"
                }
            },
            {
                "@type": "ListItem",
                "position": 2,
                "item": {
                    "@id": "https://lckb.dev/forum/index.php?/forum/335-help-support/",
                    "name": "Help &amp; Support"
                }
            },
            {
                "@type": "ListItem",
                "position": 3,
                "item": {
                    "@id": "https://lckb.dev/forum/index.php?/forum/120-ep2-support/",
                    "name": "Ep2 Support"
                }
            },
            {
                "@type": "ListItem",
                "position": 4,
                "item": {
                    "@id": "https://lckb.dev/forum/index.php?/forum/134-solved-topics/",
                    "name": "Solved Topics"
                }
            }
        ]
    },
    "commentData": [
        {
            "id": 85287,
            "timestamp": 1377137161,
            "author": {
                "id": 17582,
                "name": "CDWriter",
                "image": null
            },
            "comment": "\n<p >Would anyone know how to start and end all the event in the server.....  I have some listed on my GM list but if someone has them done and test all ready would be great ..... I am working with t_drop_item_data and t_reward_data to fix them to match our server files since they where orginaly released for the gamigo files ....</p>\n<p > </p>\n<p >iam lookig for in general the start and stop to all these events....</p>\n<p > </p>\n<div >Eggs Hunt</div>\n<div >Valentine day cacao</div>\n<div >Collect bug</div>\n<div >Halloween Pumpkin</div>\n<div >Halloween CandyBasket</div>\n<div >white day</div>\n<div >Magic Card</div>\n<div >Songkran</div>\n<div >Bear Doll (Gomdori)</div>\n<div >pandora box (halloween 2006)</div>\n<div >Inependence day</div>\n<div >Inependence day (hat)</div>\n<div >Raindrop</div>\n<div >september (sutumn)</div>\n<div >Thanksgiving Day (Chusuk)</div>\n<div >XMAS 483 npc kill</div>\n<div >XMAS Tree Accessories</div>\n<div >XMAS Tree GIFT BOX drop</div>\n<div >golden week</div>\n<div > </div>\n<div > </div>\n<div >thanks in advanced </div>\n<div >CDWriter</div>\n\n\n\t\t\t\n\t\t\t\t\n\n<span class=\"ipsType_reset ipsType_medium ipsType_light\" data-excludequote=\"None\" >\n\t<strong >Edited <time datetime=\"2013-08-22T17:52:49Z\" title=\"08/22/2013 05:52  PM\" data-short=\"7 yr\" >August 22, 2013</time> by CDWriter</strong>\n\t\n\t\n</span>\n\t\t\t\n\t\t</div>"
        },
        {
            "id": 85351,
            "timestamp": 1377194006,
            "author": {
                "id": 17582,
                "name": "CDWriter",
                "image": null
            },
            "comment": "<p >If there not started with a GM command then there started with event.lod and tables</p>"
        }
    ]
}