{
    "meta": {
        "threadId": 11134,
        "threadName": "OX Event Ep2",
        "dateCreated": "2013-08-22T10:01:28+0000",
        "datePublished": "2013-08-22T10:01:28+0000",
        "pageCount": 1,
        "originalUrl": "https://lckb.dev/forum/index.php?/topic/11134-ox-event-ep2/",
        "authorId": 18312,
        "position": [
            {
                "@type": "ListItem",
                "position": 1,
                "item": {
                    "@id": "https://lckb.dev/forum/index.php?/forum/258-release-zone/",
                    "name": "Release Zone"
                }
            },
            {
                "@type": "ListItem",
                "position": 2,
                "item": {
                    "@id": "https://lckb.dev/forum/index.php?/forum/325-episode-2-releases/",
                    "name": "Episode 2 Releases"
                }
            },
            {
                "@type": "ListItem",
                "position": 3,
                "item": {
                    "@id": "https://lckb.dev/forum/index.php?/forum/123-tools/",
                    "name": "Tools"
                }
            }
        ]
    },
    "commentData": [
        {
            "id": 85302,
            "timestamp": 1377165688,
            "author": {
                "id": 18312,
                "name": "Assasin",
                "image": null
            },
            "comment": "\n<p ><strong >Function: </strong>Edit Quiz questions</p>\n<p > </p>\n<p ><strong >Works on: </strong>Episode 2 and Episode 3</p>\n<p > </p>\n<p ><strong >Author: </strong>Assasin</p>\n<p > </p>\n<p ><strong >Download: </strong><a href=\"http://lckb.downloadsbgg.com/tools/multi/OX%20Event%20Ep2.rar\" rel=\"external nofollow\" >Download</a></p>\n<p style=\"text-align:center;\" > </p>\n<p ><strong >Images:</strong></p>\n<p > </p>\n<p > </p>\n<p > </p>\n<p style=\"text-align:center;\" ><img alt=\"Screensho_nwpwshn.jpg\" src=\"http://s6.ifotos.pl/img/Screensho_nwpwshn.jpg\" /></p>\n"
        },
        {
            "id": 85303,
            "timestamp": 1377165747,
            "author": {
                "id": 17432,
                "name": "Nymphetamine",
                "image": null
            },
            "comment": "\n<p ><span style=\"color:rgb(40,40,40);\" >Release approved by Nymphetamine.</span></p>\n<div style=\"margin:0px;color:rgb(40,40,40);\" >\n<br /><p >Status: <span style=\"color:rgb(0,255,0);\" ><u ><strong >Clean</strong></u></span></p>\n<p > </p>\n<p >Thank you for all that tools  :o</p>\n<p >Put credits under each one of your tool please</p>\n</div>\n<p > </p>\n<div style=\"margin:0px;font-size:12px;color:rgb(20,20,20);font-family:arial, helvetica, clean, sans-serif;\" > </div>\n<p > </p>\n"
        },
        {
            "id": 85304,
            "timestamp": 1377166120,
            "author": {
                "id": 16954,
                "name": "spadge88",
                "image": null
            },
            "comment": "<p >:O thanks for all these releases</p>"
        },
        {
            "id": 85305,
            "timestamp": 1377166519,
            "author": {
                "id": 18312,
                "name": "Assasin",
                "image": null
            },
            "comment": "\n<blockquote data-ipsquote=\"\" class=\"ipsQuote\" data-ipsquote-contentcommentid=\"85303\" data-ipsquote-contentapp=\"forums\" data-ipsquote-contenttype=\"forums\" data-ipsquote-contentclass=\"forums_Topic\" data-ipsquote-contentid=\"11134\" data-ipsquote-username=\"Nymphetamine\" data-cite=\"Nymphetamine\" data-ipsquote-timestamp=\"1377165747\" ><div ><div >\n<p ><span style=\"color:rgb(40,40,40);\" >Release approved by Nymphetamine.</span></p>\n<div style=\"margin:0px;color:rgb(40,40,40);\" >\n<p ></p>\n<p >Status: <span style=\"color:rgb(0,255,0);\" ><u ><strong >Clean</strong></u></span></p>\n<p > </p>\n<p >Thank you for all that tools   :o</p>\n<p >Put credits under each one of your tool please</p>\n</div>\n<p > </p>\n</div></div></blockquote>\n<p > </p>\n<blockquote data-ipsquote=\"\" class=\"ipsQuote\" data-ipsquote-contentcommentid=\"85304\" data-ipsquote-contentapp=\"forums\" data-ipsquote-contenttype=\"forums\" data-ipsquote-contentclass=\"forums_Topic\" data-ipsquote-contentid=\"11134\" data-ipsquote-username=\"spadge88\" data-cite=\"spadge88\" data-ipsquote-timestamp=\"1377166120\" ><div ><div ><p > :o thanks for all these releases</p></div></div></blockquote>\n<p >Yes i Have All Korean Tool Perfect Work :-) !!</p>\n"
        },
        {
            "id": 85306,
            "timestamp": 1377167021,
            "author": {
                "id": 16954,
                "name": "spadge88",
                "image": null
            },
            "comment": "<p >May I suggest if you are going to release them can you put in a tool pack instead of each of them on their own but its a great help what your releasing :D</p>"
        }
    ]
}