{
    "meta": {
        "threadId": 11144,
        "threadName": "[C#] Remote MySQL Connection",
        "dateCreated": "2013-08-23T14:14:07+0000",
        "datePublished": "2013-08-23T14:14:07+0000",
        "pageCount": 1,
        "originalUrl": "https://lckb.dev/forum/index.php?/topic/11144-c-remote-mysql-connection/",
        "authorId": 1503,
        "position": [
            {
                "@type": "ListItem",
                "position": 1,
                "item": {
                    "@id": "https://lckb.dev/forum/index.php?/forum/272-programmers-gateway/",
                    "name": "Programmers Gateway"
                }
            },
            {
                "@type": "ListItem",
                "position": 2,
                "item": {
                    "@id": "https://lckb.dev/forum/index.php?/forum/79-coders-talk/",
                    "name": "Coders Talk"
                }
            }
        ]
    },
    "commentData": [
        {
            "id": 85398,
            "timestamp": 1377267247,
            "author": {
                "id": 1503,
                "name": "Paramount",
                "image": null
            },
            "comment": "\n<p >Hello, I am writing a database control program, and was wondering how to setup the remote mysql connection.</p>\n<p >Well, I am using simple structure as that:</p>\n<p > </p>\n<pre class=\"ipsCode prettyprint\" >\"Data Source=\" + this.Host.Text + \";Database=\" + this.database.Text + \";User ID=\" + this.user.Text + \";Password=\" + this.password.Text + \";\n</pre>\n<p > </p>\n<p >It works only with 127.0.0.1. Any idea how to make remote?</p>\n<p > </p>\n<p >Thanks in advance!</p>\n"
        },
        {
            "id": 85399,
            "timestamp": 1377268939,
            "author": {
                "id": 2,
                "name": "Wizatek",
                "image": null
            },
            "comment": "\n<p >Its the same, normally it should work for any host.</p>\n<p > </p>\n<p >\nWhat does the MySqlException say?</p>\n"
        },
        {
            "id": 85415,
            "timestamp": 1377283642,
            "author": {
                "id": 1503,
                "name": "Paramount",
                "image": null
            },
            "comment": "\n<p >Fixed! Problem was with priveleges :-|</p>\n<p >Thank you Wiza :)</p>\n"
        }
    ]
}