{
    "meta": {
        "threadId": 11172,
        "threadName": "Different languages in one tool",
        "dateCreated": "2013-08-26T06:55:00+0000",
        "datePublished": "2013-08-26T06:55:00+0000",
        "pageCount": 1,
        "originalUrl": "https://lckb.dev/forum/index.php?/topic/11172-different-languages-in-one-tool/",
        "authorId": 16231,
        "position": [
            {
                "@type": "ListItem",
                "position": 1,
                "item": {
                    "@id": "https://lckb.dev/forum/index.php?/forum/272-programmers-gateway/",
                    "name": "Programmers Gateway"
                }
            },
            {
                "@type": "ListItem",
                "position": 2,
                "item": {
                    "@id": "https://lckb.dev/forum/index.php?/forum/79-coders-talk/",
                    "name": "Coders Talk"
                }
            }
        ]
    },
    "commentData": [
        {
            "id": 85565,
            "timestamp": 1377500100,
            "author": {
                "id": 16231,
                "name": "Sindik",
                "image": null
            },
            "comment": "\n<p >Hello everybody<br />I need help: I want edit some tools that it can open and save files on different languages<br />What should I do?<br />Can somebody support how to do it?</p>\n<p > </p>\n<p >thank you</p>\n"
        },
        {
            "id": 85637,
            "timestamp": 1377546681,
            "author": {
                "id": 919,
                "name": "someone",
                "image": null
            },
            "comment": "<p >Can you be more explicit, I barely understand.</p>"
        },
        {
            "id": 85647,
            "timestamp": 1377552254,
            "author": {
                "id": 16231,
                "name": "Sindik",
                "image": null
            },
            "comment": "<p >For example:<br />ItemAll by wiza can open itemALL_usa.lod<br />I want edit ItemAll because want this tool can open itemALL_ger.lod or itemALL_rus.lod etc.<br />Now can you understand me? :)</p>"
        },
        {
            "id": 85650,
            "timestamp": 1377552583,
            "author": {
                "id": 13172,
                "name": "soryjero",
                "image": null
            },
            "comment": "\n<p >i think you have to put a conditional sentence like this</p>\n<pre class=\"ipsCode prettyprint\" >if(file_name == itemAll_usa.lod)\n{\n\n}\nelse if(file_name == itemAll_ger.lod)\n{\n\n}\n</pre>\n<p >i hope this help you.</p>\n"
        },
        {
            "id": 85652,
            "timestamp": 1377552915,
            "author": {
                "id": 1503,
                "name": "Paramount",
                "image": null
            },
            "comment": "\n<p >Or maybe you mean bout filters (when you open itemAll_***.lod via your program)</p>\n<pre class=\"ipsCode prettyprint\" >.Filter = \"Files itemAll_rus.lod|itemAll_rus.lod|Files itemAll_ger.lod|itemAll_ger.lod\";</pre>\n"
        },
        {
            "id": 85656,
            "timestamp": 1377554496,
            "author": {
                "id": 16231,
                "name": "Sindik",
                "image": null
            },
            "comment": "<p >i mean that itemall by wiza does not identify other language<br />Screen with problem<br /><a href=\"http://www.fotolink.su/v.php?id=e3c220777287cd30ebf6c5e864481b73\" rel=\"external nofollow\" >http://www.fotolink.su/v.php?id=e3c220777287cd30ebf6c5e864481b73</a></p>"
        },
        {
            "id": 85657,
            "timestamp": 1377555604,
            "author": {
                "id": 1503,
                "name": "Paramount",
                "image": null
            },
            "comment": "\n<p >For it you need to know how to setup an encoding you need.</p>\n<p >For example:</p>\n<p ><img alt=\"6n0k.png\" src=\"https://img196.imageshack.us/img196/4517/6n0k.png\" /></p>\n"
        },
        {
            "id": 85658,
            "timestamp": 1377555736,
            "author": {
                "id": 2,
                "name": "Wizatek",
                "image": null
            },
            "comment": "\n<p >I just use ascii encoding because that is all i need myself, but to edit russian files, or german or any language with non ascii characters in it then u need to use another encoding. There are lots of them.</p>\n<p > </p>\n<p >\n<a data-ipb=\"nomediaparse\" href=\"https://msdn.microsoft.com/en-us/library/system.text.encoding.aspx\" rel=\"external nofollow\" >http://msdn.microsoft.com/en-us/library/system.text.encoding.aspx</a></p>\n"
        },
        {
            "id": 85675,
            "timestamp": 1377587458,
            "author": {
                "id": 16231,
                "name": "Sindik",
                "image": null
            },
            "comment": "<p >By what programm I can change enoding?</p>"
        },
        {
            "id": 85679,
            "timestamp": 1377590997,
            "author": {
                "id": 16231,
                "name": "Sindik",
                "image": null
            },
            "comment": "<p >And how can I open code of programm?</p>"
        },
        {
            "id": 85682,
            "timestamp": 1377594787,
            "author": {
                "id": 13172,
                "name": "soryjero",
                "image": null
            },
            "comment": "<p >to do that you have to decompile code but, if i am honest, i think its better you code your own tool.</p>"
        },
        {
            "id": 85845,
            "timestamp": 1377717530,
            "author": {
                "id": 16231,
                "name": "Sindik",
                "image": null
            },
            "comment": "\n<blockquote data-ipsquote=\"\" class=\"ipsQuote\" data-ipsquote-contentcommentid=\"85657\" data-ipsquote-contentapp=\"forums\" data-ipsquote-contenttype=\"forums\" data-ipsquote-contentclass=\"forums_Topic\" data-ipsquote-contentid=\"11172\" data-ipsquote-username=\"Paramount\" data-cite=\"Paramount\" data-ipsquote-timestamp=\"1377555604\" ><div ><div >\n<p >For it you need to know how to setup an encoding you need.</p>\n<p >For example:</p>\n<p ><img alt=\"6n0k.png\" src=\"https://img196.imageshack.us/img196/4517/6n0k.png\" /></p>\n</div></div></blockquote>\n<p >can you tell me how i can know it?</p>\n"
        },
        {
            "id": 85851,
            "timestamp": 1377721756,
            "author": {
                "id": 13172,
                "name": "soryjero",
                "image": null
            },
            "comment": "\n<blockquote data-ipsquote=\"\" class=\"ipsQuote\" data-ipsquote-contentcommentid=\"85845\" data-ipsquote-contentapp=\"forums\" data-ipsquote-contenttype=\"forums\" data-ipsquote-contentclass=\"forums_Topic\" data-ipsquote-contentid=\"11172\" data-ipsquote-username=\"Sindik\" data-cite=\"Sindik\" data-ipsquote-timestamp=\"1377717530\" ><div ><div ><p >can you tell me how i can know it?</p></div></div></blockquote>\n<p > </p>\n<p >to encode it, you have some options:</p>\n<p > </p>\n<p >1 - code your own tool and encode how you want</p>\n<p >2 - have source code of item all editor you have (i think this is a bit difficult because it is only haved by programmer</p>\n<p >3 - know how to decompile it and change encode (but i think this is too difficult)</p>\n<p > </p>\n<p >for this is because i recommended you code your own tool (you can buy a itemAll editor to somebody who has encode it correctly to read your language)</p>\n"
        }
    ]
}