{
    "meta": {
        "threadId": 11173,
        "threadName": "juno v 2.1",
        "dateCreated": "2013-08-26T11:02:53+0000",
        "datePublished": "2013-08-26T11:02:53+0000",
        "pageCount": 1,
        "originalUrl": "https://lckb.dev/forum/index.php?/topic/11173-juno-v-21/",
        "authorId": 7119,
        "position": [
            {
                "@type": "ListItem",
                "position": 1,
                "item": {
                    "@id": "https://lckb.dev/forum/index.php?/forum/271-general-section/",
                    "name": "General Section"
                }
            },
            {
                "@type": "ListItem",
                "position": 2,
                "item": {
                    "@id": "https://lckb.dev/forum/index.php?/forum/43-development-showroom/",
                    "name": "Development Showroom"
                }
            }
        ]
    },
    "commentData": [
        {
            "id": 85571,
            "timestamp": 1377514973,
            "author": {
                "id": 7119,
                "name": "MANGUSTA788",
                "image": null
            },
            "comment": "<p > <a href=\"https://www.youtube.com/watch?v=EODPGjCXB5Q%C2%A0%C2%A0%C2%A0\" rel=\"external nofollow\" >http://www.youtube.com/watch?v=EODPGjCXB5Q   </a> work in progress</p>"
        },
        {
            "id": 85573,
            "timestamp": 1377517838,
            "author": {
                "id": 18082,
                "name": "gurock1172",
                "image": null
            },
            "comment": "<p >nice :D</p>"
        },
        {
            "id": 85627,
            "timestamp": 1377541780,
            "author": {
                "id": 15998,
                "name": "crankchaos",
                "image": null
            },
            "comment": "<p >nice :D :D</p>"
        },
        {
            "id": 85628,
            "timestamp": 1377542399,
            "author": {
                "id": 17432,
                "name": "Nymphetamine",
                "image": null
            },
            "comment": "\n<p >Good job.</p>\n<p >Looks nice and in LC style.</p>\n"
        },
        {
            "id": 85643,
            "timestamp": 1377551790,
            "author": {
                "id": 1503,
                "name": "Paramount",
                "image": null
            },
            "comment": "\n<p >Its hard to believe that its done by Serious Editor :)</p>\n<p >It seems better than the official maps lol</p>\n<p > </p>\n<p >One more proof that everything depends on the imagination :)</p>\n"
        },
        {
            "id": 85664,
            "timestamp": 1377575156,
            "author": {
                "id": 15369,
                "name": "DieYoung",
                "image": null
            },
            "comment": "<p >really good job! (:</p>"
        },
        {
            "id": 85696,
            "timestamp": 1377610345,
            "author": {
                "id": 11986,
                "name": "SnowFox",
                "image": null
            },
            "comment": "\n<p >Really nice job.</p>\n<p > </p>\n<p >Great ideas can do alot.</p>\n<p >Keep up the good working.</p>\n\n\n\t\t\t\n\t\t\t\t\n\n<span class=\"ipsType_reset ipsType_medium ipsType_light\" data-excludequote=\"None\" >\n\t<strong >Edited <time datetime=\"2013-08-27T13:32:32Z\" title=\"08/27/2013 01:32  PM\" data-short=\"7 yr\" >August 27, 2013</time> by ArrowOfDead</strong>\n\t\n\t\n</span>\n\t\t\t\n\t\t</div>"
        }
    ]
}