{
    "meta": {
        "threadId": 1118,
        "threadName": "How can i make me Admin ?",
        "dateCreated": "2011-10-23T07:50:39+0000",
        "datePublished": "2011-10-23T07:50:39+0000",
        "pageCount": 1,
        "originalUrl": "https://lckb.dev/forum/index.php?/topic/1118-how-can-i-make-me-admin/",
        "authorId": null,
        "position": [
            {
                "@type": "ListItem",
                "position": 1,
                "item": {
                    "@id": "https://lckb.dev/forum/index.php?/forum/271-general-section/",
                    "name": "General Section"
                }
            },
            {
                "@type": "ListItem",
                "position": 2,
                "item": {
                    "@id": "https://lckb.dev/forum/index.php?/forum/259-general-discussion/",
                    "name": "General Discussion"
                }
            }
        ]
    },
    "commentData": [
        {
            "id": 9037,
            "timestamp": 1319356239,
            "author": {
                "id": null,
                "name": "Guest MonarC",
                "image": null
            },
            "comment": "<p >Hi, i want to make me char admin on my ep1 server. do you know people, how we do for this ? thanks for your answer.</p>"
        },
        {
            "id": 9047,
            "timestamp": 1319362540,
            "author": {
                "id": 770,
                "name": "zhuk",
                "image": null
            },
            "comment": "<p >Go to ur navicat -> newproject_db -> t_characters, search ur character name and put 10 in a_admin</p>"
        },
        {
            "id": 9049,
            "timestamp": 1319364054,
            "author": {
                "id": null,
                "name": "Guest MonarC",
                "image": null
            },
            "comment": "<p >Thank you.</p>"
        },
        {
            "id": 9050,
            "timestamp": 1319364296,
            "author": {
                "id": 770,
                "name": "zhuk",
                "image": null
            },
            "comment": "<p >yeah</p>"
        },
        {
            "id": 9052,
            "timestamp": 1319365066,
            "author": {
                "id": null,
                "name": "Guest MonarC",
                "image": null
            },
            "comment": "<p >Thanks (2) x)</p>"
        }
    ]
}