{
    "meta": {
        "threadId": 11202,
        "threadName": ".startService.sh for EP1",
        "dateCreated": "2013-08-27T21:41:38+0000",
        "datePublished": "2013-08-27T21:41:38+0000",
        "pageCount": 1,
        "originalUrl": "https://lckb.dev/forum/index.php?/topic/11202-startservicesh-for-ep1/",
        "authorId": 2888,
        "position": [
            {
                "@type": "ListItem",
                "position": 1,
                "item": {
                    "@id": "https://lckb.dev/forum/index.php?/forum/100-guides-help-section/",
                    "name": "Guides &amp; Help Section"
                }
            },
            {
                "@type": "ListItem",
                "position": 2,
                "item": {
                    "@id": "https://lckb.dev/forum/index.php?/forum/335-help-support/",
                    "name": "Help &amp; Support"
                }
            },
            {
                "@type": "ListItem",
                "position": 3,
                "item": {
                    "@id": "https://lckb.dev/forum/index.php?/forum/44-ep1-support/",
                    "name": "Ep1 Support"
                }
            },
            {
                "@type": "ListItem",
                "position": 4,
                "item": {
                    "@id": "https://lckb.dev/forum/index.php?/forum/135-solved-topics/",
                    "name": "Solved Topics"
                }
            }
        ]
    },
    "commentData": [
        {
            "id": 85750,
            "timestamp": 1377639698,
            "author": {
                "id": 2888,
                "name": "BaZZtian",
                "image": null
            },
            "comment": "\n<p >Hey Guys i search a working .startService.sh for EP1 Linux Files ...</p>\n<p > </p>\n<p >i tried</p>\n<pre class=\"ipsCode prettyprint\" >#!/bin/sh\n\n\ncd Connector;\n./start;\nsleep 5;\n\ncd ../../;\ncd Helper;\n./start;\nsleep 5;\n\ncd ../../;\ncd Messenger;\n./start;\nsleep 5;\n\ncd ../../;\ncd GameServer;\n./start;\nsleep 5;\n\ncd ../../;\ncd LoginServer;\n./start;\nsleep 5;\n</pre>\n<p >but it gives me this</p>\n<pre class=\"ipsCode prettyprint\" >[<a href=\"/cdn-cgi/l/email-protection\" class=\"__cf_email__\" data-cfemail=\"14667b7b60547f70262327212c\" >[email protected]</a> ~]# cd /home/LastChaos                                            \n[<a href=\"/cdn-cgi/l/email-protection\" class=\"__cf_email__\" data-cfemail=\"74061b1b00341f10464347414c\" >[email protected]</a> LastChaos]# ./startService.sh                                     \ncp: cannot stat `../../new/Connector: No such file or directory\nLoading Setting File...\nLastChaos Connector Running... (Language:Korean)\n./startService.sh: line 9: cd: Helper: No such file or directory\n./startService.sh: line 10: ./start: No such file or directory\n./startService.sh: line 14: cd: Messenger: No such file or directory\n./startService.sh: line 15: ./start: No such file or directory\n./startService.sh: line 19: cd: GameServer: No such file or directory\n./startService.sh: line 20: ./start: No such file or directory\n./startService.sh: line 24: cd: LoginServer: No such file or directory\n./startService.sh: line 25: ./start: No such file or directory\n\n\n</pre>\n<p >can any1 help me ?</p>\n<p > </p>\n<p > </p>\n"
        },
        {
            "id": 85757,
            "timestamp": 1377648796,
            "author": {
                "id": 2041,
                "name": "HateMe",
                "image": null
            },
            "comment": "\n<p > </p>\n<pre class=\"ipsCode prettyprint\" > \n#!/bin/sh\n\n\ncd Connector;\n./start;\n\ncd ../;\ncd Helper;\n./start;\n\ncd ../;\ncd Messenger;\n./start;\n\ncd ../;\ncd GameServer;\n./start;\n\ncd ../;\ncd LoginServer;\n./start;\n \n</pre>\n"
        },
        {
            "id": 85763,
            "timestamp": 1377680096,
            "author": {
                "id": 2888,
                "name": "BaZZtian",
                "image": null
            },
            "comment": "\n<p >thx but now ...<br /> </p>\n<pre class=\"ipsCode prettyprint\" >[<a href=\"/cdn-cgi/l/email-protection\" class=\"__cf_email__\" data-cfemail=\"b2c0ddddc6f2d9d6808581878a\" >[email protected]</a> ~]# cd /home/LastChaos\n[<a href=\"/cdn-cgi/l/email-protection\" class=\"__cf_email__\" data-cfemail=\"f98b96968db9929dcbcecaccc1\" >[email protected]</a> LastChaos]# ./startService.sh\n[<a href=\"/cdn-cgi/l/email-protection\" class=\"__cf_email__\" data-cfemail=\"53213c3c27133837616460666b\" >[email protected]</a> LastChaos]# cp: cannot stat `../../new/Helper: No such file or directory\ncp: cannot stat `../../new/Messenger: No such file or directory\ncp: cannot stat `../../new/Connector: No such file or directory\nLoad setting file....\nHelper Server Running...\ncp: cannot stat `../../new/*tar.gz: No such file or directory\nLoad setting file....\nMessenger Server Running...\nLoading Setting File...\nLastChaos Connector Running... (Language:Korean)\ncp: cannot stat `../../new/LoginServer: No such file or directory\nLoad setting file....\ntar: *tar.gz: Cannot open: No such file or directory\ntar: Error is not recoverable: exiting now\ntar: Child returned status 2\ntar: Error exit delayed from previous errors\nLogin Server Running...\nrm: cannot remove `*tar.gz: No such file or directory\ncp: cannot stat `../../new/GameServer: No such file or directory\nLoad setting file....\nSETTINGS\n: Old Network Format\n: Little Endian\nForce start zone 0\nLastChaos Running...\n\n</pre>\n<p ><img alt=\"0381c-547b9393-1946-4ad9-9b72-78ec12bad3\" src=\"http://grabilla.com/0381c-547b9393-1946-4ad9-9b72-78ec12bad355.png\" /><br /><img alt=\"0381c-83556fa8-c4b2-4eb7-bb38-43abc20e9a\" src=\"http://grabilla.com/0381c-83556fa8-c4b2-4eb7-bb38-43abc20e9a18.png\" /><br /><img alt=\"0381c-9490b82c-0d26-4f6f-b679-ebcb818393\" src=\"http://grabilla.com/0381c-9490b82c-0d26-4f6f-b679-ebcb818393fd.png\" /><br /><br />i dont know what is worng there -.-</p>\n<p > </p>\n<p >i got same error like my first when i make a /new/ folder ...</p>\n\n\n\t\t\t\n\t\t\t\t\n\n<span class=\"ipsType_reset ipsType_medium ipsType_light\" data-excludequote=\"None\" >\n\t<strong >Edited <time datetime=\"2013-08-28T09:24:01Z\" title=\"08/28/2013 09:24  AM\" data-short=\"7 yr\" >August 28, 2013</time> by BaZZtian</strong>\n\t\n\t\n</span>\n\t\t\t\n\t\t</div>"
        },
        {
            "id": 85765,
            "timestamp": 1377682204,
            "author": {
                "id": 2,
                "name": "Wizatek",
                "image": null
            },
            "comment": "<p >./Helper start &</p>"
        },
        {
            "id": 85773,
            "timestamp": 1377685834,
            "author": {
                "id": 1503,
                "name": "Paramount",
                "image": null
            },
            "comment": "\n<p >I dont understand, you need to start EP1 on Linux?</p>\n<p >If yes, you need to install mono or wine. Then something like this:</p>\n<p > </p>\n<p > </p>\n<pre class=\"ipsCode prettyprint\" >cd Connector;\nmono Connector.exe\n\ncd ../;\ncd Helper;\nmono Helper.exe\n\ncd ../;\ncd Messenger;\nmono Messenger.exe\n\ncd ../;\ncd GameServer;\nmono GameServer.exe\n\ncd ../;\ncd LoginServer;\nmono LoginServer.exe\n </pre>\n"
        },
        {
            "id": 85778,
            "timestamp": 1377688161,
            "author": {
                "id": 2888,
                "name": "BaZZtian",
                "image": null
            },
            "comment": "\n<blockquote data-ipsquote=\"\" class=\"ipsQuote\" data-ipsquote-contentcommentid=\"85773\" data-ipsquote-contentapp=\"forums\" data-ipsquote-contenttype=\"forums\" data-ipsquote-contentclass=\"forums_Topic\" data-ipsquote-contentid=\"11202\" data-ipsquote-username=\"Paramount\" data-cite=\"Paramount\" data-ipsquote-timestamp=\"1377685834\" ><div ><div >\n<p > </p>\n<p >I dont understand, you need to start EP1 on Linux?</p>\n<p >If yes, you need to install mono or wine. Then something like this:</p>\n<pre class=\"ipsCode prettyprint\" >cd Connector;\nmono Connector.exe\n\ncd ../;\ncd Helper;\nmono Helper.exe\n\ncd ../;\ncd Messenger;\nmono Messenger.exe\n\ncd ../;\ncd GameServer;\nmono GameServer.exe\n\ncd ../;\ncd LoginServer;\nmono LoginServer.exe\n </pre>\n</div></div></blockquote>\n<p > </p>\n<p >i dont have Windows Files on Linux ...</p>\n<p >my Server Files are 100% Linux</p>\n<p >:-/</p>\n"
        },
        {
            "id": 85783,
            "timestamp": 1377690755,
            "author": {
                "id": 1503,
                "name": "Paramount",
                "image": null
            },
            "comment": "\n<blockquote data-ipsquote=\"\" class=\"ipsQuote\" data-ipsquote-contentcommentid=\"85778\" data-ipsquote-contentapp=\"forums\" data-ipsquote-contenttype=\"forums\" data-ipsquote-contentclass=\"forums_Topic\" data-ipsquote-contentid=\"11202\" data-ipsquote-username=\"BaZZtian\" data-cite=\"BaZZtian\" data-ipsquote-timestamp=\"1377688161\" ><div ><div >\n<p >i dont have Windows Files on Linux ...</p>\n<p >my Server Files are 100% Linux</p>\n<p >:-/</p>\n</div></div></blockquote>\n<p >This means you are using EP2? I have never seen EP1 in linux lol, only 2005</p>\n"
        },
        {
            "id": 85785,
            "timestamp": 1377690912,
            "author": {
                "id": 17432,
                "name": "Nymphetamine",
                "image": null
            },
            "comment": "\n<blockquote data-ipsquote=\"\" class=\"ipsQuote\" data-ipsquote-contentcommentid=\"85783\" data-ipsquote-contentapp=\"forums\" data-ipsquote-contenttype=\"forums\" data-ipsquote-contentclass=\"forums_Topic\" data-ipsquote-contentid=\"11202\" data-ipsquote-username=\"Paramount\" data-cite=\"Paramount\" data-ipsquote-timestamp=\"1377690755\" ><div ><div ><p >This means you are using EP2? I have never seen EP1 in linux lol, only 2005</p></div></div></blockquote>\n<p >Same :o</p>\n"
        },
        {
            "id": 85787,
            "timestamp": 1377691340,
            "author": {
                "id": 2888,
                "name": "BaZZtian",
                "image": null
            },
            "comment": "<p >thats what i wnat to start ... i have 2005 Files that i want to start</p>"
        },
        {
            "id": 85798,
            "timestamp": 1377694881,
            "author": {
                "id": 2888,
                "name": "BaZZtian",
                "image": null
            },
            "comment": "\n<p >thats my run file ... that cant work -.-</p>\n<pre class=\"ipsCode prettyprint\" >#!/bin/bash\n\nwhile ( : ) do\n        DATE=`date`\n        if [ -r .shutdown ]; then\n                rm -f .shutdown\n        fi\n\n        #cp ../../new/Connector .\n        ./Connector test\n\n        DATE2=`date`\n        if [ -r .shutdown ]; then\n                echo \"***** Shutdown $DATE ~ $DATE2\" >> rebootlog\n                exit\n        fi\n\n        echo \"!!!!! Reboot $DATE ~ $DATE2\" >> rebootlog\n        sleep 2\ndone\n\n\n</pre>\n<p ><img alt=\"0381c-1b1a2f52-56bc-47b6-9e9a-f5735e2d1c\" src=\"http://grabilla.com/0381c-1b1a2f52-56bc-47b6-9e9a-f5735e2d1cc5.png\" /></p>\n"
        },
        {
            "id": 85800,
            "timestamp": 1377695204,
            "author": {
                "id": 2888,
                "name": "BaZZtian",
                "image": null
            },
            "comment": "\n<blockquote data-ipsquote=\"\" class=\"ipsQuote\" data-ipsquote-contentcommentid=\"85765\" data-ipsquote-contentapp=\"forums\" data-ipsquote-contenttype=\"forums\" data-ipsquote-contentclass=\"forums_Topic\" data-ipsquote-contentid=\"11202\" data-ipsquote-username=\"Wizatek\" data-cite=\"Wizatek\" data-ipsquote-timestamp=\"1377682204\" ><div ><div ><p >./Helper start &</p></div></div></blockquote>\n<p > </p>\n<p >Thx i Made this now</p>\n<pre class=\"ipsCode prettyprint\" >#!/bin/sh\n\n\ncd Connector;\n./Connector start &\nsleep 5;\n\ncd ../;\ncd Helper;\n./Helper start & \nsleep 5;\n\ncd ../;\ncd Messenger;\n./Messenger start & \nsleep 5;\n\ncd ../;\ncd GameServer;\n./GameServer start & \nsleep 5;\n\ncd ../;\ncd LoginServer;\n./LoginServer start & \nsleep 5; \n\n</pre>\n<p >but can u tell me what is this ?</p>\n<pre class=\"ipsCode prettyprint\" >[<a href=\"/cdn-cgi/l/email-protection\" class=\"__cf_email__\" data-cfemail=\"43312c2c37032827717470767b\" >[email protected]</a> ~]# cd /home/LastChaos\n[<a href=\"/cdn-cgi/l/email-protection\" class=\"__cf_email__\" data-cfemail=\"01736e6e75416a653336323439\" >[email protected]</a> LastChaos]# ./startService.sh\nLoading Setting File...\nLastChaos Connector Running... (Language:Korean)\nLoad setting file....\nHelper Server Running...\nLoad setting file....\nMessenger Server Running...\nLoad setting file....\nSETTINGS\n : Old Network Format\n : Little Endian\nForce start zone 0\nLastChaos Running...\nLoad setting file....\nLogin Server Running...\n</pre>\n"
        },
        {
            "id": 85802,
            "timestamp": 1377695431,
            "author": {
                "id": 13172,
                "name": "soryjero",
                "image": null
            },
            "comment": "\n<blockquote data-ipsquote=\"\" class=\"ipsQuote\" data-ipsquote-contentcommentid=\"85800\" data-ipsquote-contentapp=\"forums\" data-ipsquote-contenttype=\"forums\" data-ipsquote-contentclass=\"forums_Topic\" data-ipsquote-contentid=\"11202\" data-ipsquote-username=\"BaZZtian\" data-cite=\"BaZZtian\" data-ipsquote-timestamp=\"1377695204\" ><div ><div >\n<p > </p>\n<p >Thx i Made this now</p>\n<pre class=\"ipsCode prettyprint\" >#!/bin/sh\n\n\ncd Connector;\n./Connector start &\nsleep 5;\n\ncd ../;\ncd Helper;\n./Helper start & \nsleep 5;\n\ncd ../;\ncd Messenger;\n./Messenger start & \nsleep 5;\n\ncd ../;\ncd GameServer;\n./GameServer start & \nsleep 5;\n\ncd ../;\ncd LoginServer;\n./LoginServer start & \nsleep 5; \n\n</pre>\n<p >but can u tell me what is this ?</p>\n<pre class=\"ipsCode prettyprint\" >[<a href=\"/cdn-cgi/l/email-protection\" class=\"__cf_email__\" data-cfemail=\"6a1805051e2a010e585d595f52\" >[email protected]</a> ~]# cd /home/LastChaos\n[<a href=\"/cdn-cgi/l/email-protection\" class=\"__cf_email__\" data-cfemail=\"aedcc1c1daeec5ca9c999d9b96\" >[email protected]</a> LastChaos]# ./startService.sh\nLoading Setting File...\nLastChaos Connector Running... (Language:Korean)\nLoad setting file....\nHelper Server Running...\nLoad setting file....\nMessenger Server Running...\nLoad setting file....\nSETTINGS\n : Old Network Format\n : Little Endian\nForce start zone 0\nLastChaos Running...\nLoad setting file....\nLogin Server Running...\n</pre>\n</div></div></blockquote>\n<p > </p>\n<p >they run propperly. you see this because you execute gs, login... in background so you wont see them loading step by step. you only will see what you see.</p>\n"
        },
        {
            "id": 85805,
            "timestamp": 1377696024,
            "author": {
                "id": 2888,
                "name": "BaZZtian",
                "image": null
            },
            "comment": "\n<blockquote data-ipsquote=\"\" class=\"ipsQuote\" data-ipsquote-contentcommentid=\"85802\" data-ipsquote-contentapp=\"forums\" data-ipsquote-contenttype=\"forums\" data-ipsquote-contentclass=\"forums_Topic\" data-ipsquote-contentid=\"11202\" data-ipsquote-username=\"soryjero\" data-cite=\"soryjero\" data-ipsquote-timestamp=\"1377695431\" ><div ><div ><p >they run propperly. you see this because you execute gs, login... in background so you wont see them loading step by step. you only will see what you see.</p></div></div></blockquote>\n<p > </p>\n<p >ok but how can i fix it ?</p>\n"
        },
        {
            "id": 85807,
            "timestamp": 1377697861,
            "author": {
                "id": 13172,
                "name": "soryjero",
                "image": null
            },
            "comment": "\n<p >i think its better start one by one.</p>\n<p > </p>\n<p >one called startConnector.sh and write inside:</p>\n<pre class=\"ipsCode prettyprint\" >cd Connector\n./start\n</pre>\n<p >and write files like this for the rest (gs, login...)</p>\n<p > </p>\n<p >P.S. where i have written start, write name of your file</p>\n"
        },
        {
            "id": 85811,
            "timestamp": 1377700206,
            "author": {
                "id": 18226,
                "name": "OldHM",
                "image": null
            },
            "comment": "<p >How about you just go Directly via cd  commands to the folder and type ./Connector or something to start it directly? Se it to 0777 and you could do it with that :P</p>"
        },
        {
            "id": 85816,
            "timestamp": 1377703049,
            "author": {
                "id": 13172,
                "name": "soryjero",
                "image": null
            },
            "comment": "\n<blockquote data-ipsquote=\"\" class=\"ipsQuote\" data-ipsquote-contentcommentid=\"85811\" data-ipsquote-contentapp=\"forums\" data-ipsquote-contenttype=\"forums\" data-ipsquote-contentclass=\"forums_Topic\" data-ipsquote-contentid=\"11202\" data-ipsquote-username=\"Mendozza\" data-cite=\"Mendozza\" data-ipsquote-timestamp=\"1377700206\" ><div ><div ><p >How about you just go Directly via cd  commands to the folder and type ./Connector or something to start it directly? Se it to 0777 and you could do it with that :P</p></div></div></blockquote>\n<p > </p>\n<p >yes, but i also think its easier start them from a shortcut instead of go inside folder and then run them.</p>\n"
        },
        {
            "id": 85965,
            "timestamp": 1377908979,
            "author": {
                "id": 161,
                "name": "Koko",
                "image": null
            },
            "comment": "<p >If youre using Haveloks repack, why dont you simply use the already existing ./start in /lastchaos/LastChaos/ ?</p>"
        },
        {
            "id": 85972,
            "timestamp": 1377915449,
            "author": {
                "id": 2,
                "name": "Wizatek",
                "image": null
            },
            "comment": "<p >If u want to see it fully starting, just remove the LogFiles folder</p>"
        },
        {
            "id": 85992,
            "timestamp": 1377945300,
            "author": {
                "id": 5184,
                "name": "fonsy84",
                "image": null
            },
            "comment": "<p >iam confused , why u want start 2005 files , for fun?</p>"
        },
        {
            "id": 85994,
            "timestamp": 1377946362,
            "author": {
                "id": 1503,
                "name": "Paramount",
                "image": null
            },
            "comment": "\n<blockquote data-ipsquote=\"\" class=\"ipsQuote\" data-ipsquote-contentcommentid=\"85992\" data-ipsquote-contentapp=\"forums\" data-ipsquote-contenttype=\"forums\" data-ipsquote-contentclass=\"forums_Topic\" data-ipsquote-contentid=\"11202\" data-ipsquote-username=\"fonsy84\" data-cite=\"fonsy84\" data-ipsquote-timestamp=\"1377945300\" ><div ><div ><p >iam confused , why u want start 2005 files , for fun?</p></div></div></blockquote>\n<p >2005 isnt really bad.</p>\n"
        },
        {
            "id": 86009,
            "timestamp": 1377958911,
            "author": {
                "id": 2888,
                "name": "BaZZtian",
                "image": null
            },
            "comment": "\n<p >i use this now</p>\n<pre class=\"ipsCode prettyprint\" >#!/bin/sh\n\n\ncd Connector;\n./Connector start &\nsleep 5;\n\ncd ../;\ncd Helper;\n./Helper start & \nsleep 5;\n\ncd ../;\ncd Messenger;\n./Messenger start & \nsleep 5;\n\ncd ../;\ncd GameServer;\n./GameServer start & \nsleep 5;\n\ncd ../;\ncd LoginServer;\n./LoginServer start & \nsleep 5; \n\n</pre>\n"
        },
        {
            "id": 86312,
            "timestamp": 1378288786,
            "author": {
                "id": 17432,
                "name": "Nymphetamine",
                "image": null
            },
            "comment": "<p >Moved</p>"
        }
    ]
}