{
    "meta": {
        "threadId": 1121,
        "threadName": "Problem with ip",
        "dateCreated": "2011-10-23T13:11:29+0000",
        "datePublished": "2011-10-23T13:11:29+0000",
        "pageCount": 1,
        "originalUrl": "https://lckb.dev/forum/index.php?/topic/1121-problem-with-ip/",
        "authorId": null,
        "position": [
            {
                "@type": "ListItem",
                "position": 1,
                "item": {
                    "@id": "https://lckb.dev/forum/index.php?/forum/271-general-section/",
                    "name": "General Section"
                }
            },
            {
                "@type": "ListItem",
                "position": 2,
                "item": {
                    "@id": "https://lckb.dev/forum/index.php?/forum/259-general-discussion/",
                    "name": "General Discussion"
                }
            }
        ]
    },
    "commentData": [
        {
            "id": 9063,
            "timestamp": 1319375489,
            "author": {
                "id": null,
                "name": "Guest Jok3r",
                "image": null
            },
            "comment": "\n<p >English:</p>\n<p > </p>\n<p >Hi I have a problem before I could play with my friends after 2 weeks but not more because Ive deleted lc because I had no time for it anymore. where I wanted to change the sl.dta \"5.159.20.65\" hamachi ip and wanted to start the server was not taken, it is still set to \"127.0.0.1\" what should I do? I hope you can help me Im here 4 Pics of problem.</p>\n<p > </p>\n<p >Deutsch:</p>\n<p > </p>\n<p >Hi ich hab ein Problem vorher konnte ich mit meinen Freunden Spielen aber nach 2 wochen nicht mehr weil ich lc gel\u00c3\u00b6scht hab weil ich keine zeit mehr hatte daf\u00c3\u00bcr. wo ich das sl.dta \u00c3\u00a4ndern wollte auf \"5.159.20.65\" Hamachi ip und dann den  server starten wollte  wurde das nicht \u00c3\u00bcbernommen es ist immernoch auf \"127.0.0.1\" was soll ich tun? Ich hoffe ihr k\u00c3\u00b6nnt mir Helfen ich hab hier 4 Pics von problem.</p>\n<p > </p>\n<p > </p>\n<p >[ATTACH=CONFIG]424[/ATTACH] [ATTACH=CONFIG]422[/ATTACH] [ATTACH=CONFIG]423[/ATTACH][ATTACH=CONFIG]421[/ATTACH]</p>\n"
        },
        {
            "id": 9064,
            "timestamp": 1319375956,
            "author": {
                "id": null,
                "name": "Guest MonarC",
                "image": null
            },
            "comment": "<p >I have that too. but i can play on client.</p>"
        },
        {
            "id": 9072,
            "timestamp": 1319382113,
            "author": {
                "id": null,
                "name": "Guest Jok3r",
                "image": null
            },
            "comment": "<p >me too but friends cant play -.-</p>"
        },
        {
            "id": 9076,
            "timestamp": 1319383000,
            "author": {
                "id": 919,
                "name": "someone",
                "image": null
            },
            "comment": "\n<blockquote data-ipsquote=\"\" class=\"ipsQuote\" data-ipsquote-username=\"\\\" data-cite=\"\\\" data-ipsquote-contentapp=\"forums\" data-ipsquote-contenttype=\"forums\" data-ipsquote-contentid=\"1121\" data-ipsquote-contentclass=\"forums_Topic\" ><div >me too but friends cant play -.-</div></blockquote>\n<p >The  127.0.0.1  is local IP, and work only from your and only you can  connect to that ip.</p>\n<p > </p>\n<p >Change your server IP from 127.0.0.1 to your hamachi IP, and let it bind withthe IP of the Hamachi, then you and your friends can join.</p>\n"
        },
        {
            "id": 9099,
            "timestamp": 1319392939,
            "author": {
                "id": null,
                "name": "Guest Jok3r",
                "image": null
            },
            "comment": "<p >look the screens ;)</p>"
        },
        {
            "id": 9100,
            "timestamp": 1319393116,
            "author": {
                "id": null,
                "name": "Guest Jok3r",
                "image": null
            },
            "comment": "<p >i have do this but dont taken this on server starter -.-</p>"
        },
        {
            "id": 9102,
            "timestamp": 1319394234,
            "author": {
                "id": 770,
                "name": "zhuk",
                "image": null
            },
            "comment": "<p >omg this ip just in ur sl.dta, u need to change it in newStobm.bin</p>"
        },
        {
            "id": 9103,
            "timestamp": 1319394365,
            "author": {
                "id": 919,
                "name": "someone",
                "image": null
            },
            "comment": "<p >I see you change the IP on the client but on server you didnt change(change the IPs in newstobn.bin, for all your server files)</p>"
        },
        {
            "id": 9211,
            "timestamp": 1319548126,
            "author": {
                "id": null,
                "name": "Guest Jok3r",
                "image": null
            },
            "comment": "<p >Thanks i forget the iptool on gameserver im very stupid hahah xD thanks :D</p>"
        }
    ]
}