{
    "meta": {
        "threadId": 11229,
        "threadName": "Complete DataBase v11 by CDWriter",
        "dateCreated": "2013-08-29T19:04:27+0000",
        "datePublished": "2013-08-29T19:04:27+0000",
        "pageCount": 1,
        "originalUrl": "https://lckb.dev/forum/index.php?/topic/11229-complete-database-v11-by-cdwriter/",
        "authorId": 17582,
        "position": [
            {
                "@type": "ListItem",
                "position": 1,
                "item": {
                    "@id": "https://lckb.dev/forum/index.php?/forum/258-release-zone/",
                    "name": "Release Zone"
                }
            },
            {
                "@type": "ListItem",
                "position": 2,
                "item": {
                    "@id": "https://lckb.dev/forum/index.php?/forum/325-episode-2-releases/",
                    "name": "Episode 2 Releases"
                }
            },
            {
                "@type": "ListItem",
                "position": 3,
                "item": {
                    "@id": "https://lckb.dev/forum/index.php?/forum/125-server-side/",
                    "name": "Server Side"
                }
            }
        ]
    },
    "commentData": [
        {
            "id": 85894,
            "timestamp": 1377803067,
            "author": {
                "id": 17582,
                "name": "CDWriter",
                "image": null
            },
            "comment": "<p ><span style=\"color:rgb(51,51,51);\" ><span style=\"font-family:Verdana;\" ><span style=\"font-size:12px;\" >V11</span></span></span><br /><span style=\"color:rgb(51,51,51);\" ><span style=\"font-family:Verdana;\" ><span style=\"font-size:12px;\" >***</span></span></span><br /><br /><span style=\"color:rgb(51,51,51);\" ><span style=\"font-family:Verdana;\" ><span style=\"font-size:12px;\" >Hello community</span></span></span><br /><br /><span style=\"color:rgb(51,51,51);\" ><span style=\"font-family:Verdana;\" ><span style=\"font-size:12px;\" >Here i release another complete sql release COMPLETE meaning with client data files to match.</span></span></span><br /><span style=\"color:rgb(51,51,51);\" ><span style=\"font-family:Verdana;\" ><span style=\"font-size:12px;\" >These files are for the Centos USA last chaos release and should be compatible to gamigos release with a little change.</span></span></span><br /><br /><span style=\"color:rgb(51,51,51);\" ><span style=\"font-family:Verdana;\" ><span style=\"font-size:12px;\" >Accounts</span></span></span><br /><span style=\"color:rgb(51,51,51);\" ><span style=\"font-family:Verdana;\" ><span style=\"font-size:12px;\" >** ******</span></span></span><br /><span style=\"color:rgb(51,51,51);\" ><span style=\"font-family:Verdana;\" ><span style=\"font-size:12px;\" >There will be 1 account for this release, by now you all know how to add a account... also at this point you need to either delete the account steve and start with your own our leave steve there to get started. You also need to remove all the toons, and all there reference.</span></span></span><br /><span style=\"color:rgb(51,51,51);\" ><span style=\"font-family:Verdana;\" ><span style=\"font-size:12px;\" >ill add LastChaos Password Hasher (by fabi202cool) a file needed to create one and get you started..</span></span></span><br /><br /><span style=\"color:rgb(51,51,51);\" ><span style=\"font-family:Verdana;\" ><span style=\"font-size:12px;\" >Thanks to dethunter12 WHO has shown me more bug then anyone else. </span></span></span><br /><span style=\"color:rgb(51,51,51);\" ><span style=\"font-family:Verdana;\" ><span style=\"font-size:12px;\" >Thanks to anyone else who made the small effort to even POST anything, I at least owe u that ...</span></span></span><br /><br /><span style=\"color:rgb(51,51,51);\" ><span style=\"font-family:Verdana;\" ><span style=\"font-size:12px;\" >RELEASE Notes: v11 </span></span></span><br /><span style=\"color:rgb(51,51,51);\" ><span style=\"font-family:Verdana;\" ><span style=\"font-size:12px;\" >--------------------</span></span></span><br /><br /><span style=\"color:rgb(51,51,51);\" ><span style=\"font-family:Verdana;\" ><span style=\"font-size:12px;\" >What was Fixed:</span></span></span><br /><span style=\"color:rgb(51,51,51);\" ><span style=\"font-family:Verdana;\" ><span style=\"font-size:12px;\" >-----------------</span></span></span><br /><span style=\"color:rgb(51,51,51);\" ><span style=\"font-family:Verdana;\" ><span style=\"font-size:12px;\" >Fixed all shop keeper items.</span></span></span><br /><span style=\"color:rgb(51,51,51);\" ><span style=\"font-family:Verdana;\" ><span style=\"font-size:10px;\" >Item Fixes<br />Booster potions.</span></span></span><br /><span style=\"color:rgb(51,51,51);\" ><span style=\"font-family:Verdana;\" ><span style=\"font-size:12px;\" >Level 65 weapon attack speeds 11 in total.</span></span></span><br /><span style=\"color:rgb(51,51,51);\" ><span style=\"font-family:Verdana;\" ><span style=\"font-size:10px;\" >All level 180 skills </span></span></span><br /><span style=\"color:rgb(51,51,51);\" ><span style=\"font-family:Verdana;\" ><span style=\"font-size:12px;\" >Other skills needed work.</span></span></span><br /><br /><span style=\"color:rgb(51,51,51);\" ><span style=\"font-family:Verdana;\" ><span style=\"font-size:12px;\" >What was added:</span></span></span><br /><span style=\"color:rgb(51,51,51);\" ><span style=\"font-family:Verdana;\" ><span style=\"font-size:12px;\" >------------------</span></span></span><br /><span style=\"color:rgb(51,51,51);\" ><span style=\"font-family:Verdana;\" ><span style=\"font-size:12px;\" >Locked Case of Platinum Jewel</span></span></span><br /><span style=\"color:rgb(51,51,51);\" ><span style=\"font-family:Verdana;\" ><span style=\"font-size:12px;\" >Case of Platinum Jewels       ** Added to Shop</span></span></span><br /><span style=\"color:rgb(51,51,51);\" ><span style=\"font-family:Verdana;\" ><span style=\"font-size:12px;\" >Locked Case of Advanced Grade Jewels</span></span></span><br /><span style=\"color:rgb(51,51,51);\" ><span style=\"font-family:Verdana;\" ><span style=\"font-size:12px;\" >Locked Case of Middle Grade Jewels</span></span></span><br /><span style=\"color:rgb(51,51,51);\" ><span style=\"font-family:Verdana;\" ><span style=\"font-size:12px;\" >Case of Middle Grade Jewels</span></span></span><span style=\"color:rgb(51,51,51);font-family:Verdana;font-size:12px;\" >       ** Added to Shop</span><br /><span style=\"color:rgb(51,51,51);\" ><span style=\"font-family:Verdana;\" ><span style=\"font-size:12px;\" >Titans Clown Hat</span></span></span><br /><span style=\"color:rgb(51,51,51);\" ><span style=\"font-family:Verdana;\" ><span style=\"font-size:12px;\" >Knights Clown Hat</span></span></span><br /><span style=\"color:rgb(51,51,51);\" ><span style=\"font-family:Verdana;\" ><span style=\"font-size:12px;\" >Healers Clown Hat</span></span></span><br /><span style=\"color:rgb(51,51,51);\" ><span style=\"font-family:Verdana;\" ><span style=\"font-size:12px;\" >Rogues Clown Hat</span></span></span><br /><span style=\"color:rgb(51,51,51);\" ><span style=\"font-family:Verdana;\" ><span style=\"font-size:12px;\" >Sorcerers Clown Hat</span></span></span><br /><span style=\"color:rgb(51,51,51);\" ><span style=\"font-family:Verdana;\" ><span style=\"font-size:12px;\" >Nightshadows Clown Hat</span></span></span><br /><span style=\"color:rgb(51,51,51);\" ><span style=\"font-family:Verdana;\" ><span style=\"font-size:12px;\" >Pink April Fools Day Candy  *** NEW skill added to match</span></span></span><br /><span style=\"color:rgb(51,51,51);\" ><span style=\"font-family:Verdana;\" ><span style=\"font-size:12px;\" >Blue April Fools Day Candy    *** NEW skill added to match</span></span></span><br /><span style=\"color:rgb(51,51,51);\" ><span style=\"font-family:Verdana;\" ><span style=\"font-size:12px;\" >Case of Advanced Grade Jewels</span></span></span><span style=\"color:rgb(51,51,51);font-family:Verdana;font-size:12px;\" >       ** Added to Shop</span><br /><span style=\"color:rgb(51,51,51);\" ><span style=\"font-family:Verdana;\" ><span style=\"font-size:12px;\" >[Golden] Jewel Key</span></span></span><br /><span style=\"color:rgb(51,51,51);\" ><span style=\"font-family:Verdana;\" ><span style=\"font-size:12px;\" >Jewel Fusion Scroll</span></span></span><br /><span style=\"color:rgb(51,51,51);\" ><span style=\"font-family:Verdana;\" ><span style=\"font-size:12px;\" >Chaos Jewel Fusion Scroll</span></span></span><br /><span style=\"color:rgb(51,51,51);\" ><span style=\"font-family:Verdana;\" ><span style=\"font-size:12px;\" >Costunes where all ready in the game, They added the whole Costume Set.</span></span></span><br /><span style=\"color:rgb(51,51,51);\" ><span style=\"font-family:Verdana;\" ><span style=\"font-size:12px;\" >[Costume2]Titan Western Costume</span></span></span><span style=\"color:rgb(51,51,51);font-family:Verdana;font-size:12px;\" >       ** Added to Shop</span><br /><span style=\"color:rgb(51,51,51);\" ><span style=\"font-family:Verdana;\" ><span style=\"font-size:12px;\" >[Costume2]Knight Western Costume</span></span></span><span style=\"color:rgb(51,51,51);font-family:Verdana;font-size:12px;\" >       ** Added to Shop</span><br /><span style=\"color:rgb(51,51,51);\" ><span style=\"font-family:Verdana;\" ><span style=\"font-size:12px;\" >[Costume2]Healer Western Costume</span></span></span><span style=\"color:rgb(51,51,51);font-family:Verdana;font-size:12px;\" >       ** Added to Shop</span><br /><span style=\"color:rgb(51,51,51);\" ><span style=\"font-family:Verdana;\" ><span style=\"font-size:12px;\" >[Costume2]Mage Western Costume</span></span></span><span style=\"color:rgb(51,51,51);font-family:Verdana;font-size:12px;\" >       ** Added to Shop</span><br /><span style=\"color:rgb(51,51,51);\" ><span style=\"font-family:Verdana;\" ><span style=\"font-size:12px;\" >[Costume2]Rogue Western Costume</span></span></span><span style=\"color:rgb(51,51,51);font-family:Verdana;font-size:12px;\" >       ** Added to Shop</span><br /><span style=\"color:rgb(51,51,51);\" ><span style=\"font-family:Verdana;\" ><span style=\"font-size:12px;\" >[Costume2]Sorcerer Western Costume</span></span></span><span style=\"color:rgb(51,51,51);font-family:Verdana;font-size:12px;\" >       ** Added to Shop</span><br /><span style=\"color:rgb(51,51,51);\" ><span style=\"font-family:Verdana;\" ><span style=\"font-size:12px;\" >[Costume2]Titan Pirate Costume</span></span></span><span style=\"color:rgb(51,51,51);font-family:Verdana;font-size:12px;\" >       ** Added to Shop</span><br /><span style=\"color:rgb(51,51,51);\" ><span style=\"font-family:Verdana;\" ><span style=\"font-size:12px;\" >[Costume2]Knight Pirate Costume</span></span></span><span style=\"color:rgb(51,51,51);font-family:Verdana;font-size:12px;\" >       ** Added to Shop</span><br /><span style=\"color:rgb(51,51,51);\" ><span style=\"font-family:Verdana;\" ><span style=\"font-size:12px;\" >[Costume2]Healer Pirate Costume</span></span></span><span style=\"color:rgb(51,51,51);font-family:Verdana;font-size:12px;\" >       ** Added to Shop</span><br /><span style=\"color:rgb(51,51,51);\" ><span style=\"font-family:Verdana;\" ><span style=\"font-size:12px;\" >[Costume2]Mage Pirate Costume</span></span></span><span style=\"color:rgb(51,51,51);font-family:Verdana;font-size:12px;\" >       ** Added to Shop</span><br /><span style=\"color:rgb(51,51,51);\" ><span style=\"font-family:Verdana;\" ><span style=\"font-size:12px;\" >[Costume2]Rogue Pirate Costume</span></span></span><span style=\"color:rgb(51,51,51);font-family:Verdana;font-size:12px;\" >       ** Added to Shop</span><br /><span style=\"color:rgb(51,51,51);\" ><span style=\"font-family:Verdana;\" ><span style=\"font-size:12px;\" >[Costume2]Sorcerer Pirate Costume</span></span></span><span style=\"color:rgb(51,51,51);font-family:Verdana;font-size:12px;\" >       ** Added to Shop</span><br /><span style=\"color:rgb(51,51,51);\" ><span style=\"font-family:Verdana;\" ><span style=\"font-size:12px;\" >[Costume2]Night Shadow Pirate Costume</span></span></span><span style=\"color:rgb(51,51,51);font-family:Verdana;font-size:12px;\" >       ** Added to Shop</span><br /><span style=\"color:rgb(51,51,51);\" ><span style=\"font-family:Verdana;\" ><span style=\"font-size:12px;\" >[Costume2]Titan Carnival Costume</span></span></span><span style=\"color:rgb(51,51,51);font-family:Verdana;font-size:12px;\" >       ** Added to Shop</span><br /><span style=\"color:rgb(51,51,51);\" ><span style=\"font-family:Verdana;\" ><span style=\"font-size:12px;\" >[Costume2]Knight Carnival Costume</span></span></span><span style=\"color:rgb(51,51,51);font-family:Verdana;font-size:12px;\" >       ** Added to Shop</span><br /><span style=\"color:rgb(51,51,51);\" ><span style=\"font-family:Verdana;\" ><span style=\"font-size:12px;\" >[Costume2]Healer Carnival Costume</span></span></span><span style=\"color:rgb(51,51,51);font-family:Verdana;font-size:12px;\" >       ** Added to Shop</span><br /><span style=\"color:rgb(51,51,51);\" ><span style=\"font-family:Verdana;\" ><span style=\"font-size:12px;\" >[Costume2]Mage Carnival Costume</span></span></span><span style=\"color:rgb(51,51,51);font-family:Verdana;font-size:12px;\" >       ** Added to Shop</span><br /><span style=\"color:rgb(51,51,51);\" ><span style=\"font-family:Verdana;\" ><span style=\"font-size:12px;\" >[Costume2]Rogue Carnival Costume</span></span></span><span style=\"color:rgb(51,51,51);font-family:Verdana;font-size:12px;\" >       ** Added to Shop</span><br /><span style=\"color:rgb(51,51,51);\" ><span style=\"font-family:Verdana;\" ><span style=\"font-size:12px;\" >[Costume2]Sorcerer Carnival Costume</span></span></span><span style=\"color:rgb(51,51,51);font-family:Verdana;font-size:12px;\" >       ** Added to Shop</span><br /><span style=\"color:rgb(51,51,51);\" ><span style=\"font-family:Verdana;\" ><span style=\"font-size:12px;\" >[Costume2]Night Shadow Carnival Costume</span></span></span><span style=\"color:rgb(51,51,51);font-family:Verdana;font-size:12px;\" >       ** Added to Shop</span><br /><span style=\"color:rgb(51,51,51);\" ><span style=\"font-family:Verdana;\" ><span style=\"font-size:12px;\" >[Costume2]Titan Police Costume</span></span></span><span style=\"color:rgb(51,51,51);font-family:Verdana;font-size:12px;\" >       ** Added to Shop</span><br /><span style=\"color:rgb(51,51,51);\" ><span style=\"font-family:Verdana;\" ><span style=\"font-size:12px;\" >[Costume2]Knight Police Costume</span></span></span><span style=\"color:rgb(51,51,51);font-family:Verdana;font-size:12px;\" >       ** Added to Shop</span><br /><span style=\"color:rgb(51,51,51);\" ><span style=\"font-family:Verdana;\" ><span style=\"font-size:12px;\" >[Costume2]Healer Police Costume</span></span></span><span style=\"color:rgb(51,51,51);font-family:Verdana;font-size:12px;\" >       ** Added to Shop</span><br /><span style=\"color:rgb(51,51,51);\" ><span style=\"font-family:Verdana;\" ><span style=\"font-size:12px;\" >[Costume2]Mage Police Costume</span></span></span><span style=\"color:rgb(51,51,51);font-family:Verdana;font-size:12px;\" >       ** Added to Shop</span><br /><span style=\"color:rgb(51,51,51);\" ><span style=\"font-family:Verdana;\" ><span style=\"font-size:12px;\" >[Costume2]Rogue Police Costume</span></span></span><span style=\"color:rgb(51,51,51);font-family:Verdana;font-size:12px;\" >       ** Added to Shop</span><br /><span style=\"color:rgb(51,51,51);\" ><span style=\"font-family:Verdana;\" ><span style=\"font-size:12px;\" >[Costume2]Sorcerer Police Costume</span></span></span><span style=\"color:rgb(51,51,51);font-family:Verdana;font-size:12px;\" >       ** Added to Shop</span><br /><span style=\"color:rgb(51,51,51);\" ><span style=\"font-family:Verdana;\" ><span style=\"font-size:12px;\" >[Costume2]Night Shadow Police Costume</span></span></span><span style=\"color:rgb(51,51,51);font-family:Verdana;font-size:12px;\" >       ** Added to Shop</span><br /><span style=\"color:rgb(51,51,51);\" ><span style=\"font-family:Verdana;\" ><span style=\"font-size:12px;\" >Added Jewels to the Jewel cases, Based off official server. </span></span></span><br /><span style=\"color:rgb(51,51,51);\" ><span style=\"font-family:Verdana;\" ><span style=\"font-size:12px;\" >Chaos Jems could be added, But No system for such, So no chaos Jems.</span></span></span><br /><br /><br /><span style=\"color:rgb(51,51,51);\" ><span style=\"font-family:Verdana;\" ><span style=\"font-size:12px;\" >If you see anything wrong with anything i might have done please let me now.</span></span></span><br /><br /><span style=\"color:rgb(51,51,51);\" ><span style=\"font-family:Verdana;\" ><span style=\"font-size:12px;\" >**Extras</span></span></span><br /><span style=\"color:rgb(51,51,51);\" ><span style=\"font-family:Verdana;\" ><span style=\"font-size:12px;\" >-----------</span></span></span><br /><span style=\"color:rgb(51,51,51);\" ><span style=\"font-family:Verdana;\" ><span style=\"font-size:12px;\" >GSEditor <-- add a GS editor Thanks Wizatek for this public release.. Offsets from forum posts.</span></span></span><br /><span style=\"color:rgb(51,51,51);\" ><span style=\"font-family:Verdana;\" ><span style=\"font-size:12px;\" >Time Stamp <-- Used to get a Correct Unix time for t_lc_time / Newproject_db needs to be there for Automation of Ranking list.</span></span></span><br /><span style=\"color:rgb(51,51,51);\" ><span style=\"font-family:Verdana;\" ><span style=\"font-size:12px;\" >GameServer_d(USA) Newer___My Gameserver Lvl 180 gm 186 <-- WHAT i use so i can level to 180.</span></span></span><br /><span style=\"color:rgb(51,51,51);\" ><span style=\"font-family:Verdana;\" ><span style=\"font-size:12px;\" >GameServer_d(USA) Newer.rar <-- Original release by blankname.</span></span></span><br /><span style=\"color:rgb(51,51,51);\" ><span style=\"font-family:Verdana;\" ><span style=\"font-size:12px;\" >Readme for GameServer_d(USA) Newer.txt <-- Explains all about the Rar file also has all the OFFSETS by Blankname and Buff Npc Offsets where given by Douglas Origens.</span></span></span><br /><br /><span style=\"color:rgb(51,51,51);\" ><span style=\"font-family:Verdana;\" ><span style=\"font-size:12px;\" >**Notes</span></span></span><br /><span style=\"color:rgb(51,51,51);\" ><span style=\"font-family:Verdana;\" ><span style=\"font-size:12px;\" >----------</span></span></span><br /><span style=\"color:rgb(51,51,51);\" ><span style=\"font-family:Verdana;\" ><span style=\"font-size:12px;\" >Just remember i will reply to your post to understand the error better its not me attacking you in any way, Just need to understand how you worded the mistake...</span></span></span><br /><span style=\"color:rgb(51,51,51);\" ><span style=\"font-family:Verdana;\" ><span style=\"font-size:10px;\" >Special thanks to Public Tool Designers, Wizatek, Hateme, Bash, Falo, and all the others i might have missed...</span></span></span><br /><span style=\"color:rgb(51,51,51);\" ><span style=\"font-family:Verdana;\" ><span style=\"font-size:10px;\" >As long as there error reports ill keep releasing these bases ...something simple ill add the sql fix to this topic..</span></span></span><br /><br /><br /><span style=\"color:rgb(51,51,51);\" ><span style=\"font-family:Verdana;\" ><span style=\"font-size:12px;\" >To DOWNLOAD this 11th release file go here: --> </span></span></span><a href=\"https://mega.co.nz/#!6NwViIxB!Zuix1SwuceDHqhq8nK25VV7bP5dH5_Vt-5V6nqVV-r8\" rel=\"external nofollow\" >v11 Release</a><br /><span style=\"color:rgb(51,51,51);\" ><span style=\"font-family:Verdana;\" ><span style=\"font-size:12px;\" >My Server Files: --> </span></span></span><a href=\"https://mega.co.nz/#!gBZUFBBT!R6gSSnIh1OA78ya7wSjCrVde8Yc4xG28F-Mf9Lw4wFI\" rel=\"external nofollow\" >Server</a><br /><br /><br /><span style=\"color:rgb(51,51,51);\" ><span style=\"font-family:Verdana;\" ><span style=\"font-size:12px;\" >Simple WAY to get a client</span></span></span><br /><span style=\"color:rgb(51,51,51);\" ><span style=\"font-family:Verdana;\" ><span style=\"font-size:12px;\" >*********************************</span></span></span><br /><span style=\"color:rgb(51,51,51);\" ><span style=\"font-family:Verdana;\" ><span style=\"font-size:12px;\" >1. In Theory so far it looks like any USA client will work just update fully.</span></span></span><br /><span style=\"color:rgb(51,51,51);\" ><span style=\"font-family:Verdana;\" ><span style=\"font-size:10px;\" >2. This UPDATED folder will be your NEW client..</span></span></span><br /><span style=\"color:rgb(51,51,51);\" ><span style=\"font-family:Verdana;\" ><span style=\"font-size:10px;\" >3. Now Open my release u will see USA Files and Extras goto USA files copy the folders to the new client, BIN and DATA folders you must copy the content of each of them over into the same folders.</span></span></span><br /><span style=\"color:rgb(51,51,51);\" ><span style=\"font-family:Verdana;\" ><span style=\"font-size:10px;\" >4. At this point you should be 100% compatible to my SQL. As long as you used the Extra folder and the GS in there. Steve account has 1 - 180 character and can support up to 8, if you can not get to this toon then you did not follow all what i put here in this new release... start again.</span></span></span><br /><br /><br /><span style=\"color:rgb(51,51,51);\" ><span style=\"font-family:Verdana;\" ><span style=\"font-size:10px;\" >For every account you make you need to do the following to get the 8 character slot working. Lets get the 8 Character creation started ...Go into newproject_db find table t_extendcharslot and add in your char number (take from newproject_db_auth / bg_user - column user_code) date it starts and date it ends. I added my account name there for a reference. (Temp for now till someone figures the in-game item out).</span></span></span><br /><br /><span style=\"color:rgb(51,51,51);\" ><span style=\"font-family:Verdana;\" ><span style=\"font-size:12px;\" >5. Why did i not think of this before, This way we are using USA last chaos download sites for our NEW client and make it simple i always say.........</span></span></span><br /><br /><span style=\"color:rgb(51,51,51);\" ><span style=\"font-family:Verdana;\" ><span style=\"font-size:12px;\" >I have tested this myself and all works great, and still using it this way... any issues please let me now ...sorry for all the confusion before..</span></span></span><br /><br /><span style=\"color:rgb(51,51,51);\" ><span style=\"font-family:Verdana;\" ><span style=\"font-size:10px;\" >Please REPORT ERRORS CANT fix what i dont know of....</span></span></span><br /><br /><span style=\"color:rgb(51,51,51);\" ><span style=\"font-family:Verdana;\" ><span style=\"font-size:12px;\" >If you have any issues getting it started or loading the database please post it in the help section.</span></span></span><br /><br /><span style=\"color:rgb(51,51,51);\" ><span style=\"font-family:Verdana;\" ><span style=\"font-size:12px;\" >Client --> </span></span></span><a href=\"https://api.viglink.com/api/click?format=go&key=bbb516d91daee20498798694a42dd559&loc=http%3A%2F%2Flcdatabasepro.boards.net%2Fthread%2F37%2Fcomplete-database-v10-cdwriter&v=1&libId=0a985c5d-9dee-4a5e-9051-2292d5ae2cd3&out=https%3A%2F%2Fmega.co.nz%2F%23!gcJFGToJ!Zudrqw3wLLTFsnUEz42WqhBZMalkd-fiqdaSru5ca-Q&ref=http%3A%2F%2Flcdatabasepro.boards.net%2Fboard%2F3%2Fdatabase-releases&title=Complete%20DataBase%20v10%20by%20CDWriter%20%7C%20LastChaos%20DataBase&txt=Client&jsonp=vglnk_jsonp_13776678488007\" rel=\"external nofollow\" >Client</a><br /><br /><span style=\"color:rgb(51,51,51);\" ><span style=\"font-family:Verdana;\" ><span style=\"font-size:12px;\" >Thanks to dethunter12 for this client upload..</span></span></span><br /><br /><br /><span style=\"color:rgb(51,51,51);\" ><span style=\"font-family:Verdana;\" ><span style=\"font-size:12px;\" >CDWriter</span></span></span><br /><br /><span style=\"color:rgb(51,51,51);\" ><span style=\"font-family:Verdana;\" ><span style=\"font-size:12px;\" >V11, Took this long for others to start posting errors, lcdatabase.</span></span></span></p>\n\n\t\t\t\n\t\t\t\t\n\n<span class=\"ipsType_reset ipsType_medium ipsType_light\" data-excludequote=\"None\" >\n\t<strong >Edited <time datetime=\"2013-08-30T05:02:50Z\" title=\"08/30/2013 05:02  AM\" data-short=\"7 yr\" >August 30, 2013</time> by CDWriter</strong>\n\t\n\t\n</span>\n\t\t\t\n\t\t</div>"
        },
        {
            "id": 85895,
            "timestamp": 1377803562,
            "author": {
                "id": 17432,
                "name": "Nymphetamine",
                "image": null
            },
            "comment": "<p ><strong >Approved by Nymphetamine.<br />Status:Clean</strong><br /> </p>"
        },
        {
            "id": 85896,
            "timestamp": 1377805370,
            "author": {
                "id": 18312,
                "name": "Assasin",
                "image": null
            },
            "comment": "<p >GooD Test :-)</p>"
        },
        {
            "id": 85897,
            "timestamp": 1377806256,
            "author": {
                "id": 2640,
                "name": "Kenpachi",
                "image": null
            },
            "comment": "<p >Nice work CD, always releasing fantastic work</p>"
        },
        {
            "id": 85900,
            "timestamp": 1377807503,
            "author": {
                "id": 267,
                "name": "SutWick",
                "image": null
            },
            "comment": "<p >Nice release mate, keep it coming :)</p>"
        },
        {
            "id": 85901,
            "timestamp": 1377808507,
            "author": {
                "id": 11986,
                "name": "SnowFox",
                "image": null
            },
            "comment": "\n<p >Nice like always great release :)</p>\n<p > </p>\n<p >Keep up the good working.</p>\n<p > </p>\n<p >Regards,</p>\n<p >SnowFox</p>\n"
        },
        {
            "id": 85903,
            "timestamp": 1377811906,
            "author": {
                "id": 7695,
                "name": "CyberClaus",
                "image": null
            },
            "comment": "<p >Good work CDWriter, keep up.</p>"
        },
        {
            "id": 85909,
            "timestamp": 1377824182,
            "author": {
                "id": 17582,
                "name": "CDWriter",
                "image": null
            },
            "comment": "\n<p >All chest locked our unlocked will work.i based it off what i could find off lc forum . if u are sure pm me what they should be .</p>\n<p >i have it as follows</p>\n<p >mid grade chest open jewels lvl 1-5</p>\n<p >advance open 6-11</p>\n<p >platnum opens 12-15 </p>\n"
        },
        {
            "id": 85910,
            "timestamp": 1377824791,
            "author": {
                "id": 17582,
                "name": "CDWriter",
                "image": null
            },
            "comment": "<p >all locked jewel boxes should be added to npc drops but at a very very low drop rate ill add them randomy to npc for next realease......</p>"
        },
        {
            "id": 86123,
            "timestamp": 1378061792,
            "author": {
                "id": 16274,
                "name": "Shayna",
                "image": null
            },
            "comment": "<p >Nice CDWriter</p>"
        },
        {
            "id": 86125,
            "timestamp": 1378062398,
            "author": {
                "id": 6967,
                "name": "GuXz",
                "image": null
            },
            "comment": "<p >Good job CD ;) Best release with real support.</p>\n\n\t\t\t\n\t\t\t\t\n\n<span class=\"ipsType_reset ipsType_medium ipsType_light\" data-excludequote=\"None\" >\n\t<strong >Edited <time datetime=\"2013-09-01T19:29:09Z\" title=\"09/01/2013 07:29  PM\" data-short=\"7 yr\" >September 1, 2013</time> by GuXz</strong>\n\t\n\t\n</span>\n\t\t\t\n\t\t</div>"
        },
        {
            "id": 86128,
            "timestamp": 1378063147,
            "author": {
                "id": 17432,
                "name": "Nymphetamine",
                "image": null
            },
            "comment": "\n<blockquote data-ipsquote=\"\" class=\"ipsQuote\" data-ipsquote-contentcommentid=\"86125\" data-ipsquote-contentapp=\"forums\" data-ipsquote-contenttype=\"forums\" data-ipsquote-contentclass=\"forums_Topic\" data-ipsquote-contentid=\"11229\" data-ipsquote-username=\"GuXz\" data-cite=\"GuXz\" data-ipsquote-timestamp=\"1378062398\" ><div ><div >\n<p >Noob question : How lunch 2 gameserver or more ?</p>\n<p > </p>\n<p >I have problem in terminal :s</p>\n</div></div></blockquote>\n<p >GameServer_1</p>\n<p >GameServerabcd</p>\n<p >GameServerLolz</p>\n<p >GameServer11</p>\n"
        },
        {
            "id": 86130,
            "timestamp": 1378063828,
            "author": {
                "id": 1503,
                "name": "Paramount",
                "image": null
            },
            "comment": "\n<blockquote data-ipsquote=\"\" class=\"ipsQuote\" data-ipsquote-contentcommentid=\"86128\" data-ipsquote-contentapp=\"forums\" data-ipsquote-contenttype=\"forums\" data-ipsquote-contentclass=\"forums_Topic\" data-ipsquote-contentid=\"11229\" data-ipsquote-username=\"Nymphetamine\" data-cite=\"Nymphetamine\" data-ipsquote-timestamp=\"1378063147\" ><div ><div >\n<p >GameServer_1</p>\n<p >GameServerabcd</p>\n<p >GameServerLolz</p>\n<p >GameServer11</p>\n</div></div></blockquote>\n<p >And do not forget to change the ports ;)</p>\n"
        },
        {
            "id": 86160,
            "timestamp": 1378098937,
            "author": {
                "id": 18141,
                "name": "ostia19",
                "image": null
            },
            "comment": "<p >someone have problem with suspicious bat because dont see texture in all evolution </p>"
        },
        {
            "id": 86192,
            "timestamp": 1378137887,
            "author": {
                "id": 17582,
                "name": "CDWriter",
                "image": null
            },
            "comment": "<p >@<a contenteditable=\"false\" data-ipshover=\"\" href=\"https://lckb.dev/forum/index.php?/profile/18141-ostia19/\" data-ipshover-target=\"https://lckb.dev/forum/index.php?/profile/18141-ostia19/&do=hovercard\" data-mentionid=\"18141\" rel=\"\" >@ostia19</a> make sure they update there client before adding patch .....</p>"
        },
        {
            "id": 86281,
            "timestamp": 1378242907,
            "author": {
                "id": 15376,
                "name": "\u00e2\u02dc\u00a3 WARFACE \u00e2\u02dc\u00a3",
                "image": null
            },
            "comment": "<p >Friends that it is necessary to correct that the mailbox worked in game? that I didnt replace the databases?</p>"
        },
        {
            "id": 86291,
            "timestamp": 1378273960,
            "author": {
                "id": 17582,
                "name": "CDWriter",
                "image": null
            },
            "comment": "<p >@<a contenteditable=\"false\" rel=\"\" ></a> sorry , i guess what your saying is that you want to fix the mailbox ... although a new GS is what is needed here ...  I am not 100% sure the database is ready for the mailbox ...but i gave it my best shot and add in all the tables from current GS.....</p>"
        },
        {
            "id": 86302,
            "timestamp": 1378282687,
            "author": {
                "id": 17582,
                "name": "CDWriter",
                "image": null
            },
            "comment": "<p >CLOSE....Please v12-TD</p>"
        },
        {
            "id": 86307,
            "timestamp": 1378284865,
            "author": {
                "id": 17432,
                "name": "Nymphetamine",
                "image": null
            },
            "comment": "<p >Closed</p>"
        }
    ]
}