{
    "meta": {
        "threadId": 11239,
        "threadName": "Free Skills",
        "dateCreated": "2013-08-31T00:49:37+0000",
        "datePublished": "2013-08-31T00:49:37+0000",
        "pageCount": 1,
        "originalUrl": "https://lckb.dev/forum/index.php?/topic/11239-free-skills/",
        "authorId": 6967,
        "position": [
            {
                "@type": "ListItem",
                "position": 1,
                "item": {
                    "@id": "https://lckb.dev/forum/index.php?/forum/100-guides-help-section/",
                    "name": "Guides &amp; Help Section"
                }
            },
            {
                "@type": "ListItem",
                "position": 2,
                "item": {
                    "@id": "https://lckb.dev/forum/index.php?/forum/332-tutorials-guides/",
                    "name": "Tutorials &amp; Guides"
                }
            },
            {
                "@type": "ListItem",
                "position": 3,
                "item": {
                    "@id": "https://lckb.dev/forum/index.php?/forum/107-ep2-guides/",
                    "name": "Ep2 Guides"
                }
            }
        ]
    },
    "commentData": [
        {
            "id": 85968,
            "timestamp": 1377910177,
            "author": {
                "id": 6967,
                "name": "GuXz",
                "image": null
            },
            "comment": "\n<p >Hi all,</p>\n<p > </p>\n<p >In my first guide I help you to have free skills in Learn NPC (in database and game in Learn NPC).</p>\n<p > </p>\n<p >Im not well in english so sry for faults :) I have put screens in all step ;)</p>\n<p > </p>\n<p >MYSQL :</p>\n<p > </p>\n<p >For start, execute that query in newproject_data.</p>\n<p > </p>\n<div >UPDATE t_<span >skill</span>Level SET a_needItemIndex1 = \"-1\";</div>\n<div >UPDATE t_<span >skill</span>Level SET a_needItemCount1 = \"0\";</div>\n<div >UPDATE t_<span >skill</span>Level SET a_needItemIndex2 = \"-1\";</div>\n<div >UPDATE t_<span >skill</span>Level SET a_needItemCount2 = \"0\";</div>\n<div >UPDATE t_<span >skill</span>Level SET a_learnSP = \"0\";</div>\n<div >UPDATE t_<span >skill</span>Level SET a_learnItemIndex1 = \"-1\";</div>\n<div >UPDATE t_<span >skill</span>Level SET a_learnItemCount1 = \"0\";</div>\n<div >UPDATE t_<span >skill</span>Level SET a_learnItemIndex2 = \"-1\";</div>\n<div >UPDATE t_<span >skill</span>Level SET a_learnItemCount2 = \"0\";</div>\n<div >UPDATE t_<span >skill</span>Level SET a_learnItemIndex3 = \"-1\";</div>\n<div >UPDATE t_<span >skill</span>Level SET a_learnItemCount3 = \"0\";</div>\n<div > </div>\n<div >With navicat :</div>\n<div > </div>\n<div ><img alt=\"djdg.png\" src=\"https://img818.imageshack.us/img818/7716/djdg.png\" /></div>\n<div > </div>\n<div >After restart your gameserver, all skills are free to learn in database and when you learn BUT for client its not same (in visual and in requied items to learn).</div>\n<div >\n<br />You see again items needed in NPC Learn like (858 SP - 1 Book Offence posture - 500 000 000 gold)</div>\n<div > </div>\n<div >And you need to have all items needed by skill with client files for learn but you have always item after have learn (book, sp, gold are same before and after but without you cant learn the skill)</div>\n<div > </div>\n<div >So for set this you need to edit skill_usa.bin with Skill Editor 3 from Wizatek.</div>\n<div > </div>\n<div >Step 1 :</div>\n<div > </div>\n<div >Configure Skill Editor 3 (if you are configure before you can jump this step)</div>\n<div > </div>\n<div ><img alt=\"sj3g.png\" src=\"https://imageshack.us/scaled/landing/90/sj3g.png\" /></div>\n<div > </div>\n<div >Step 2 :</div>\n<div > </div>\n<div >Open skills_usa.bin in yourclient/data/</div>\n<div > </div>\n<div ><img alt=\"2l56.png\" src=\"https://img706.imageshack.us/img706/621/2l56.png\" /></div>\n<div > </div>\n<div >Step 3 :</div>\n<div > </div>\n<div >Select skill to edit to be free and go to Skill Level</div>\n<div > </div>\n<div ><img alt=\"cywo.png\" src=\"https://img546.imageshack.us/img546/848/cywo.png\" /></div>\n<div > </div>\n<div >In Skill Levels you have 2 choice : Edit skill to be free for learn or edit skill to be free for learn AND free for use.</div>\n<div > </div>\n<div >For Learn requied items its in <span style=\"color:#ff0000;\" >RED</span> and for Use requied items its in <span style=\"color:#ffa500;\" >Orange</span>\n</div>\n<div > </div>\n<div >In blue you see different levels of the skill, you can have 1, 2, 3, 10, 100 or 1000 level its same to edit. You press up (left of 1/4) for go to next level.</div>\n<div > </div>\n<div ><img alt=\"s8p0.png\" src=\"https://img580.imageshack.us/img580/2559/s8p0.png\" /></div>\n<div > </div>\n<div >Step 4 :</div>\n<div > </div>\n<div >When you are decide how you want remove (in learn and cast need) you can remove item per item from skill.</div>\n<div > </div>\n<div >Press the small magnifying glass for edit item and press None, after that Item ID past to -1 (you cant write directly -1 you need to open glass, put none. So borring after 300 skill edited)</div>\n<div > </div>\n<div >Amount stay same, put to 0.</div>\n<div ><img alt=\"12s8.png\" src=\"https://img198.imageshack.us/img198/604/12s8.png\" /></div>\n<div >\n<div >[The GuX Trick : Maybe you want add new item or just allow one item of original but for that you need to change the query of item needed for remove item from inventory of the player when he learn the skill, if you dont change the player need item for learn but item is not remove, so lol yes its same if item is not tradable/<span ><span >salable</span></span>]</div>\n<div > </div>\n<div >Step 5 :</div>\n<div > </div>\n<div >After have edit the level you see \"Save this level\", press that for save and edit other level or just save the unique level.</div>\n<div > </div>\n<div >When you are finish to edit all or unique level, press Database Update All Levels.</div>\n<div > </div>\n<div ><img alt=\"qsy5.png\" src=\"https://img541.imageshack.us/img541/4668/qsy5.png\" /></div>\n</div>\n<p > </p>\n<p >Step 6 :</p>\n<p > </p>\n<p >For finish, back to \"Basic\" and press \"Save record\".</p>\n<p > </p>\n<p ><img alt=\"rpp9.png\" src=\"https://imageshack.us/a/img62/3568/rpp9.png\" /></p>\n<p > </p>\n<p >You have Edit and made your skills totaly free to learn and if you want totaly free to use (skill like 132 buff with wise stone).</p>\n<p > </p>\n<p >Its very VERY VERY booring for edit all skills (70 per characther). Maybe when I have finish I give you my edited original usa file but for that I need to finish before xd.</p>\n<p > </p>\n<p >And of course, please dont forget to save !</p>\n<p > </p>\n<p ><img alt=\"36xn.png\" src=\"https://img194.imageshack.us/img194/2893/36xn.png\" /></p>\n<p > </p>\n<p >Last GuX trick for win time with mass-edit.</p>\n<p > </p>\n<p >When you are skill with many level, open \"Edit fast levels\" and you can directly modify SP of all level (you put 0 press down arrow put 0 press down arrow put 0 ....)</p>\n<p > </p>\n<p >With skill like Concentration (14 lvl) its time win in Skill Level because you dont need to put 0 in SP case and you are more concentred in other item. ;)</p>\n<p > </p>\n<p ><img alt=\"tkl4.png\" src=\"https://img819.imageshack.us/img819/2227/tkl4.png\" /></p>\n<p > </p>\n<p >So its the end of my first guide, Thanks to <span ><a href=\"http://toxic-l33t.ddns.net/forum/index.php?/user/13529-drgenius/\" title=\"\" rel=\"external nofollow\" ><span ><b >DrGenius</b></span></a></span> for the query and Wizatek for Skill Editor 3. (I dont know if I can put link of skill editor so google is your freind)</p>\n"
        },
        {
            "id": 85971,
            "timestamp": 1377915302,
            "author": {
                "id": 2,
                "name": "Wizatek",
                "image": null
            },
            "comment": "\n<p >Very nice tutorial!</p>\n<p >\njust be aware that with this, u also remove the requirements for pet skills, and specially the passive skills.</p>\n<p >\nSo a level 1 horse can already learn all the passive skills, so these need to be put back manually</p>\n"
        },
        {
            "id": 85977,
            "timestamp": 1377936655,
            "author": {
                "id": 1503,
                "name": "Paramount",
                "image": null
            },
            "comment": "<p >Approved! Very useful guide, thanks!</p>"
        },
        {
            "id": 85983,
            "timestamp": 1377939671,
            "author": {
                "id": 2167,
                "name": "dethunter12",
                "image": null
            },
            "comment": "<p >already knew all this but thanks and pretty much you still have to go through every skill to get the visual client side requirements off even thought there not in the db.</p>"
        },
        {
            "id": 86110,
            "timestamp": 1378049452,
            "author": {
                "id": 6967,
                "name": "GuXz",
                "image": null
            },
            "comment": "\n<p >Thanks ;) I have put query for database and skilleditor for client.</p>\n<p > </p>\n<p >But I can put link for skill editor or its a private tool :)</p>\n<p > </p>\n<p >I want maybe make new guide later : Create and Edit skills</p>\n<p > </p>\n<p >With tricks for have \"private\" skill and put only to select character or with item like weapon 180</p>\n<p > </p>\n<p >And sure skills to learn in NPC or too add a level correctly in database and game with iconbtn, class, animation ....</p>\n<p > </p>\n<p >I have make Shinra tensei with 200 range + 100 mobs kill in one shot. Like pain in naruto :ignat_02: All ppl know who is the boss when admin is connect on server :ph34r: All killed in one skill, the dream when you play in simple player</p>\n\n\n\t\t\t\n\t\t\t\t\n\n<span class=\"ipsType_reset ipsType_medium ipsType_light\" data-excludequote=\"None\" >\n\t<strong >Edited <time datetime=\"2013-09-01T16:55:57Z\" title=\"09/01/2013 04:55  PM\" data-short=\"7 yr\" >September 1, 2013</time> by GuXz</strong>\n\t\n\t\n</span>\n\t\t\t\n\t\t</div>"
        }
    ]
}