{
    "meta": {
        "threadId": 11249,
        "threadName": "Duration TItle",
        "dateCreated": "2013-08-31T17:43:23+0000",
        "datePublished": "2013-08-31T17:43:23+0000",
        "pageCount": 1,
        "originalUrl": "https://lckb.dev/forum/index.php?/topic/11249-duration-title/",
        "authorId": 17474,
        "position": [
            {
                "@type": "ListItem",
                "position": 1,
                "item": {
                    "@id": "https://lckb.dev/forum/index.php?/forum/100-guides-help-section/",
                    "name": "Guides &amp; Help Section"
                }
            },
            {
                "@type": "ListItem",
                "position": 2,
                "item": {
                    "@id": "https://lckb.dev/forum/index.php?/forum/335-help-support/",
                    "name": "Help &amp; Support"
                }
            },
            {
                "@type": "ListItem",
                "position": 3,
                "item": {
                    "@id": "https://lckb.dev/forum/index.php?/forum/120-ep2-support/",
                    "name": "Ep2 Support"
                }
            },
            {
                "@type": "ListItem",
                "position": 4,
                "item": {
                    "@id": "https://lckb.dev/forum/index.php?/forum/134-solved-topics/",
                    "name": "Solved Topics"
                }
            }
        ]
    },
    "commentData": [
        {
            "id": 86022,
            "timestamp": 1377971003,
            "author": {
                "id": 17474,
                "name": "kixtzz",
                "image": null
            },
            "comment": "\n<p >how i can edit the title to expire in 7 days?</p>\n<p > </p>\n<p ><img alt=\"2ih5951.jpg\" src=\"http://i42.tinypic.com/2ih5951.jpg\" /></p>\n<p > </p>\n<p >thanks</p>\n"
        },
        {
            "id": 86058,
            "timestamp": 1377997271,
            "author": {
                "id": 15543,
                "name": "luoo",
                "image": null
            },
            "comment": "<p >t_title -> a_time</p>"
        },
        {
            "id": 86060,
            "timestamp": 1377997658,
            "author": {
                "id": 17474,
                "name": "kixtzz",
                "image": null
            },
            "comment": "<p >7 = 7 day ? </p>"
        },
        {
            "id": 86061,
            "timestamp": 1377998060,
            "author": {
                "id": 15543,
                "name": "luoo",
                "image": null
            },
            "comment": "<p >yes</p>"
        },
        {
            "id": 86062,
            "timestamp": 1377998344,
            "author": {
                "id": 17474,
                "name": "kixtzz",
                "image": null
            },
            "comment": "<p >ok thanks ill try it</p>"
        },
        {
            "id": 86117,
            "timestamp": 1378054095,
            "author": {
                "id": null,
                "name": "Guest Johnny5",
                "image": null
            },
            "comment": "<p >Moderator closed because: Solved</p>"
        }
    ]
}