{
    "meta": {
        "threadId": 11258,
        "threadName": "Error Report",
        "dateCreated": "2013-09-01T06:24:12+0000",
        "datePublished": "2013-09-01T06:24:12+0000",
        "pageCount": 1,
        "originalUrl": "https://lckb.dev/forum/index.php?/topic/11258-error-report/",
        "authorId": 8659,
        "position": [
            {
                "@type": "ListItem",
                "position": 1,
                "item": {
                    "@id": "https://lckb.dev/forum/index.php?/forum/100-guides-help-section/",
                    "name": "Guides &amp; Help Section"
                }
            },
            {
                "@type": "ListItem",
                "position": 2,
                "item": {
                    "@id": "https://lckb.dev/forum/index.php?/forum/335-help-support/",
                    "name": "Help &amp; Support"
                }
            },
            {
                "@type": "ListItem",
                "position": 3,
                "item": {
                    "@id": "https://lckb.dev/forum/index.php?/forum/44-ep1-support/",
                    "name": "Ep1 Support"
                }
            },
            {
                "@type": "ListItem",
                "position": 4,
                "item": {
                    "@id": "https://lckb.dev/forum/index.php?/forum/135-solved-topics/",
                    "name": "Solved Topics"
                }
            }
        ]
    },
    "commentData": [
        {
            "id": 86069,
            "timestamp": 1378016652,
            "author": {
                "id": 8659,
                "name": "BayBay",
                "image": null
            },
            "comment": "\n<p >I was currrently working on some other stuff when i clicked \"direction\" on 1 npc and i got an error report.</p>\n<p > </p>\n<p >Anyone know why is this happening? i tried almost all npcs in juno and i still getting error report when i click on \"direction\"</p>\n<p > </p>\n<p >Is this normal or is there a solution to this ?</p>\n<p > </p>\n<p > </p>\n<p >thanks in advance!</p>\n\n\n\t\t\t\n\t\t\t\t\n\n<span class=\"ipsType_reset ipsType_medium ipsType_light\" data-excludequote=\"None\" >\n\t<strong >Edited <time datetime=\"2013-09-02T18:42:12Z\" title=\"09/02/2013 06:42  PM\" data-short=\"7 yr\" >September 2, 2013</time> by Curious</strong>\n\t\n\t\n</span>\n\t\t\t\n\t\t</div>"
        },
        {
            "id": 86146,
            "timestamp": 1378071590,
            "author": {
                "id": 7695,
                "name": "CyberClaus",
                "image": null
            },
            "comment": "<p >Direction is supposed a help to the players. For them to know were is a mob or a npc. So i would say that your first search should in DB!!!</p>"
        },
        {
            "id": 86154,
            "timestamp": 1378083422,
            "author": {
                "id": 18850,
                "name": "WeedyStar",
                "image": null
            },
            "comment": "<p >All released EP1 files have this bug</p>"
        },
        {
            "id": 86155,
            "timestamp": 1378088821,
            "author": {
                "id": 8659,
                "name": "BayBay",
                "image": null
            },
            "comment": "\n<blockquote data-ipsquote=\"\" class=\"ipsQuote\" data-ipsquote-contentcommentid=\"86146\" data-ipsquote-contentapp=\"forums\" data-ipsquote-contenttype=\"forums\" data-ipsquote-contentclass=\"forums_Topic\" data-ipsquote-contentid=\"11258\" data-ipsquote-username=\"CyberClaus\" data-cite=\"CyberClaus\" data-ipsquote-timestamp=\"1378071590\" ><div ><div ><p >Direction is supposed a help to the players. For them to know were is a mob or a npc. So i would say that your first search should in DB!!!</p></div></div></blockquote>\n<p >yeah i know what direction is for lol, all i want to know is how do i fix this? how do i fix the error reports...</p>\n"
        },
        {
            "id": 86156,
            "timestamp": 1378088896,
            "author": {
                "id": 8659,
                "name": "BayBay",
                "image": null
            },
            "comment": "\n<blockquote data-ipsquote=\"\" class=\"ipsQuote\" data-ipsquote-contentcommentid=\"86154\" data-ipsquote-contentapp=\"forums\" data-ipsquote-contenttype=\"forums\" data-ipsquote-contentclass=\"forums_Topic\" data-ipsquote-contentid=\"11258\" data-ipsquote-username=\"WeedyStar\" data-cite=\"WeedyStar\" data-ipsquote-timestamp=\"1378083422\" ><div ><div ><p >All released EP1 files have this bug</p></div></div></blockquote>\n<p >are u sure ?</p>\n"
        },
        {
            "id": 86158,
            "timestamp": 1378091431,
            "author": {
                "id": 8659,
                "name": "BayBay",
                "image": null
            },
            "comment": "\n<p >This can be closed</p>\n<p > </p>\n<p >Fixed it : It was an npchelp_usa.lod issue, i just used another from another client and it works 100% now i can see \"direction\"</p>\n\n\n\t\t\t\n\t\t\t\t\n\n<span class=\"ipsType_reset ipsType_medium ipsType_light\" data-excludequote=\"None\" >\n\t<strong >Edited <time datetime=\"2013-09-02T18:42:50Z\" title=\"09/02/2013 06:42  PM\" data-short=\"7 yr\" >September 2, 2013</time> by Curious</strong>\n\t\n\t\n</span>\n\t\t\t\n\t\t</div>"
        },
        {
            "id": 86171,
            "timestamp": 1378115261,
            "author": {
                "id": 11986,
                "name": "SnowFox",
                "image": null
            },
            "comment": "\n<p >When its fixed or its not needed anymore you must change the <strong >help</strong> <a rel=\"\" > in front of your Topic title</a></p>\n<p ><a rel=\"\" >in </a><strong ><a rel=\"\" >Solved </a></strong><a rel=\"\" ></a><a rel=\"\" >.</a></p>\n<p ><a rel=\"\" ></a><a rel=\"\" > </a></p>\n<p ><a rel=\"\" ></a><a rel=\"\" >So Edit.</a><br /><a rel=\"\" ></a><a rel=\"\" >Then Use Full Editor and on top you can change it.</a></p>\n<p ><a rel=\"\" ></a><a rel=\"\" > </a></p>\n<p ><a rel=\"\" ></a><a rel=\"\" >Regards,</a></p>\n<p ><a rel=\"\" ></a><a rel=\"\" >-SnowFox</a></p>\n"
        }
    ]
}