{
    "meta": {
        "threadId": 11253,
        "threadName": "GM Tool Episode 1 (Bit also for Episode 2)",
        "dateCreated": "2013-08-31T20:50:39+0000",
        "datePublished": "2013-08-31T20:50:39+0000",
        "pageCount": 1,
        "originalUrl": "https://lckb.dev/forum/index.php?/topic/11253-gm-tool-episode-1-bit-also-for-episode-2/",
        "authorId": 11986,
        "position": [
            {
                "@type": "ListItem",
                "position": 1,
                "item": {
                    "@id": "https://lckb.dev/forum/index.php?/forum/258-release-zone/",
                    "name": "Release Zone"
                }
            },
            {
                "@type": "ListItem",
                "position": 2,
                "item": {
                    "@id": "https://lckb.dev/forum/index.php?/forum/324-episode-1-releases/",
                    "name": "Episode 1 Releases"
                }
            },
            {
                "@type": "ListItem",
                "position": 3,
                "item": {
                    "@id": "https://lckb.dev/forum/index.php?/forum/56-tools/",
                    "name": "Tools"
                }
            }
        ]
    },
    "commentData": [
        {
            "id": 86028,
            "timestamp": 1377982239,
            "author": {
                "id": 11986,
                "name": "SnowFox",
                "image": null
            },
            "comment": "\n<p >Dear LCKB Community,<br /> <br />Im busy to learn C# and with some help of Wizatek i start to learn everything.<br />Because i start over again with making my GM Tool i release mine old.</p>\n<p >Some GMs used it of our team and they said its handy :)<br /> <br />Its mine first tool. </p>\n<p >The Npc and Item List only works for Episode 1.</p>\n<p >Basically the Commands and Echo page can be used for Episode 2 also just not the Npc and Item List not.<br /> <br />Images:<br /></p>\n<div class=\"ipsSpoiler\" data-ipsspoiler=\"\" >\n<div class=\"ipsSpoiler_header\" ><span ></span></div>\n<div class=\"ipsSpoiler_contents\" >\n<p > </p>\n<p style=\"text-align:center;\" ><img alt=\"0381f-e988074c-1003-4dd8-a30a-2c876ec430\" src=\"http://grabilla.com/0381f-e988074c-1003-4dd8-a30a-2c876ec43043.png\" /></p>\n<p > </p>\n<p style=\"text-align:center;\" ><img alt=\"0381f-d51878fa-2c5c-48f1-b6cd-0ed6331164\" src=\"http://grabilla.com/0381f-d51878fa-2c5c-48f1-b6cd-0ed63311644b.png\" /></p>\n<p > </p>\n<p style=\"text-align:center;\" ><img alt=\"0381f-b29e0a0a-a7b1-4731-a6fd-d3f7fd949c\" src=\"http://grabilla.com/0381f-b29e0a0a-a7b1-4731-a6fd-d3f7fd949ce9.png\" /></p>\n<p > </p>\n<p style=\"text-align:center;\" ><img alt=\"0381f-1c8de4b8-90fa-47b9-922e-f55268690d\" src=\"http://grabilla.com/0381f-1c8de4b8-90fa-47b9-922e-f55268690d0e.png\" /></p>\n<p > </p>\n<p style=\"text-align:center;\" ><img alt=\"0381f-46c768fc-9f8c-4963-b7de-48d0b9cce6\" src=\"http://grabilla.com/0381f-46c768fc-9f8c-4963-b7de-48d0b9cce6f6.png\" /></p>\n<p > </p>\n<p style=\"text-align:center;\" ><img alt=\"0381f-675bc941-9804-464c-8319-95b67b58c6\" src=\"http://grabilla.com/0381f-675bc941-9804-464c-8319-95b67b58c643.png\" /></p>\n<p > </p>\n</div>\n</div>\n<p > </p>\n<p > </p>\n<p >Download:</p>\n<p ><a href=\"https://dl.dropboxusercontent.com/u/52308921/GM%20ToolSnowFox.rar\" rel=\"external nofollow\" >GM ToolSnowFox</a></p>\n"
        },
        {
            "id": 86030,
            "timestamp": 1377983222,
            "author": {
                "id": 17432,
                "name": "Nymphetamine",
                "image": null
            },
            "comment": "\n<p ><strong >Approved by Nymphetamine.</strong></p>\n<p ><strong >Status:<span style=\"color:#00ff00;\" > Clean</span></strong></p>\n<p > </p>\n<p > </p>\n<p >First tool,first release.</p>\n<p >Thanks bro,good job as everytimes.  :)</p>\n"
        },
        {
            "id": 86031,
            "timestamp": 1377983636,
            "author": {
                "id": 1503,
                "name": "Paramount",
                "image": null
            },
            "comment": "\n<p >Good idea and amazing <span ><span >implementation! Keep it up :) </span></span></p>\n<p > </p>\n<p ><span ><span >/***********</span></span></p>\n<p ><span ><span >*EDIT</span></span>ED*</p>\n<p ><span ><span >***********/</span></span></p>\n<p ><span ><span >Does not work for me. Runned as Administrator, nothing happens. </span></span></p>\n"
        },
        {
            "id": 86036,
            "timestamp": 1377985367,
            "author": {
                "id": 11986,
                "name": "SnowFox",
                "image": null
            },
            "comment": "\n<blockquote data-ipsquote=\"\" class=\"ipsQuote\" data-ipsquote-contentcommentid=\"86031\" data-ipsquote-contentapp=\"forums\" data-ipsquote-contenttype=\"forums\" data-ipsquote-contentclass=\"forums_Topic\" data-ipsquote-contentid=\"11253\" data-ipsquote-username=\"Paramount\" data-cite=\"Paramount\" data-ipsquote-timestamp=\"1377983636\" ><div ><div >\n<p >Good idea and amazing implementation! Keep it up :)</p>\n<p > </p>\n<p >/***********</p>\n<p >*EDITED*</p>\n<p >***********/</p>\n<p >Does not work for me. Runned as Administrator, nothing happens.</p>\n</div></div></blockquote>\n<p > </p>\n<p >You get any error or something?</p>\n<p >Also i guess you unpacked all and just run it or.</p>\n<p > </p>\n<p >Since yeah normal you need to run it as admin and connect to process and your good to go :/</p>\n<p > </p>\n<p >Also what OS you use. (I use myself Windows 7 64Bit)</p>\n<p > </p>\n<p >Regards,</p>\n<p >-SnowFox</p>\n\n\n\t\t\t\n\t\t\t\t\n\n<span class=\"ipsType_reset ipsType_medium ipsType_light\" data-excludequote=\"None\" >\n\t<strong >Edited <time datetime=\"2013-08-31T21:50:00Z\" title=\"08/31/2013 09:50  PM\" data-short=\"7 yr\" >August 31, 2013</time> by SnowFox</strong>\n\t\n\t\n</span>\n\t\t\t\n\t\t</div>"
        },
        {
            "id": 86037,
            "timestamp": 1377986321,
            "author": {
                "id": 17432,
                "name": "Nymphetamine",
                "image": null
            },
            "comment": "<p >It works perfectly at me :)</p>"
        },
        {
            "id": 86039,
            "timestamp": 1377986448,
            "author": {
                "id": 1503,
                "name": "Paramount",
                "image": null
            },
            "comment": "\n<blockquote data-ipsquote=\"\" class=\"ipsQuote\" data-ipsquote-contentcommentid=\"86036\" data-ipsquote-contentapp=\"forums\" data-ipsquote-contenttype=\"forums\" data-ipsquote-contentclass=\"forums_Topic\" data-ipsquote-contentid=\"11253\" data-ipsquote-username=\"SnowFox\" data-cite=\"SnowFox\" data-ipsquote-timestamp=\"1377985367\" ><div ><div >\n<p >You get any error or something?</p>\n<p >Also i guess you unpacked all and just run it or.</p>\n<p > </p>\n<p >Since yeah normal you need to run it as admin and connect to process and your good to go :/</p>\n<p > </p>\n<p >Also what OS you use. (I use myself Windows 7 64Bit)</p>\n<p > </p>\n<p >Regards,</p>\n<p >-SnowFox</p>\n</div></div></blockquote>\n<p >I have unpacked it into the client folder. I am using Windows 7 32Bit. When I run it, nothing happens, and then I get</p>\n<p ><img alt=\"6cj4.png\" src=\"https://img27.imageshack.us/img27/2797/6cj4.png\" /></p>\n<p > </p>\n<p >Maybe I need to run my client at first?</p>\n"
        },
        {
            "id": 86040,
            "timestamp": 1377986746,
            "author": {
                "id": 11986,
                "name": "SnowFox",
                "image": null
            },
            "comment": "\n<blockquote data-ipsquote=\"\" class=\"ipsQuote\" data-ipsquote-contentcommentid=\"86039\" data-ipsquote-contentapp=\"forums\" data-ipsquote-contenttype=\"forums\" data-ipsquote-contentclass=\"forums_Topic\" data-ipsquote-contentid=\"11253\" data-ipsquote-username=\"Paramount\" data-cite=\"Paramount\" data-ipsquote-timestamp=\"1377986448\" ><div ><div >\n<p >I have unpacked it into the client folder. I am using Windows 7 32Bit. When I run it, nothing happens, and then I get</p>\n<p ><img alt=\"6cj4.png\" src=\"https://img27.imageshack.us/img27/2797/6cj4.png\" /></p>\n<p > </p>\n<p >Maybe I need to run my client at first?</p>\n</div></div></blockquote>\n<p > </p>\n<p >Not sure how you unpacked it. Its still in folder or is it just all unpacked in the client folder. (So files separated in Bin, Classes, Data etc)</p>\n<p > </p>\n<p >When you download it just unrar it.</p>\n<p >So you get a folder GMToolSnowFox just try to start it once from there.</p>\n<p >What do you get then? Since you must have really all files in the rar file to use it.</p>\n<p > </p>\n<p >Also what does windows say as error. (Cant read it ^.^)</p>\n<p > </p>\n<p >Regards,</p>\n<p >-SnowFox</p>\n\n\n\t\t\t\n\t\t\t\t\n\n<span class=\"ipsType_reset ipsType_medium ipsType_light\" data-excludequote=\"None\" >\n\t<strong >Edited <time datetime=\"2013-08-31T22:06:23Z\" title=\"08/31/2013 10:06  PM\" data-short=\"7 yr\" >August 31, 2013</time> by SnowFox</strong>\n\t\n\t\n</span>\n\t\t\t\n\t\t</div>"
        },
        {
            "id": 86041,
            "timestamp": 1377986890,
            "author": {
                "id": 1503,
                "name": "Paramount",
                "image": null
            },
            "comment": "\n<blockquote data-ipsquote=\"\" class=\"ipsQuote\" data-ipsquote-contentcommentid=\"86040\" data-ipsquote-contentapp=\"forums\" data-ipsquote-contenttype=\"forums\" data-ipsquote-contentclass=\"forums_Topic\" data-ipsquote-contentid=\"11253\" data-ipsquote-username=\"SnowFox\" data-cite=\"SnowFox\" data-ipsquote-timestamp=\"1377986746\" ><div ><div >\n<p >Not sure how you unpacked it. Its still in folder or is it just all unpacked in the client folder. (So files separated in Bin, Classes, Data etc)</p>\n<p > </p>\n<p >When you download it just unrar it.</p>\n<p >So you get a folder GMToolSnowFox just try to start it once from there.</p>\n<p >What do you get then? Since you must have really all files in the rar file to use it.</p>\n<p > </p>\n<p >Also what does windows say as error. (Cant read it ^.^)</p>\n<p > </p>\n<p >Regards,</p>\n<p >-SnowFox</p>\n</div></div></blockquote>\n<p >Eh, I opened your .rar with 7ZIP, and pasted everything that was there in my client folder.</p>\n<p >Now it looks so:</p>\n<p ><img alt=\"IFcSPsO.png\" src=\"https://i.imgur.com/IFcSPsO.png\" /></p>\n<p > </p>\n<p > </p>\n<blockquote data-ipsquote=\"\" class=\"ipsQuote\" ><div >Also what does windows say as error. (Cant read it ^.^)</div></blockquote>\n<p >Its just an APPCRASH.</p>\n"
        },
        {
            "id": 86042,
            "timestamp": 1377987366,
            "author": {
                "id": 11986,
                "name": "SnowFox",
                "image": null
            },
            "comment": "\n<p >Mmm i think i know the problem.</p>\n<p > </p>\n<p >I assume you have a episode 2 client?</p>\n<p > </p>\n<p ><strong >If so this is the problem:</strong></p>\n<p >The tool reads Itemname_usa.lod and mobname_usa.lod but only Episode 1 of those.</p>\n<p >If you have episode 2 its not working no since the files are builded up a bit different.</p>\n<p > </p>\n<p ><strong >Solution:</strong></p>\n<p >Unpack the tool in a own folder so not right into the client. </p>\n<p > </p>\n<p ><strong >So you will get:</strong></p>\n<p ><img alt=\"0381f-c8b758ba-185e-44b9-96c2-ee5878ac8e\" src=\"http://grabilla.com/0381f-c8b758ba-185e-44b9-96c2-ee5878ac8e42.png\" /></p>\n<p > </p>\n<p > </p>\n<p >Its a problem with the Itemname_usa.lod and mobname_usa.lod for sure.<br />Since you paste it in your client it uses yours properly those .lod are builded different then the one i used.</p>\n<p > </p>\n<p >Regards,</p>\n<p >-SnowFox</p>\n"
        },
        {
            "id": 86043,
            "timestamp": 1377987553,
            "author": {
                "id": 1503,
                "name": "Paramount",
                "image": null
            },
            "comment": "\n<p ><img alt=\"SXtf23w.png\" src=\"https://i.imgur.com/SXtf23w.png\" /></p>\n<p >Thank you! Yeah, the problem was with those EP2 files.</p>\n"
        },
        {
            "id": 86047,
            "timestamp": 1377989455,
            "author": {
                "id": 11986,
                "name": "SnowFox",
                "image": null
            },
            "comment": "\n<blockquote data-ipsquote=\"\" class=\"ipsQuote\" data-ipsquote-contentcommentid=\"86043\" data-ipsquote-contentapp=\"forums\" data-ipsquote-contenttype=\"forums\" data-ipsquote-contentclass=\"forums_Topic\" data-ipsquote-contentid=\"11253\" data-ipsquote-username=\"Paramount\" data-cite=\"Paramount\" data-ipsquote-timestamp=\"1377987553\" ><div ><div >\n<p ><img alt=\"SXtf23w.png\" src=\"https://i.imgur.com/SXtf23w.png\" /></p>\n<p >Thank you! Yeah, the problem was with those EP2 files.</p>\n</div></div></blockquote>\n<p >Great to hear its working :)</p>\n<p > </p>\n<p >Have fun using it the commands and echo page are handy for events etc.</p>\n<p > </p>\n<p >Regards,</p>\n<p >-SnowFox</p>\n"
        },
        {
            "id": 86068,
            "timestamp": 1378016174,
            "author": {
                "id": 13529,
                "name": "DrGenius",
                "image": null
            },
            "comment": "<p >tested and works perfect, thanks keep it up man^^</p>"
        },
        {
            "id": 86077,
            "timestamp": 1378031003,
            "author": {
                "id": 2,
                "name": "Wizatek",
                "image": null
            },
            "comment": "\n<p >If u want to make it work for ep2, there is 8 bytes in the bottom u can skip. </p>\n<p >So in the end of every loop u just check if there are only 8 bytes left, if so then skip that.</p>\n<p > </p>\n<p >if(b.BaseStream.Length - b.BaseStream.Position == 8)</p>\n<p >   b.BaseStream.Position += 8;</p>\n"
        },
        {
            "id": 86098,
            "timestamp": 1378037167,
            "author": {
                "id": 518,
                "name": "Mario",
                "image": null
            },
            "comment": "\n<p >thx for release.</p>\n<p >Good luck at the next starters..</p>\n<p >LCGN01 bestest</p>\n"
        },
        {
            "id": 86099,
            "timestamp": 1378038467,
            "author": {
                "id": 18082,
                "name": "gurock1172",
                "image": null
            },
            "comment": "\n<p >thank u very much  :D</p>\n<p >and can add more buff ?</p>\n"
        },
        {
            "id": 86107,
            "timestamp": 1378046494,
            "author": {
                "id": 11986,
                "name": "SnowFox",
                "image": null
            },
            "comment": "\n<blockquote data-ipsquote=\"\" class=\"ipsQuote\" data-ipsquote-contentcommentid=\"86099\" data-ipsquote-contentapp=\"forums\" data-ipsquote-contenttype=\"forums\" data-ipsquote-contentclass=\"forums_Topic\" data-ipsquote-contentid=\"11253\" data-ipsquote-username=\"gurock1172\" data-cite=\"gurock1172\" data-ipsquote-timestamp=\"1378038467\" ><div ><div >\n<p >thank u very much  :D</p>\n<p >and can add more buff ?</p>\n</div></div></blockquote>\n<p > </p>\n<p >Yeah would be possible easy.</p>\n<p >Thing is just that it gets longer and bigger.</p>\n<p >People with small screen can get a problem thats reason i didnt make it bigger.</p>\n<p > </p>\n<p >Regards,</p>\n<p >-SnowFox</p>\n"
        },
        {
            "id": 95338,
            "timestamp": 1389467922,
            "author": {
                "id": 13338,
                "name": "augustof2",
                "image": null
            },
            "comment": "<p >it works how it should! nice work</p>"
        }
    ]
}