{
    "meta": {
        "threadId": 11252,
        "threadName": "Question about affinity boosters.",
        "dateCreated": "2013-08-31T20:22:13+0000",
        "datePublished": "2013-08-31T20:22:13+0000",
        "pageCount": 1,
        "originalUrl": "https://lckb.dev/forum/index.php?/topic/11252-question-about-affinity-boosters/",
        "authorId": 16931,
        "position": [
            {
                "@type": "ListItem",
                "position": 1,
                "item": {
                    "@id": "https://lckb.dev/forum/index.php?/forum/100-guides-help-section/",
                    "name": "Guides &amp; Help Section"
                }
            },
            {
                "@type": "ListItem",
                "position": 2,
                "item": {
                    "@id": "https://lckb.dev/forum/index.php?/forum/335-help-support/",
                    "name": "Help &amp; Support"
                }
            },
            {
                "@type": "ListItem",
                "position": 3,
                "item": {
                    "@id": "https://lckb.dev/forum/index.php?/forum/120-ep2-support/",
                    "name": "Ep2 Support"
                }
            },
            {
                "@type": "ListItem",
                "position": 4,
                "item": {
                    "@id": "https://lckb.dev/forum/index.php?/forum/134-solved-topics/",
                    "name": "Solved Topics"
                }
            }
        ]
    },
    "commentData": [
        {
            "id": 86025,
            "timestamp": 1377980533,
            "author": {
                "id": 16931,
                "name": "Walletman987",
                "image": null
            },
            "comment": "<p >Please dont tell me to use CDWriters release... All Im asking is a QUESTION. Are affinity boosters a game-server thing, or can you just add them in and they will work?(if you do it correctly)</p>"
        },
        {
            "id": 86026,
            "timestamp": 1377980828,
            "author": {
                "id": 18226,
                "name": "OldHM",
                "image": null
            },
            "comment": "\n<p >Probably they will work.</p>\n<p >I dont think its a GameServer thing.</p>\n<p >The rates are in the db so i think it should work with just adding them</p>\n"
        },
        {
            "id": 86064,
            "timestamp": 1378001873,
            "author": {
                "id": 17582,
                "name": "CDWriter",
                "image": null
            },
            "comment": "\n<p >@<a contenteditable=\"false\" data-ipshover=\"\" href=\"https://lckb.dev/forum/index.php?/profile/16931-walletman987/\" data-ipshover-target=\"https://lckb.dev/forum/index.php?/profile/16931-walletman987/&do=hovercard\" data-mentionid=\"16931\" rel=\"\" >@Walletman987</a> what do you need to now about them Wallet? il try to help u if i can ?</p>\n<p > </p>\n<p >You can just add them in and they will work ..if you want more then in magic change power but make sure it matches skill levels.....</p>\n"
        },
        {
            "id": 86067,
            "timestamp": 1378007700,
            "author": {
                "id": 16931,
                "name": "Walletman987",
                "image": null
            },
            "comment": "\n<blockquote data-ipsquote=\"\" class=\"ipsQuote\" data-ipsquote-contentcommentid=\"86064\" data-ipsquote-contentapp=\"forums\" data-ipsquote-contenttype=\"forums\" data-ipsquote-contentclass=\"forums_Topic\" data-ipsquote-contentid=\"11252\" data-ipsquote-username=\"CDWriter\" data-cite=\"CDWriter\" data-ipsquote-timestamp=\"1378001873\" ><div ><div >\n<p >@<a contenteditable=\"false\" data-ipshover=\"\" href=\"https://lckb.dev/forum/index.php?/profile/16931-walletman987/\" data-ipshover-target=\"https://lckb.dev/forum/index.php?/profile/16931-walletman987/&do=hovercard\" data-mentionid=\"16931\" rel=\"\" >@Walletman987</a> what do you need to now about them Wallet? il try to help u if i can ?</p>\n<p > </p>\n<p >You can just add them in and they will work ..if you want more then in magic change power but make sure it matches skill levels.....</p>\n</div></div></blockquote>\n<p >You actually just answered my question, thanks.</p>\n"
        },
        {
            "id": 86072,
            "timestamp": 1378028899,
            "author": {
                "id": 11986,
                "name": "SnowFox",
                "image": null
            },
            "comment": "\n<p >Question/Problem Solved.</p>\n<p > </p>\n<p >Closed.</p>\n"
        },
        {
            "id": 86073,
            "timestamp": 1378028916,
            "author": {
                "id": null,
                "name": "Guest Johnny5",
                "image": null
            },
            "comment": "<p >Topic Closed by a moderator. The reason why: Question/Problem Solved</p>"
        }
    ]
}