{
    "meta": {
        "threadId": 11268,
        "threadName": "They Dupe Gold on your server?",
        "dateCreated": "2013-09-01T23:18:11+0000",
        "datePublished": "2013-09-01T23:18:11+0000",
        "pageCount": 1,
        "originalUrl": "https://lckb.dev/forum/index.php?/topic/11268-they-dupe-gold-on-your-server/",
        "authorId": 18302,
        "position": [
            {
                "@type": "ListItem",
                "position": 1,
                "item": {
                    "@id": "https://lckb.dev/forum/index.php?/forum/100-guides-help-section/",
                    "name": "Guides &amp; Help Section"
                }
            },
            {
                "@type": "ListItem",
                "position": 2,
                "item": {
                    "@id": "https://lckb.dev/forum/index.php?/forum/332-tutorials-guides/",
                    "name": "Tutorials &amp; Guides"
                }
            },
            {
                "@type": "ListItem",
                "position": 3,
                "item": {
                    "@id": "https://lckb.dev/forum/index.php?/forum/107-ep2-guides/",
                    "name": "Ep2 Guides"
                }
            }
        ]
    },
    "commentData": [
        {
            "id": 86149,
            "timestamp": 1378077491,
            "author": {
                "id": 18302,
                "name": "VRocker",
                "image": null
            },
            "comment": "\n<p >Well this script is a small Bash script to help a little to those people who have problems with bored little children, they do dupe gold on their servers.</p>\n<p > </p>\n<p >It is recommended to set a good banned by IPTables, to such persons, and ban SubNet, might work if the case is of some idiot who does this.</p>\n<p > </p>\n<p ><strong >Script Link:</strong> <a href=\"https://www.mediafire.com/view/oqlqwjzyhru9mjh/GoldDupe.sh\" rel=\"external nofollow\" >http://www.mediafire.com/view/oqlqwjzyhru9mjh/GoldDupe.sh</a></p>\n<p > </p>\n<p ><strong >Note:</strong> This work in Linux, no is for Windows.</p>\n<p > </p>\n<p ><strong >Edit This in the script.</strong></p>\n<div ><pre class=\"ipsCode prettyprint\" >sql_host=\"HOST SERVER\"\nslq_usuario=\"MYSQL USER\"\nsql_password=\"MYSQL PASSWORD\"\nsql_database=\"DATABASE WITH t_inven Tables\"\n\n### Configuracion\nMaxGold=\"1500000000000\"\nNewGold=\"100000000000\"\n</pre></div>\n<p > </p>\n<p ><strong >How Work?</strong></p>\n<p >1. Saved in a directory in you linux computer.</p>\n<p >2. Use the commands:</p>\n<pre class=\"ipsCode prettyprint\" >cd ScriptDirectory\nyum install dos2unix\ndos2unix DupeGold.sh\nchmod 775 ./DupeGold.sh\n./DupeGold.sh\n</pre>\n<p >I know this is basic, but many people who have their servers have problems with this sort of thing, </p>\n<p > </p>\n<p >Regards.</p>\n"
        },
        {
            "id": 86159,
            "timestamp": 1378094940,
            "author": {
                "id": 13529,
                "name": "DrGenius",
                "image": null
            },
            "comment": "<p >move to guide, please post on the correct section</p>"
        },
        {
            "id": 86280,
            "timestamp": 1378241035,
            "author": {
                "id": 18302,
                "name": "VRocker",
                "image": null
            },
            "comment": "\n<blockquote data-ipsquote=\"\" class=\"ipsQuote\" data-ipsquote-contentcommentid=\"86159\" data-ipsquote-contentapp=\"forums\" data-ipsquote-contenttype=\"forums\" data-ipsquote-contentclass=\"forums_Topic\" data-ipsquote-contentid=\"11268\" data-ipsquote-username=\"DrGenius\" data-cite=\"DrGenius\" data-ipsquote-timestamp=\"1378094940\" ><div ><div ><p >move to guide, please post on the correct section</p></div></div></blockquote>\n<p > </p>\n<p >Oh ok, Thanks you.</p>\n"
        },
        {
            "id": 98013,
            "timestamp": 1393272103,
            "author": {
                "id": 16983,
                "name": "Jaiz",
                "image": null
            },
            "comment": "\n<p >Whats the prob if i got this error: </p>\n<div ><pre class=\"ipsCode prettyprint\" >dos2unix: converting file DupeGold.sh to UNIX format ...\ndos2unix: problems converting file DupeGold.sh\n</pre></div>\n"
        }
    ]
}