{
    "meta": {
        "threadId": 11277,
        "threadName": "C++ Game Server Source Code",
        "dateCreated": "2013-09-02T21:11:25+0000",
        "datePublished": "2013-09-02T21:11:25+0000",
        "pageCount": 1,
        "originalUrl": "https://lckb.dev/forum/index.php?/topic/11277-c-game-server-source-code/",
        "authorId": 17432,
        "position": [
            {
                "@type": "ListItem",
                "position": 1,
                "item": {
                    "@id": "https://lckb.dev/forum/index.php?/forum/258-release-zone/",
                    "name": "Release Zone"
                }
            },
            {
                "@type": "ListItem",
                "position": 2,
                "item": {
                    "@id": "https://lckb.dev/forum/index.php?/forum/324-episode-1-releases/",
                    "name": "Episode 1 Releases"
                }
            },
            {
                "@type": "ListItem",
                "position": 3,
                "item": {
                    "@id": "https://lckb.dev/forum/index.php?/forum/41-server-side/",
                    "name": "Server Side"
                }
            }
        ]
    },
    "commentData": [
        {
            "id": 86208,
            "timestamp": 1378156285,
            "author": {
                "id": 17432,
                "name": "Nymphetamine",
                "image": null
            },
            "comment": "\n<p >Here source code of EP1 GS<br />This can be good for learn a bit about C++ or if u want to code ur own.<br />Thanks to cyber for infos he gave me</p>\n<p >No idea if it was already released,never seen it,so if not u got this.</p>\n<p >If yes just link me the old topic and i close this one<br /> </p>\n<p ><a href=\"https://mega.co.nz/#!MBoQ3C7L!HceH6U3b27LC9r0P68gXLCa9EPUcmB5bsan1a7QZ9KM\" rel=\"external nofollow\" ><span style=\"font-size:24px;\" >Download Link</span></a></p>\n<p >[success=Files Info]<strong >Esaminated Files:</strong> 112<br /><strong >Dangerous Files:</strong> 0<br /><strong >Scanner: </strong>Malwarebytes Anti-Malware[/success]</p>\n"
        },
        {
            "id": 86209,
            "timestamp": 1378156495,
            "author": {
                "id": 1503,
                "name": "Paramount",
                "image": null
            },
            "comment": "\n<p >What a good release, thanks</p>\n<p > </p>\n<p >///////Edit//////</p>\n<p >2005 src which was already released.</p>\n"
        },
        {
            "id": 86222,
            "timestamp": 1378162972,
            "author": {
                "id": 17432,
                "name": "Nymphetamine",
                "image": null
            },
            "comment": "\n<blockquote data-ipsquote=\"\" class=\"ipsQuote\" data-ipsquote-contentcommentid=\"86209\" data-ipsquote-contentapp=\"forums\" data-ipsquote-contenttype=\"forums\" data-ipsquote-contentclass=\"forums_Topic\" data-ipsquote-contentid=\"11277\" data-ipsquote-username=\"Paramount\" data-cite=\"Paramount\" data-ipsquote-timestamp=\"1378156495\" ><div >\n<p >What a good release, thanks</p>\n<p > </p>\n<p >///////Edit//////</p>\n<p >2005 src which was already released.</p>\n</div></blockquote>This should be source of 2008.<p >If not,i released wrong files</p>\n"
        },
        {
            "id": 89131,
            "timestamp": 1382872618,
            "author": {
                "id": 7299,
                "name": "pv2_002",
                "image": null
            },
            "comment": "\n<blockquote data-ipsquote=\"\" class=\"ipsQuote\" data-ipsquote-contentcommentid=\"86222\" data-ipsquote-contentapp=\"forums\" data-ipsquote-contenttype=\"forums\" data-ipsquote-contentclass=\"forums_Topic\" data-ipsquote-contentid=\"11277\" data-ipsquote-username=\"Nymphetamine\" data-cite=\"Nymphetamine\" data-ipsquote-timestamp=\"1378162972\" ><div ><div >\n<p >This should be source of 2008.</p>\n<p >If not,i released wrong files</p>\n</div></div></blockquote>\n<p >Hmm, so which release is it.</p>\n<p > </p>\n<p >Thx, nice release</p>\n"
        },
        {
            "id": 89137,
            "timestamp": 1382876381,
            "author": {
                "id": 7695,
                "name": "CyberClaus",
                "image": null
            },
            "comment": "<p >If im not wrong this is the beta of 2008!</p>"
        },
        {
            "id": 89148,
            "timestamp": 1382887930,
            "author": {
                "id": 17432,
                "name": "Nymphetamine",
                "image": null
            },
            "comment": "<p >Yeah it should be 2008</p>"
        },
        {
            "id": 89150,
            "timestamp": 1382888151,
            "author": {
                "id": 7482,
                "name": "Creep",
                "image": null
            },
            "comment": "<p >if its the beta of 2008 there should be the working magnifing stuff in it ... this is kinda interesting^^</p>"
        },
        {
            "id": 89155,
            "timestamp": 1382893193,
            "author": {
                "id": 1503,
                "name": "Paramount",
                "image": null
            },
            "comment": "<p >Guys the 2008 source does not have a string about Christian Roggia...</p>"
        },
        {
            "id": 89156,
            "timestamp": 1382897841,
            "author": {
                "id": 17432,
                "name": "Nymphetamine",
                "image": null
            },
            "comment": "\n<blockquote data-ipsquote=\"\" class=\"ipsQuote\" data-ipsquote-contentcommentid=\"89155\" data-ipsquote-contentapp=\"forums\" data-ipsquote-contenttype=\"forums\" data-ipsquote-contentclass=\"forums_Topic\" data-ipsquote-contentid=\"11277\" data-ipsquote-username=\"Paramount\" data-cite=\"Paramount\" data-ipsquote-timestamp=\"1382893193\" ><div ><p >Guys the 2008 source does not have a string about Christian Roggia...</p></div></blockquote>It has nothing to do with it"
        },
        {
            "id": 89159,
            "timestamp": 1382903942,
            "author": {
                "id": 1503,
                "name": "Paramount",
                "image": null
            },
            "comment": "\n<blockquote data-ipsquote=\"\" class=\"ipsQuote\" data-ipsquote-contentcommentid=\"89156\" data-ipsquote-contentapp=\"forums\" data-ipsquote-contenttype=\"forums\" data-ipsquote-contentclass=\"forums_Topic\" data-ipsquote-contentid=\"11277\" data-ipsquote-username=\"Nymphetamine\" data-cite=\"Nymphetamine\" data-ipsquote-timestamp=\"1382897841\" ><div ><div ><p >It has nothing to do with it</p></div></div></blockquote>\n<p >I mean <span style=\"color:rgb(40,40,40);font-family:helvetica, arial, sans-serif;\" >Christian Roggia is the owner of 2013 emulator and 2005 source code, but not about 2008.</span></p>\n"
        },
        {
            "id": 89167,
            "timestamp": 1382927107,
            "author": {
                "id": 18082,
                "name": "gurock1172",
                "image": null
            },
            "comment": "<p >Thank :)</p>"
        }
    ]
}