{
    "meta": {
        "threadId": 11288,
        "threadName": "Potions/Buffs/Effect Skills Buggs",
        "dateCreated": "2013-09-03T18:14:48+0000",
        "datePublished": "2013-09-03T18:14:48+0000",
        "pageCount": 1,
        "originalUrl": "https://lckb.dev/forum/index.php?/topic/11288-potionsbuffseffect-skills-buggs/",
        "authorId": 13256,
        "position": [
            {
                "@type": "ListItem",
                "position": 1,
                "item": {
                    "@id": "https://lckb.dev/forum/index.php?/forum/100-guides-help-section/",
                    "name": "Guides &amp; Help Section"
                }
            },
            {
                "@type": "ListItem",
                "position": 2,
                "item": {
                    "@id": "https://lckb.dev/forum/index.php?/forum/335-help-support/",
                    "name": "Help &amp; Support"
                }
            },
            {
                "@type": "ListItem",
                "position": 3,
                "item": {
                    "@id": "https://lckb.dev/forum/index.php?/forum/44-ep1-support/",
                    "name": "Ep1 Support"
                }
            },
            {
                "@type": "ListItem",
                "position": 4,
                "item": {
                    "@id": "https://lckb.dev/forum/index.php?/forum/135-solved-topics/",
                    "name": "Solved Topics"
                }
            }
        ]
    },
    "commentData": [
        {
            "id": 86268,
            "timestamp": 1378232088,
            "author": {
                "id": 13256,
                "name": "odaichaos",
                "image": null
            },
            "comment": "\n<p >hello,</p>\n<p > </p>\n<p >i got a problem where any potion/buff/effect skill get stuck and dont go away after the timer finishes..any ideas?</p>\n"
        },
        {
            "id": 86269,
            "timestamp": 1378232330,
            "author": {
                "id": 2,
                "name": "Wizatek",
                "image": null
            },
            "comment": "<p >Make sure all the gameservers u configurated in the connector are online</p>"
        },
        {
            "id": 86276,
            "timestamp": 1378237292,
            "author": {
                "id": 13256,
                "name": "odaichaos",
                "image": null
            },
            "comment": "<p >ok i figured it out...i had 2 channels ready on my server and i used to run only 1 of them..so the pots buggs always..when i set up and run both gameservers it worked perfect..now gonna just remove the other sub server</p>"
        },
        {
            "id": 86279,
            "timestamp": 1378239303,
            "author": {
                "id": 5184,
                "name": "fonsy84",
                "image": null
            },
            "comment": "<p >1 years a go , when i have this same problem whit ep1 files , i only fix all tables , data, db and dbauth</p>"
        },
        {
            "id": 86282,
            "timestamp": 1378243160,
            "author": {
                "id": 18850,
                "name": "WeedyStar",
                "image": null
            },
            "comment": "\n<p >If you use 2 Channels and you enter in the Connector 2 Channels and oyu run only 1 Channel you have the bug.</p>\n<p >Edit Configs in the Connector to 1 Subserver and not two when only one is online.</p>\n<p > </p>\n<p >Then it work perfectly</p>\n"
        },
        {
            "id": 86294,
            "timestamp": 1378278620,
            "author": {
                "id": 13256,
                "name": "odaichaos",
                "image": null
            },
            "comment": "<p >Solved, just edited the subserver to only load 1 and now its perfect..thanks :D</p>"
        },
        {
            "id": 86311,
            "timestamp": 1378288649,
            "author": {
                "id": 17432,
                "name": "Nymphetamine",
                "image": null
            },
            "comment": "<p >Mived</p>"
        }
    ]
}