{
    "meta": {
        "threadId": 11282,
        "threadName": "Teleport Options",
        "dateCreated": "2013-09-03T07:49:35+0000",
        "datePublished": "2013-09-03T07:49:35+0000",
        "pageCount": 1,
        "originalUrl": "https://lckb.dev/forum/index.php?/topic/11282-teleport-options/",
        "authorId": 17582,
        "position": [
            {
                "@type": "ListItem",
                "position": 1,
                "item": {
                    "@id": "https://lckb.dev/forum/index.php?/forum/100-guides-help-section/",
                    "name": "Guides &amp; Help Section"
                }
            },
            {
                "@type": "ListItem",
                "position": 2,
                "item": {
                    "@id": "https://lckb.dev/forum/index.php?/forum/335-help-support/",
                    "name": "Help &amp; Support"
                }
            },
            {
                "@type": "ListItem",
                "position": 3,
                "item": {
                    "@id": "https://lckb.dev/forum/index.php?/forum/120-ep2-support/",
                    "name": "Ep2 Support"
                }
            },
            {
                "@type": "ListItem",
                "position": 4,
                "item": {
                    "@id": "https://lckb.dev/forum/index.php?/forum/134-solved-topics/",
                    "name": "Solved Topics"
                }
            }
        ]
    },
    "commentData": [
        {
            "id": 86234,
            "timestamp": 1378194575,
            "author": {
                "id": 17582,
                "name": "CDWriter",
                "image": null
            },
            "comment": "\n<p >When in game you come upon this </p>\n<p > </p>\n<p ><img alt=\"yc8h.jpg\" src=\"https://img716.imageshack.us/img716/332/yc8h.jpg\" /></p>\n<p > </p>\n<p >The teleport sparkles, You see where is this data keeped is in GS coded our SQL ?   </p>\n<p > </p>\n<p >It does hit my GS with \"Raid DEBUG INZONE JOIN REQ > bla bla bla nZoneNO : 41   <-- I need to change this number </p>\n\n\n\t\t\t\n\t\t\t\t\n\n<span class=\"ipsType_reset ipsType_medium ipsType_light\" data-excludequote=\"None\" >\n\t<strong >Edited <time datetime=\"2013-09-05T07:04:52Z\" title=\"09/05/2013 07:04  AM\" data-short=\"7 yr\" >September 5, 2013</time> by CDWriter</strong>\n\t\n\t\n</span>\n\t\t\t\n\t\t</div>"
        },
        {
            "id": 86235,
            "timestamp": 1378196083,
            "author": {
                "id": 15306,
                "name": "Noizy",
                "image": null
            },
            "comment": "<p >Really bad understanding text u have here :D but those sparkles are just particle effects, there is teleporter which is hidden (In game)</p>"
        },
        {
            "id": 86247,
            "timestamp": 1378205618,
            "author": {
                "id": 7482,
                "name": "Creep",
                "image": null
            },
            "comment": "<p >Its a trigger in the world data (.wld) ;) you just need to change it using world editor</p>"
        },
        {
            "id": 86267,
            "timestamp": 1378231292,
            "author": {
                "id": 17582,
                "name": "CDWriter",
                "image": null
            },
            "comment": "\n<p >@<a contenteditable=\"false\" data-ipshover=\"\" href=\"https://lckb.dev/forum/index.php?/profile/7482-creep/\" data-ipshover-target=\"https://lckb.dev/forum/index.php?/profile/7482-creep/&do=hovercard\" data-mentionid=\"7482\" rel=\"\" >@Creep</a> thanks .... now to figure out world editor :(</p>\n<p > </p>\n<p >unless someone wants to do it for me ...i need the <span style=\"color:rgb(40,40,40);font-family:arial, helvetica, clean, sans-serif;\" >sparkles or particle effects going to tarain Dungeon to point to Zone 26 ... Not 41 ......</span></p>\n<p > </p>\n<p ><span style=\"color:rgb(40,40,40);font-family:arial, helvetica, clean, sans-serif;\" >Well thanks all .......</span></p>\n<p > </p>\n<p > </p>\n<p >@<a contenteditable=\"false\" data-ipshover=\"\" href=\"https://lckb.dev/forum/index.php?/profile/15306-noizy/\" data-ipshover-target=\"https://lckb.dev/forum/index.php?/profile/15306-noizy/&do=hovercard\" data-mentionid=\"15306\" rel=\"\" >@Noizy</a> that happens when you Drinking JD for 6 hr while working on server files..... :)</p>\n\n\n\t\t\t\n\t\t\t\t\n\n<span class=\"ipsType_reset ipsType_medium ipsType_light\" data-excludequote=\"None\" >\n\t<strong >Edited <time datetime=\"2013-09-03T18:03:24Z\" title=\"09/03/2013 06:03  PM\" data-short=\"7 yr\" >September 3, 2013</time> by CDWriter</strong>\n\t\n\t\n</span>\n\t\t\t\n\t\t</div>"
        },
        {
            "id": 86318,
            "timestamp": 1378303746,
            "author": {
                "id": 7482,
                "name": "Creep",
                "image": null
            },
            "comment": "\n<p >I would like to help you unfortunatly Idk how to change the trigger :S</p>\n<p >anyways try to delete the old one and a a new one, either cant halep at that xD</p>\n"
        },
        {
            "id": 86345,
            "timestamp": 1378364665,
            "author": {
                "id": 17582,
                "name": "CDWriter",
                "image": null
            },
            "comment": "<p >@<a contenteditable=\"false\" data-ipshover=\"\" href=\"https://lckb.dev/forum/index.php?/profile/7482-creep/\" data-ipshover-target=\"https://lckb.dev/forum/index.php?/profile/7482-creep/&do=hovercard\" data-mentionid=\"7482\" rel=\"\" >@Creep</a> thanks for the reply atleast ....</p>"
        },
        {
            "id": 86346,
            "timestamp": 1378367025,
            "author": {
                "id": 17432,
                "name": "Nymphetamine",
                "image": null
            },
            "comment": "<p >Moved as its marked as solved</p>"
        }
    ]
}