{
    "meta": {
        "threadId": 11289,
        "threadName": "What file do I need to change to get rid of the outline!",
        "dateCreated": "2013-09-03T21:52:46+0000",
        "datePublished": "2013-09-03T21:52:46+0000",
        "pageCount": 1,
        "originalUrl": "https://lckb.dev/forum/index.php?/topic/11289-what-file-do-i-need-to-change-to-get-rid-of-the-outline/",
        "authorId": 13352,
        "position": [
            {
                "@type": "ListItem",
                "position": 1,
                "item": {
                    "@id": "https://lckb.dev/forum/index.php?/forum/100-guides-help-section/",
                    "name": "Guides &amp; Help Section"
                }
            },
            {
                "@type": "ListItem",
                "position": 2,
                "item": {
                    "@id": "https://lckb.dev/forum/index.php?/forum/335-help-support/",
                    "name": "Help &amp; Support"
                }
            },
            {
                "@type": "ListItem",
                "position": 3,
                "item": {
                    "@id": "https://lckb.dev/forum/index.php?/forum/44-ep1-support/",
                    "name": "Ep1 Support"
                }
            },
            {
                "@type": "ListItem",
                "position": 4,
                "item": {
                    "@id": "https://lckb.dev/forum/index.php?/forum/135-solved-topics/",
                    "name": "Solved Topics"
                }
            }
        ]
    },
    "commentData": [
        {
            "id": 86284,
            "timestamp": 1378245166,
            "author": {
                "id": 13352,
                "name": "jordan",
                "image": null
            },
            "comment": "\n<p >I was wondering what file I need to change in my interface to get rid of the outline color on the nametags???</p>\n<p > </p>\n<p >Example:    <img alt=\"hst021.png\" src=\"http://i43.tinypic.com/hst021.png\" /></p>\n"
        },
        {
            "id": 86286,
            "timestamp": 1378250857,
            "author": {
                "id": 161,
                "name": "Koko",
                "image": null
            },
            "comment": "<p >Try NamePopup.tex (in Interface). Not sure tho, never tried myself.</p>"
        }
    ]
}