{
    "meta": {
        "threadId": 11292,
        "threadName": "Quests Types",
        "dateCreated": "2013-09-04T07:13:55+0000",
        "datePublished": "2013-09-04T07:13:55+0000",
        "pageCount": 1,
        "originalUrl": "https://lckb.dev/forum/index.php?/topic/11292-quests-types/",
        "authorId": 13256,
        "position": [
            {
                "@type": "ListItem",
                "position": 1,
                "item": {
                    "@id": "https://lckb.dev/forum/index.php?/forum/100-guides-help-section/",
                    "name": "Guides &amp; Help Section"
                }
            },
            {
                "@type": "ListItem",
                "position": 2,
                "item": {
                    "@id": "https://lckb.dev/forum/index.php?/forum/335-help-support/",
                    "name": "Help &amp; Support"
                }
            },
            {
                "@type": "ListItem",
                "position": 3,
                "item": {
                    "@id": "https://lckb.dev/forum/index.php?/forum/44-ep1-support/",
                    "name": "Ep1 Support"
                }
            },
            {
                "@type": "ListItem",
                "position": 4,
                "item": {
                    "@id": "https://lckb.dev/forum/index.php?/forum/135-solved-topics/",
                    "name": "Solved Topics"
                }
            }
        ]
    },
    "commentData": [
        {
            "id": 86295,
            "timestamp": 1378278835,
            "author": {
                "id": 13256,
                "name": "odaichaos",
                "image": null
            },
            "comment": "<p >hey all, any1 knows how quest types under quest name in Quest editor works?..like how to make a quest repeatable / unrepeatable etc.. would want a list of these types if possible xD</p>"
        },
        {
            "id": 86296,
            "timestamp": 1378279769,
            "author": {
                "id": 11986,
                "name": "SnowFox",
                "image": null
            },
            "comment": "\n<p >If you use a quest editor from Wizatek it can be done on this way:</p>\n<p > </p>\n<p >At Type 1: (This says what kind of quest it is, You can think here about a Gathering Quest or Defeat quest.)</p>\n<p ><img alt=\"type_1.png\" src=\"http://s7.postimg.org/b2l9lwfnv/type_1.png\" /></p>\n<p > </p>\n<p >At Type 2: (This says how much you can do it, Once , Unlimited Types etc)</p>\n<p ><img alt=\"type_2.png\" src=\"http://s24.postimg.org/76gkaukmt/type_2.png\" /></p>\n<p > </p>\n<p >If im not right it was this way:</p>\n<p >0 - Can do only once</p>\n<p >1 - Repeat Unlimited Times</p>\n<p >2 - Once a Day</p>\n<p > </p>\n<p >Also a advice when you ask a question about a editor tell us what editor you use.</p>\n<p >It makes it easyer for us to tell you since yeah not all editors are builded same way.</p>\n<p > </p>\n<p >This is all i can help since yeah i dont know what editor you use.</p>\n<p >One editor has it really easy and other one you must fill in the types manual.</p>\n<p >Regards,</p>\n<p >-SnowFox</p>\n"
        },
        {
            "id": 86301,
            "timestamp": 1378282610,
            "author": {
                "id": 13256,
                "name": "odaichaos",
                "image": null
            },
            "comment": "<p >oh sorry xD , im using Bash quest editor..but ima get wizateks tool since its easier, and thanks for help!</p>\n\n\t\t\t\n\t\t\t\t\n\n<span class=\"ipsType_reset ipsType_medium ipsType_light\" data-excludequote=\"None\" >\n\t<strong >Edited <time datetime=\"2013-09-04T08:40:45Z\" title=\"09/04/2013 08:40  AM\" data-short=\"7 yr\" >September 4, 2013</time> by odaichaos</strong>\n\t\n\t\n</span>\n\t\t\t\n\t\t</div>"
        },
        {
            "id": 87483,
            "timestamp": 1379846799,
            "author": {
                "id": 1503,
                "name": "Paramount",
                "image": null
            },
            "comment": "<p >Closed and moved.</p>"
        }
    ]
}