{
    "meta": {
        "threadId": 11298,
        "threadName": "Changing Names in Teleport zones",
        "dateCreated": "2013-09-05T07:00:52+0000",
        "datePublished": "2013-09-05T07:00:52+0000",
        "pageCount": 1,
        "originalUrl": "https://lckb.dev/forum/index.php?/topic/11298-changing-names-in-teleport-zones/",
        "authorId": 17582,
        "position": [
            {
                "@type": "ListItem",
                "position": 1,
                "item": {
                    "@id": "https://lckb.dev/forum/index.php?/forum/100-guides-help-section/",
                    "name": "Guides &amp; Help Section"
                }
            },
            {
                "@type": "ListItem",
                "position": 2,
                "item": {
                    "@id": "https://lckb.dev/forum/index.php?/forum/335-help-support/",
                    "name": "Help &amp; Support"
                }
            },
            {
                "@type": "ListItem",
                "position": 3,
                "item": {
                    "@id": "https://lckb.dev/forum/index.php?/forum/120-ep2-support/",
                    "name": "Ep2 Support"
                }
            },
            {
                "@type": "ListItem",
                "position": 4,
                "item": {
                    "@id": "https://lckb.dev/forum/index.php?/forum/134-solved-topics/",
                    "name": "Solved Topics"
                }
            }
        ]
    },
    "commentData": [
        {
            "id": 86344,
            "timestamp": 1378364452,
            "author": {
                "id": 17582,
                "name": "CDWriter",
                "image": null
            },
            "comment": "<p >Ok i have gotten 1 new teleporter to work into the Tarain dungeon ...but i have a issue ? how do i fix the name on this pic to say \"Tarain Dungeon\" in stead of \"The Spirit Cave\"<br /><br /><img alt=\"wc1z.jpg\" src=\"https://img6.imageshack.us/img6/4802/wc1z.jpg\" /><br /><br /><br />Hmm is this GS ? please point me in the right direction is you can ....Thanks</p>\n\n\t\t\t\n\t\t\t\t\n\n<span class=\"ipsType_reset ipsType_medium ipsType_light\" data-excludequote=\"None\" >\n\t<strong >Edited <time datetime=\"2013-09-05T17:45:11Z\" title=\"09/05/2013 05:45  PM\" data-short=\"7 yr\" >September 5, 2013</time> by CDWriter</strong>\n\t\n\t\n</span>\n\t\t\t\n\t\t</div>"
        },
        {
            "id": 86347,
            "timestamp": 1378368362,
            "author": {
                "id": 13172,
                "name": "soryjero",
                "image": null
            },
            "comment": "\n<blockquote data-ipsquote=\"\" class=\"ipsQuote\" data-ipsquote-contentcommentid=\"86344\" data-ipsquote-contentapp=\"forums\" data-ipsquote-contenttype=\"forums\" data-ipsquote-contentclass=\"forums_Topic\" data-ipsquote-contentid=\"11298\" data-ipsquote-username=\"CDWriter\" data-cite=\"CDWriter\" data-ipsquote-timestamp=\"1378364452\" ><div ><div >\n<p >Ok i have gotten 1 new teleporter to work into the Tarain dungeon ...but i have a issue ? how do i fix the name on this pic to say \"Tarain Dungeon\" in stead of \"The Spirit Cave\"</p>\n<p > </p>\n<p ><img alt=\"wc1z.jpg\" src=\"https://img6.imageshack.us/img6/4802/wc1z.jpg\" /></p>\n<p > </p>\n<p > </p>\n<p >Hmm is this GS ? please point me in the right direction is you can ....Thanks</p>\n</div></div></blockquote>\n<p >try to find that string in string.dta and change it to tarian dungeon</p>\n"
        },
        {
            "id": 86348,
            "timestamp": 1378368814,
            "author": {
                "id": 17432,
                "name": "Nymphetamine",
                "image": null
            },
            "comment": "\n<p >Open string editor,use find function and look for \"The spirit cave\",find for that 2 boxes,call them Tarian Dungeon or like u want,then save and its done.</p>\n<p >Its ofc decided from string file,its in /Data</p>\n"
        },
        {
            "id": 86391,
            "timestamp": 1378405571,
            "author": {
                "id": 17582,
                "name": "CDWriter",
                "image": null
            },
            "comment": "<p >Thanks all ..... Too many late night i guess, Old guy forgets things :)</p>\n\n\t\t\t\n\t\t\t\t\n\n<span class=\"ipsType_reset ipsType_medium ipsType_light\" data-excludequote=\"None\" >\n\t<strong >Edited <time datetime=\"2013-09-05T18:27:10Z\" title=\"09/05/2013 06:27  PM\" data-short=\"7 yr\" >September 5, 2013</time> by CDWriter</strong>\n\t\n\t\n</span>\n\t\t\t\n\t\t</div>"
        },
        {
            "id": 86394,
            "timestamp": 1378406629,
            "author": {
                "id": 17432,
                "name": "Nymphetamine",
                "image": null
            },
            "comment": "<p >Moved</p>"
        },
        {
            "id": 86395,
            "timestamp": 1378406662,
            "author": {
                "id": null,
                "name": "Guest Johnny5",
                "image": null
            },
            "comment": "<p >Moderator closed because: Solved</p>"
        }
    ]
}