{
    "meta": {
        "threadId": 11299,
        "threadName": "Mobs Damage",
        "dateCreated": "2013-09-05T13:36:54+0000",
        "datePublished": "2013-09-05T13:36:54+0000",
        "pageCount": 1,
        "originalUrl": "https://lckb.dev/forum/index.php?/topic/11299-mobs-damage/",
        "authorId": 13256,
        "position": [
            {
                "@type": "ListItem",
                "position": 1,
                "item": {
                    "@id": "https://lckb.dev/forum/index.php?/forum/100-guides-help-section/",
                    "name": "Guides &amp; Help Section"
                }
            },
            {
                "@type": "ListItem",
                "position": 2,
                "item": {
                    "@id": "https://lckb.dev/forum/index.php?/forum/335-help-support/",
                    "name": "Help &amp; Support"
                }
            },
            {
                "@type": "ListItem",
                "position": 3,
                "item": {
                    "@id": "https://lckb.dev/forum/index.php?/forum/44-ep1-support/",
                    "name": "Ep1 Support"
                }
            },
            {
                "@type": "ListItem",
                "position": 4,
                "item": {
                    "@id": "https://lckb.dev/forum/index.php?/forum/135-solved-topics/",
                    "name": "Solved Topics"
                }
            }
        ]
    },
    "commentData": [
        {
            "id": 86362,
            "timestamp": 1378388214,
            "author": {
                "id": 13256,
                "name": "odaichaos",
                "image": null
            },
            "comment": "\n<p >hey all,</p>\n<p >whats the problem when some mobs doesnt do dmg at all?..even when mob hit i dont recieve it on admin console..</p>\n<p >thx for help!</p>\n\n\n\t\t\t\n\t\t\t\t\n\n<span class=\"ipsType_reset ipsType_medium ipsType_light\" data-excludequote=\"None\" >\n\t<strong >Edited <time datetime=\"2013-09-05T13:37:44Z\" title=\"09/05/2013 01:37  PM\" data-short=\"7 yr\" >September 5, 2013</time> by odaichaos</strong>\n\t\n\t\n</span>\n\t\t\t\n\t\t</div>"
        },
        {
            "id": 86363,
            "timestamp": 1378388312,
            "author": {
                "id": 17432,
                "name": "Nymphetamine",
                "image": null
            },
            "comment": "<p >What u mean for no damage?</p>"
        },
        {
            "id": 86364,
            "timestamp": 1378388369,
            "author": {
                "id": 13256,
                "name": "odaichaos",
                "image": null
            },
            "comment": "<p >they doesnt cause damage on me..so they do attack but i dont lose HP</p>"
        },
        {
            "id": 86365,
            "timestamp": 1378388451,
            "author": {
                "id": 17432,
                "name": "Nymphetamine",
                "image": null
            },
            "comment": "<p >They miss..or hit 1 because their attack is low ofc</p>"
        },
        {
            "id": 86367,
            "timestamp": 1378388512,
            "author": {
                "id": 13256,
                "name": "odaichaos",
                "image": null
            },
            "comment": "<p >nope not miss..also i dont get the 1 hit..they do the attack motion..but no dmg at all, if this helps..i looked for the mobs in DB..i cant find them there..i guess sth wrong in the DB?</p>\n\n\t\t\t\n\t\t\t\t\n\n<span class=\"ipsType_reset ipsType_medium ipsType_light\" data-excludequote=\"None\" >\n\t<strong >Edited <time datetime=\"2013-09-05T13:42:56Z\" title=\"09/05/2013 01:42  PM\" data-short=\"7 yr\" >September 5, 2013</time> by odaichaos</strong>\n\t\n\t\n</span>\n\t\t\t\n\t\t</div>"
        },
        {
            "id": 86369,
            "timestamp": 1378389380,
            "author": {
                "id": 17432,
                "name": "Nymphetamine",
                "image": null
            },
            "comment": "\n<blockquote data-ipsquote=\"\" class=\"ipsQuote\" data-ipsquote-contentcommentid=\"86367\" data-ipsquote-contentapp=\"forums\" data-ipsquote-contenttype=\"forums\" data-ipsquote-contentclass=\"forums_Topic\" data-ipsquote-contentid=\"11299\" data-ipsquote-username=\"odaichaos\" data-cite=\"odaichaos\" data-ipsquote-timestamp=\"1378388512\" ><div ><div ><p >nope not miss..also i dont get the 1 hit..they do the attack motion..but no dmg at all, if this helps..i looked for the mobs in DB..i cant find them there..i guess sth wrong in the DB?</p></div></div></blockquote>\n<p >There isnt the mob in db? :o</p>\n"
        },
        {
            "id": 86370,
            "timestamp": 1378390514,
            "author": {
                "id": 13256,
                "name": "odaichaos",
                "image": null
            },
            "comment": "\n<blockquote data-ipsquote=\"\" class=\"ipsQuote\" data-ipsquote-contentcommentid=\"86369\" data-ipsquote-contentapp=\"forums\" data-ipsquote-contenttype=\"forums\" data-ipsquote-contentclass=\"forums_Topic\" data-ipsquote-contentid=\"11299\" data-ipsquote-username=\"Nymphetamine\" data-cite=\"Nymphetamine\" data-ipsquote-timestamp=\"1378389380\" ><div ><div ><p >There isnt the mob in db? :o</p></div></div></blockquote>\n<p >nope the mobs which doesnt do dmg arent existed in DB..and not sure how to add them lol</p>\n"
        },
        {
            "id": 86371,
            "timestamp": 1378390719,
            "author": {
                "id": 17432,
                "name": "Nymphetamine",
                "image": null
            },
            "comment": "\n<blockquote data-ipsquote=\"\" class=\"ipsQuote\" data-ipsquote-contentcommentid=\"86370\" data-ipsquote-contentapp=\"forums\" data-ipsquote-contenttype=\"forums\" data-ipsquote-contentclass=\"forums_Topic\" data-ipsquote-contentid=\"11299\" data-ipsquote-username=\"odaichaos\" data-cite=\"odaichaos\" data-ipsquote-timestamp=\"1378390514\" ><div ><div ><p >nope the mobs which doesnt do dmg arent existed in DB..and not sure how to add them lol</p></div></div></blockquote>\n<p >Ofc they dont do dmg then lol but its strange it shows mob that are not in database :o</p>\n"
        },
        {
            "id": 86372,
            "timestamp": 1378391074,
            "author": {
                "id": 13256,
                "name": "odaichaos",
                "image": null
            },
            "comment": "<p >also confusing me lol, even tho i can see them in moball and edit them</p>\n\n\t\t\t\n\t\t\t\t\n\n<span class=\"ipsType_reset ipsType_medium ipsType_light\" data-excludequote=\"None\" >\n\t<strong >Edited <time datetime=\"2013-09-05T14:30:48Z\" title=\"09/05/2013 02:30  PM\" data-short=\"7 yr\" >September 5, 2013</time> by odaichaos</strong>\n\t\n\t\n</span>\n\t\t\t\n\t\t</div>"
        },
        {
            "id": 86374,
            "timestamp": 1378395379,
            "author": {
                "id": 11986,
                "name": "SnowFox",
                "image": null
            },
            "comment": "\n<p >Its helpful if you give us a bit more information of the Editors what you use.</p>\n<p >What kind do you use since yeah every editor has his own working.</p>\n<p > </p>\n<p >To add a mob you need to insert it also with sql since what i think what you did is that you made the monster with stats etc but didnt insert it in the sql.</p>\n<p > </p>\n<p >But before i can help you further please tell me the information about the editors you use.</p>\n<p > </p>\n<p >What moballeditor you use, has it right away connection with the sql database, or do you work with sql dumbs etc.</p>\n<p > </p>\n<p >Regards,</p>\n<p >-SnowFox</p>\n"
        },
        {
            "id": 86375,
            "timestamp": 1378395635,
            "author": {
                "id": 13256,
                "name": "odaichaos",
                "image": null
            },
            "comment": "<p >snowfox i used bash editor and it create an sql file and i added it to my db..but also couldnt get the mobs in there..also i got 1 more question..it happens that theres a mob id got same item id..so when i need to make a quest for that mob ..in game it asks for the item..any idea to fix? xD</p>"
        },
        {
            "id": 86377,
            "timestamp": 1378396458,
            "author": {
                "id": 11986,
                "name": "SnowFox",
                "image": null
            },
            "comment": "\n<blockquote data-ipsquote=\"\" class=\"ipsQuote\" data-ipsquote-contentcommentid=\"86375\" data-ipsquote-contentapp=\"forums\" data-ipsquote-contenttype=\"forums\" data-ipsquote-contentclass=\"forums_Topic\" data-ipsquote-contentid=\"11299\" data-ipsquote-username=\"odaichaos\" data-cite=\"odaichaos\" data-ipsquote-timestamp=\"1378395635\" ><div ><div ><p >snowfox i used bash editor and it create an sql file and i added it to my db..but also couldnt get the mobs in there..also i got 1 more question..it happens that theres a mob id got same item id..so when i need to make a quest for that mob ..in game it asks for the item..any idea to fix? xD</p></div></div></blockquote>\n<p > </p>\n<p >mmm weird since if you run the sql file it must be added into the DB right.</p>\n<p >you sure the sql is added in t_npc table?</p>\n<p > </p>\n<p style=\"text-align:center;\" >______________________________________________________________________</p>\n<p > </p>\n<p >Uh about the quest thing i think you choose the wrong type since.</p>\n<p >You have a type for collecting and other for killing etc.</p>\n<p > </p>\n<p >When you chooses collect item it will referrers to the item ids and if you do kill monster it referrers to the mob id etc.</p>\n<p > </p>\n<p >Also i prefer and properly everyone does is that you make a new topic for the other problem in place of asking after a time something extra.</p>\n<p >So for every problem a new topic, or you must say in first topic right away the problems.</p>\n<p > </p>\n<p >Regards,</p>\n<p >-SnowFox</p>\n<p > </p>\n"
        },
        {
            "id": 86378,
            "timestamp": 1378397277,
            "author": {
                "id": 18226,
                "name": "OldHM",
                "image": null
            },
            "comment": "<p >I guess its maybe in t_npc_regen but not in t_npc correctly hmm could be? ^^</p>"
        },
        {
            "id": 86398,
            "timestamp": 1378410449,
            "author": {
                "id": 13256,
                "name": "odaichaos",
                "image": null
            },
            "comment": "\n<blockquote data-ipsquote=\"\" class=\"ipsQuote\" data-ipsquote-contentcommentid=\"86377\" data-ipsquote-contentapp=\"forums\" data-ipsquote-contenttype=\"forums\" data-ipsquote-contentclass=\"forums_Topic\" data-ipsquote-contentid=\"11299\" data-ipsquote-username=\"SnowFox\" data-cite=\"SnowFox\" data-ipsquote-timestamp=\"1378396458\" ><div ><div >\n<p >mmm weird since if you run the sql file it must be added into the DB right.</p>\n<p >you sure the sql is added in t_npc table?</p>\n<p > </p>\n<p style=\"text-align:center;\" >______________________________________________________________________</p>\n<p > </p>\n<p >Uh about the quest thing i think you choose the wrong type since.</p>\n<p >You have a type for collecting and other for killing etc.</p>\n<p > </p>\n<p >When you chooses collect item it will referrers to the item ids and if you do kill monster it referrers to the mob id etc.</p>\n<p > </p>\n<p >Also i prefer and properly everyone does is that you make a new topic for the other problem in place of asking after a time something extra.</p>\n<p >So for every problem a new topic, or you must say in first topic right away the problems.</p>\n<p > </p>\n<p >Regards,</p>\n<p >-SnowFox</p>\n<p > </p>\n</div></div></blockquote>\n<p >well..not sure how to fix it..ima try re-execute db and try... and for the quest thing it worked with another type thx xD</p>\n"
        },
        {
            "id": 86399,
            "timestamp": 1378410512,
            "author": {
                "id": 13256,
                "name": "odaichaos",
                "image": null
            },
            "comment": "\n<blockquote data-ipsquote=\"\" class=\"ipsQuote\" data-ipsquote-contentcommentid=\"86378\" data-ipsquote-contentapp=\"forums\" data-ipsquote-contenttype=\"forums\" data-ipsquote-contentclass=\"forums_Topic\" data-ipsquote-contentid=\"11299\" data-ipsquote-username=\"Mendozza\" data-cite=\"Mendozza\" data-ipsquote-timestamp=\"1378397277\" ><div ><div ><p >I guess its maybe in t_npc_regen but not in t_npc correctly hmm could be? ^^</p></div></div></blockquote>\n<p >well..even if it was in t_npc_regen it should be in t_npc...and also i wont be able to find it at t_npc_regen xD</p>\n"
        },
        {
            "id": 86400,
            "timestamp": 1378410655,
            "author": {
                "id": 11986,
                "name": "SnowFox",
                "image": null
            },
            "comment": "\n<p >Nice to hear that the Quest thing is solved np.<br /><br />Mmm weird definitely weird about the mobs since yeah they need to be added when you run that sql.</p>\n<p > </p>\n<p >Regards,</p>\n<p >-SnowFox</p>\n"
        },
        {
            "id": 86985,
            "timestamp": 1379223714,
            "author": {
                "id": 8659,
                "name": "BayBay",
                "image": null
            },
            "comment": "\n<blockquote data-ipsquote=\"\" class=\"ipsQuote\" data-ipsquote-contentcommentid=\"86398\" data-ipsquote-contentapp=\"forums\" data-ipsquote-contenttype=\"forums\" data-ipsquote-contentclass=\"forums_Topic\" data-ipsquote-contentid=\"11299\" data-ipsquote-username=\"odaichaos\" data-cite=\"odaichaos\" data-ipsquote-timestamp=\"1378410449\" ><div ><div ><p >well..not sure how to fix it..ima try re-execute db and try... and for the quest thing it worked with another type thx xD</p></div></div></blockquote>\n<p >In t_npc look for \"a_attck\" column and see if it has anything at all.In there it shows the attack of the mobs.</p>\n"
        },
        {
            "id": 86992,
            "timestamp": 1379234522,
            "author": {
                "id": 13256,
                "name": "odaichaos",
                "image": null
            },
            "comment": "\n<blockquote data-ipsquote=\"\" class=\"ipsQuote\" data-ipsquote-contentcommentid=\"86985\" data-ipsquote-contentapp=\"forums\" data-ipsquote-contenttype=\"forums\" data-ipsquote-contentclass=\"forums_Topic\" data-ipsquote-contentid=\"11299\" data-ipsquote-username=\"Curious\" data-cite=\"Curious\" data-ipsquote-timestamp=\"1379223714\" ><div ><div ><p >In t_npc look for \"a_attck\" column and see if it has anything at all.In there it shows the attack of the mobs.</p></div></div></blockquote>\n<p > </p>\n<p >i cant find the mob in t_npc anyway lol</p>\n"
        },
        {
            "id": 87102,
            "timestamp": 1379300198,
            "author": {
                "id": 8659,
                "name": "BayBay",
                "image": null
            },
            "comment": "\n<blockquote data-ipsquote=\"\" class=\"ipsQuote\" data-ipsquote-contentcommentid=\"86992\" data-ipsquote-contentapp=\"forums\" data-ipsquote-contenttype=\"forums\" data-ipsquote-contentclass=\"forums_Topic\" data-ipsquote-contentid=\"11299\" data-ipsquote-username=\"odaichaos\" data-cite=\"odaichaos\" data-ipsquote-timestamp=\"1379234522\" ><div ><div ><p >i cant find the mob in t_npc anyway lol</p></div></div></blockquote>\n<p >man open moball editor look for the mob ID then look for the ID in t_npc it has to be there!</p>\n"
        },
        {
            "id": 87115,
            "timestamp": 1379309798,
            "author": {
                "id": 16931,
                "name": "Walletman987",
                "image": null
            },
            "comment": "\n<blockquote data-ipsquote=\"\" class=\"ipsQuote\" data-ipsquote-contentcommentid=\"86992\" data-ipsquote-contentapp=\"forums\" data-ipsquote-contenttype=\"forums\" data-ipsquote-contentclass=\"forums_Topic\" data-ipsquote-contentid=\"11299\" data-ipsquote-username=\"odaichaos\" data-cite=\"odaichaos\" data-ipsquote-timestamp=\"1379234522\" ><div ><div ><p >i cant find the mob in t_npc anyway lol</p></div></div></blockquote>\n<p >Insert it into the database then 0.o</p>\n"
        },
        {
            "id": 87118,
            "timestamp": 1379316243,
            "author": {
                "id": 1503,
                "name": "Paramount",
                "image": null
            },
            "comment": "\n<blockquote data-ipsquote=\"\" class=\"ipsQuote\" data-ipsquote-contentcommentid=\"86992\" data-ipsquote-contentapp=\"forums\" data-ipsquote-contenttype=\"forums\" data-ipsquote-contentclass=\"forums_Topic\" data-ipsquote-contentid=\"11299\" data-ipsquote-username=\"odaichaos\" data-cite=\"odaichaos\" data-ipsquote-timestamp=\"1379234522\" ><div ><div ><p >i cant find the mob in t_npc anyway lol</p></div></div></blockquote>\n<p >I think your problem is:</p>\n<p > </p>\n<p ><img alt=\"oyud.png\" src=\"https://img443.imageshack.us/img443/1320/oyud.png\" /></p>\n<p > </p>\n<p >Navicat usually sends <u >LIMIT 1000</u> so that wont be lagg. Just jump all over the pages and you will find what you are looking for.</p>\n"
        },
        {
            "id": 88467,
            "timestamp": 1381784003,
            "author": {
                "id": 18226,
                "name": "OldHM",
                "image": null
            },
            "comment": "\n<p >No answer since 16 of September.</p>\n<p >I guess this is Solved.</p>\n<p > </p>\n<p >Closed</p>\n"
        }
    ]
}