{
    "meta": {
        "threadId": 11300,
        "threadName": "My Template Start",
        "dateCreated": "2013-09-05T16:36:17+0000",
        "datePublished": "2013-09-05T16:36:17+0000",
        "pageCount": 1,
        "originalUrl": "https://lckb.dev/forum/index.php?/topic/11300-my-template-start/",
        "authorId": 18249,
        "position": [
            {
                "@type": "ListItem",
                "position": 1,
                "item": {
                    "@id": "https://lckb.dev/forum/index.php?/forum/271-general-section/",
                    "name": "General Section"
                }
            },
            {
                "@type": "ListItem",
                "position": 2,
                "item": {
                    "@id": "https://lckb.dev/forum/index.php?/forum/43-development-showroom/",
                    "name": "Development Showroom"
                }
            }
        ]
    },
    "commentData": [
        {
            "id": 86382,
            "timestamp": 1378398977,
            "author": {
                "id": 18249,
                "name": "darklord",
                "image": null
            },
            "comment": "\n<p >Hello all,</p>\n<p > </p>\n<p >My template start...</p>\n<p > </p>\n<p ><img alt=\"sbnbb.jpg\" src=\"http://o1309.hizliresim.com/1f/5/sbnbb.jpg\" /></p>\n<p > </p>\n<p >HOW?? :D</p>\n"
        },
        {
            "id": 86383,
            "timestamp": 1378399947,
            "author": {
                "id": 17432,
                "name": "Nymphetamine",
                "image": null
            },
            "comment": "<p >Dont like it honestly. Too hot</p>"
        },
        {
            "id": 86407,
            "timestamp": 1378413877,
            "author": {
                "id": 18850,
                "name": "WeedyStar",
                "image": null
            },
            "comment": "<p >I Like it.</p>"
        },
        {
            "id": 86424,
            "timestamp": 1378432384,
            "author": {
                "id": 2,
                "name": "Wizatek",
                "image": null
            },
            "comment": "<p >Its nice, just a little bombastic</p>"
        },
        {
            "id": 86427,
            "timestamp": 1378435904,
            "author": {
                "id": 13529,
                "name": "DrGenius",
                "image": null
            },
            "comment": "<p >the menu looks like you copy the images and just paste it x.x </p>"
        },
        {
            "id": 86432,
            "timestamp": 1378449801,
            "author": {
                "id": 8659,
                "name": "BayBay",
                "image": null
            },
            "comment": "<p >The only thing i like about it is the backround, but why do website these days only have mage backrounds? why dont u replace the mage with another character?</p>\n\n\t\t\t\n\t\t\t\t\n\n<span class=\"ipsType_reset ipsType_medium ipsType_light\" data-excludequote=\"None\" >\n\t<strong >Edited <time datetime=\"2013-09-06T06:43:44Z\" title=\"09/06/2013 06:43  AM\" data-short=\"7 yr\" >September 6, 2013</time> by Curious</strong>\n\t\n\t\n</span>\n\t\t\t\n\t\t</div>"
        },
        {
            "id": 86440,
            "timestamp": 1378453978,
            "author": {
                "id": 18249,
                "name": "darklord",
                "image": null
            },
            "comment": "\n<blockquote data-ipsquote=\"\" class=\"ipsQuote\" data-ipsquote-contentcommentid=\"86427\" data-ipsquote-contentapp=\"forums\" data-ipsquote-contenttype=\"forums\" data-ipsquote-contentclass=\"forums_Topic\" data-ipsquote-contentid=\"11300\" data-ipsquote-username=\"DrGenius\" data-cite=\"DrGenius\" data-ipsquote-timestamp=\"1378435904\" ><div ><div ><p >the menu looks like you copy the images and just paste it x.x </p></div></div></blockquote>\n<p > </p>\n<p ><img alt=\"sc9gq.png\" src=\"http://m1309.hizliresim.com/1f/6/sc9gq.png\" /></p>\n<p > </p>\n<p ><img alt=\"sc9hw.png\" src=\"http://m1309.hizliresim.com/1f/6/sc9hw.png\" /></p>\n"
        },
        {
            "id": 86441,
            "timestamp": 1378454039,
            "author": {
                "id": 18249,
                "name": "darklord",
                "image": null
            },
            "comment": "\n<blockquote data-ipsquote=\"\" class=\"ipsQuote\" data-ipsquote-contentcommentid=\"86432\" data-ipsquote-contentapp=\"forums\" data-ipsquote-contenttype=\"forums\" data-ipsquote-contentclass=\"forums_Topic\" data-ipsquote-contentid=\"11300\" data-ipsquote-username=\"Curious\" data-cite=\"Curious\" data-ipsquote-timestamp=\"1378449801\" ><div ><div ><p >The only thing i like about it is the backround, but why do website these days only have mage backrounds? why dont u replace the mage with another character?</p></div></div></blockquote>\n<p > </p>\n<p > </p>\n<p >mage sexyyyy big tts  :P</p>\n"
        },
        {
            "id": 86457,
            "timestamp": 1378487823,
            "author": {
                "id": 8659,
                "name": "BayBay",
                "image": null
            },
            "comment": "\n<blockquote data-ipsquote=\"\" class=\"ipsQuote\" data-ipsquote-contentcommentid=\"86441\" data-ipsquote-contentapp=\"forums\" data-ipsquote-contenttype=\"forums\" data-ipsquote-contentclass=\"forums_Topic\" data-ipsquote-contentid=\"11300\" data-ipsquote-username=\"darklord\" data-cite=\"darklord\" data-ipsquote-timestamp=\"1378454039\" ><div ><div ><p >mage sexyyyy big tts  :P</p></div></div></blockquote>\n<p >Healer Sexyyyyyyyy, and rogue too, even Knight  xD</p>\n\n\n\t\t\t\n\t\t\t\t\n\n<span class=\"ipsType_reset ipsType_medium ipsType_light\" data-excludequote=\"None\" >\n\t<strong >Edited <time datetime=\"2013-09-06T17:17:24Z\" title=\"09/06/2013 05:17  PM\" data-short=\"7 yr\" >September 6, 2013</time> by Curious</strong>\n\t\n\t\n</span>\n\t\t\t\n\t\t</div>"
        },
        {
            "id": 86461,
            "timestamp": 1378490894,
            "author": {
                "id": 267,
                "name": "SutWick",
                "image": null
            },
            "comment": "\n<blockquote data-ipsquote=\"\" class=\"ipsQuote\" data-ipsquote-contentcommentid=\"86441\" data-ipsquote-contentapp=\"forums\" data-ipsquote-contenttype=\"forums\" data-ipsquote-contentclass=\"forums_Topic\" data-ipsquote-contentid=\"11300\" data-ipsquote-username=\"darklord\" data-cite=\"darklord\" data-ipsquote-timestamp=\"1378454039\" ><div ><div ><p >mage sexyyyy big tts  :P</p></div></div></blockquote>\n<p >You talk like a cave man xD</p>\n<p > </p>\n<p >Its nice :)</p>\n"
        },
        {
            "id": 86462,
            "timestamp": 1378491049,
            "author": {
                "id": 16954,
                "name": "spadge88",
                "image": null
            },
            "comment": "\n<blockquote data-ipsquote=\"\" class=\"ipsQuote\" data-ipsquote-contentcommentid=\"86461\" data-ipsquote-contentapp=\"forums\" data-ipsquote-contenttype=\"forums\" data-ipsquote-contentclass=\"forums_Topic\" data-ipsquote-contentid=\"11300\" data-ipsquote-username=\"MaX\" data-cite=\"MaX\" data-ipsquote-timestamp=\"1378490894\" ><div ><div >\n<p >You talk like a cave man xD</p>\n<p > </p>\n<p >Its nice :)</p>\n</div></div></blockquote>\n<p >lol</p>\n"
        }
    ]
}