{
    "meta": {
        "threadId": 11302,
        "threadName": "New Juno",
        "dateCreated": "2013-09-05T18:26:48+0000",
        "datePublished": "2013-09-05T18:26:48+0000",
        "pageCount": 2,
        "originalUrl": "https://lckb.dev/forum/index.php?/topic/11302-new-juno/",
        "authorId": 16274,
        "position": [
            {
                "@type": "ListItem",
                "position": 1,
                "item": {
                    "@id": "https://lckb.dev/forum/index.php?/forum/258-release-zone/",
                    "name": "Release Zone"
                }
            },
            {
                "@type": "ListItem",
                "position": 2,
                "item": {
                    "@id": "https://lckb.dev/forum/index.php?/forum/336-general-releases/",
                    "name": "General Releases"
                }
            },
            {
                "@type": "ListItem",
                "position": 3,
                "item": {
                    "@id": "https://lckb.dev/forum/index.php?/forum/288-general-client-releases/",
                    "name": "General Client Releases"
                }
            }
        ]
    },
    "commentData": [
        {
            "id": 86392,
            "timestamp": 1378405608,
            "author": {
                "id": 16274,
                "name": "Shayna",
                "image": null
            },
            "comment": "\n<p style=\"text-align:center;\" >Here is my new juno :D</p>\n<p style=\"text-align:center;\" ><a href=\"http://epvpimg.com/tFRze\" rel=\"external nofollow\" ><img alt=\"tFRze.jpg\" src=\"http://i.epvpimg.com/tFRze.jpg\" /></a></p>\n<p style=\"text-align:center;\" ><a href=\"http://epvpimg.com/b5Vic\" rel=\"external nofollow\" ><img alt=\"b5Vic.png\" src=\"http://i.epvpimg.com/b5Vic.png\" /></a></p>\n<p style=\"text-align:center;\" >Link:</p>\n<br />\n[hide]<br /><p style=\"text-align:center;\" ><a href=\"https://mega.co.nz/#!iFhQ2aSA!GaRG6QYv8nqrtRiap3nivE5qWGctzcl-jjWMbt_Ln9c\" rel=\"external nofollow\" >DOWNLOAD</a></p>[/hide]<br />\n <br /><p style=\"text-align:center;\" ><br />\nNymphetamine</p>\n\n\n\t\t\t\n\t\t\t\t\n\n<span class=\"ipsType_reset ipsType_medium ipsType_light\" data-excludequote=\"None\" >\n\t<strong >Edited <time datetime=\"2014-08-27T02:47:21Z\" title=\"08/27/2014 02:47  AM\" data-short=\"6 yr\" >August 27, 2014</time> by ToXiC L33T</strong>\n\t\n\t\t<br >Downloaded and scanned by LikeToMove: status clean. Approved\n\t\n\t\n</br></span>\n\t\t\t\n\t\t</div>"
        },
        {
            "id": 86415,
            "timestamp": 1378419355,
            "author": {
                "id": 2069,
                "name": "LikeToMove",
                "image": null
            },
            "comment": "\n<p >Downloaded and scanned by me. Status: Clean</p>\n<p > </p>\n<p >Approved ;)</p>\n"
        },
        {
            "id": 86417,
            "timestamp": 1378421094,
            "author": {
                "id": 13502,
                "name": "XxMachaxX",
                "image": null
            },
            "comment": "<p >Nice workl man, i like it</p>"
        },
        {
            "id": 86418,
            "timestamp": 1378422105,
            "author": {
                "id": 5664,
                "name": "BongMaster",
                "image": null
            },
            "comment": "<p >realy nice :)</p>"
        },
        {
            "id": 86425,
            "timestamp": 1378433336,
            "author": {
                "id": 2167,
                "name": "dethunter12",
                "image": null
            },
            "comment": "<p >really nice i use this :)</p>"
        },
        {
            "id": 86429,
            "timestamp": 1378442421,
            "author": {
                "id": 15998,
                "name": "crankchaos",
                "image": null
            },
            "comment": "<p >realy nice :ignat_02: :ignat_02: :ignat_02:</p>"
        },
        {
            "id": 86486,
            "timestamp": 1378500747,
            "author": {
                "id": 1503,
                "name": "Paramount",
                "image": null
            },
            "comment": "\n<p >It asks about tarian_dungeon. Any idea?</p>\n<p ><img alt=\"kguaWQG.png\" src=\"https://i.imgur.com/kguaWQG.png\" /></p>\n"
        },
        {
            "id": 86501,
            "timestamp": 1378534699,
            "author": {
                "id": 16274,
                "name": "Shayna",
                "image": null
            },
            "comment": "\n<blockquote data-ipsquote=\"\" class=\"ipsQuote\" data-ipsquote-contentcommentid=\"86486\" data-ipsquote-contentapp=\"forums\" data-ipsquote-contenttype=\"forums\" data-ipsquote-contentclass=\"forums_Topic\" data-ipsquote-contentid=\"11302\" data-ipsquote-username=\"Paramount\" data-cite=\"Paramount\" data-ipsquote-timestamp=\"1378500747\" ><div ><div >\n<p >It asks about tarian_dungeon. Any idea?</p>\n<p ><img alt=\"kguaWQG.png\" src=\"https://i.imgur.com/kguaWQG.png\" /></p>\n</div></div></blockquote>\n<p >New Download Link and addet Picture Links :D</p>\n"
        },
        {
            "id": 86548,
            "timestamp": 1378597862,
            "author": {
                "id": 17474,
                "name": "kixtzz",
                "image": null
            },
            "comment": "<p >juno from universe lc ?</p>"
        },
        {
            "id": 86608,
            "timestamp": 1378676741,
            "author": {
                "id": 1002,
                "name": "deadlegend",
                "image": null
            },
            "comment": "<p >juno stealed from holy lastchaos [CeNsOrEd] leechers</p>"
        },
        {
            "id": 86609,
            "timestamp": 1378676800,
            "author": {
                "id": 2167,
                "name": "dethunter12",
                "image": null
            },
            "comment": "<p >are you sure?</p>"
        },
        {
            "id": 86613,
            "timestamp": 1378686212,
            "author": {
                "id": 13529,
                "name": "DrGenius",
                "image": null
            },
            "comment": "\n<blockquote data-ipsquote=\"\" class=\"ipsQuote\" data-ipsquote-contentcommentid=\"86608\" data-ipsquote-contentapp=\"forums\" data-ipsquote-contenttype=\"forums\" data-ipsquote-contentclass=\"forums_Topic\" data-ipsquote-contentid=\"11302\" data-ipsquote-username=\"deadlegend\" data-cite=\"deadlegend\" data-ipsquote-timestamp=\"1378676741\" ><div ><div ><p >juno stealed from holy lastchaos [CeNsOrEd] leechers</p></div></div></blockquote>\n<p > </p>\n<p >can u proved that is ur work? if is ur work we will take care, since is not a leaked cos the client is just public but yet he release it saying is he work let me know if u have some proof about.</p>\n"
        },
        {
            "id": 86638,
            "timestamp": 1378728287,
            "author": {
                "id": 1002,
                "name": "deadlegend",
                "image": null
            },
            "comment": "\n<blockquote data-ipsquote=\"\" class=\"ipsQuote\" data-ipsquote-contentcommentid=\"86613\" data-ipsquote-contentapp=\"forums\" data-ipsquote-contenttype=\"forums\" data-ipsquote-contentclass=\"forums_Topic\" data-ipsquote-contentid=\"11302\" data-ipsquote-username=\"DrGenius\" data-cite=\"DrGenius\" data-ipsquote-timestamp=\"1378686212\" ><div ><div ><p >can u proved that is ur work? if is ur work we will take care, since is not a leaked cos the client is just public but yet he release it saying is he work let me know if u have some proof about.</p></div></div></blockquote>\n<p >how can i prove it?</p>\n"
        },
        {
            "id": 86836,
            "timestamp": 1379009764,
            "author": {
                "id": 549,
                "name": "kimpobin02",
                "image": null
            },
            "comment": "<p >Have you .Sat file?</p>"
        },
        {
            "id": 86838,
            "timestamp": 1379010841,
            "author": {
                "id": 13764,
                "name": "MrBuSta",
                "image": null
            },
            "comment": "<p >this juno is from my lc,and you can make .sat file with sat editor by wizatek</p>"
        },
        {
            "id": 86927,
            "timestamp": 1379159907,
            "author": {
                "id": 17432,
                "name": "Nymphetamine",
                "image": null
            },
            "comment": "\n<p >So that juno is from all servers? :o</p>\n<p >Prove that its ur and we take care of it.</p>\n<p >Ill close this for 1 day and take the link away: if tomorrow i dont get a proof that its not his work then i open it back and i want to see no one complaining that its a stealed work.</p>\n<p >Closed</p>\n<p > </p>\n"
        },
        {
            "id": 86928,
            "timestamp": 1379160195,
            "author": {
                "id": null,
                "name": "Guest Johnny5",
                "image": null
            },
            "comment": "<p >Moderator closed because: Investigation..i wait for a PM (Nymphetamine)</p>"
        },
        {
            "id": 87035,
            "timestamp": 1379258518,
            "author": {
                "id": 17432,
                "name": "Nymphetamine",
                "image": null
            },
            "comment": "<p >Opened again and link is back.</p>"
        },
        {
            "id": 87177,
            "timestamp": 1379429368,
            "author": {
                "id": 3721,
                "name": "filix_93",
                "image": null
            },
            "comment": "<p >good good</p>"
        },
        {
            "id": 87584,
            "timestamp": 1380000542,
            "author": {
                "id": 13529,
                "name": "DrGenius",
                "image": null
            },
            "comment": "<p >since everyone there steal idea but im sure i was the first to have that idea cos i was the first to have luoo map editor fixed if you got to universelc u can see that the map of universe have this idea xD</p>"
        },
        {
            "id": 87585,
            "timestamp": 1380004472,
            "author": {
                "id": 7263,
                "name": "SibaN",
                "image": null
            },
            "comment": "\n<p >it is not hard to edit the map with serius editor if you know how to use it </p>\n<p >you cann see in youtube much video say you how to use it but not at lastchaos at other games </p>\n<p > </p>\n<p >wase better if you cann creat new dungeon </p>\n<p > </p>\n<p >exemple univercelc have edit complet juno city i think wase not easy  good job <a href=\"http://toxic-l33t.ddns.net/forum/index.php?/user/13529-drgenius/\" title=\"\" rel=\"external nofollow\" ><span ><b >DrGenius</b></span></a></p>\n<p ><strong ><span style=\"color:#000000;\" >Guys is better if you cann creat New city  deffrent at other lc not only copy and past or only small change exemple texture or somthing other !!!!!!!!!!!!!!!!!!!!!!!!!!!!!!!!</span></strong></p>\n\n\n\t\t\t\n\t\t\t\t\n\n<span class=\"ipsType_reset ipsType_medium ipsType_light\" data-excludequote=\"None\" >\n\t<strong >Edited <time datetime=\"2013-09-24T06:35:22Z\" title=\"09/24/2013 06:35  AM\" data-short=\"7 yr\" >September 24, 2013</time> by sibastient</strong>\n\t\n\t\n</span>\n\t\t\t\n\t\t</div>"
        },
        {
            "id": 100825,
            "timestamp": 1409095006,
            "author": {
                "id": 14900,
                "name": "arme38",
                "image": null
            },
            "comment": "<p >good have you t_zonedata ? for arena</p>"
        },
        {
            "id": 100858,
            "timestamp": 1409154807,
            "author": {
                "id": 20001,
                "name": "storyteller",
                "image": null
            },
            "comment": "<p >looks very nice, thank you :)</p>"
        },
        {
            "id": 100917,
            "timestamp": 1409253464,
            "author": {
                "id": 20402,
                "name": "Noisy",
                "image": null
            },
            "comment": "<p >love that juno :D</p>"
        },
        {
            "id": 100919,
            "timestamp": 1409259794,
            "author": {
                "id": 7750,
                "name": "camaro2683",
                "image": null
            },
            "comment": "<p >looks nice</p>"
        },
        {
            "id": 101485,
            "timestamp": 1411101866,
            "author": {
                "id": 20469,
                "name": "jesushp007",
                "image": null
            },
            "comment": "<p >exlente juno</p>"
        },
        {
            "id": 101788,
            "timestamp": 1412521002,
            "author": {
                "id": 20120,
                "name": "Taump",
                "image": null
            },
            "comment": "<p >nice</p>"
        },
        {
            "id": 102264,
            "timestamp": 1414089070,
            "author": {
                "id": 20555,
                "name": "Bamboula",
                "image": null
            },
            "comment": "<p >ty</p>"
        },
        {
            "id": 102334,
            "timestamp": 1414360438,
            "author": {
                "id": 19478,
                "name": "TheBeatBoy",
                "image": null
            },
            "comment": "<p >Ty</p>"
        },
        {
            "id": 102355,
            "timestamp": 1414409862,
            "author": {
                "id": 13491,
                "name": "k1F",
                "image": null
            },
            "comment": "<p >thx</p>"
        },
        {
            "id": 102821,
            "timestamp": 1415441973,
            "author": {
                "id": 17706,
                "name": "sanchez",
                "image": null
            },
            "comment": "<p >thank u</p>"
        },
        {
            "id": 102828,
            "timestamp": 1415454182,
            "author": {
                "id": 20404,
                "name": "StikaZ_76",
                "image": null
            },
            "comment": "\n<p >thanks</p>\n<p > </p>\n"
        },
        {
            "id": 103346,
            "timestamp": 1416850225,
            "author": {
                "id": 8891,
                "name": "oddyolsen",
                "image": null
            },
            "comment": "<p >nice!</p>"
        }
    ]
}