{
    "meta": {
        "threadId": 11316,
        "threadName": "Price for tools",
        "dateCreated": "2013-09-06T18:57:50+0000",
        "datePublished": "2013-09-06T18:57:50+0000",
        "pageCount": 1,
        "originalUrl": "https://lckb.dev/forum/index.php?/topic/11316-price-for-tools/",
        "authorId": 18883,
        "position": [
            {
                "@type": "ListItem",
                "position": 1,
                "item": {
                    "@id": "https://lckb.dev/forum/index.php?/forum/271-general-section/",
                    "name": "General Section"
                }
            },
            {
                "@type": "ListItem",
                "position": 2,
                "item": {
                    "@id": "https://lckb.dev/forum/index.php?/forum/259-general-discussion/",
                    "name": "General Discussion"
                }
            }
        ]
    },
    "commentData": [
        {
            "id": 86468,
            "timestamp": 1378493870,
            "author": {
                "id": 18883,
                "name": "NoName",
                "image": null
            },
            "comment": "\n<div >Hello everyone,</div>\n<br /><div > </div>\n<br /><div >I actuelement again (as shown in my profile)</div>\n<br /><div >And I have a few questions :)</div>\n<br /><div > </div>\n<br /><div >I have my last chaos opened in February 2013, but I miss the \"Tools\" important for the pouvoire continue until the present knowledge of my friends help me a lot, but when they are not I m wrong :/</div>\n<br /><div > </div>\n<br /><div >I would like to know the price if possible:</div>\n<br /><div > </div>\n<br /><div >The tool that allows you to change the maximum level of the players,</div>\n<br /><div > </div>\n<br /><div >The tool that lets you change the experience to change the level,</div>\n<br /><div > </div>\n<br /><div >The right tool to change the point of capacity character creation,</div>\n<br /><div >(I have a GS editor EP2 but when I put the number to 60,000 point capacity character creation, there are still 25)</div>\n<br /><div > </div>\n<br /><div >The right tool to change the amount of gold character creation,</div>\n<br /><div >(I have a GS editor EP2 but when I put the number to 1,000,000 gold character creation, there are still 100)</div>\n<br /><div > </div>\n<br /><div >The right tool to put the object in the inventory of the character creation</div>\n<br /><div > </div>\n<br /><div >And the tool that allows you to add P1 and P2.</div>\n<br /><div > </div>\n<br /><div >Waiting for a reply, please agree to all my best greetings. :)</div>\n<br /><div > </div>\n<br /><div >Sorry for my bad English, im use google translation.</div>\n<br />"
        },
        {
            "id": 86470,
            "timestamp": 1378493982,
            "author": {
                "id": 17432,
                "name": "Nymphetamine",
                "image": null
            },
            "comment": "\n<p >Chill in EP2 tool section and u find everything u need for free.</p>\n<p >And for 50% of things u say its enough have offsets </p>\n"
        },
        {
            "id": 86472,
            "timestamp": 1378494749,
            "author": {
                "id": 18883,
                "name": "NoName",
                "image": null
            },
            "comment": "\n<p >Nymphetamine</p>\n<p > </p>\n<p >I look at what the people of the proposed forum, and I wanted to take a v0.3 GSeditor and worries is that pourGameServer USA people have told me and I have a GameServer GER so I wanted to know if it could be bought</p>\n"
        },
        {
            "id": 86473,
            "timestamp": 1378495340,
            "author": {
                "id": 17432,
                "name": "Nymphetamine",
                "image": null
            },
            "comment": "\n<blockquote data-ipsquote=\"\" class=\"ipsQuote\" data-ipsquote-contentcommentid=\"86472\" data-ipsquote-contentapp=\"forums\" data-ipsquote-contenttype=\"forums\" data-ipsquote-contentclass=\"forums_Topic\" data-ipsquote-contentid=\"11316\" data-ipsquote-username=\"NoName\" data-cite=\"NoName\" data-ipsquote-timestamp=\"1378494749\" ><div ><div >\n<p >Nymphetamine</p>\n<p > </p>\n<p >I look at what the people of the proposed forum, and I wanted to take a v0.3 GSeditor and worries is that pourGameServer USA people have told me and I have a GameServer GER so I wanted to know if it could be bought</p>\n</div></div></blockquote>\n<p >False. </p>\n<p >Its basically NOT a GS editor.</p>\n<p >Its a offsets editor which means ,GER,USA,JAPANESE,GTA SA,every program.</p>\n<p >U can use it for everything</p>\n"
        },
        {
            "id": 86474,
            "timestamp": 1378495703,
            "author": {
                "id": 18883,
                "name": "NoName",
                "image": null
            },
            "comment": "\n<div >Okay,</div>\n<br /><div > </div>\n<br /><div >Excuse me :/</div>\n<br /><div > </div>\n<br /><div >But I still have a concern, I change the early gold which is 100 base, I put 1 million, I then re-upload my server with the \"chmod\" and I always 100 gold creation :/</div>\n<br />"
        },
        {
            "id": 86475,
            "timestamp": 1378495870,
            "author": {
                "id": 17432,
                "name": "Nymphetamine",
                "image": null
            },
            "comment": "\n<blockquote data-ipsquote=\"\" class=\"ipsQuote\" data-ipsquote-contentcommentid=\"86474\" data-ipsquote-contentapp=\"forums\" data-ipsquote-contenttype=\"forums\" data-ipsquote-contentclass=\"forums_Topic\" data-ipsquote-contentid=\"11316\" data-ipsquote-username=\"NoName\" data-cite=\"NoName\" data-ipsquote-timestamp=\"1378495703\" ><div ><div >\n<p > </p>\n<div >Okay,</div>\n<div > </div>\n<div >Excuse me :/</div>\n<div > </div>\n<div >But I still have a concern, I change the early gold which is 100 base, I put 1 million, I then re-upload my server with the \"chmod\" and I always 100 gold creation :/</div>\n<p > </p>\n</div></div></blockquote>\n<p >This is because u dont have right offsets.</p>\n<p >U can find most usefull/public here <a href=\"http://toxic-l33t.ddns.net/forum/index.php?/topic/10042-gs-usa-offsets/\" rel=\"external nofollow\" >http://toxic-l33t.ddns.net/forum/index.php?/topic/10042-gs-usa-offsets/</a></p>\n"
        },
        {
            "id": 86479,
            "timestamp": 1378496697,
            "author": {
                "id": 18883,
                "name": "NoName",
                "image": null
            },
            "comment": "\n<div >Look at my screen please.</div>\n<br /><div > </div>\n<br /><div ><a href=\"http://prntscr.com/1pq5oe\" rel=\"external nofollow\" >http://prntscr.com/1pq5oe</a></div>\n<br /><div > </div>\n<br /><div >\n<br /><div >It is these things I speak,</div>\n<br /><div > </div>\n<br /><div >If you want I can spend my gameserver_d to show you</div>\n<br /></div>\n<br /><div > </div>\n<br /><div >There has not normal numbers.</div>\n<br /><div > </div>\n<br /><div >the current rates of my \"gameserver_d\" is:</div>\n<br /><div > </div>\n<br /><div >max pk 32000 and 32000</div>\n<br /><div > </div>\n<br /><div >The level is:</div>\n<br /><div > </div>\n<br /><div >Players: 230</div>\n<br /><div >GM: 200</div>\n<br /><div > </div>\n<br /><div >Upgrade Max: 18</div>\n"
        },
        {
            "id": 86480,
            "timestamp": 1378497394,
            "author": {
                "id": 2167,
                "name": "dethunter12",
                "image": null
            },
            "comment": "<p >if its right you will not have the top 2 with such high numbers</p>"
        },
        {
            "id": 86482,
            "timestamp": 1378497721,
            "author": {
                "id": 18883,
                "name": "NoName",
                "image": null
            },
            "comment": "\n<div >Dethunter12 Yes, thats what Im trying to set: (</div>\n<br /><div >But hard as the gameserver editor gives you the right numbers that gameserver_d gives me the game :/</div>\n<br />"
        },
        {
            "id": 86493,
            "timestamp": 1378511997,
            "author": {
                "id": 2,
                "name": "Wizatek",
                "image": null
            },
            "comment": "\n<blockquote data-ipsquote=\"\" class=\"ipsQuote\" data-ipsquote-contentcommentid=\"86473\" data-ipsquote-contentapp=\"forums\" data-ipsquote-contenttype=\"forums\" data-ipsquote-contentclass=\"forums_Topic\" data-ipsquote-contentid=\"11316\" data-ipsquote-username=\"Nymphetamine\" data-cite=\"Nymphetamine\" data-ipsquote-timestamp=\"1378495340\" ><div ><div >\n<p >False. </p>\n<p >Its basically NOT a GS editor.</p>\n<p >Its a offsets editor which means ,GER,USA,JAPANESE,GTA SA,every program.</p>\n<p >U can use it for everything</p>\n</div></div></blockquote>\n<p > </p>\n<p >I heard a rumour that the program could even make coffee!</p>\n"
        },
        {
            "id": 86506,
            "timestamp": 1378548849,
            "author": {
                "id": 17432,
                "name": "Nymphetamine",
                "image": null
            },
            "comment": "\n<blockquote data-ipsquote=\"\" class=\"ipsQuote\" data-ipsquote-contentcommentid=\"86493\" data-ipsquote-contentapp=\"forums\" data-ipsquote-contenttype=\"forums\" data-ipsquote-contentclass=\"forums_Topic\" data-ipsquote-contentid=\"11316\" data-ipsquote-username=\"Wizatek\" data-cite=\"Wizatek\" data-ipsquote-timestamp=\"1378511997\" ><div ><div ><p >I heard a rumour that the program could even make coffee!</p></div></div></blockquote>\n<p >Doesnt it? :o</p>\n"
        },
        {
            "id": 86508,
            "timestamp": 1378552740,
            "author": {
                "id": 5184,
                "name": "fonsy84",
                "image": null
            },
            "comment": "<p >i think its a better change the offset whit your hand , i use only gs editor for see GS setting , not for change offset .</p>"
        },
        {
            "id": 86512,
            "timestamp": 1378558786,
            "author": {
                "id": 18883,
                "name": "NoName",
                "image": null
            },
            "comment": "\n<div >fonsy84 hi,</div>\n<br /><div > </div>\n<br /><div >I put the numbers of offsets found on the forum topic, but some do not match and when I change my \"gameserver_d\" and I activate the game, after 3 seconds I get a message \"lost connection to server \"</div>\n<br /><div > </div>\n<br /><div >If you want, I can make a video of my problem and show it to you at all? :/</div>\n<br />\n\n\t\t\t\n\t\t\t\t\n\n<span class=\"ipsType_reset ipsType_medium ipsType_light\" data-excludequote=\"None\" >\n\t<strong >Edited <time datetime=\"2013-09-07T13:00:49Z\" title=\"09/07/2013 01:00  PM\" data-short=\"7 yr\" >September 7, 2013</time> by NoName</strong>\n\t\n\t\n</span>\n\t\t\t\n\t\t</div>"
        }
    ]
}