{
    "meta": {
        "threadId": 11327,
        "threadName": "100% EXP block with a guild in EP2?",
        "dateCreated": "2013-09-08T00:35:20+0000",
        "datePublished": "2013-09-08T00:35:20+0000",
        "pageCount": 1,
        "originalUrl": "https://lckb.dev/forum/index.php?/topic/11327-100-exp-block-with-a-guild-in-ep2/",
        "authorId": 16931,
        "position": [
            {
                "@type": "ListItem",
                "position": 1,
                "item": {
                    "@id": "https://lckb.dev/forum/index.php?/forum/271-general-section/",
                    "name": "General Section"
                }
            },
            {
                "@type": "ListItem",
                "position": 2,
                "item": {
                    "@id": "https://lckb.dev/forum/index.php?/forum/259-general-discussion/",
                    "name": "General Discussion"
                }
            }
        ]
    },
    "commentData": [
        {
            "id": 86549,
            "timestamp": 1378600520,
            "author": {
                "id": 16931,
                "name": "Walletman987",
                "image": null
            },
            "comment": "<p >Does anyone know how to make the EXP block % 100%?  I never really figured out how.</p>"
        },
        {
            "id": 86550,
            "timestamp": 1378603092,
            "author": {
                "id": 2167,
                "name": "dethunter12",
                "image": null
            },
            "comment": "<p > seen it done on fantasy lc try to look at their necklace might be a clue  not sure</p>"
        },
        {
            "id": 86556,
            "timestamp": 1378624423,
            "author": {
                "id": 7482,
                "name": "Creep",
                "image": null
            },
            "comment": "\n<p >You can either do it by seals or skills:</p>\n<p > </p>\n<p >A Necklace with the +exp option needs a sealvalue wich is -100% (can be done in Database) needs also to be in clientfile</p>\n<p > </p>\n<p >Skill, create a Potion like a Pbi just add a -100% value to it instead of 300%</p>\n"
        },
        {
            "id": 86565,
            "timestamp": 1378634738,
            "author": {
                "id": 7695,
                "name": "CyberClaus",
                "image": null
            },
            "comment": "\n<p >or find the offset in the GS, unfortunatly i dont have it, and i dont have time right now to search it, maybe someone has it and can share.</p>\n<p > </p>\n<p >Cheers,</p>\n<p >CyberClaus</p>\n"
        },
        {
            "id": 86568,
            "timestamp": 1378636729,
            "author": {
                "id": 13172,
                "name": "soryjero",
                "image": null
            },
            "comment": "\n<blockquote data-ipsquote=\"\" class=\"ipsQuote\" data-ipsquote-contentcommentid=\"86565\" data-ipsquote-contentapp=\"forums\" data-ipsquote-contenttype=\"forums\" data-ipsquote-contentclass=\"forums_Topic\" data-ipsquote-contentid=\"11327\" data-ipsquote-username=\"CyberClaus\" data-cite=\"CyberClaus\" data-ipsquote-timestamp=\"1378634738\" ><div ><div >\n<p >or find the offset in the GS, unfortunatly i dont have it, and i dont have time right now to search it, maybe someone has it and can share.</p>\n<p > </p>\n<p >Cheers,</p>\n<p >CyberClaus</p>\n</div></div></blockquote>\n<p > </p>\n<p >yes, it would be nice if anyone could share it here. its much better 100%.</p>\n"
        },
        {
            "id": 86571,
            "timestamp": 1378637738,
            "author": {
                "id": 7482,
                "name": "Creep",
                "image": null
            },
            "comment": "\n<p >ofc  it would be nice to change it directly in GameServer but never forget why it was changened to 50%... maybe changin it back would cause the problem again</p>\n<p > </p>\n<p >the other thing is that there wouldnt be that many farmer guilds then if the potion or necklace is in a npc, this would make it easieser for the players to found bigger guilds cuz there are not that many singleplayerguilds</p>\n"
        },
        {
            "id": 86614,
            "timestamp": 1378686513,
            "author": {
                "id": 16931,
                "name": "Walletman987",
                "image": null
            },
            "comment": "<p >I guess Ill try to make a acessory thingy majigger.</p>"
        },
        {
            "id": 87200,
            "timestamp": 1379452843,
            "author": {
                "id": 15543,
                "name": "luoo",
                "image": null
            },
            "comment": "\n<p >On GameServer the max is 100%</p>\n<p >You need change the engine</p>\n"
        },
        {
            "id": 87410,
            "timestamp": 1379711511,
            "author": {
                "id": 16931,
                "name": "Walletman987",
                "image": null
            },
            "comment": "\n<blockquote data-ipsquote=\"\" class=\"ipsQuote\" data-ipsquote-contentcommentid=\"87200\" data-ipsquote-contentapp=\"forums\" data-ipsquote-contenttype=\"forums\" data-ipsquote-contentclass=\"forums_Topic\" data-ipsquote-contentid=\"11327\" data-ipsquote-username=\"luoo\" data-cite=\"luoo\" data-ipsquote-timestamp=\"1379452843\" ><div ><div >\n<p >On GameServer the max is 100%</p>\n<p >You need change the engine</p>\n</div></div></blockquote>\n<p >Ok, I guess Ill do that, thanks luoo.</p>\n"
        },
        {
            "id": 87412,
            "timestamp": 1379713456,
            "author": {
                "id": 2167,
                "name": "dethunter12",
                "image": null
            },
            "comment": "<p >set the necklace make another seal for exp% value make this negitive you can make it appear as positive in game by making it like 100 in client but -100 in db  i tested it and it worked so goodluck it successfully blocks the exp 100%</p>"
        },
        {
            "id": 87589,
            "timestamp": 1380010553,
            "author": {
                "id": 2888,
                "name": "BaZZtian",
                "image": null
            },
            "comment": "\n<blockquote data-ipsquote=\"\" class=\"ipsQuote\" data-ipsquote-contentcommentid=\"87412\" data-ipsquote-contentapp=\"forums\" data-ipsquote-contenttype=\"forums\" data-ipsquote-contentclass=\"forums_Topic\" data-ipsquote-contentid=\"11327\" data-ipsquote-username=\"dethunter12\" data-cite=\"dethunter12\" data-ipsquote-timestamp=\"1379713456\" ><div ><div ><p >set the necklace make another seal for exp% value make this negitive you can make it appear as positive in game by making it like 100 in client but -100 in db  i tested it and it worked so goodluck it successfully blocks the exp 100%</p></div></div></blockquote>\n<p > </p>\n<p >He is right i use it on the same way with -EXP</p>\n"
        }
    ]
}