{
    "meta": {
        "threadId": 1132,
        "threadName": "New map Tarian Screenshots",
        "dateCreated": "2011-10-23T22:23:46+0000",
        "datePublished": "2011-10-23T22:23:46+0000",
        "pageCount": 1,
        "originalUrl": "https://lckb.dev/forum/index.php?/topic/1132-new-map-tarian-screenshots/",
        "authorId": 2,
        "position": [
            {
                "@type": "ListItem",
                "position": 1,
                "item": {
                    "@id": "https://lckb.dev/forum/index.php?/forum/271-general-section/",
                    "name": "General Section"
                }
            },
            {
                "@type": "ListItem",
                "position": 2,
                "item": {
                    "@id": "https://lckb.dev/forum/index.php?/forum/259-general-discussion/",
                    "name": "General Discussion"
                }
            }
        ]
    },
    "commentData": [
        {
            "id": 9122,
            "timestamp": 1319408626,
            "author": {
                "id": 2,
                "name": "Wizatek",
                "image": null
            },
            "comment": "\n<p ><img alt=\"20111023221640.jpg\" src=\"http://www.wizatek.be/image/i/20111023221640.jpg\" ></img></p>\n<p > </p>\n<p ><img alt=\"20111023221741.jpg\" src=\"http://www.wizatek.be/image/i/20111023221741.jpg\" ></img></p>\n<p > </p>\n<p ><img alt=\"20111023221822.jpg\" src=\"http://www.wizatek.be/image/i/20111023221822.jpg\" ></img></p>\n<p > </p>\n<p ><img alt=\"20111023221848.jpg\" src=\"http://www.wizatek.be/image/i/20111023221848.jpg\" ></img></p>\n"
        },
        {
            "id": 9123,
            "timestamp": 1319408639,
            "author": {
                "id": 2,
                "name": "Wizatek",
                "image": null
            },
            "comment": "\n<p ><img alt=\"20111023221918.jpg\" src=\"http://www.wizatek.be/image/i/20111023221918.jpg\" ></img></p>\n<p > </p>\n<p ><img alt=\"20111023221943.jpg\" src=\"http://www.wizatek.be/image/i/20111023221943.jpg\" ></img></p>\n<p > </p>\n<p ><img alt=\"20111023222020.jpg\" src=\"http://www.wizatek.be/image/i/20111023222020.jpg\" ></img></p>\n<p > </p>\n<p ><img alt=\"20111023222219.jpg\" src=\"http://www.wizatek.be/image/i/20111023222219.jpg\" ></img></p>\n"
        },
        {
            "id": 9124,
            "timestamp": 1319408643,
            "author": {
                "id": 2,
                "name": "Wizatek",
                "image": null
            },
            "comment": "<img alt=\"20111023222253.jpg\" src=\"http://www.wizatek.be/image/i/20111023222253.jpg\" >\n\n\t\t\t\n\t\t</img></div>"
        },
        {
            "id": 9130,
            "timestamp": 1319432184,
            "author": {
                "id": 861,
                "name": "winstan",
                "image": null
            },
            "comment": "<p >ID the map?</p>"
        },
        {
            "id": 9146,
            "timestamp": 1319450299,
            "author": {
                "id": null,
                "name": "Guest TheQE",
                "image": null
            },
            "comment": "<p >Awesome!</p>"
        },
        {
            "id": 9150,
            "timestamp": 1319455068,
            "author": {
                "id": null,
                "name": "Guest Gothic",
                "image": null
            },
            "comment": "<p >Can you create the map fils for ep1?</p>"
        },
        {
            "id": 9154,
            "timestamp": 1319458259,
            "author": {
                "id": 205,
                "name": "tommzy09",
                "image": null
            },
            "comment": "<p >is this really a last chaos map, and if so, can i have the link to the official one?</p>"
        },
        {
            "id": 9162,
            "timestamp": 1319464435,
            "author": {
                "id": 161,
                "name": "Koko",
                "image": null
            },
            "comment": "<p >It is; its already available on the korean patch server and it should come very soon on lc usa (maybe this tuesday...)</p>"
        },
        {
            "id": 9267,
            "timestamp": 1319639562,
            "author": {
                "id": 161,
                "name": "Koko",
                "image": null
            },
            "comment": "<p >Wiz, did you just edit an already existing map? When im doing this all i get is a send report message...</p>"
        },
        {
            "id": 9268,
            "timestamp": 1319639882,
            "author": {
                "id": 2,
                "name": "Wizatek",
                "image": null
            },
            "comment": "\n<p >yes, i placed all the files and folders from tarian inside the startzone folder</p>\n<p >and then copyd the files once more, and renamed the copys to Juno</p>\n"
        },
        {
            "id": 9269,
            "timestamp": 1319640113,
            "author": {
                "id": 161,
                "name": "Koko",
                "image": null
            },
            "comment": "<p >And it cant work with another map? :/</p>"
        },
        {
            "id": 9320,
            "timestamp": 1319746779,
            "author": {
                "id": 2,
                "name": "Wizatek",
                "image": null
            },
            "comment": "<p >it can, i was just telling what i did to make the screenshots :P</p>"
        }
    ]
}