{
    "meta": {
        "threadId": 11337,
        "threadName": "Not sure if this was asked... respawn where u loged out?",
        "dateCreated": "2013-09-09T04:08:38+0000",
        "datePublished": "2013-09-09T04:08:38+0000",
        "pageCount": 1,
        "originalUrl": "https://lckb.dev/forum/index.php?/topic/11337-not-sure-if-this-was-asked-respawn-where-u-loged-out/",
        "authorId": 17582,
        "position": [
            {
                "@type": "ListItem",
                "position": 1,
                "item": {
                    "@id": "https://lckb.dev/forum/index.php?/forum/100-guides-help-section/",
                    "name": "Guides &amp; Help Section"
                }
            },
            {
                "@type": "ListItem",
                "position": 2,
                "item": {
                    "@id": "https://lckb.dev/forum/index.php?/forum/335-help-support/",
                    "name": "Help &amp; Support"
                }
            },
            {
                "@type": "ListItem",
                "position": 3,
                "item": {
                    "@id": "https://lckb.dev/forum/index.php?/forum/120-ep2-support/",
                    "name": "Ep2 Support"
                }
            },
            {
                "@type": "ListItem",
                "position": 4,
                "item": {
                    "@id": "https://lckb.dev/forum/index.php?/forum/134-solved-topics/",
                    "name": "Solved Topics"
                }
            }
        ]
    },
    "commentData": [
        {
            "id": 86619,
            "timestamp": 1378699718,
            "author": {
                "id": 17582,
                "name": "CDWriter",
                "image": null
            },
            "comment": "\n<p >Is there something we can change where when you log out. you will log back in at the same location?? </p>\n<p > </p>\n<p >Our is the Official server like what we have ?</p>\n\n\n\t\t\t\n\t\t\t\t\n\n<span class=\"ipsType_reset ipsType_medium ipsType_light\" data-excludequote=\"None\" >\n\t<strong >Edited <time datetime=\"2013-09-10T19:13:21Z\" title=\"09/10/2013 07:13  PM\" data-short=\"7 yr\" >September 10, 2013</time> by CDWriter</strong>\n\t\n\t\n</span>\n\t\t\t\n\t\t</div>"
        },
        {
            "id": 86626,
            "timestamp": 1378716844,
            "author": {
                "id": 17432,
                "name": "Nymphetamine",
                "image": null
            },
            "comment": "\n<p >Config incGS,</p>\n<p >Start zone=-1</p>\n"
        },
        {
            "id": 86645,
            "timestamp": 1378738287,
            "author": {
                "id": 7482,
                "name": "Creep",
                "image": null
            },
            "comment": "\n<p >This was basicly one of the early EP1 functions in the GameServers written by the community (dunno who was it anymore :S) </p>\n<p >I think it was never on an public version</p>\n"
        },
        {
            "id": 86655,
            "timestamp": 1378752105,
            "author": {
                "id": 17582,
                "name": "CDWriter",
                "image": null
            },
            "comment": "\n<p >@<a contenteditable=\"false\" data-ipshover=\"\" href=\"https://lckb.dev/forum/index.php?/profile/17432-nymphetamine/\" data-ipshover-target=\"https://lckb.dev/forum/index.php?/profile/17432-nymphetamine/&do=hovercard\" data-mentionid=\"17432\" rel=\"\" >@Nymphetamine</a> So this seams not to work with the centos version ? </p>\n<p > </p>\n<p >@<a contenteditable=\"false\" data-ipshover=\"\" href=\"https://lckb.dev/forum/index.php?/profile/7482-creep/\" data-ipshover-target=\"https://lckb.dev/forum/index.php?/profile/7482-creep/&do=hovercard\" data-mentionid=\"7482\" rel=\"\" >@Creep</a>  thanks if anyone else knows how to do this please share .....</p>\n"
        },
        {
            "id": 86688,
            "timestamp": 1378821995,
            "author": {
                "id": 7482,
                "name": "Creep",
                "image": null
            },
            "comment": "<p >What I ment is, you cant do this without adding various things to the source ;)</p>"
        },
        {
            "id": 86709,
            "timestamp": 1378840426,
            "author": {
                "id": 17582,
                "name": "CDWriter",
                "image": null
            },
            "comment": "<p >@<a contenteditable=\"false\" data-ipshover=\"\" href=\"https://lckb.dev/forum/index.php?/profile/7482-creep/\" data-ipshover-target=\"https://lckb.dev/forum/index.php?/profile/7482-creep/&do=hovercard\" data-mentionid=\"7482\" rel=\"\" >@Creep</a>  thanks ........topic closed</p>"
        }
    ]
}