{
    "meta": {
        "threadId": 11345,
        "threadName": "GS crash when a char is created",
        "dateCreated": "2013-09-10T16:51:24+0000",
        "datePublished": "2013-09-10T16:51:24+0000",
        "pageCount": 1,
        "originalUrl": "https://lckb.dev/forum/index.php?/topic/11345-gs-crash-when-a-char-is-created/",
        "authorId": 17148,
        "position": [
            {
                "@type": "ListItem",
                "position": 1,
                "item": {
                    "@id": "https://lckb.dev/forum/index.php?/forum/100-guides-help-section/",
                    "name": "Guides &amp; Help Section"
                }
            },
            {
                "@type": "ListItem",
                "position": 2,
                "item": {
                    "@id": "https://lckb.dev/forum/index.php?/forum/335-help-support/",
                    "name": "Help &amp; Support"
                }
            },
            {
                "@type": "ListItem",
                "position": 3,
                "item": {
                    "@id": "https://lckb.dev/forum/index.php?/forum/120-ep2-support/",
                    "name": "Ep2 Support"
                }
            },
            {
                "@type": "ListItem",
                "position": 4,
                "item": {
                    "@id": "https://lckb.dev/forum/index.php?/forum/134-solved-topics/",
                    "name": "Solved Topics"
                }
            }
        ]
    },
    "commentData": [
        {
            "id": 86703,
            "timestamp": 1378831884,
            "author": {
                "id": 17148,
                "name": "WorldOfWars",
                "image": null
            },
            "comment": "\n<p >Hey guys,</p>\n<p > </p>\n<p >I just changed the juno of ep3 to EP2 , and when i create a char, the game server got a crash. Where i can fix it?</p>\n"
        },
        {
            "id": 86712,
            "timestamp": 1378840512,
            "author": {
                "id": 17582,
                "name": "CDWriter",
                "image": null
            },
            "comment": "<p >Put it back, til you understand it more clearly before doing it again .... Sorry you are way to vague to even try to help you with this ?</p>\n\n\t\t\t\n\t\t\t\t\n\n<span class=\"ipsType_reset ipsType_medium ipsType_light\" data-excludequote=\"None\" >\n\t<strong >Edited <time datetime=\"2013-09-10T19:16:10Z\" title=\"09/10/2013 07:16  PM\" data-short=\"7 yr\" >September 10, 2013</time> by CDWriter</strong>\n\t\n\t\n</span>\n\t\t\t\n\t\t</div>"
        },
        {
            "id": 86714,
            "timestamp": 1378841459,
            "author": {
                "id": 17148,
                "name": "WorldOfWars",
                "image": null
            },
            "comment": "<p >i want to change juno because the EP3 juno is not liked of my player..</p>"
        },
        {
            "id": 86715,
            "timestamp": 1378841709,
            "author": {
                "id": 5184,
                "name": "fonsy84",
                "image": null
            },
            "comment": "<p >when u push in start quest?</p>"
        },
        {
            "id": 86717,
            "timestamp": 1378842051,
            "author": {
                "id": 2,
                "name": "Wizatek",
                "image": null
            },
            "comment": "\n<p >When your players create a new character they are asked to do the tutorial. </p>\n<p >This will teleport you to burbank mill.</p>\n<p >Since that location doesnt exist the gameserver will crash. </p>\n<p >Just put the original juno back if this doesnt help you to fix it</p>\n"
        },
        {
            "id": 86727,
            "timestamp": 1378845160,
            "author": {
                "id": 17148,
                "name": "WorldOfWars",
                "image": null
            },
            "comment": "<p >So i localicate the Burbank Mill in the place for the game server dont crash ?</p>"
        },
        {
            "id": 86797,
            "timestamp": 1378954376,
            "author": {
                "id": 13529,
                "name": "DrGenius",
                "image": null
            },
            "comment": "<p >You need disable tutorial system from gameserver </p>"
        },
        {
            "id": 86800,
            "timestamp": 1378978296,
            "author": {
                "id": 13172,
                "name": "soryjero",
                "image": null
            },
            "comment": "\n<blockquote data-ipsquote=\"\" class=\"ipsQuote\" data-ipsquote-contentcommentid=\"86797\" data-ipsquote-contentapp=\"forums\" data-ipsquote-contenttype=\"forums\" data-ipsquote-contentclass=\"forums_Topic\" data-ipsquote-contentid=\"11345\" data-ipsquote-username=\"DrGenius\" data-cite=\"DrGenius\" data-ipsquote-timestamp=\"1378954376\" ><div ><div ><p >You need disable tutorial system from gameserver </p></div></div></blockquote>\n<p > </p>\n<p >i dont know if he has this question but how to disable it in gs?</p>\n"
        },
        {
            "id": 86831,
            "timestamp": 1379004501,
            "author": {
                "id": 17148,
                "name": "WorldOfWars",
                "image": null
            },
            "comment": "\n<p >Hey,</p>\n<p > </p>\n<p >i dont delete tuturial, but now i dont get the bug,  i change the spawn of new chars.</p>\n"
        },
        {
            "id": 86834,
            "timestamp": 1379008692,
            "author": {
                "id": 17432,
                "name": "Nymphetamine",
                "image": null
            },
            "comment": "<p >Closed and moved</p>"
        },
        {
            "id": 86835,
            "timestamp": 1379008703,
            "author": {
                "id": null,
                "name": "Guest Johnny5",
                "image": null
            },
            "comment": "<p >Moderator closed because: Solved</p>"
        }
    ]
}