{
    "meta": {
        "threadId": 11351,
        "threadName": "Oldschool server",
        "dateCreated": "2013-09-11T15:38:22+0000",
        "datePublished": "2013-09-11T15:38:22+0000",
        "pageCount": 1,
        "originalUrl": "https://lckb.dev/forum/index.php?/topic/11351-oldschool-server/",
        "authorId": 13502,
        "position": [
            {
                "@type": "ListItem",
                "position": 1,
                "item": {
                    "@id": "https://lckb.dev/forum/index.php?/forum/271-general-section/",
                    "name": "General Section"
                }
            },
            {
                "@type": "ListItem",
                "position": 2,
                "item": {
                    "@id": "https://lckb.dev/forum/index.php?/forum/259-general-discussion/",
                    "name": "General Discussion"
                }
            }
        ]
    },
    "commentData": [
        {
            "id": 86769,
            "timestamp": 1378913902,
            "author": {
                "id": 13502,
                "name": "XxMachaxX",
                "image": null
            },
            "comment": "\n<p >Why Nothing people make private server oldschool server ?</p>\n<p > </p>\n<p >every two weeks you increase the max lvl 10 for the sever last long and you put all x10 low rates as example</p>\n"
        },
        {
            "id": 86931,
            "timestamp": 1379164287,
            "author": {
                "id": 17514,
                "name": "Pomidor",
                "image": null
            },
            "comment": "\n<p >2 month ago i ask this question for me..</p>\n<p >And i thinking,,</p>\n<p >Cause LC changes,old players go out , new coming and new players cant understand Old GOOOOOD times so li dis..</p>\n"
        },
        {
            "id": 86941,
            "timestamp": 1379168523,
            "author": {
                "id": 16931,
                "name": "Walletman987",
                "image": null
            },
            "comment": "<p >Im actually working on a server with low rates, but they arent too low.  You might want to play it when its up.</p>"
        },
        {
            "id": 86960,
            "timestamp": 1379193411,
            "author": {
                "id": 13502,
                "name": "XxMachaxX",
                "image": null
            },
            "comment": "\n<blockquote data-ipsquote=\"\" class=\"ipsQuote\" data-ipsquote-contentcommentid=\"86941\" data-ipsquote-contentapp=\"forums\" data-ipsquote-contenttype=\"forums\" data-ipsquote-contentclass=\"forums_Topic\" data-ipsquote-contentid=\"11351\" data-ipsquote-username=\"Walletman987\" data-cite=\"Walletman987\" data-ipsquote-timestamp=\"1379168523\" ><div ><p >Im actually working on a server with low rates, but they arent too low.  You might want to play it when its up.</p></div></blockquote>\n<p >Ep1 oldschool server ?</p>\n"
        },
        {
            "id": 86989,
            "timestamp": 1379232832,
            "author": {
                "id": 17514,
                "name": "Pomidor",
                "image": null
            },
            "comment": "<p >Rates its not a classic...</p>"
        }
    ]
}