{
    "meta": {
        "threadId": 11364,
        "threadName": "Where is the proc temple in world folder?",
        "dateCreated": "2013-09-12T23:14:53+0000",
        "datePublished": "2013-09-12T23:14:53+0000",
        "pageCount": 1,
        "originalUrl": "https://lckb.dev/forum/index.php?/topic/11364-where-is-the-proc-temple-in-world-folder/",
        "authorId": 16931,
        "position": [
            {
                "@type": "ListItem",
                "position": 1,
                "item": {
                    "@id": "https://lckb.dev/forum/index.php?/forum/100-guides-help-section/",
                    "name": "Guides &amp; Help Section"
                }
            },
            {
                "@type": "ListItem",
                "position": 2,
                "item": {
                    "@id": "https://lckb.dev/forum/index.php?/forum/335-help-support/",
                    "name": "Help &amp; Support"
                }
            },
            {
                "@type": "ListItem",
                "position": 3,
                "item": {
                    "@id": "https://lckb.dev/forum/index.php?/forum/120-ep2-support/",
                    "name": "Ep2 Support"
                }
            },
            {
                "@type": "ListItem",
                "position": 4,
                "item": {
                    "@id": "https://lckb.dev/forum/index.php?/forum/134-solved-topics/",
                    "name": "Solved Topics"
                }
            }
        ]
    },
    "commentData": [
        {
            "id": 86855,
            "timestamp": 1379027693,
            "author": {
                "id": 16931,
                "name": "Walletman987",
                "image": null
            },
            "comment": "<p >Could someone tell me where the proc folder is in Data/World?</p>"
        },
        {
            "id": 86861,
            "timestamp": 1379050886,
            "author": {
                "id": 12456,
                "name": "gallito",
                "image": null
            },
            "comment": "<p >Data/World/Dungeon2.</p>"
        },
        {
            "id": 86898,
            "timestamp": 1379115216,
            "author": {
                "id": 16931,
                "name": "Walletman987",
                "image": null
            },
            "comment": "\n<blockquote data-ipsquote=\"\" class=\"ipsQuote\" data-ipsquote-contentcommentid=\"86861\" data-ipsquote-contentapp=\"forums\" data-ipsquote-contenttype=\"forums\" data-ipsquote-contentclass=\"forums_Topic\" data-ipsquote-contentid=\"11364\" data-ipsquote-username=\"gallito\" data-cite=\"gallito\" data-ipsquote-timestamp=\"1379050886\" ><div ><div ><p >Data/World/Dungeon2.</p></div></div></blockquote>\n<p >Thanks.</p>\n"
        },
        {
            "id": 86904,
            "timestamp": 1379121244,
            "author": {
                "id": null,
                "name": "Guest Johnny5",
                "image": null
            },
            "comment": "<p >Moderator closed because: Solved</p>"
        }
    ]
}