{
    "meta": {
        "threadId": 11381,
        "threadName": "Rare Option id",
        "dateCreated": "2013-09-15T04:50:48+0000",
        "datePublished": "2013-09-15T04:50:48+0000",
        "pageCount": 1,
        "originalUrl": "https://lckb.dev/forum/index.php?/topic/11381-rare-option-id/",
        "authorId": 2167,
        "position": [
            {
                "@type": "ListItem",
                "position": 1,
                "item": {
                    "@id": "https://lckb.dev/forum/index.php?/forum/100-guides-help-section/",
                    "name": "Guides &amp; Help Section"
                }
            },
            {
                "@type": "ListItem",
                "position": 2,
                "item": {
                    "@id": "https://lckb.dev/forum/index.php?/forum/335-help-support/",
                    "name": "Help &amp; Support"
                }
            },
            {
                "@type": "ListItem",
                "position": 3,
                "item": {
                    "@id": "https://lckb.dev/forum/index.php?/forum/120-ep2-support/",
                    "name": "Ep2 Support"
                }
            },
            {
                "@type": "ListItem",
                "position": 4,
                "item": {
                    "@id": "https://lckb.dev/forum/index.php?/forum/134-solved-topics/",
                    "name": "Solved Topics"
                }
            }
        ]
    },
    "commentData": [
        {
            "id": 86984,
            "timestamp": 1379220648,
            "author": {
                "id": 2167,
                "name": "dethunter12",
                "image": null
            },
            "comment": "\n<p >hey guys i was wondering is there a rare option id limit because mine are like this <a href=\"http://prntscr.com/1rdb60\" rel=\"external nofollow\" >http://prntscr.com/1rdb60</a></p>\n<p >and i get some of the seals that are in the armor some are green 4 seals even though i set it for 5 seals some are yellow 1 seal ect.. when i go to identifyit xd what is wrong i can make a video if necessary</p>\n\n\n\t\t\t\n\t\t\t\t\n\n<span class=\"ipsType_reset ipsType_medium ipsType_light\" data-excludequote=\"None\" >\n\t<strong >Edited <time datetime=\"2013-09-15T06:05:27Z\" title=\"09/15/2013 06:05  AM\" data-short=\"7 yr\" >September 15, 2013</time> by dethunter12</strong>\n\t\n\t\n</span>\n\t\t\t\n\t\t</div>"
        },
        {
            "id": 86986,
            "timestamp": 1379225107,
            "author": {
                "id": 2167,
                "name": "dethunter12",
                "image": null
            },
            "comment": "<p >resolved reason = value 10-100 is the chance colum  if you want it to give 4 seals every time put all at 100 send error was due to putting admin on firsts</p>"
        },
        {
            "id": 86997,
            "timestamp": 1379239533,
            "author": {
                "id": 17432,
                "name": "Nymphetamine",
                "image": null
            },
            "comment": "<p >Moved and ty for marking</p>"
        },
        {
            "id": 86998,
            "timestamp": 1379239539,
            "author": {
                "id": null,
                "name": "Guest Johnny5",
                "image": null
            },
            "comment": "<p >Moderator closed because: Solved</p>"
        }
    ]
}