{
    "meta": {
        "threadId": 11384,
        "threadName": "New LC Map (Altar based)",
        "dateCreated": "2013-09-15T12:56:37+0000",
        "datePublished": "2013-09-15T12:56:37+0000",
        "pageCount": 1,
        "originalUrl": "https://lckb.dev/forum/index.php?/topic/11384-new-lc-map-altar-based/",
        "authorId": 17613,
        "position": [
            {
                "@type": "ListItem",
                "position": 1,
                "item": {
                    "@id": "https://lckb.dev/forum/index.php?/forum/271-general-section/",
                    "name": "General Section"
                }
            },
            {
                "@type": "ListItem",
                "position": 2,
                "item": {
                    "@id": "https://lckb.dev/forum/index.php?/forum/43-development-showroom/",
                    "name": "Development Showroom"
                }
            }
        ]
    },
    "commentData": [
        {
            "id": 87019,
            "timestamp": 1379249797,
            "author": {
                "id": 17613,
                "name": "ZaTii",
                "image": null
            },
            "comment": "\n<p >Hey Guys</p>\n<p > </p>\n<p > </p>\n<p >Im currently working on a new map for LC. Its based on the altar terrain.</p>\n<p > </p>\n<p > </p>\n<p ><a href=\"https://youtu.be/prj3FW3JI3o\" rel=\"external nofollow\" >http://youtu.be/prj3FW3JI3o</a></p>\n"
        },
        {
            "id": 87022,
            "timestamp": 1379250940,
            "author": {
                "id": 16433,
                "name": "Valdes1",
                "image": null
            },
            "comment": "<p >not bad,but is so empty.</p>"
        },
        {
            "id": 87024,
            "timestamp": 1379251410,
            "author": {
                "id": 17613,
                "name": "ZaTii",
                "image": null
            },
            "comment": "\n<blockquote data-ipsquote=\"\" class=\"ipsQuote\" data-ipsquote-contentcommentid=\"87022\" data-ipsquote-contentapp=\"forums\" data-ipsquote-contenttype=\"forums\" data-ipsquote-contentclass=\"forums_Topic\" data-ipsquote-contentid=\"11384\" data-ipsquote-username=\"Valdes1\" data-cite=\"Valdes1\" data-ipsquote-timestamp=\"1379250940\" ><div ><p >not bad,but is so empty.</p></div></blockquote>\n<p >As u see in the Video title ist under version 1.0 .</p>\n<p > </p>\n<p >And i added a little area and some more trees </p>\n<p > </p>\n<p >Its under development. So i work ob it when i have time and want to do something on it.</p>\n"
        },
        {
            "id": 87025,
            "timestamp": 1379251895,
            "author": {
                "id": 16433,
                "name": "Valdes1",
                "image": null
            },
            "comment": "<p ><em ><span style=\"font-size:18px;\" ><span style=\"color:#0000cd;\" >Well ok then it would be cool if you make in a bit brighter or to ice land from this world into the green with grass.<br />What do you think?</span></span></em></p>"
        },
        {
            "id": 87030,
            "timestamp": 1379255899,
            "author": {
                "id": 1300,
                "name": "XxTINTINxX",
                "image": null
            },
            "comment": "<p >Look good :)</p>"
        },
        {
            "id": 87036,
            "timestamp": 1379258907,
            "author": {
                "id": 16954,
                "name": "spadge88",
                "image": null
            },
            "comment": "<p >looks good so far, keep it up :)</p>"
        },
        {
            "id": 87066,
            "timestamp": 1379268830,
            "author": {
                "id": 18905,
                "name": "M3L3P3RD",
                "image": null
            },
            "comment": "<p ><span ><span >You sell</span> <span >the map?</span> <span >If so</span> <span >talk to me</span> <span >by Private</span> <span >because i want</span> <span >that map.</span><br /><span >First</span> <span >if</span> <span >you do</span> <span >things</span> <span >and</span> <span >add</span> <span >more</span> <span >if</span> <span >and</span> <span >when you finish</span> <span >so</span> <span >do</span> <span >let me know</span> <span >and i</span> <span >sell</span><span > :</span><span >P.</span><br /><span >A greeting</span><span >.</span></span></p>"
        },
        {
            "id": 87077,
            "timestamp": 1379272368,
            "author": {
                "id": 17613,
                "name": "ZaTii",
                "image": null
            },
            "comment": "\n<blockquote data-ipsquote=\"\" class=\"ipsQuote\" data-ipsquote-contentcommentid=\"87025\" data-ipsquote-contentapp=\"forums\" data-ipsquote-contenttype=\"forums\" data-ipsquote-contentclass=\"forums_Topic\" data-ipsquote-contentid=\"11384\" data-ipsquote-username=\"Valdes1\" data-cite=\"Valdes1\" data-ipsquote-timestamp=\"1379251895\" ><div ><div >\n<p ><em ><span style=\"font-size:18px;\" ><span style=\"color:#0000cd;\" >Well ok then it would be cool if you make in a bit brighter or to ice land from this world into the green with grass.</span></span></em></p>\n<p >What do you think?</p>\n</div></div></blockquote>\n<p >I changed the ice to a dark grass</p>\n<p > </p>\n<p >added more trees and this:</p>\n<p > </p>\n<p > </p>\n<p > </p>\n<p ><img alt=\"0390c-08ddb46f-2d25-4f33-8b9e-9c04fc5bf8\" src=\"http://grabilla.com/0390c-08ddb46f-2d25-4f33-8b9e-9c04fc5bf832.png\" /></p>\n"
        },
        {
            "id": 87092,
            "timestamp": 1379280876,
            "author": {
                "id": 13172,
                "name": "soryjero",
                "image": null
            },
            "comment": "<p >i think its nice to start a new map but i think it needs more things on it</p>\n\n\t\t\t\n\t\t\t\t\n\n<span class=\"ipsType_reset ipsType_medium ipsType_light\" data-excludequote=\"None\" >\n\t<strong >Edited <time datetime=\"2013-09-15T21:34:44Z\" title=\"09/15/2013 09:34  PM\" data-short=\"7 yr\" >September 15, 2013</time> by soryjero</strong>\n\t\n\t\n</span>\n\t\t\t\n\t\t</div>"
        },
        {
            "id": 87140,
            "timestamp": 1379346527,
            "author": {
                "id": 17613,
                "name": "ZaTii",
                "image": null
            },
            "comment": "\n<blockquote data-ipsquote=\"\" class=\"ipsQuote\" data-ipsquote-contentcommentid=\"87092\" data-ipsquote-contentapp=\"forums\" data-ipsquote-contenttype=\"forums\" data-ipsquote-contentclass=\"forums_Topic\" data-ipsquote-contentid=\"11384\" data-ipsquote-username=\"soryjero\" data-cite=\"soryjero\" data-ipsquote-timestamp=\"1379280876\" ><div ><p >i think its nice to start a new map but i think it needs more things on it</p></div></blockquote>Im working on it but atm im in my A-Level Exams and dont have much time. <p > </p>\n<p >Today i will add the message when u walk in the Map. Like in Juno the Belfist Temple texture on the IG screen</p>\n\n\n\t\t\t\n\t\t\t\t\n\n<span class=\"ipsType_reset ipsType_medium ipsType_light\" data-excludequote=\"None\" >\n\t<strong >Edited <time datetime=\"2013-09-16T15:49:24Z\" title=\"09/16/2013 03:49  PM\" data-short=\"7 yr\" >September 16, 2013</time> by ZaTii</strong>\n\t\n\t\n</span>\n\t\t\t\n\t\t</div>"
        },
        {
            "id": 87143,
            "timestamp": 1379349378,
            "author": {
                "id": 15306,
                "name": "Noizy",
                "image": null
            },
            "comment": "<p >Very nice, good luck</p>"
        },
        {
            "id": 87152,
            "timestamp": 1379358370,
            "author": {
                "id": 17613,
                "name": "ZaTii",
                "image": null
            },
            "comment": "\n<blockquote data-ipsquote=\"\" class=\"ipsQuote\" data-ipsquote-contentcommentid=\"87143\" data-ipsquote-contentapp=\"forums\" data-ipsquote-contenttype=\"forums\" data-ipsquote-contentclass=\"forums_Topic\" data-ipsquote-contentid=\"11384\" data-ipsquote-username=\"Noizy\" data-cite=\"Noizy\" data-ipsquote-timestamp=\"1379349378\" ><div ><div ><p >Very nice, good luck</p></div></div></blockquote>\n<p > </p>\n<p > </p>\n<p >thx. I will ad more trees and some plants as well.</p>\n"
        },
        {
            "id": 87178,
            "timestamp": 1379429487,
            "author": {
                "id": 3721,
                "name": "filix_93",
                "image": null
            },
            "comment": "\n<p >ZaTii :D you having fun with world editor finally as I can see :D</p>\n<p > </p>\n<p >good good ;)</p>\n"
        },
        {
            "id": 87182,
            "timestamp": 1379431739,
            "author": {
                "id": 17613,
                "name": "ZaTii",
                "image": null
            },
            "comment": "\n<blockquote data-ipsquote=\"\" class=\"ipsQuote\" data-ipsquote-contentcommentid=\"87178\" data-ipsquote-contentapp=\"forums\" data-ipsquote-contenttype=\"forums\" data-ipsquote-contentclass=\"forums_Topic\" data-ipsquote-contentid=\"11384\" data-ipsquote-username=\"filix_93\" data-cite=\"filix_93\" data-ipsquote-timestamp=\"1379429487\" ><div ><div >\n<p >ZaTii :D you having fun with world editor finally as I can see :D</p>\n<p > </p>\n<p >good good ;)</p>\n</div></div></blockquote>\n<p >yeah i have :D but i currently need the fixed editor for a new terrain texture and sat export.</p>\n"
        },
        {
            "id": 87183,
            "timestamp": 1379432380,
            "author": {
                "id": 15306,
                "name": "Noizy",
                "image": null
            },
            "comment": "<p >Add housing system like in juno u done</p>"
        },
        {
            "id": 87185,
            "timestamp": 1379436562,
            "author": {
                "id": 15543,
                "name": "luoo",
                "image": null
            },
            "comment": "\n<blockquote data-ipsquote=\"\" class=\"ipsQuote\" data-ipsquote-contentcommentid=\"87183\" data-ipsquote-contentapp=\"forums\" data-ipsquote-contenttype=\"forums\" data-ipsquote-contentclass=\"forums_Topic\" data-ipsquote-contentid=\"11384\" data-ipsquote-username=\"Noizy\" data-cite=\"Noizy\" data-ipsquote-timestamp=\"1379432380\" ><div ><div ><p >Add housing system like in juno u done</p></div></div></blockquote>\n<p >\"Housing System\" only in juno is better because it is the main town.</p>\n"
        },
        {
            "id": 87191,
            "timestamp": 1379448253,
            "author": {
                "id": 17613,
                "name": "ZaTii",
                "image": null
            },
            "comment": "\n<blockquote data-ipsquote=\"\" class=\"ipsQuote\" data-ipsquote-contentcommentid=\"87183\" data-ipsquote-contentapp=\"forums\" data-ipsquote-contenttype=\"forums\" data-ipsquote-contentclass=\"forums_Topic\" data-ipsquote-contentid=\"11384\" data-ipsquote-username=\"Noizy\" data-cite=\"Noizy\" data-ipsquote-timestamp=\"1379432380\" ><div ><div ><p >Add housing system like in juno u done</p></div></div></blockquote>\n<p > </p>\n<p >Its a mob to quest and get exp with hitting mobs not a merchant city. If u have many enterable houses send them to me and i will start a merchant town.^^</p>\n<blockquote data-ipsquote=\"\" class=\"ipsQuote\" data-ipsquote-contentcommentid=\"87185\" data-ipsquote-contentapp=\"forums\" data-ipsquote-contenttype=\"forums\" data-ipsquote-contentclass=\"forums_Topic\" data-ipsquote-contentid=\"11384\" data-ipsquote-username=\"luoo\" data-cite=\"luoo\" data-ipsquote-timestamp=\"1379436562\" ><div ><div ><p >\"Housing System\" only in juno is better because it is the main town.</p></div></div></blockquote>\n<p > *agree*</p>\n<p > </p>\n<p > </p>\n<p > </p>\n<p > </p>\n<p >#Done Today</p>\n<p > </p>\n<p > </p>\n<p > </p>\n<p ><img alt=\"03911-51f67b25-6512-46f2-96ab-313c13f655\" src=\"http://grabilla.com/03911-51f67b25-6512-46f2-96ab-313c13f655ab.png\" /></p>\n\n\n\t\t\t\n\t\t\t\t\n\n<span class=\"ipsType_reset ipsType_medium ipsType_light\" data-excludequote=\"None\" >\n\t<strong >Edited <time datetime=\"2013-09-17T20:04:47Z\" title=\"09/17/2013 08:04  PM\" data-short=\"7 yr\" >September 17, 2013</time> by ZaTii</strong>\n\t\n\t\n</span>\n\t\t\t\n\t\t</div>"
        },
        {
            "id": 87249,
            "timestamp": 1379518251,
            "author": {
                "id": 15306,
                "name": "Noizy",
                "image": null
            },
            "comment": "\n<blockquote data-ipsquote=\"\" class=\"ipsQuote\" data-ipsquote-contentcommentid=\"87185\" data-ipsquote-contentapp=\"forums\" data-ipsquote-contenttype=\"forums\" data-ipsquote-contentclass=\"forums_Topic\" data-ipsquote-contentid=\"11384\" data-ipsquote-username=\"luoo\" data-cite=\"luoo\" data-ipsquote-timestamp=\"1379436562\" ><div ><div ><p >\"Housing System\" only in juno is better because it is the main town.</p></div></div></blockquote>\n<p >Barely agree with you, ye juno main town and there must be many enterable house but won`t be bad if those new map would had 1-2 enterable house too</p>\n"
        },
        {
            "id": 87267,
            "timestamp": 1379536733,
            "author": {
                "id": 17613,
                "name": "ZaTii",
                "image": null
            },
            "comment": "\n<blockquote data-ipsquote=\"\" class=\"ipsQuote\" data-ipsquote-contentcommentid=\"87249\" data-ipsquote-contentapp=\"forums\" data-ipsquote-contenttype=\"forums\" data-ipsquote-contentclass=\"forums_Topic\" data-ipsquote-contentid=\"11384\" data-ipsquote-username=\"Noizy\" data-cite=\"Noizy\" data-ipsquote-timestamp=\"1379518251\" ><div ><div ><p >Barely agree with you, ye juno main town and there must be many enterable house but won`t be bad if those new map would had 1-2 enterable house too</p></div></div></blockquote>\n<p >Maybe i do that. i will look but at first i do the terrain paint and then the sat export.</p>\n"
        },
        {
            "id": 87753,
            "timestamp": 1380290889,
            "author": {
                "id": 17613,
                "name": "ZaTii",
                "image": null
            },
            "comment": "\n<p ><img alt=\"0391b-f24e5b1e-04f4-4fea-aefb-ad829414e0\" src=\"http://grabilla.com/0391b-f24e5b1e-04f4-4fea-aefb-ad829414e0b5.png\" /></p>\n<p > </p>\n<p >Still working on the Terrain (paint)</p>\n<p > </p>\n<p >Is this okay or would u do something diffrent?</p>\n\n\n\t\t\t\n\t\t\t\t\n\n<span class=\"ipsType_reset ipsType_medium ipsType_light\" data-excludequote=\"None\" >\n\t<strong >Edited <time datetime=\"2013-09-27T18:22:21Z\" title=\"09/27/2013 06:22  PM\" data-short=\"7 yr\" >September 27, 2013</time> by ZaTii</strong>\n\t\n\t\n</span>\n\t\t\t\n\t\t</div>"
        },
        {
            "id": 87781,
            "timestamp": 1380375316,
            "author": {
                "id": 180,
                "name": "Infinity",
                "image": null
            },
            "comment": "<p >not bad GL</p>"
        },
        {
            "id": 87782,
            "timestamp": 1380378060,
            "author": {
                "id": 18905,
                "name": "M3L3P3RD",
                "image": null
            },
            "comment": "<p >Nice Map.</p>"
        },
        {
            "id": 87796,
            "timestamp": 1380405409,
            "author": {
                "id": 16433,
                "name": "Valdes1",
                "image": null
            },
            "comment": "<p >nice good work.<br />Good luck!</p>"
        }
    ]
}