{
    "meta": {
        "threadId": 11390,
        "threadName": "Serious Editor",
        "dateCreated": "2013-09-15T17:42:33+0000",
        "datePublished": "2013-09-15T17:42:33+0000",
        "pageCount": 1,
        "originalUrl": "https://lckb.dev/forum/index.php?/topic/11390-serious-editor/",
        "authorId": 17432,
        "position": [
            {
                "@type": "ListItem",
                "position": 1,
                "item": {
                    "@id": "https://lckb.dev/forum/index.php?/forum/258-release-zone/",
                    "name": "Release Zone"
                }
            },
            {
                "@type": "ListItem",
                "position": 2,
                "item": {
                    "@id": "https://lckb.dev/forum/index.php?/forum/336-general-releases/",
                    "name": "General Releases"
                }
            },
            {
                "@type": "ListItem",
                "position": 3,
                "item": {
                    "@id": "https://lckb.dev/forum/index.php?/forum/282-general-tools-releases/",
                    "name": "General Tools Releases"
                }
            }
        ]
    },
    "commentData": [
        {
            "id": 87057,
            "timestamp": 1379266953,
            "author": {
                "id": 17432,
                "name": "Nymphetamine",
                "image": null
            },
            "comment": "\n<p ><span style=\"font-size:18px;\" >Screenshots:</span></p>\n<p ><span style=\"font-size:18px;\" ></span></p>\n<div class=\"ipsSpoiler\" data-ipsspoiler=\"\" >\n<div class=\"ipsSpoiler_header\" ><span ></span></div>\n<div class=\"ipsSpoiler_contents\" >\n<p ></p>\n<p ><img alt=\"0390f-beb04a9b-2138-43c6-87f7-719bfe46da\" src=\"http://grabilla.com/0390f-beb04a9b-2138-43c6-87f7-719bfe46daea.png\" /></p>\n<p ><img alt=\"0390f-e4d6c02e-d341-46e0-9f45-33a8397058\" src=\"http://grabilla.com/0390f-e4d6c02e-d341-46e0-9f45-33a8397058af.png\" /></p>\n<p ></p>\n</div>\n</div>\n<p > </p>\n<br /><p >Reminders:</p>\n<p >Since the old one released here on KB got virus i am going to release it again,clean ofcourse.</p>\n<p >It works just on Windows <u ><span style=\"color:#ff0000;\" ><strong ><span style=\"font-size:24px;\" >x32</span></strong></span></u>. So if u dont have that OS,u must run it on virtual box.</p>\n<p >Thanks to Paramount for .tex folder and <span ><strong >all </strong></span>credits go to who made that compatible with LC</p>\n<p ><span style=\"font-size:18px;\" ><strong >Malwarebytes Antimalware file scan:</strong></span></p>\n<p ><strong ></strong></p>\n<div class=\"ipsSpoiler\" data-ipsspoiler=\"\" >\n<div class=\"ipsSpoiler_header\" ><span ></span></div>\n<div class=\"ipsSpoiler_contents\" >\n<p ></p>\n<p ><strong ><img alt=\"0390f-c5373034-c9d9-4823-8574-5f2316681e\" src=\"http://grabilla.com/0390f-c5373034-c9d9-4823-8574-5f2316681eed.png\" /></strong></p>\n<p ><strong >Translation:</strong></p>\n<p >Scansion succefully finished.</p>\n<p >Esaminated files:62</p>\n<p >Dangerous files:0</p>\n<p >Scansion type: Custom scansion</p>\n<p >Time: 38 seconds</p>\n<p >Scansion has been finished. There wasnt any dangerous element.</p>\n<p ></p>\n</div>\n</div>\n<p > </p>\n<br /><p ><span style=\"font-size:18px;\" ><strong >Download Link </strong></span></p>\n<p ><strong ></strong></p>\n<div class=\"ipsSpoiler\" data-ipsspoiler=\"\" >\n<div class=\"ipsSpoiler_header\" ><span ></span></div>\n<div class=\"ipsSpoiler_contents\" >\n<p ></p>\n<p ><a href=\"https://mega.nz/#!tYwm3RBT!X6kAHT7mZo9j5BeIzNChpzM0olZPhYvhRy1-ld5jbUk\" rel=\"external nofollow\" ><span style=\"color:rgb(51,51,51);font-family:Arial;font-size:13px;\" >https://mega.nz/#!tYwm3RBT!X6kAHT7mZo9j5BeIzNChpzM0olZPhYvhRy1-ld5jbUk</span></a></p>\n<p ><strong ></strong></p>\n</div>\n</div>\n<p ></p>\n<br /><p >Extract content of this folder into ur game folder</p>\n<p >My advice is to make a new client folder just for the editor</p>\n<p >If u dont want to make a new one,rename ur bin folder to Bin1 and then extract the .zip</p>\n<p >The serious world editor is properly in Bin folder</p>\n<p >For open a map just /Data/World and choose the map,and open the .wld file</p>\n<p >If there is some file missing tell me and i try to fix/add it</p>\n<p ><strong >This needs no setup,this is made to be extracted just into ur game folder,so add things/folder/.txt/.tex files is not needed,everything is in the zip</strong></p>\n<p >I hope this helps and doesnt ruin LC world even more than it is</p>\n<p >Have fun with that :)</p>\n<br /><p >Since rules are rules and its the same for everyone,i wait for a mod to confirm and that the file i gave doesnt contain any virus scanning it again.</p>\n"
        },
        {
            "id": 87340,
            "timestamp": 1379625386,
            "author": {
                "id": 17432,
                "name": "Nymphetamine",
                "image": null
            },
            "comment": "\n<p >Basic commands are</p>\n<p > </p>\n<p >ESC : Then move the mouse for move,right click for go closer and left for go further</p>\n<p >CTRL+ Left click : Move things</p>\n"
        },
        {
            "id": 108722,
            "timestamp": 1451622680,
            "author": {
                "id": 4836,
                "name": "Maskov",
                "image": null
            },
            "comment": "<p >OFFLINE Link</p>"
        },
        {
            "id": 108729,
            "timestamp": 1451660590,
            "author": {
                "id": 267,
                "name": "SutWick",
                "image": null
            },
            "comment": "<p >Can anyone upload this release again please?.. then I can fix the bad link</p>"
        },
        {
            "id": 109868,
            "timestamp": 1484165014,
            "author": {
                "id": 17432,
                "name": "Nymphetamine",
                "image": null
            },
            "comment": "<p >Link fixed.</p>"
        },
        {
            "id": 109925,
            "timestamp": 1484298706,
            "author": {
                "id": 21034,
                "name": "ApexDev",
                "image": null
            },
            "comment": "<p >In the past, the public tool could not edit ground texture, is it working now ?</p>"
        },
        {
            "id": 109926,
            "timestamp": 1484303806,
            "author": {
                "id": 21679,
                "name": "rrbkmz_ru",
                "image": null
            },
            "comment": "<p >All our World editors is not full.</p>"
        },
        {
            "id": 109930,
            "timestamp": 1484310735,
            "author": {
                "id": 17432,
                "name": "Nymphetamine",
                "image": null
            },
            "comment": "\n<blockquote data-ipsquote=\"\" class=\"ipsQuote\" data-ipsquote-contentcommentid=\"109925\" data-ipsquote-contentapp=\"forums\" data-ipsquote-contenttype=\"forums\" data-ipsquote-contentclass=\"forums_Topic\" data-ipsquote-contentid=\"11390\" data-ipsquote-username=\"ApexDev\" data-cite=\"ApexDev\" data-ipsquote-timestamp=\"1484298706\" ><div ><p >In the past, the public tool could not edit ground texture, is it working now ?</p></div></blockquote>Its a four years old release so I guess that no."
        }
    ]
}