{
    "meta": {
        "threadId": 11417,
        "threadName": "subselect",
        "dateCreated": "2013-09-18T15:26:23+0000",
        "datePublished": "2013-09-18T15:26:23+0000",
        "pageCount": 1,
        "originalUrl": "https://lckb.dev/forum/index.php?/topic/11417-subselect/",
        "authorId": 17474,
        "position": [
            {
                "@type": "ListItem",
                "position": 1,
                "item": {
                    "@id": "https://lckb.dev/forum/index.php?/forum/100-guides-help-section/",
                    "name": "Guides &amp; Help Section"
                }
            },
            {
                "@type": "ListItem",
                "position": 2,
                "item": {
                    "@id": "https://lckb.dev/forum/index.php?/forum/335-help-support/",
                    "name": "Help &amp; Support"
                }
            },
            {
                "@type": "ListItem",
                "position": 3,
                "item": {
                    "@id": "https://lckb.dev/forum/index.php?/forum/120-ep2-support/",
                    "name": "Ep2 Support"
                }
            },
            {
                "@type": "ListItem",
                "position": 4,
                "item": {
                    "@id": "https://lckb.dev/forum/index.php?/forum/134-solved-topics/",
                    "name": "Solved Topics"
                }
            }
        ]
    },
    "commentData": [
        {
            "id": 87248,
            "timestamp": 1379517983,
            "author": {
                "id": 17474,
                "name": "kixtzz",
                "image": null
            },
            "comment": "<p >is it possible to do a subselect in mysql with two different db?</p>"
        },
        {
            "id": 87250,
            "timestamp": 1379519374,
            "author": {
                "id": 2,
                "name": "Wizatek",
                "image": null
            },
            "comment": "\n<p >Sure thats possible</p>\n<p > </p>\n<p > </p>\n<pre class=\"ipsCode prettyprint linenums:0\" >SELECT\ns.a_keeper_idx as npcid,\nn.a_name_usa as npcname,\ni.a_name_usa as itemname,\ni.a_price\n\nFROM\nt_shopitem s,\nt_item i,\nt_npc n\n\nWHERE\ns.a_item_idx = i.a_index\n\nAND\nn.a_index = s.a_keeper_idx\n\nORDER BY \ns.a_keeper_idx\n</pre>\n"
        },
        {
            "id": 87251,
            "timestamp": 1379520006,
            "author": {
                "id": 17474,
                "name": "kixtzz",
                "image": null
            },
            "comment": "<p >s, n, i | are the names db?</p>"
        },
        {
            "id": 87253,
            "timestamp": 1379520740,
            "author": {
                "id": 15543,
                "name": "luoo",
                "image": null
            },
            "comment": "\n<p ><span >t_shopitem s</span><span >,</span><br /><span >t_item i</span><span >,</span><br /><span >t_npc n</span></p>\n<pre class=\"ipsCode prettyprint\" >SELECT\ns.a_keeper_idx as npcid,\nn.a_name_usa as npcname,\ni.a_name_usa as itemname,\ni.a_price\n\nFROM\nemunew_data.t_shopitem s,\ntest_data.t_item i,\ntest_data.t_npc n\n\nWHERE\ns.a_item_idx = i.a_index\n</pre>\n<p >change emunew_data and test_data to your database names</p>\n\n\n\t\t\t\n\t\t\t\t\n\n<span class=\"ipsType_reset ipsType_medium ipsType_light\" data-excludequote=\"None\" >\n\t<strong >Edited <time datetime=\"2013-09-18T16:30:05Z\" title=\"09/18/2013 04:30  PM\" data-short=\"7 yr\" >September 18, 2013</time> by luoo</strong>\n\t\n\t\n</span>\n\t\t\t\n\t\t</div>"
        },
        {
            "id": 87256,
            "timestamp": 1379522536,
            "author": {
                "id": 2,
                "name": "Wizatek",
                "image": null
            },
            "comment": "\n<p >s n i are just like shortcuts defined in the FROM section. U could also write it like this</p>\n<p > </p>\n<pre class=\"ipsCode\" >SELECTt_shopitem.a_keeper_idx as npcid,t_npc.a_name_usa as npcname,t_item.a_name_usa as itemname,t_item.a_priceFROMt_shopitem,t_item,t_npcWHEREt_shopitem.a_item_idx = t_item.a_indexANDt_npc.a_index = t_shopitem.a_keeper_idx</pre>\n<p ></p>\n"
        },
        {
            "id": 87257,
            "timestamp": 1379524303,
            "author": {
                "id": 17474,
                "name": "kixtzz",
                "image": null
            },
            "comment": "<p >ok ill try</p>"
        },
        {
            "id": 87417,
            "timestamp": 1379721442,
            "author": {
                "id": 17474,
                "name": "kixtzz",
                "image": null
            },
            "comment": "<p >solved thanks</p>"
        },
        {
            "id": 87452,
            "timestamp": 1379767380,
            "author": {
                "id": 1503,
                "name": "Paramount",
                "image": null
            },
            "comment": "<p >Closed and moved.</p>"
        }
    ]
}