{
    "meta": {
        "threadId": 1142,
        "threadName": "To Warmonger",
        "dateCreated": "2011-10-24T19:20:52+0000",
        "datePublished": "2011-10-24T19:20:52+0000",
        "pageCount": 1,
        "originalUrl": "https://lckb.dev/forum/index.php?/topic/1142-to-warmonger/",
        "authorId": 37,
        "position": [
            {
                "@type": "ListItem",
                "position": 1,
                "item": {
                    "@id": "https://lckb.dev/forum/index.php?/forum/271-general-section/",
                    "name": "General Section"
                }
            },
            {
                "@type": "ListItem",
                "position": 2,
                "item": {
                    "@id": "https://lckb.dev/forum/index.php?/forum/259-general-discussion/",
                    "name": "General Discussion"
                }
            }
        ]
    },
    "commentData": [
        {
            "id": 9187,
            "timestamp": 1319484052,
            "author": {
                "id": 37,
                "name": "BashVendetta",
                "image": null
            },
            "comment": "\n<p >Hate to be even asking this but as a member of this community and for everyone in the community to advance I am going to have to, so lets put aside our thoughts for each other and be a little mature eh?</p>\n<p > </p>\n<p >I was shown a tool created by yourself known as \"Game Xtender\". Out of curiosity I was wondering exactly how it works and if possible are you willing to release the source? or at least sell the source.</p>\n"
        }
    ]
}