{
    "meta": {
        "threadId": 11439,
        "threadName": "Libssl.so.6",
        "dateCreated": "2013-09-20T13:43:15+0000",
        "datePublished": "2013-09-20T13:43:15+0000",
        "pageCount": 1,
        "originalUrl": "https://lckb.dev/forum/index.php?/topic/11439-libsslso6/",
        "authorId": 18226,
        "position": [
            {
                "@type": "ListItem",
                "position": 1,
                "item": {
                    "@id": "https://lckb.dev/forum/index.php?/forum/100-guides-help-section/",
                    "name": "Guides &amp; Help Section"
                }
            },
            {
                "@type": "ListItem",
                "position": 2,
                "item": {
                    "@id": "https://lckb.dev/forum/index.php?/forum/335-help-support/",
                    "name": "Help &amp; Support"
                }
            },
            {
                "@type": "ListItem",
                "position": 3,
                "item": {
                    "@id": "https://lckb.dev/forum/index.php?/forum/120-ep2-support/",
                    "name": "Ep2 Support"
                }
            },
            {
                "@type": "ListItem",
                "position": 4,
                "item": {
                    "@id": "https://lckb.dev/forum/index.php?/forum/134-solved-topics/",
                    "name": "Solved Topics"
                }
            }
        ]
    },
    "commentData": [
        {
            "id": 87374,
            "timestamp": 1379684595,
            "author": {
                "id": 18226,
                "name": "OldHM",
                "image": null
            },
            "comment": "\n<p >./LoginServer: error while loading shared libraries: libssl.so.6: wrong ELF class: ELFCLASS64<br /> </p>\n<p >Anyone got an idea? Already downloaded the libssl.so.6 in the forum post from Gothic etc nothing works.</p>\n<p > </p>\n<p >someone upload me an libssl.so.6? ^^</p>\n"
        },
        {
            "id": 87383,
            "timestamp": 1379689033,
            "author": {
                "id": 6063,
                "name": "tiago",
                "image": null
            },
            "comment": "\n<p >use this in vps</p>\n<p >yum upgrade libstdc++<br />yum install libstdc++.i686<br />yum upgrade zlib<br />yum install zlib.i686<br />yum install libstdc++.so.6</p>\n"
        },
        {
            "id": 87385,
            "timestamp": 1379690052,
            "author": {
                "id": 12456,
                "name": "gallito",
                "image": null
            },
            "comment": "<p ><a href=\"http://www.multiupload.nl/I9ZHZYVPZG\" rel=\"external nofollow\" >http://www.multiupload.nl/I9ZHZYVPZG</a></p>"
        },
        {
            "id": 87392,
            "timestamp": 1379695103,
            "author": {
                "id": 18226,
                "name": "OldHM",
                "image": null
            },
            "comment": "\n<blockquote data-ipsquote=\"\" class=\"ipsQuote\" data-ipsquote-contentcommentid=\"87383\" data-ipsquote-contentapp=\"forums\" data-ipsquote-contenttype=\"forums\" data-ipsquote-contentclass=\"forums_Topic\" data-ipsquote-contentid=\"11439\" data-ipsquote-username=\"tiago\" data-cite=\"tiago\" data-ipsquote-timestamp=\"1379689033\" ><div ><div >\n<p >use this in vps</p>\n<p >yum upgrade libstdc++</p>\n<p >yum install libstdc++.i686</p>\n<p >yum upgrade zlib</p>\n<p >yum install zlib.i686</p>\n<p >yum install libstdc++.so.6</p>\n</div></div></blockquote>\n<p >Doesnt work. says \"Nothing to do\" All is updated</p>\n<p > </p>\n<blockquote data-ipsquote=\"\" class=\"ipsQuote\" data-ipsquote-contentcommentid=\"87385\" data-ipsquote-contentapp=\"forums\" data-ipsquote-contenttype=\"forums\" data-ipsquote-contentclass=\"forums_Topic\" data-ipsquote-contentid=\"11439\" data-ipsquote-username=\"gallito\" data-cite=\"gallito\" data-ipsquote-timestamp=\"1379690052\" ><div ><div ><p ><a href=\"http://www.multiupload.nl/I9ZHZYVPZG\" rel=\"external nofollow\" >http://www.multiupload.nl/I9ZHZYVPZG</a></p></div></div></blockquote>\n<p > </p>\n<p >Still says the same..</p>\n<p > </p>\n<p > </p>\n<p >//EDIT: PROBLEM SOLVED try:   yum install libssl.so.6</p>\n"
        },
        {
            "id": 87512,
            "timestamp": 1379889635,
            "author": {
                "id": null,
                "name": "Guest Johnny5",
                "image": null
            },
            "comment": "<p >Moderator closed because: Problem is Solved</p>"
        }
    ]
}