{
    "meta": {
        "threadId": 11475,
        "threadName": "Pet Reward",
        "dateCreated": "2013-09-26T03:43:21+0000",
        "datePublished": "2013-09-26T03:43:21+0000",
        "pageCount": 1,
        "originalUrl": "https://lckb.dev/forum/index.php?/topic/11475-pet-reward/",
        "authorId": 2167,
        "position": [
            {
                "@type": "ListItem",
                "position": 1,
                "item": {
                    "@id": "https://lckb.dev/forum/index.php?/forum/100-guides-help-section/",
                    "name": "Guides &amp; Help Section"
                }
            },
            {
                "@type": "ListItem",
                "position": 2,
                "item": {
                    "@id": "https://lckb.dev/forum/index.php?/forum/335-help-support/",
                    "name": "Help &amp; Support"
                }
            },
            {
                "@type": "ListItem",
                "position": 3,
                "item": {
                    "@id": "https://lckb.dev/forum/index.php?/forum/120-ep2-support/",
                    "name": "Ep2 Support"
                }
            },
            {
                "@type": "ListItem",
                "position": 4,
                "item": {
                    "@id": "https://lckb.dev/forum/index.php?/forum/134-solved-topics/",
                    "name": "Solved Topics"
                }
            }
        ]
    },
    "commentData": [
        {
            "id": 87701,
            "timestamp": 1380167001,
            "author": {
                "id": 2167,
                "name": "dethunter12",
                "image": null
            },
            "comment": "<p >hey is there any way to make it so i can give a certin level p2 pet out to all the players from a quest if so how? or any alternatives say i want to give a evolution 3 polar bear level 50</p>\n\n\t\t\t\n\t\t\t\t\n\n<span class=\"ipsType_reset ipsType_medium ipsType_light\" data-excludequote=\"None\" >\n\t<strong >Edited <time datetime=\"2013-09-27T17:48:34Z\" title=\"09/27/2013 05:48  PM\" data-short=\"7 yr\" >September 27, 2013</time> by dethunter12</strong>\n\t\n\t\n</span>\n\t\t\t\n\t\t</div>"
        },
        {
            "id": 87736,
            "timestamp": 1380227973,
            "author": {
                "id": 2167,
                "name": "dethunter12",
                "image": null
            },
            "comment": "<p >my bad i posted it in wrong section please move to ep3</p>"
        },
        {
            "id": 87738,
            "timestamp": 1380229741,
            "author": {
                "id": 17432,
                "name": "Nymphetamine",
                "image": null
            },
            "comment": "<p >Moved</p>"
        },
        {
            "id": 87743,
            "timestamp": 1380255040,
            "author": {
                "id": 2,
                "name": "Wizatek",
                "image": null
            },
            "comment": "\n<p >There is a different id for each evolution of p2 pet. </p>\n<p >So u can just give the itemid that represents that evolution with a quest, should work normally.</p>\n<p >But its not possible to give them a certain level.</p>\n"
        },
        {
            "id": 87787,
            "timestamp": 1380389063,
            "author": {
                "id": null,
                "name": "Guest Johnny5",
                "image": null
            },
            "comment": "<p >Moderator closed because: Problem is solved</p>"
        }
    ]
}