{
    "meta": {
        "threadId": 11473,
        "threadName": "Mob Editor Lod + DB",
        "dateCreated": "2013-09-25T09:21:49+0000",
        "datePublished": "2013-09-25T09:21:49+0000",
        "pageCount": 1,
        "originalUrl": "https://lckb.dev/forum/index.php?/topic/11473-mob-editor-lod-db/",
        "authorId": 17007,
        "position": [
            {
                "@type": "ListItem",
                "position": 1,
                "item": {
                    "@id": "https://lckb.dev/forum/index.php?/forum/100-guides-help-section/",
                    "name": "Guides &amp; Help Section"
                }
            },
            {
                "@type": "ListItem",
                "position": 2,
                "item": {
                    "@id": "https://lckb.dev/forum/index.php?/forum/335-help-support/",
                    "name": "Help &amp; Support"
                }
            },
            {
                "@type": "ListItem",
                "position": 3,
                "item": {
                    "@id": "https://lckb.dev/forum/index.php?/forum/120-ep2-support/",
                    "name": "Ep2 Support"
                }
            },
            {
                "@type": "ListItem",
                "position": 4,
                "item": {
                    "@id": "https://lckb.dev/forum/index.php?/forum/134-solved-topics/",
                    "name": "Solved Topics"
                }
            }
        ]
    },
    "commentData": [
        {
            "id": 87653,
            "timestamp": 1380100909,
            "author": {
                "id": 17007,
                "name": "remslol",
                "image": null
            },
            "comment": "\n<p >Hello i search tools MobAllEditor whis db and mob drop i have juste data sql but no drop :(</p>\n<p >I have tools :</p>\n<p ><img alt=\"modall10.jpg\" src=\"http://i75.servimg.com/u/f75/16/62/79/03/modall10.jpg\" /></p>\n<p > </p>\n<p >I search tools or similary</p>\n<p > </p>\n<p > </p>\n<p ><img alt=\"Bash-Mobg_nrrxasp.gif\" src=\"http://s6.ifotos.pl/img/Bash-Mobg_nrrxasp.gif\" /></p>\n<p > </p>\n<p > </p>\n<p >Think you all</p>\n\n\n\t\t\t\n\t\t\t\t\n\n<span class=\"ipsType_reset ipsType_medium ipsType_light\" data-excludequote=\"None\" >\n\t<strong >Edited <time datetime=\"2013-09-25T09:22:34Z\" title=\"09/25/2013 09:22  AM\" data-short=\"7 yr\" >September 25, 2013</time> by remslol</strong>\n\t\n\t\n</span>\n\t\t\t\n\t\t</div>"
        },
        {
            "id": 87657,
            "timestamp": 1380104962,
            "author": {
                "id": 2888,
                "name": "BaZZtian",
                "image": null
            },
            "comment": "\n<p >Use the MobEditor from Wizatek ... it is working with Drop</p>\n<p ><img alt=\"03919-ecd1e8e0-7488-4b6f-8f5a-5fdadea2f8\" src=\"http://grabilla.com/03919-ecd1e8e0-7488-4b6f-8f5a-5fdadea2f8f5.png\" /></p>\n"
        },
        {
            "id": 87658,
            "timestamp": 1380106128,
            "author": {
                "id": 17007,
                "name": "remslol",
                "image": null
            },
            "comment": "\n<p >ok but i dont tool MobEditor from Wizatek a search in forum lckb and noothing tool.</p>\n<p > </p>\n<p ><span ><span >is</span> <span >it possible</span> <span >you</span> <span >put</span> <span >me</span> <span >download tool </span></span>MobEditor from Wizatek please ???</p>\n"
        },
        {
            "id": 87660,
            "timestamp": 1380109011,
            "author": {
                "id": 2888,
                "name": "BaZZtian",
                "image": null
            },
            "comment": "\n<blockquote data-ipsquote=\"\" class=\"ipsQuote\" data-ipsquote-contentcommentid=\"87658\" data-ipsquote-contentapp=\"forums\" data-ipsquote-contenttype=\"forums\" data-ipsquote-contentclass=\"forums_Topic\" data-ipsquote-contentid=\"11473\" data-ipsquote-username=\"remslol\" data-cite=\"remslol\" data-ipsquote-timestamp=\"1380106128\" ><div ><div >\n<p >ok but i dont tool MobEditor from Wizatek a search in forum lckb and noothing tool.</p>\n<p > </p>\n<p ><span ><span >is</span> <span >it possible</span> <span >you</span> <span >put</span> <span >me</span> <span >download tool </span></span>MobEditor from Wizatek please ???</p>\n</div></div></blockquote>\n<p > </p>\n<p >ask him only dowloads from <a href=\"http://download.wizatek.be/\" rel=\"external nofollow\" >http://download.wizatek.be/</a> are Safe!</p>\n"
        },
        {
            "id": 87661,
            "timestamp": 1380109524,
            "author": {
                "id": 17007,
                "name": "remslol",
                "image": null
            },
            "comment": "\n<p ><a href=\"http://download.wizatek.be/\" title=\"External link\" rel=\"external nofollow\" >http://download.wizatek.be/</a>  the link no fond</p>\n<p > </p>\tDownload<p >Nothing here yet</p>\n"
        },
        {
            "id": 87665,
            "timestamp": 1380111531,
            "author": {
                "id": 13172,
                "name": "soryjero",
                "image": null
            },
            "comment": "\n<blockquote data-ipsquote=\"\" class=\"ipsQuote\" data-ipsquote-contentcommentid=\"87661\" data-ipsquote-contentapp=\"forums\" data-ipsquote-contenttype=\"forums\" data-ipsquote-contentclass=\"forums_Topic\" data-ipsquote-contentid=\"11473\" data-ipsquote-username=\"remslol\" data-cite=\"remslol\" data-ipsquote-timestamp=\"1380109524\" ><div ><div >\n<p ><a href=\"http://download.wizatek.be/\" title=\"External link\" rel=\"external nofollow\" >http://download.wizatek.be/</a>  the link no fond</p>\n<p > </p>Download<p >Nothing here yet</p>\n</div></div></blockquote>\n<p > </p>\n<p >you cant download nothing from there because it is home page and there is nothing so wiza has to pass you link with the name of mob editor</p>\n"
        },
        {
            "id": 87666,
            "timestamp": 1380111574,
            "author": {
                "id": 17432,
                "name": "Nymphetamine",
                "image": null
            },
            "comment": "\n<blockquote data-ipsquote=\"\" class=\"ipsQuote\" data-ipsquote-contentcommentid=\"87661\" data-ipsquote-contentapp=\"forums\" data-ipsquote-contenttype=\"forums\" data-ipsquote-contentclass=\"forums_Topic\" data-ipsquote-contentid=\"11473\" data-ipsquote-username=\"remslol\" data-cite=\"remslol\" data-ipsquote-timestamp=\"1380109524\" ><div ><div >\n<p ><a href=\"http://download.wizatek.be/\" title=\"External link\" rel=\"external nofollow\" >http://download.wizatek.be/</a>  the link no fond</p>\n<p > </p>Download<p >Nothing here yet</p>\n</div></div></blockquote>\n<p >Thats not the link for the download.</p>\n<p >I dont think the moball is released here on KB. But u can find the link somewhere in other forums</p>\n"
        },
        {
            "id": 87669,
            "timestamp": 1380114466,
            "author": {
                "id": 17007,
                "name": "remslol",
                "image": null
            },
            "comment": "<p ><span ><span >ok</span> <span >thank you</span> <span >would be</span> <span >nice</span> <span >if you can put</span> <span >MobEditor</span> <span >from</span> <span >Wizatek</span> <span >in the</span> <span >tools</span> <span >section</span> <span >for all</span> <span >the</span> <span >worlds</span> <span >advantage</span> <span >because</span> <span >I know</span> <span >that</span> <span >this forum for the</span> <span >creation of a</span> <span >LC</span><span >.</span><br /><span >thank you</span></span></p>"
        },
        {
            "id": 87689,
            "timestamp": 1380138552,
            "author": {
                "id": 1503,
                "name": "Paramount",
                "image": null
            },
            "comment": "<p >Is your problem fixed?</p>"
        },
        {
            "id": 87690,
            "timestamp": 1380141566,
            "author": {
                "id": 17007,
                "name": "remslol",
                "image": null
            },
            "comment": "\n<p >no :(</p>\n<p > </p>\n<p ><span ><span >can you put</span> <span >a link</span> <span >to download</span> <span >moball</span> <span >wizateck</span> <span >editor</span> <span >with the option</span> <span >drop</span> <span >because</span> <span >I can not</span> <span >find it</span> <span >I</span> <span >have</span> <span >been looking for</span> <span >one week</span> <span >without</span> <span >ressultas</span><span >.</span></span></p>\n"
        },
        {
            "id": 87828,
            "timestamp": 1380488057,
            "author": {
                "id": 17582,
                "name": "CDWriter",
                "image": null
            },
            "comment": "\n<p >well my opinion and everyone has them, and this is just my opinion... Nothing against Lordzik112 or assassin witch ever nick he is using today ... his back words programing with out parsing the information thats all ready on sql is not even worth the hassle of using any of his decompiled and added garbage, his mob tool iam sure is like all the others will DESTROY half your sql tables ..... what you want is the mobeditor from luoo it has sql option and works good for what i can tell ..... Wizateks Mobeditor is nice to have but when you edit and save any mob it will drop the path in SMC in sql and you will have a server full of Blocks ...... Wiz does great work but i would not trust what Lordzik112 has released ...</p>\n<p > </p>\n<p > </p>\n<p >and no offence to anyone here, this is just my opinion, Since i have been working with these tables for awhile ...</p>\n<p > </p>\n<p >Not my intention to disrespect any one here ....Just what i have been fighting with in the past with some editors .....</p>\n"
        },
        {
            "id": 87830,
            "timestamp": 1380490346,
            "author": {
                "id": 13529,
                "name": "DrGenius",
                "image": null
            },
            "comment": "<p >so much spam there, if u want wizatek mob editor send pm to him maybe he give it to you, since that tool was leaked but isnot there and we dont will post it if wiza dont want.</p>"
        },
        {
            "id": 87832,
            "timestamp": 1380523201,
            "author": {
                "id": 17007,
                "name": "remslol",
                "image": null
            },
            "comment": "<p ><span ><span >thank you</span> <span >I do with</span> <span >what I have</span> <span >for now.</span></span></p>"
        },
        {
            "id": 87856,
            "timestamp": 1380561049,
            "author": {
                "id": 17007,
                "name": "remslol",
                "image": null
            },
            "comment": "<p >close post <span ><span >I</span> <span >found </span></span></p>"
        },
        {
            "id": 87864,
            "timestamp": 1380606819,
            "author": {
                "id": null,
                "name": "Guest Johnny5",
                "image": null
            },
            "comment": "<p >Moderator closed because: Solved</p>"
        }
    ]
}