{
    "meta": {
        "threadId": 11474,
        "threadName": "Classic Server Files",
        "dateCreated": "2013-09-25T22:22:02+0000",
        "datePublished": "2013-09-25T22:22:02+0000",
        "pageCount": 1,
        "originalUrl": "https://lckb.dev/forum/index.php?/topic/11474-classic-server-files/",
        "authorId": 18850,
        "position": [
            {
                "@type": "ListItem",
                "position": 1,
                "item": {
                    "@id": "https://lckb.dev/forum/index.php?/forum/258-release-zone/",
                    "name": "Release Zone"
                }
            },
            {
                "@type": "ListItem",
                "position": 2,
                "item": {
                    "@id": "https://lckb.dev/forum/index.php?/forum/324-episode-1-releases/",
                    "name": "Episode 1 Releases"
                }
            },
            {
                "@type": "ListItem",
                "position": 3,
                "item": {
                    "@id": "https://lckb.dev/forum/index.php?/forum/41-server-side/",
                    "name": "Server Side"
                }
            }
        ]
    },
    "commentData": [
        {
            "id": 87694,
            "timestamp": 1380147722,
            "author": {
                "id": 18850,
                "name": "WeedyStar",
                "image": null
            },
            "comment": "\n<p >I want to give you my Classic Server Files.</p>\n<p > </p>\n<p >Its include:</p>\n<p >All Server Files</p>\n<p >_data DB</p>\n<p >Client</p>\n<p >Client Patch</p>\n<p > </p>\n<p >GameServer with Gamigo EXP Table</p>\n<p >EP2 Drop System ( so you dont need to create amor NPC and so on )</p>\n<p >All monster EXP,SP and Dropps Based on Gamigo Tables</p>\n<p > </p>\n<p >And many more<br /><br />try it youself</p>\n<p > </p>\n<p >Files: <a href=\"https://mega.co.nz/#\" rel=\"external nofollow\" >https://mega.co.nz/#</a>!7l5CVSBa!WyfGFg1orABx8rupc_rXdEZ_DTZHg3FmMBq5NQDxHdM</p>\n<p >Client: <a href=\"https://mega.co.nz/#\" rel=\"external nofollow\" >https://mega.co.nz/#</a>!l4hAWIrA!B-zwIFHmR-hEE5tvl-fCQw4lsoJWcSm5IrhcDa1TOpE</p>\n<p >Client Patch: <a href=\"https://mega.co.nz/#\" rel=\"external nofollow\" >https://mega.co.nz/#</a>!rwx31JgT!aIkHuWQhUgLK-zzCyqnp5mEgzBMau5oltg2FheG_QVw</p>\n<p > </p>\n<p >Project from Whazzert & Team</p>\n"
        },
        {
            "id": 87695,
            "timestamp": 1380147926,
            "author": {
                "id": 7695,
                "name": "CyberClaus",
                "image": null
            },
            "comment": "\n<p >Downloaded and scanned by CyberClaus.</p>\n<p >Files <span style=\"color:#00ff00;\" >Clean</span></p>\n"
        },
        {
            "id": 87697,
            "timestamp": 1380153371,
            "author": {
                "id": 2167,
                "name": "dethunter12",
                "image": null
            },
            "comment": "<p >it would be lovley if you include your whole database and not only newproject_data </p>"
        },
        {
            "id": 88527,
            "timestamp": 1381924852,
            "author": {
                "id": 16433,
                "name": "Valdes1",
                "image": null
            },
            "comment": "<p >hmm lets try</p>"
        },
        {
            "id": 88533,
            "timestamp": 1381934761,
            "author": {
                "id": 18673,
                "name": "Groby",
                "image": null
            },
            "comment": "<p >The Lottery work ?</p>"
        },
        {
            "id": 88617,
            "timestamp": 1382068022,
            "author": {
                "id": 7299,
                "name": "pv2_002",
                "image": null
            },
            "comment": "<p >Hope, if u can share full DB ;)</p>"
        },
        {
            "id": 88807,
            "timestamp": 1382351730,
            "author": {
                "id": 16433,
                "name": "Valdes1",
                "image": null
            },
            "comment": "<p >i have time out whel log in,later when i enter in account i have account id is in use. what is a problem?</p>"
        },
        {
            "id": 88810,
            "timestamp": 1382354117,
            "author": {
                "id": 18226,
                "name": "OldHM",
                "image": null
            },
            "comment": "\n<blockquote data-ipsquote=\"\" class=\"ipsQuote\" data-ipsquote-contentcommentid=\"88807\" data-ipsquote-contentapp=\"forums\" data-ipsquote-contenttype=\"forums\" data-ipsquote-contentclass=\"forums_Topic\" data-ipsquote-contentid=\"11474\" data-ipsquote-username=\"Valdes1\" data-cite=\"Valdes1\" data-ipsquote-timestamp=\"1382351730\" ><div ><div ><p >i have time out whel log in,later when i enter in account i have account id is in use. what is a problem?</p></div></div></blockquote>\n<p >Try to make your Account id in newproject_auth--->bg_user above 500 maybe that works.</p>\n"
        },
        {
            "id": 88811,
            "timestamp": 1382354766,
            "author": {
                "id": 16433,
                "name": "Valdes1",
                "image": null
            },
            "comment": "\n<blockquote data-ipsquote=\"\" class=\"ipsQuote\" data-ipsquote-contentcommentid=\"88810\" data-ipsquote-contentapp=\"forums\" data-ipsquote-contenttype=\"forums\" data-ipsquote-contentclass=\"forums_Topic\" data-ipsquote-contentid=\"11474\" data-ipsquote-username=\"Mendozza\" data-cite=\"Mendozza\" data-ipsquote-timestamp=\"1382354117\" ><div ><div ><p >Try to make your Account id in newproject_auth--->bg_user above 500 maybe that works.</p></div></div></blockquote>\n<p >already over 500 and does not go</p>\n"
        },
        {
            "id": 89138,
            "timestamp": 1382877129,
            "author": {
                "id": null,
                "name": "Guest Johnny5",
                "image": null
            },
            "comment": "<p >Moderator closed because: dead links</p>"
        }
    ]
}