{
    "meta": {
        "threadId": 11484,
        "threadName": "Infected Juno",
        "dateCreated": "2013-09-27T20:30:57+0000",
        "datePublished": "2013-09-27T20:30:57+0000",
        "pageCount": 1,
        "originalUrl": "https://lckb.dev/forum/index.php?/topic/11484-infected-juno/",
        "authorId": 13683,
        "position": [
            {
                "@type": "ListItem",
                "position": 1,
                "item": {
                    "@id": "https://lckb.dev/forum/index.php?/forum/258-release-zone/",
                    "name": "Release Zone"
                }
            },
            {
                "@type": "ListItem",
                "position": 2,
                "item": {
                    "@id": "https://lckb.dev/forum/index.php?/forum/325-episode-2-releases/",
                    "name": "Episode 2 Releases"
                }
            },
            {
                "@type": "ListItem",
                "position": 3,
                "item": {
                    "@id": "https://lckb.dev/forum/index.php?/forum/125-server-side/",
                    "name": "Server Side"
                }
            }
        ]
    },
    "commentData": [
        {
            "id": 87767,
            "timestamp": 1380313857,
            "author": {
                "id": 13683,
                "name": "DaniElito",
                "image": null
            },
            "comment": "\n<p >Infected Juno // Infested Juno</p>\n<p > </p>\n<p > </p>\n<blockquote data-ipsquote=\"\" class=\"ipsQuote\" ><div >[hide].Sat and .[CeNsOrEd]: <a href=\"https://mega.co.nz/#\" rel=\"external nofollow\" >https://mega.co.nz/#</a>!jVxk3IoA!O085AwjkK8edZm0Ea4sg1Xc536dvkIqy__edj34v2WU[/hide]</div></blockquote>\n<p > </p>\n<p > </p>\n<p > </p>\n<blockquote data-ipsquote=\"\" class=\"ipsQuote\" ><div >\n<p > </p>\n<p >[hide]Client Files: <a href=\"https://mega.co.nz/#\" rel=\"external nofollow\" >https://mega.co.nz/#</a>!WIZ1ELgb!MOyEBkxCA8gvzc1FUFb_XlW_XpsxEMtZNxGVtHkrXPs[/hide]</p>\n</div></blockquote>\n<p > </p>\n<p > </p>\n<p >You must save the changes in DB (t_zonedata) Zone 17</p>\n\n\n\t\t\t\n\t\t\t\t\n\n<span class=\"ipsType_reset ipsType_medium ipsType_light\" data-excludequote=\"None\" >\n\t<strong >Edited <time datetime=\"2015-04-26T20:58:42Z\" title=\"04/26/2015 08:58  PM\" data-short=\"5 yr\" >April 26, 2015</time> by DaniElito</strong>\n\t\n\t\n</span>\n\t\t\t\n\t\t</div>"
        },
        {
            "id": 87768,
            "timestamp": 1380318127,
            "author": {
                "id": 7695,
                "name": "CyberClaus",
                "image": null
            },
            "comment": "\n<p >Downloaded ans scanned by CyberClaus</p>\n<p >Status :<span style=\"color:#00ff00;\" >Clean</span></p>\n"
        },
        {
            "id": 87778,
            "timestamp": 1380361873,
            "author": {
                "id": 16274,
                "name": "Shayna",
                "image": null
            },
            "comment": "<p >Nice :D</p>"
        },
        {
            "id": 87797,
            "timestamp": 1380405811,
            "author": {
                "id": 16433,
                "name": "Valdes1",
                "image": null
            },
            "comment": "<p >screen?</p>"
        },
        {
            "id": 87933,
            "timestamp": 1380804192,
            "author": {
                "id": 10637,
                "name": "redbull",
                "image": null
            },
            "comment": "<p >working?</p>"
        },
        {
            "id": 87996,
            "timestamp": 1380867400,
            "author": {
                "id": 13683,
                "name": "DaniElito",
                "image": null
            },
            "comment": "\n<p >Yes, now its working :)</p>\n<p > </p>\n<p >sry valdes1 I dont have centos in my pc for take a screen shot</p>\n"
        },
        {
            "id": 89103,
            "timestamp": 1382806315,
            "author": {
                "id": 19210,
                "name": "bandit64",
                "image": null
            },
            "comment": "\n<p style=\"font-size:12px;font-weight:bold;color:rgb(40,40,40);font-family:arial, helvetica, clean, sans-serif;\" >\u00c3\u00c2\u00a6\u00c3\u00c2\u00b8\u00c3\u2018\u00e2\u20ac\u0161\u00c3\u00c2\u00b0\u00c3\u2018\u00e2\u20ac\u0161\u00c3\u00c2\u00b0</p>\n<blockquote data-ipsquote=\"\" class=\"ipsQuote\" ><div >.Sat \u00c3\u00c2\u00b8 .[CeNsOrEd]: <a href=\"https://mega.co.nz/#\" title=\"\u00c3\u00e2\u20ac\u2122\u00c3\u00c2\u00bd\u00c3\u00c2\u00b5\u00c3\u2018\u00cb\u2020\u00c3\u00c2\u00bd\u00c3\u2018\u00c2\u00c3\u2018\u00c2 \u00c3\u2018\u00c2\u00c3\u2018\u00c2\u00c3\u2018\u00e2\u20ac\u00b9\u00c3\u00c2\u00bb\u00c3\u00c2\u00ba\u00c3\u00c2\u00b0\" rel=\"external nofollow\" >https://mega.co.nz/#</a>!jVxk3IoA!O085AwjkK8edZm0Ea4sg1Xc536dvkIqy__edj34v2wu<br /><br /><br /><br /><br />password pleaseeee</div></blockquote>\n"
        },
        {
            "id": 89104,
            "timestamp": 1382806677,
            "author": {
                "id": 13764,
                "name": "MrBuSta",
                "image": null
            },
            "comment": "\n<p >use THIS link:</p>\n<p ><a href=\"https://mega.co.nz/#!jVxk3IoA!O085AwjkK8edZm0Ea4sg1Xc536dvkIqy__edj34v2WU\" rel=\"external nofollow\" >https://mega.co.nz/#!jVxk3IoA!O085AwjkK8edZm0Ea4sg1Xc536dvkIqy__edj34v2WU</a></p>\n<p >on your link WU was: wu and if its \"wu\" on end,its tell for password...</p>\n"
        },
        {
            "id": 99024,
            "timestamp": 1395241994,
            "author": {
                "id": 13584,
                "name": "Slash",
                "image": null
            },
            "comment": "<p >Work fine .</p>"
        }
    ]
}