{
    "meta": {
        "threadId": 11487,
        "threadName": "Donate automaticaly with Paygol ? How work P2 offeset ?",
        "dateCreated": "2013-09-28T15:46:42+0000",
        "datePublished": "2013-09-28T15:46:42+0000",
        "pageCount": 1,
        "originalUrl": "https://lckb.dev/forum/index.php?/topic/11487-donate-automaticaly-with-paygol-how-work-p2-offeset/",
        "authorId": 6967,
        "position": [
            {
                "@type": "ListItem",
                "position": 1,
                "item": {
                    "@id": "https://lckb.dev/forum/index.php?/forum/100-guides-help-section/",
                    "name": "Guides &amp; Help Section"
                }
            },
            {
                "@type": "ListItem",
                "position": 2,
                "item": {
                    "@id": "https://lckb.dev/forum/index.php?/forum/335-help-support/",
                    "name": "Help &amp; Support"
                }
            },
            {
                "@type": "ListItem",
                "position": 3,
                "item": {
                    "@id": "https://lckb.dev/forum/index.php?/forum/120-ep2-support/",
                    "name": "Ep2 Support"
                }
            },
            {
                "@type": "ListItem",
                "position": 4,
                "item": {
                    "@id": "https://lckb.dev/forum/index.php?/forum/134-solved-topics/",
                    "name": "Solved Topics"
                }
            }
        ]
    },
    "commentData": [
        {
            "id": 87786,
            "timestamp": 1380383202,
            "author": {
                "id": 6967,
                "name": "GuXz",
                "image": null
            },
            "comment": "\n<p >Hi all,</p>\n<p > </p>\n<p >After 10 hours in they two problems, I need help.</p>\n<p > </p>\n<p >I have search in forum, easy anwser but impossible to find solution.</p>\n<p > </p>\n<p >First problem :</p>\n<p > </p>\n<p >- Paygol (sms gateway), I have IPN page with variable of paygol and where I can put query.</p>\n<p > </p>\n<p >I have respect tutorial from paygol, easy many time but impossible to make connection + query.</p>\n<p > </p>\n<p >IPN and notifcation work but query dont work. Maybe any have can be use that ;)</p>\n<p > </p>\n<p >Seconde problem :</p>\n<p > </p>\n<p >- Increase EXP P2, I dont know how to use the offset of GameServer editor. I have search and find in forum only the offset but I dont have find how to use that offset ;) Base is 65000, but how modify ^^ I have easy to put 650 000 and no effect.</p>\n<p > </p>\n<p >Thanks for your precious help. Sry for poor english</p>\n"
        },
        {
            "id": 87862,
            "timestamp": 1380578597,
            "author": {
                "id": 5184,
                "name": "fonsy84",
                "image": null
            },
            "comment": "<p >paygol i think need external connection whit mysql , and the secont to increase rate in think is is otherwise , so , default is 65000 for make it x10 is this , 6500 .</p>"
        },
        {
            "id": 87876,
            "timestamp": 1380636652,
            "author": {
                "id": 13172,
                "name": "soryjero",
                "image": null
            },
            "comment": "\n<blockquote data-ipsquote=\"\" class=\"ipsQuote\" data-ipsquote-contentcommentid=\"87862\" data-ipsquote-contentapp=\"forums\" data-ipsquote-contenttype=\"forums\" data-ipsquote-contentclass=\"forums_Topic\" data-ipsquote-contentid=\"11487\" data-ipsquote-username=\"fonsy84\" data-cite=\"fonsy84\" data-ipsquote-timestamp=\"1380578597\" ><div ><div ><p >paygol i think need external connection whit mysql , and the secont to increase rate in think is is otherwise , so , default is 65000 for make it x10 is this , 6500 .</p></div></div></blockquote>\n<p > </p>\n<p >i think you get wrong writting number fonsy.</p>\n<p > </p>\n<p >x10 is 650000</p>\n"
        },
        {
            "id": 88319,
            "timestamp": 1381534737,
            "author": {
                "id": 6967,
                "name": "GuXz",
                "image": null
            },
            "comment": "\n<p >Thanks for your answer but after 2/3 edit of GS, no change</p>\n<p > </p>\n<p >Exp are same ^^ (20 pet mob before and after in tomb) I have try 3 250 000 and 6 500 000 and too 650 000 but no differences</p>\n<p > </p>\n<p >Have you idea ? :p</p>\n"
        },
        {
            "id": 88323,
            "timestamp": 1381539018,
            "author": {
                "id": 13172,
                "name": "soryjero",
                "image": null
            },
            "comment": "\n<blockquote data-ipsquote=\"\" class=\"ipsQuote\" data-ipsquote-contentcommentid=\"88319\" data-ipsquote-contentapp=\"forums\" data-ipsquote-contenttype=\"forums\" data-ipsquote-contentclass=\"forums_Topic\" data-ipsquote-contentid=\"11487\" data-ipsquote-username=\"GuXz\" data-cite=\"GuXz\" data-ipsquote-timestamp=\"1381534737\" ><div ><div >\n<p >Thanks for your answer but after 2/3 edit of GS, no change</p>\n<p > </p>\n<p >Exp are same ^^ (20 pet mob before and after in tomb) I have try 3 250 000 and 6 500 000 and too 650 000 but no differences</p>\n<p > </p>\n<p >Have you idea ? :P</p>\n</div></div></blockquote>\n<p > </p>\n<p >if exp is the same is because you havent saved it correctly. if you have correct offset and save it correctly, you exp will change.</p>\n"
        }
    ]
}