{
    "meta": {
        "threadId": 11489,
        "threadName": "What structure for itemall",
        "dateCreated": "2013-09-29T02:51:04+0000",
        "datePublished": "2013-09-29T02:51:04+0000",
        "pageCount": 1,
        "originalUrl": "https://lckb.dev/forum/index.php?/topic/11489-what-structure-for-itemall/",
        "authorId": 2167,
        "position": [
            {
                "@type": "ListItem",
                "position": 1,
                "item": {
                    "@id": "https://lckb.dev/forum/index.php?/forum/272-programmers-gateway/",
                    "name": "Programmers Gateway"
                }
            },
            {
                "@type": "ListItem",
                "position": 2,
                "item": {
                    "@id": "https://lckb.dev/forum/index.php?/forum/79-coders-talk/",
                    "name": "Coders Talk"
                }
            }
        ]
    },
    "commentData": [
        {
            "id": 87800,
            "timestamp": 1380423064,
            "author": {
                "id": 2167,
                "name": "dethunter12",
                "image": null
            },
            "comment": "<p >what is the ep3 client structures if anyone can help me with this? im aware of ep2 itemall_usa.lod but ep2 way wont work with ep3 itemall_usa.lod so does anyone know the ep3 itemall_usa.lod  one if so please share or give a hint.</p>"
        },
        {
            "id": 87874,
            "timestamp": 1380632408,
            "author": {
                "id": 15306,
                "name": "Noizy",
                "image": null
            },
            "comment": "<p >if u want to write ur own program then use same binary readers which used for GER but u need to correct each line  (String, byte  or etc...) i`m really not sure if i`m right but i think it`s so...</p>\n\n\t\t\t\n\t\t\t\t\n\n<span class=\"ipsType_reset ipsType_medium ipsType_light\" data-excludequote=\"None\" >\n\t<strong >Edited <time datetime=\"2013-10-01T13:00:33Z\" title=\"10/01/2013 01:00  PM\" data-short=\"7 yr\" >October 1, 2013</time> by Noizy</strong>\n\t\n\t\n</span>\n\t\t\t\n\t\t</div>"
        }
    ]
}