{
    "meta": {
        "threadId": 1149,
        "threadName": "Out of Curiosity",
        "dateCreated": "2011-10-25T20:44:58+0000",
        "datePublished": "2011-10-25T20:44:58+0000",
        "pageCount": 1,
        "originalUrl": "https://lckb.dev/forum/index.php?/topic/1149-out-of-curiosity/",
        "authorId": 37,
        "position": [
            {
                "@type": "ListItem",
                "position": 1,
                "item": {
                    "@id": "https://lckb.dev/forum/index.php?/forum/271-general-section/",
                    "name": "General Section"
                }
            },
            {
                "@type": "ListItem",
                "position": 2,
                "item": {
                    "@id": "https://lckb.dev/forum/index.php?/forum/259-general-discussion/",
                    "name": "General Discussion"
                }
            }
        ]
    },
    "commentData": [
        {
            "id": 9239,
            "timestamp": 1319575498,
            "author": {
                "id": 37,
                "name": "BashVendetta",
                "image": null
            },
            "comment": "<p >I know MCS works with these files but does DCS? I have only tested MCS is all just a curious question.</p>"
        },
        {
            "id": 9241,
            "timestamp": 1319576764,
            "author": {
                "id": 2,
                "name": "Wizatek",
                "image": null
            },
            "comment": "\n<p >yes, it works</p>\n<p >the command to start it is about the same</p>\n<p >/setwartime2  year month day hour minute second</p>\n"
        }
    ]
}