{
    "meta": {
        "threadId": 11491,
        "threadName": "GameServer & Connector Shut themself Down",
        "dateCreated": "2013-09-29T11:32:35+0000",
        "datePublished": "2013-09-29T11:32:35+0000",
        "pageCount": 1,
        "originalUrl": "https://lckb.dev/forum/index.php?/topic/11491-gameserver-connector-shut-themself-down/",
        "authorId": 18226,
        "position": [
            {
                "@type": "ListItem",
                "position": 1,
                "item": {
                    "@id": "https://lckb.dev/forum/index.php?/forum/100-guides-help-section/",
                    "name": "Guides &amp; Help Section"
                }
            },
            {
                "@type": "ListItem",
                "position": 2,
                "item": {
                    "@id": "https://lckb.dev/forum/index.php?/forum/335-help-support/",
                    "name": "Help &amp; Support"
                }
            },
            {
                "@type": "ListItem",
                "position": 3,
                "item": {
                    "@id": "https://lckb.dev/forum/index.php?/forum/120-ep2-support/",
                    "name": "Ep2 Support"
                }
            },
            {
                "@type": "ListItem",
                "position": 4,
                "item": {
                    "@id": "https://lckb.dev/forum/index.php?/forum/134-solved-topics/",
                    "name": "Solved Topics"
                }
            }
        ]
    },
    "commentData": [
        {
            "id": 87808,
            "timestamp": 1380454355,
            "author": {
                "id": 18226,
                "name": "OldHM",
                "image": null
            },
            "comment": "\n<p >Hey! Since a few days all my 4 Channel and GameServer shutdown by themself and i have to restart them manually.</p>\n<p > </p>\n<p >Do you have any ideas why?</p>\n<p >Here the code:</p>\n<p > </p>\n<p >GameServer:</p>\n<p > </p>\n<p >2013/09/29 12:04:50 :: PerformSocketRead >  : read error : 0<br />2013/09/29 12:04:50 :: bytes_read < 0 >  : -1<br />2013/09/29 12:04:50 :: shutdown by connector >  : ProcessInput<br />2013/09/29 12:04:50 :: SYSTEM > Saving All User Data....<br />2013/09/29 12:04:50 :: SYSTEM > Waiting for Quit DB ...<br />2013/09/29 12:04:51 :: SYSTEM > Closing all sockets.<br />2013/09/29 12:04:51 :: SYSTEM > Normal termination of game.<br />Normal termination of game.<br />2013/09/29 12:05:01 :: SYSTEM > End!<br />2013/09/29 12:05:01 :: SYSTEM > End!<br />*** glibc detected *** ./GameServer_d: corrupted double-linked list: 0x0a1af6d8</p>\n<p >Connector:</p>\n<p >2013/09/29 12:03:05 :: SYS_ERR > Invalid Command: 111(63)<br />2013/09/29 12:03:05 :: CHANGE_STATE > user : From : 3 : PLAYING : 15 : 31<br />2013/09/29 12:03:13 :: SYS_ERR > Invalid Command: 111(63)<br />2013/09/29 12:03:13 :: CHANGE_STATE > user : From : 3 : PLAYING : 26 : 23<br />2013/09/29 12:03:30 :: SYS_ERR > Invalid Command: 111(63)<br />2013/09/29 12:03:30 :: CHANGE_STATE > user : From : 3 : PLAYING : 23 : 0<br />terminate called after throwing an instance of __tagMsgFailType<br />Canceled.<br />[<a href=\"/cdn-cgi/l/email-protection\" class=\"__cf_email__\" data-cfemail=\"364459594276\" >[email protected]</a>**** Connector]</p>\n<p > </p>\n<p >Someone got an idea what it could be?</p>\n"
        },
        {
            "id": 87821,
            "timestamp": 1380481509,
            "author": {
                "id": 17325,
                "name": "General",
                "image": null
            },
            "comment": "<p >possible crash when typesetting commands<br />/create_pet 10 or create_pet 49</p>"
        },
        {
            "id": 87822,
            "timestamp": 1380482506,
            "author": {
                "id": 5184,
                "name": "fonsy84",
                "image": null
            },
            "comment": "<p >i think , 1 guy crash u connector whit private packet to crash server..</p>"
        },
        {
            "id": 87839,
            "timestamp": 1380534827,
            "author": {
                "id": 7263,
                "name": "SibaN",
                "image": null
            },
            "comment": "<p >i have some probleme </p>"
        },
        {
            "id": 87844,
            "timestamp": 1380540990,
            "author": {
                "id": 18226,
                "name": "OldHM",
                "image": null
            },
            "comment": "<p >So, i should get me another connector?</p>"
        },
        {
            "id": 87865,
            "timestamp": 1380621341,
            "author": {
                "id": 7263,
                "name": "SibaN",
                "image": null
            },
            "comment": "\n<p >i know why now crash my connector and GameServer </p>\n<p > </p>\n<p >after Crash gameserver loke in loge and see what is the last account name he loge on </p>\n<p > </p>\n<p ><span style=\"color:#ff0000;\" >GameServer</span></p>\n<p > </p>\n<div >2013/10/01 11:43:11 :: MERAC TAX SAVE SUCCESS > ITEM : 0 : PRODUCE : 0</div>\n<div >2013/10/01 11:43:11 :: DRATAN TAX SAVE SUCCESS > ITEM : 0 : PRODUCE : 0</div>\n<div >2013/10/01 11:44:11 :: MERAC TAX SAVE SUCCESS > ITEM : 0 : PRODUCE : 0</div>\n<div >2013/10/01 11:44:11 :: DRATAN TAX SAVE SUCCESS > ITEM : 0 : PRODUCE : 0</div>\n<div >2013/10/01 11:45:11 :: MERAC TAX SAVE SUCCESS > ITEM : 0 : PRODUCE : 0</div>\n<div >2013/10/01 11:45:11 :: DRATAN TAX SAVE SUCCESS > ITEM : 0 : PRODUCE : 0</div>\n<div >\n<span style=\"color:#ff0000;\" >2013/10/01 11:45:14 :: LOGIN REQ > </span><span style=\"color:#008000;\" >Accountname</span><span style=\"color:#ff0000;\" > : VERSION : xxxxxx : MODE : 0 : IP : xxxxxxxxxxxxx : NATION : 9 : PROSITE : </span>\n</div>\n<div >\n<span style=\"color:#ff0000;\" >2013/10/01 11:45:14 :: HANARO_EVENT > </span><span style=\"color:#008000;\" >Accountname</span><span style=\"color:#ff0000;\" > : PROSITE : LC : HAHARO_CODE : </span>\n</div>\n<div >2013/10/01 11:45:20 :: SYSTEM > Load settings....</div>\n<div >2013/10/01 11:45:20 :: SYSTEM > Client Version Loading...</div>\n<div >2013/10/01 11:45:20 :: SYSTEM > Item Loading...</div>\n<div >2013/10/01 11:45:21 :: SYSTEM > Set Item Loading...</div>\n<div >2013/10/01 11:45:21 :: SYSTEM > Factory Item Loading...</div>\n<p > </p>\n<div >2013/10/01 11:45:21 :: SYSTEM > CashItem Loading...</div>\n<div > </div>\n<div ><span style=\"font-size:18px;\" ><span style=\"color:#ff0000;\" >and i want try to loge on with that account and bum crash chanell</span></span></div>\n\n\n\t\t\t\n\t\t\t\t\n\n<span class=\"ipsType_reset ipsType_medium ipsType_light\" data-excludequote=\"None\" >\n\t<strong >Edited <time datetime=\"2013-10-01T10:04:33Z\" title=\"10/01/2013 10:04  AM\" data-short=\"7 yr\" >October 1, 2013</time> by sibastient</strong>\n\t\n\t\n</span>\n\t\t\t\n\t\t</div>"
        },
        {
            "id": 87866,
            "timestamp": 1380623101,
            "author": {
                "id": 15306,
                "name": "Noizy",
                "image": null
            },
            "comment": "\n<blockquote data-ipsquote=\"\" class=\"ipsQuote\" data-ipsquote-contentcommentid=\"87865\" data-ipsquote-contentapp=\"forums\" data-ipsquote-contenttype=\"forums\" data-ipsquote-contentclass=\"forums_Topic\" data-ipsquote-contentid=\"11491\" data-ipsquote-username=\"sibastient\" data-cite=\"sibastient\" data-ipsquote-timestamp=\"1380621341\" ><div ><div >\n<p > </p>\n<p >i know why now crash my connector and GameServer </p>\n<p > </p>\n<p >after Crash gameserver loke in loge and see what is the last account name he loge on </p>\n<p > </p>\n<p ><span style=\"color:#ff0000;\" >GameServer</span></p>\n<p > </p>\n<div >2013/10/01 11:43:11 :: MERAC TAX SAVE SUCCESS > ITEM : 0 : PRODUCE : 0</div>\n<div >2013/10/01 11:43:11 :: DRATAN TAX SAVE SUCCESS > ITEM : 0 : PRODUCE : 0</div>\n<div >2013/10/01 11:44:11 :: MERAC TAX SAVE SUCCESS > ITEM : 0 : PRODUCE : 0</div>\n<div >2013/10/01 11:44:11 :: DRATAN TAX SAVE SUCCESS > ITEM : 0 : PRODUCE : 0</div>\n<div >2013/10/01 11:45:11 :: MERAC TAX SAVE SUCCESS > ITEM : 0 : PRODUCE : 0</div>\n<div >2013/10/01 11:45:11 :: DRATAN TAX SAVE SUCCESS > ITEM : 0 : PRODUCE : 0</div>\n<div >\n<span style=\"color:#ff0000;\" >2013/10/01 11:45:14 :: LOGIN REQ > </span><span style=\"color:#008000;\" >Accountname</span><span style=\"color:#ff0000;\" > : VERSION : xxxxxx : MODE : 0 : IP : xxxxxxxxxxxxx : NATION : 9 : PROSITE : </span>\n</div>\n<div >\n<span style=\"color:#ff0000;\" >2013/10/01 11:45:14 :: HANARO_EVENT > </span><span style=\"color:#008000;\" >Accountname</span><span style=\"color:#ff0000;\" > : PROSITE : LC : HAHARO_CODE : </span>\n</div>\n<div >2013/10/01 11:45:20 :: SYSTEM > Load settings....</div>\n<div >2013/10/01 11:45:20 :: SYSTEM > Client Version Loading...</div>\n<div >2013/10/01 11:45:20 :: SYSTEM > Item Loading...</div>\n<div >2013/10/01 11:45:21 :: SYSTEM > Set Item Loading...</div>\n<div >2013/10/01 11:45:21 :: SYSTEM > Factory Item Loading...</div>\n<p > </p>\n<div >2013/10/01 11:45:21 :: SYSTEM > CashItem Loading...</div>\n<div > </div>\n<div ><span style=\"font-size:18px;\" ><span style=\"color:#ff0000;\" >and i want try to loge on with that account and bum crash chanell</span></span></div>\n<p > </p>\n</div></div></blockquote>\n<p >if so, check bg_user true_passwd, maybe there someone created acc with spacebar, check up and delete, also on site check up registration script</p>\n"
        },
        {
            "id": 87867,
            "timestamp": 1380624106,
            "author": {
                "id": 7263,
                "name": "SibaN",
                "image": null
            },
            "comment": "\n<p >no no it is fixed for me long time you know that noizy thx to Warmonger for that fix and now all using his fix :)</p>\n<p > </p>\n<p ><span style=\"color:#ff0000;\" >the crash is becaus a Cover : you can mak youre account bugy only with cover and every time you loge on crash server </span></p>\n\n\n\t\t\t\n\t\t\t\t\n\n<span class=\"ipsType_reset ipsType_medium ipsType_light\" data-excludequote=\"None\" >\n\t<strong >Edited <time datetime=\"2013-10-01T10:42:17Z\" title=\"10/01/2013 10:42  AM\" data-short=\"7 yr\" >October 1, 2013</time> by sibastient</strong>\n\t\n\t\n</span>\n\t\t\t\n\t\t</div>"
        },
        {
            "id": 87922,
            "timestamp": 1380740093,
            "author": {
                "id": 1503,
                "name": "Paramount",
                "image": null
            },
            "comment": "<p >Closed and moved.</p>"
        }
    ]
}