{
    "meta": {
        "threadId": 11506,
        "threadName": "connector down",
        "dateCreated": "2013-10-03T13:18:52+0000",
        "datePublished": "2013-10-03T13:18:52+0000",
        "pageCount": 1,
        "originalUrl": "https://lckb.dev/forum/index.php?/topic/11506-connector-down/",
        "authorId": 13764,
        "position": [
            {
                "@type": "ListItem",
                "position": 1,
                "item": {
                    "@id": "https://lckb.dev/forum/index.php?/forum/100-guides-help-section/",
                    "name": "Guides &amp; Help Section"
                }
            },
            {
                "@type": "ListItem",
                "position": 2,
                "item": {
                    "@id": "https://lckb.dev/forum/index.php?/forum/335-help-support/",
                    "name": "Help &amp; Support"
                }
            },
            {
                "@type": "ListItem",
                "position": 3,
                "item": {
                    "@id": "https://lckb.dev/forum/index.php?/forum/120-ep2-support/",
                    "name": "Ep2 Support"
                }
            },
            {
                "@type": "ListItem",
                "position": 4,
                "item": {
                    "@id": "https://lckb.dev/forum/index.php?/forum/134-solved-topics/",
                    "name": "Solved Topics"
                }
            }
        ]
    },
    "commentData": [
        {
            "id": 87934,
            "timestamp": 1380806332,
            "author": {
                "id": 13764,
                "name": "MrBuSta",
                "image": null
            },
            "comment": "<p >Hi all,I need help because my connector down allways when i start server,peoples login and connector down always,i think its hack,someone know how to get protection ? or its bug in dbs ?</p>\n\n\t\t\t\n\t\t\t\t\n\n<span class=\"ipsType_reset ipsType_medium ipsType_light\" data-excludequote=\"None\" >\n\t<strong >Edited <time datetime=\"2013-10-03T13:19:18Z\" title=\"10/03/2013 01:19  PM\" data-short=\"7 yr\" >October 3, 2013</time> by Adam1998i</strong>\n\t\n\t\n</span>\n\t\t\t\n\t\t</div>"
        },
        {
            "id": 87935,
            "timestamp": 1380810186,
            "author": {
                "id": 13494,
                "name": "Ichy",
                "image": null
            },
            "comment": "<p >One guy in epvp make a crashbug public, now nothing to do ... only wait </p>"
        },
        {
            "id": 88026,
            "timestamp": 1380938193,
            "author": {
                "id": 4836,
                "name": "Maskov",
                "image": null
            },
            "comment": "<p ><a href=\"http://toxic-l33t.ddns.net/forum/index.php?/topic/11507-connector-crash-fix-by-wizatek/\" rel=\"external nofollow\" >http://toxic-l33t.ddns.net/forum/index.php?/topic/11507-connector-crash-fix-by-wizatek/</a></p>\n\n\t\t\t\n\t\t\t\t\n\n<span class=\"ipsType_reset ipsType_medium ipsType_light\" data-excludequote=\"None\" >\n\t<strong >Edited <time datetime=\"2013-10-05T01:57:21Z\" title=\"10/05/2013 01:57  AM\" data-short=\"7 yr\" >October 5, 2013</time> by Maskov</strong>\n\t\n\t\n</span>\n\t\t\t\n\t\t</div>"
        },
        {
            "id": 88036,
            "timestamp": 1380971127,
            "author": {
                "id": 13764,
                "name": "MrBuSta",
                "image": null
            },
            "comment": "\n<blockquote data-ipsquote=\"\" class=\"ipsQuote\" data-ipsquote-contentcommentid=\"88026\" data-ipsquote-contentapp=\"forums\" data-ipsquote-contenttype=\"forums\" data-ipsquote-contentclass=\"forums_Topic\" data-ipsquote-contentid=\"11506\" data-ipsquote-username=\"Maskov\" data-cite=\"Maskov\" data-ipsquote-timestamp=\"1380938193\" ><div ><div ><p ><a href=\"http://toxic-l33t.ddns.net/forum/index.php?/topic/11507-connector-crash-fix-by-wizatek/\" rel=\"external nofollow\" >http://toxic-l33t.ddns.net/forum/index.php?/topic/11507-connector-crash-fix-by-wizatek/</a></p></div></div></blockquote>\n<p >thanks,Im tried this connector,but buffs never finish :(</p>\n<p >someone know how to fix ? </p>\n"
        },
        {
            "id": 88037,
            "timestamp": 1380971242,
            "author": {
                "id": 13172,
                "name": "soryjero",
                "image": null
            },
            "comment": "\n<blockquote data-ipsquote=\"\" class=\"ipsQuote\" data-ipsquote-contentcommentid=\"88036\" data-ipsquote-contentapp=\"forums\" data-ipsquote-contenttype=\"forums\" data-ipsquote-contentclass=\"forums_Topic\" data-ipsquote-contentid=\"11506\" data-ipsquote-username=\"Adam1998i\" data-cite=\"Adam1998i\" data-ipsquote-timestamp=\"1380971127\" ><div ><div >\n<p >thanks,Im tried this connector,but buffs never finish :(</p>\n<p >someone know how to fix ? </p>\n</div></div></blockquote>\n<p > </p>\n<p >in the same post is the fix for it</p>\n"
        },
        {
            "id": 88038,
            "timestamp": 1380972235,
            "author": {
                "id": 13764,
                "name": "MrBuSta",
                "image": null
            },
            "comment": "<p >im tried all ,but its no work</p>"
        },
        {
            "id": 88039,
            "timestamp": 1380972902,
            "author": {
                "id": 7263,
                "name": "SibaN",
                "image": null
            },
            "comment": "\n<p >for me if i start connector with out CashServer all buf buged </p>\n<p > </p>\n<p >butr if i start Cash Server with no bug </p>\n"
        },
        {
            "id": 88040,
            "timestamp": 1380973100,
            "author": {
                "id": 13764,
                "name": "MrBuSta",
                "image": null
            },
            "comment": "<p >in your newstobm.bin all database is newproject_db_auth ?</p>"
        },
        {
            "id": 88041,
            "timestamp": 1380973284,
            "author": {
                "id": 13764,
                "name": "MrBuSta",
                "image": null
            },
            "comment": "<p >my cashserver runing (cashserver_3.0) but no work..</p>"
        }
    ]
}