{
    "meta": {
        "threadId": 11500,
        "threadName": "Need Help",
        "dateCreated": "2013-10-01T11:14:24+0000",
        "datePublished": "2013-10-01T11:14:24+0000",
        "pageCount": 1,
        "originalUrl": "https://lckb.dev/forum/index.php?/topic/11500-need-help/",
        "authorId": 19074,
        "position": [
            {
                "@type": "ListItem",
                "position": 1,
                "item": {
                    "@id": "https://lckb.dev/forum/index.php?/forum/100-guides-help-section/",
                    "name": "Guides &amp; Help Section"
                }
            },
            {
                "@type": "ListItem",
                "position": 2,
                "item": {
                    "@id": "https://lckb.dev/forum/index.php?/forum/335-help-support/",
                    "name": "Help &amp; Support"
                }
            },
            {
                "@type": "ListItem",
                "position": 3,
                "item": {
                    "@id": "https://lckb.dev/forum/index.php?/forum/44-ep1-support/",
                    "name": "Ep1 Support"
                }
            },
            {
                "@type": "ListItem",
                "position": 4,
                "item": {
                    "@id": "https://lckb.dev/forum/index.php?/forum/135-solved-topics/",
                    "name": "Solved Topics"
                }
            }
        ]
    },
    "commentData": [
        {
            "id": 87869,
            "timestamp": 1380626064,
            "author": {
                "id": 19074,
                "name": "Arnii",
                "image": null
            },
            "comment": "<p >Hello com! I need your help :s I got extreme juno in my ep1 server, and id like to get an teleporter to go there, so i tried to add it into Teleporter Eteal with ZoneFlag editor, but it doesnt work..I can add everyting i want but not this one (in my t_zone extreme juno is 22) so for now only way for i go there is /go_zone 22 0...Wont be easy for my futur player... So if someone know how to fix it, can you explain me(with easy word if possible :P Im news about making server..Dont know much thing...)  Also, i cant find offset for lvl cap , max upgrade etc....Thanks in advance!</p>\n\n\t\t\t\n\t\t\t\t\n\n<span class=\"ipsType_reset ipsType_medium ipsType_light\" data-excludequote=\"None\" >\n\t<strong >Edited <time datetime=\"2013-10-03T16:59:47Z\" title=\"10/03/2013 04:59  PM\" data-short=\"7 yr\" >October 3, 2013</time> by Arnii</strong>\n\t\n\t\n</span>\n\t\t\t\n\t\t</div>"
        },
        {
            "id": 87882,
            "timestamp": 1380642554,
            "author": {
                "id": 18556,
                "name": "stikaz",
                "image": null
            },
            "comment": "<p >look in your client if you have an empty slot in your teleporter whether use it maybe u can already add the bug and just written ;)</p>"
        },
        {
            "id": 87884,
            "timestamp": 1380642794,
            "author": {
                "id": 13172,
                "name": "soryjero",
                "image": null
            },
            "comment": "\n<blockquote data-ipsquote=\"\" class=\"ipsQuote\" data-ipsquote-contentcommentid=\"87882\" data-ipsquote-contentapp=\"forums\" data-ipsquote-contenttype=\"forums\" data-ipsquote-contentclass=\"forums_Topic\" data-ipsquote-contentid=\"11500\" data-ipsquote-username=\"stikaz\" data-cite=\"stikaz\" data-ipsquote-timestamp=\"1380642554\" ><div ><div ><p >regarde dans ton client si tu as une case vide dans ton teleporteur si oui esaye la peut etre deja ajouter et bug juste a lecrit ;)</p></div></div></blockquote>\n<p > </p>\n<p >only english in this section. i think you should translate your post</p>\n"
        },
        {
            "id": 87931,
            "timestamp": 1380803200,
            "author": {
                "id": 18556,
                "name": "stikaz",
                "image": null
            },
            "comment": "<p >#Close</p>"
        },
        {
            "id": 87932,
            "timestamp": 1380803266,
            "author": {
                "id": 19074,
                "name": "Arnii",
                "image": null
            },
            "comment": "\n<p >Solved</p>\n<p > </p>\n<p >#Close</p>\n"
        },
        {
            "id": 87984,
            "timestamp": 1380830922,
            "author": {
                "id": 8659,
                "name": "BayBay",
                "image": null
            },
            "comment": "\n<blockquote data-ipsquote=\"\" class=\"ipsQuote\" data-ipsquote-contentcommentid=\"87932\" data-ipsquote-contentapp=\"forums\" data-ipsquote-contenttype=\"forums\" data-ipsquote-contentclass=\"forums_Topic\" data-ipsquote-contentid=\"11500\" data-ipsquote-username=\"Arnii\" data-cite=\"Arnii\" data-ipsquote-timestamp=\"1380803266\" ><div ><div >\n<p >Solved</p>\n<p > </p>\n<p >#Close</p>\n</div></div></blockquote>\n<p >At least post how u solved it. So other ppl that come here find this and not make another thread...</p>\n"
        },
        {
            "id": 87990,
            "timestamp": 1380832076,
            "author": {
                "id": 19074,
                "name": "Arnii",
                "image": null
            },
            "comment": "<p >well i had add it with flad editor, just cant see name at telporter :)) thats why i tought i doesnt work, and aboout offset i still dont know..</p>"
        }
    ]
}