{
    "meta": {
        "threadId": 11515,
        "threadName": "Centos ep2 Connector - Bind error",
        "dateCreated": "2013-10-05T03:45:01+0000",
        "datePublished": "2013-10-05T03:45:01+0000",
        "pageCount": 1,
        "originalUrl": "https://lckb.dev/forum/index.php?/topic/11515-centos-ep2-connector-bind-error/",
        "authorId": 17519,
        "position": [
            {
                "@type": "ListItem",
                "position": 1,
                "item": {
                    "@id": "https://lckb.dev/forum/index.php?/forum/100-guides-help-section/",
                    "name": "Guides &amp; Help Section"
                }
            },
            {
                "@type": "ListItem",
                "position": 2,
                "item": {
                    "@id": "https://lckb.dev/forum/index.php?/forum/335-help-support/",
                    "name": "Help &amp; Support"
                }
            },
            {
                "@type": "ListItem",
                "position": 3,
                "item": {
                    "@id": "https://lckb.dev/forum/index.php?/forum/120-ep2-support/",
                    "name": "Ep2 Support"
                }
            },
            {
                "@type": "ListItem",
                "position": 4,
                "item": {
                    "@id": "https://lckb.dev/forum/index.php?/forum/134-solved-topics/",
                    "name": "Solved Topics"
                }
            }
        ]
    },
    "commentData": [
        {
            "id": 88028,
            "timestamp": 1380944701,
            "author": {
                "id": 17519,
                "name": "lukaslt",
                "image": null
            },
            "comment": "\n<p >Hey guys,</p>\n<p > </p>\n<p >Ive tried to create the ep2 i came so far good untill the connector start ive got failed to bind to ip anyone knows a fix for it ?</p>\n<p >-Thanks</p>\n<p > </p>\n<p >In Regards</p>\n<p >Lukas</p>\n"
        },
        {
            "id": 88033,
            "timestamp": 1380961370,
            "author": {
                "id": 1503,
                "name": "Paramount",
                "image": null
            },
            "comment": "<p >You should restart your vps\\vds\\dedic\\virtualbox whatever you use. </p>"
        },
        {
            "id": 88043,
            "timestamp": 1380979890,
            "author": {
                "id": 17519,
                "name": "lukaslt",
                "image": null
            },
            "comment": "\n<blockquote data-ipsquote=\"\" class=\"ipsQuote\" data-ipsquote-contentcommentid=\"88033\" data-ipsquote-contentapp=\"forums\" data-ipsquote-contenttype=\"forums\" data-ipsquote-contentclass=\"forums_Topic\" data-ipsquote-contentid=\"11515\" data-ipsquote-username=\"Paramount\" data-cite=\"Paramount\" data-ipsquote-timestamp=\"1380961370\" ><div ><div ><p >You should restart your vps\\vds\\dedic\\virtualbox whatever you use. </p></div></div></blockquote>\n<p >Btw I came so far good but can you help me out in here , All servers runs good just the Game Server cant connect With Connector it always says Cannot connect to connector at game server but all others are fine</p>\n"
        },
        {
            "id": 88044,
            "timestamp": 1380989128,
            "author": {
                "id": 1503,
                "name": "Paramount",
                "image": null
            },
            "comment": "<p >Check your ports, newStobm.bin</p>"
        }
    ]
}