{
    "meta": {
        "threadId": 11518,
        "threadName": "CashServer error every 2 min",
        "dateCreated": "2013-10-05T19:48:28+0000",
        "datePublished": "2013-10-05T19:48:28+0000",
        "pageCount": 1,
        "originalUrl": "https://lckb.dev/forum/index.php?/topic/11518-cashserver-error-every-2-min/",
        "authorId": 565,
        "position": [
            {
                "@type": "ListItem",
                "position": 1,
                "item": {
                    "@id": "https://lckb.dev/forum/index.php?/forum/100-guides-help-section/",
                    "name": "Guides &amp; Help Section"
                }
            },
            {
                "@type": "ListItem",
                "position": 2,
                "item": {
                    "@id": "https://lckb.dev/forum/index.php?/forum/335-help-support/",
                    "name": "Help &amp; Support"
                }
            },
            {
                "@type": "ListItem",
                "position": 3,
                "item": {
                    "@id": "https://lckb.dev/forum/index.php?/forum/120-ep2-support/",
                    "name": "Ep2 Support"
                }
            },
            {
                "@type": "ListItem",
                "position": 4,
                "item": {
                    "@id": "https://lckb.dev/forum/index.php?/forum/134-solved-topics/",
                    "name": "Solved Topics"
                }
            }
        ]
    },
    "commentData": [
        {
            "id": 88050,
            "timestamp": 1381002508,
            "author": {
                "id": 565,
                "name": "viktor145",
                "image": null
            },
            "comment": "\n<div >Unhandled Exception:</div>\n<br /><div >System.InvalidCastException: Cannot cast from source type to destination type.</div>\n<br /><div >  at System.DBNull.System.IConvertible.ToInt32 (IFormatProvider provider) [0x00000] in <filename unknown=\"None\" >:0 </filename></div>\n<br /><div >  at System.Convert.ToInt32 (System.Object value, IFormatProvider provider) [0x00000] in <filename unknown=\"None\" >:0 </filename></div>\n<br /><div >  at System.Convert.ToInt32 (System.Object value) [0x00000] in <filename unknown=\"None\" >:0 </filename></div>\n<br /><div >  at Cash_Server.Users.GetCashBalance (System.String username, Int32 userid) [0x00000] in <filename unknown=\"None\" >:0 </filename></div>\n<br /><div >  at Cash_Server.Users.ProcessCashBalanceRequest (System.Byte[] packet, Int32 ClientID) [0x00000] in <filename unknown=\"None\" >:0 </filename></div>\n<br /><div >  at Cash_Server.NetIO.Incomming (System.Byte[] packet, Int32 ClientID) [0x00000] in <filename unknown=\"None\" >:0 </filename></div>\n<br /><div >  at Cash_Server.NetIO.OnDataReceived (IAsyncResult asyn) [0x00000] in <filename unknown=\"None\" >:0 </filename></div>\n<br /><div > </div>\n<br />"
        },
        {
            "id": 88052,
            "timestamp": 1381003724,
            "author": {
                "id": 565,
                "name": "viktor145",
                "image": null
            },
            "comment": "\n<div >2013/10/05 23:56:36 :: Call to Gothic > ET to call Home.....Connect</div>\n<br /><div >2013/10/05 23:56:36 :: SYSTEM > Testing mySQL connection</div>\n<br /><div >2013/10/05 23:56:37 :: SYSTEM > Loaded 293 packages from the database</div>\n<br /><div >2013/10/05 23:56:37 :: SYSTEM > Changing to Auth DB</div>\n<br /><div >2013/10/05 23:56:37 :: SYSTEM > Found 123 game accounts</div>\n<br /><div >2013/10/05 23:56:37 :: SYSTEM > Lottery system starting</div>\n<br /><div >2013/10/05 23:56:37 :: SYSTEM > Cash Server listening on MY IP:9100</div>\n<br /><div >2013/10/05 23:56:37 :: LOTTERY > Participants of week 40 : 0</div>\n<br /><div >2013/10/05 23:56:37 :: SYSTEM > Connection accepted from MY IP:56257</div>\n<br /><div > </div>\n<br /><div >Unhandled Exception:</div>\n<br /><div >System.InvalidCastException: Cannot cast from source type to destination type.</div>\n<br /><div >  at System.DBNull.System.IConvertible.ToInt32 (IFormatProvider provider) [0x00000] in <filename unknown=\"None\" >:0 </filename></div>\n<br /><div >  at System.Convert.ToInt32 (System.Object value, IFormatProvider provider) [0x00000] in <filename unknown=\"None\" >:0 </filename></div>\n<br /><div >  at System.Convert.ToInt32 (System.Object value) [0x00000] in <filename unknown=\"None\" >:0 </filename></div>\n<br /><div >  at Cash_Server.Users.GetCashBalance (System.String username, Int32 userid) [0x00000] in <filename unknown=\"None\" >:0 </filename></div>\n<br /><div >  at Cash_Server.Users.ProcessCashBalanceRequest (System.Byte[] packet, Int32 ClientID) [0x00000] in <filename unknown=\"None\" >:0 </filename></div>\n<br /><div >  at Cash_Server.NetIO.Incomming (System.Byte[] packet, Int32 ClientID) [0x00000] in <filename unknown=\"None\" >:0 </filename></div>\n<br /><div >  at Cash_Server.NetIO.OnDataReceived (IAsyncResult asyn) [0x00000] in <filename unknown=\"None\" >:0 </filename></div>\n<br /><div >[<a href=\"/cdn-cgi/l/email-protection\" class=\"__cf_email__\" data-cfemail=\"d6a4b9b9a296a1a1a1\" >[email protected]</a> cash]# </div>\n"
        },
        {
            "id": 88062,
            "timestamp": 1381036728,
            "author": {
                "id": 15543,
                "name": "luoo",
                "image": null
            },
            "comment": "<p >set default value for the coloum cash in bg_user</p>"
        },
        {
            "id": 88090,
            "timestamp": 1381066719,
            "author": {
                "id": 565,
                "name": "viktor145",
                "image": null
            },
            "comment": "<p >Thank you</p>"
        },
        {
            "id": 90539,
            "timestamp": 1385132225,
            "author": {
                "id": 7263,
                "name": "SibaN",
                "image": null
            },
            "comment": "<p ><span style=\"color:#ff0000;\" ><span style=\"font-size:18px;\" >Closed</span></span></p>"
        }
    ]
}