{
    "meta": {
        "threadId": 1151,
        "threadName": "Rearreanging this section of forum.",
        "dateCreated": "2011-10-25T22:30:59+0000",
        "datePublished": "2011-10-25T22:30:59+0000",
        "pageCount": 1,
        "originalUrl": "https://lckb.dev/forum/index.php?/topic/1151-rearreanging-this-section-of-forum/",
        "authorId": 919,
        "position": [
            {
                "@type": "ListItem",
                "position": 1,
                "item": {
                    "@id": "https://lckb.dev/forum/index.php?/forum/271-general-section/",
                    "name": "General Section"
                }
            },
            {
                "@type": "ListItem",
                "position": 2,
                "item": {
                    "@id": "https://lckb.dev/forum/index.php?/forum/259-general-discussion/",
                    "name": "General Discussion"
                }
            }
        ]
    },
    "commentData": [
        {
            "id": 9243,
            "timestamp": 1319581859,
            "author": {
                "id": 919,
                "name": "someone",
                "image": null
            },
            "comment": "\n<p >I was Thinking to rearrange the threads in this section of forum. If you dont like a sticky thread or if you like your thread to be sticky, or moved to another location, post it here and provide a link for your thread.</p>\n<p > </p>\n<p >For a Thread to be sticky must have useful information and easy to understand.</p>\n"
        }
    ]
}