{
    "meta": {
        "threadId": 11516,
        "threadName": "Game Server Crash",
        "dateCreated": "2013-10-05T16:19:30+0000",
        "datePublished": "2013-10-05T16:19:30+0000",
        "pageCount": 1,
        "originalUrl": "https://lckb.dev/forum/index.php?/topic/11516-game-server-crash/",
        "authorId": 16988,
        "position": [
            {
                "@type": "ListItem",
                "position": 1,
                "item": {
                    "@id": "https://lckb.dev/forum/index.php?/forum/100-guides-help-section/",
                    "name": "Guides &amp; Help Section"
                }
            },
            {
                "@type": "ListItem",
                "position": 2,
                "item": {
                    "@id": "https://lckb.dev/forum/index.php?/forum/335-help-support/",
                    "name": "Help &amp; Support"
                }
            },
            {
                "@type": "ListItem",
                "position": 3,
                "item": {
                    "@id": "https://lckb.dev/forum/index.php?/forum/120-ep2-support/",
                    "name": "Ep2 Support"
                }
            },
            {
                "@type": "ListItem",
                "position": 4,
                "item": {
                    "@id": "https://lckb.dev/forum/index.php?/forum/134-solved-topics/",
                    "name": "Solved Topics"
                }
            }
        ]
    },
    "commentData": [
        {
            "id": 88045,
            "timestamp": 1380989970,
            "author": {
                "id": 16988,
                "name": "axander",
                "image": null
            },
            "comment": "\n<p >I have a Problem with game server, i think is a pvp bug but not sure in connector after gs crash i found this error \"terminated called after throwing an istance of _tagMgsFailType\" here a screen of connector after gs crash</p>\n<p ><img alt=\"804h.png\" src=\"https://img826.imageshack.us/img826/527/804h.png\" /></p>\n<p > </p>\n<p >Someone have idea how it can be solved?</p>\n"
        },
        {
            "id": 88118,
            "timestamp": 1381103779,
            "author": {
                "id": 18226,
                "name": "OldHM",
                "image": null
            },
            "comment": "\n<p >Some idiots released an way to crash Connector. Try this.</p>\n<p > </p>\n<p ><a href=\"http://toxic-l33t.ddns.net/forum/index.php?/topic/11507-connector-crash-fix-by-wizatek/page-2&do=findComment&comment=88091\" rel=\"external nofollow\" >http://toxic-l33t.ddns.net/forum/index.php?/topic/11507-connector-crash-fix-by-wizatek/page-2&do=findComment&comment=88091</a></p>\n<p > </p>\n<p >This will stop the crasher</p>\n"
        }
    ]
}