{
    "meta": {
        "threadId": 11517,
        "threadName": "Basic questions about   tools and modifications/customizations",
        "dateCreated": "2013-10-05T19:31:24+0000",
        "datePublished": "2013-10-05T19:31:24+0000",
        "pageCount": 1,
        "originalUrl": "https://lckb.dev/forum/index.php?/topic/11517-basic-questions-about-tools-and-modificationscustomizations/",
        "authorId": 17519,
        "position": [
            {
                "@type": "ListItem",
                "position": 1,
                "item": {
                    "@id": "https://lckb.dev/forum/index.php?/forum/100-guides-help-section/",
                    "name": "Guides &amp; Help Section"
                }
            },
            {
                "@type": "ListItem",
                "position": 2,
                "item": {
                    "@id": "https://lckb.dev/forum/index.php?/forum/335-help-support/",
                    "name": "Help &amp; Support"
                }
            },
            {
                "@type": "ListItem",
                "position": 3,
                "item": {
                    "@id": "https://lckb.dev/forum/index.php?/forum/44-ep1-support/",
                    "name": "Ep1 Support"
                }
            },
            {
                "@type": "ListItem",
                "position": 4,
                "item": {
                    "@id": "https://lckb.dev/forum/index.php?/forum/135-solved-topics/",
                    "name": "Solved Topics"
                }
            }
        ]
    },
    "commentData": [
        {
            "id": 88049,
            "timestamp": 1381001484,
            "author": {
                "id": 17519,
                "name": "lukaslt",
                "image": null
            },
            "comment": "\n<p >Hey dear community,</p>\n<p > </p>\n<p >First of all Im sorry i just started experimentation with last chaos and im looking forward to learn how to work on ep2 server, ive created a ep2 server i got everything working including cash shop but ive found a difficulty to make myself admin because in my database is t_character missing, </p>\n<p > </p>\n<p ><strong >Now to the different questions</strong></p>\n<ul ><li >Whats the best tool to edit maps/ make custom posters</li>\n<li >How can i edit or create starter packs </li>\n<li >Is it possible to edit Textures eg weapons equip + monsters</li>\n<li >Can i transfer a 3d model monster from other game (if compatible)</li>\n<li >How to create a custom launcher </li>\n</ul><p >Many thanks, and the next thing that i wanted to find out whats the most useful tools for an ep2 ?</p>\n<p >Best Regards</p>\n<p >Lukas</p>\n<p > </p>\n<p > </p>\n"
        },
        {
            "id": 88051,
            "timestamp": 1381002673,
            "author": {
                "id": 2167,
                "name": "dethunter12",
                "image": null
            },
            "comment": "\n<p >1. serious editor</p>\n<p >2. starter pack lets see as in box just make a box put your items in it follow the guide in the guide section and it will work!</p>\n<p >3. yes this is possible the textures if your refering to making lets say another color for armor but wanting to keep original simply copy all files to the item or mob you want and simply put in new folder and make the color you want then copy the existing armor and change the smc path now by doing this you must also change the smc path in side of the smc into your folder location.</p>\n<p >4. cinema 4d</p>\n<p >5.no idea</p>\n<p > </p>\n<p >  itemall editor, skill editor, mob editor, tittle editor,catalog editor rare option editor thats all i can think from the top of my head.</p>\n"
        },
        {
            "id": 88054,
            "timestamp": 1381005683,
            "author": {
                "id": 17519,
                "name": "lukaslt",
                "image": null
            },
            "comment": "\n<blockquote data-ipsquote=\"\" class=\"ipsQuote\" data-ipsquote-contentcommentid=\"88051\" data-ipsquote-contentapp=\"forums\" data-ipsquote-contenttype=\"forums\" data-ipsquote-contentclass=\"forums_Topic\" data-ipsquote-contentid=\"11517\" data-ipsquote-username=\"dethunter12\" data-cite=\"dethunter12\" data-ipsquote-timestamp=\"1381002673\" ><div ><div >\n<p >1. serious editor</p>\n<p >2. starter pack lets see as in box just make a box put your items in it follow the guide in the guide section and it will work!</p>\n<p >3. yes this is possible the textures if your refering to making lets say another color for armor but wanting to keep original simply copy all files to the item or mob you want and simply put in new folder and make the color you want then copy the existing armor and change the smc path now by doing this you must also change the smc path in side of the smc into your folder location.</p>\n<p >4. cinema 4d</p>\n<p >5.no idea</p>\n<p > </p>\n<p >  itemall editor, skill editor, mob editor, tittle editor,catalog editor rare option editor thats all i can think from the top of my head.</p>\n</div></div></blockquote>\n<p >Thanks very much but about the admin part do you know how do i make myself admin ? As far as i know it susposed to be in T_character table but the problem is the table is missing x.x</p>\n"
        },
        {
            "id": 88056,
            "timestamp": 1381008180,
            "author": {
                "id": 18226,
                "name": "OldHM",
                "image": null
            },
            "comment": "<p >t_character is in newproject_DB or whatever its named in yours. there you have to find your user and the option: a_admin set it to 10 to make yourself full admin.</p>"
        },
        {
            "id": 88057,
            "timestamp": 1381008267,
            "author": {
                "id": 13764,
                "name": "MrBuSta",
                "image": null
            },
            "comment": "<p >you go in navicat,open newproject_db,search t_characters,open it,search your character, search there a_admin and put 10 (10 give all commands)</p>"
        },
        {
            "id": 89002,
            "timestamp": 1382698462,
            "author": {
                "id": 18226,
                "name": "OldHM",
                "image": null
            },
            "comment": "\n<p >Guess, this is Solved.</p>\n<p >If not PM Me else i Close this now.</p>\n"
        }
    ]
}