{
    "meta": {
        "threadId": 11514,
        "threadName": "Creating a server ep 2/3",
        "dateCreated": "2013-10-04T14:46:45+0000",
        "datePublished": "2013-10-04T14:46:45+0000",
        "pageCount": 1,
        "originalUrl": "https://lckb.dev/forum/index.php?/topic/11514-creating-a-server-ep-23/",
        "authorId": 17519,
        "position": [
            {
                "@type": "ListItem",
                "position": 1,
                "item": {
                    "@id": "https://lckb.dev/forum/index.php?/forum/100-guides-help-section/",
                    "name": "Guides &amp; Help Section"
                }
            },
            {
                "@type": "ListItem",
                "position": 2,
                "item": {
                    "@id": "https://lckb.dev/forum/index.php?/forum/335-help-support/",
                    "name": "Help &amp; Support"
                }
            },
            {
                "@type": "ListItem",
                "position": 3,
                "item": {
                    "@id": "https://lckb.dev/forum/index.php?/forum/120-ep2-support/",
                    "name": "Ep2 Support"
                }
            },
            {
                "@type": "ListItem",
                "position": 4,
                "item": {
                    "@id": "https://lckb.dev/forum/index.php?/forum/134-solved-topics/",
                    "name": "Solved Topics"
                }
            }
        ]
    },
    "commentData": [
        {
            "id": 88007,
            "timestamp": 1380898005,
            "author": {
                "id": 17519,
                "name": "lukaslt",
                "image": null
            },
            "comment": "\n<p >Hey dear community once again ^_^</p>\n<p > </p>\n<p >So this time i came with a following question how do you start actually a ep2/ep3 server i am really interested how peoples get ep3 files but anyawys i tried to research but without success i would be really helpful if someone could help me with this :), anyway ty</p>\n<p >Note: couldnt find any guide how to start a ep2 server could anyone if someone knows post it ? thanks</p>\n<p >and about ep3 server files- is it public with archmage and ex-rogue</p>\n<p > </p>\n<p >King Regards</p>\n<p >Lukas</p>\n"
        },
        {
            "id": 88027,
            "timestamp": 1380940208,
            "author": {
                "id": 16931,
                "name": "Walletman987",
                "image": null
            },
            "comment": "\n<p >There are a few topics on how to start a server in lckb, just look around.:P</p>\n<p >As for the arch mage and ex-rogue files, they arent public.  If you find someone that sells them, they will not be cheap,  I dont know what the price range is for them, but I know its expensive.  </p>\n"
        },
        {
            "id": 88320,
            "timestamp": 1381534886,
            "author": {
                "id": 6967,
                "name": "GuXz",
                "image": null
            },
            "comment": "\n<p >Pay for files :x Good only if files are been patch/fix/create by seller, 90% of time its stealed files ...</p>\n<p > </p>\n<p >But you can create good EP2 with EP3 items, go look CDWriter release you can find good suprises.</p>\n"
        }
    ]
}