{
    "meta": {
        "threadId": 11526,
        "threadName": "About VPS",
        "dateCreated": "2013-10-06T20:16:43+0000",
        "datePublished": "2013-10-06T20:16:43+0000",
        "pageCount": 1,
        "originalUrl": "https://lckb.dev/forum/index.php?/topic/11526-about-vps/",
        "authorId": 19074,
        "position": [
            {
                "@type": "ListItem",
                "position": 1,
                "item": {
                    "@id": "https://lckb.dev/forum/index.php?/forum/100-guides-help-section/",
                    "name": "Guides &amp; Help Section"
                }
            },
            {
                "@type": "ListItem",
                "position": 2,
                "item": {
                    "@id": "https://lckb.dev/forum/index.php?/forum/335-help-support/",
                    "name": "Help &amp; Support"
                }
            },
            {
                "@type": "ListItem",
                "position": 3,
                "item": {
                    "@id": "https://lckb.dev/forum/index.php?/forum/44-ep1-support/",
                    "name": "Ep1 Support"
                }
            },
            {
                "@type": "ListItem",
                "position": 4,
                "item": {
                    "@id": "https://lckb.dev/forum/index.php?/forum/135-solved-topics/",
                    "name": "Solved Topics"
                }
            }
        ]
    },
    "commentData": [
        {
            "id": 88110,
            "timestamp": 1381090603,
            "author": {
                "id": 19074,
                "name": "Arnii",
                "image": null
            },
            "comment": "\n<p >Helllo all, i have a question...(hope i am in the right section --\") </p>\n<p > </p>\n<p >Whats the difference between VPS and dedicated server and a VPS? cuz some ppl said i cant use dedicated server for my ep1 and other said no...So i am confuse :s</p>\n"
        },
        {
            "id": 88112,
            "timestamp": 1381092800,
            "author": {
                "id": 7695,
                "name": "CyberClaus",
                "image": null
            },
            "comment": "\n<p ><span style=\"color:#ff0000;\" >VPS = Virtual Private Server</span></p>\n<p >Its like a server but is not physical, its running in an virtual environment using a dedicated physical server!</p>\n<p ><span style=\"color:#ff0000;\" >Dedicated Server = Physical Machine</span></p>\n<p >Just like your computer, its a physical machine that only you use. You can share it also, but that depends on the host.</p>\n<p > </p>\n<p >And ask to those who say you can use a dedicated server for you LCServer, the reasons why they say that.</p>\n"
        },
        {
            "id": 88114,
            "timestamp": 1381093456,
            "author": {
                "id": 19074,
                "name": "Arnii",
                "image": null
            },
            "comment": "<p >Ok, but i still can use a dedicated server so? as i took this (waiting to get it ready...)</p>"
        },
        {
            "id": 88115,
            "timestamp": 1381095764,
            "author": {
                "id": 2,
                "name": "Wizatek",
                "image": null
            },
            "comment": "<p >Yes u can use a dedicated server, and you should even.</p>"
        },
        {
            "id": 88123,
            "timestamp": 1381130384,
            "author": {
                "id": 19074,
                "name": "Arnii",
                "image": null
            },
            "comment": "<p >Ok, thanks all for answer me </p>"
        },
        {
            "id": 88145,
            "timestamp": 1381178164,
            "author": {
                "id": null,
                "name": "Guest Johnny5",
                "image": null
            },
            "comment": "<p >Moderator closed because: Solved</p>"
        }
    ]
}