{
    "meta": {
        "threadId": 11522,
        "threadName": "Dungeon Time Rate",
        "dateCreated": "2013-10-06T13:15:43+0000",
        "datePublished": "2013-10-06T13:15:43+0000",
        "pageCount": 1,
        "originalUrl": "https://lckb.dev/forum/index.php?/topic/11522-dungeon-time-rate/",
        "authorId": 201,
        "position": [
            {
                "@type": "ListItem",
                "position": 1,
                "item": {
                    "@id": "https://lckb.dev/forum/index.php?/forum/100-guides-help-section/",
                    "name": "Guides &amp; Help Section"
                }
            },
            {
                "@type": "ListItem",
                "position": 2,
                "item": {
                    "@id": "https://lckb.dev/forum/index.php?/forum/335-help-support/",
                    "name": "Help &amp; Support"
                }
            },
            {
                "@type": "ListItem",
                "position": 3,
                "item": {
                    "@id": "https://lckb.dev/forum/index.php?/forum/120-ep2-support/",
                    "name": "Ep2 Support"
                }
            },
            {
                "@type": "ListItem",
                "position": 4,
                "item": {
                    "@id": "https://lckb.dev/forum/index.php?/forum/134-solved-topics/",
                    "name": "Solved Topics"
                }
            }
        ]
    },
    "commentData": [
        {
            "id": 88088,
            "timestamp": 1381065343,
            "author": {
                "id": 201,
                "name": "Wrong",
                "image": null
            },
            "comment": "\n<p >Hi. Can someone tell me the command or how to set the exp given during the dungeon time? Like 200% for example</p>\n<p > </p>\n<p >Regards</p>\n"
        },
        {
            "id": 88089,
            "timestamp": 1381065548,
            "author": {
                "id": 565,
                "name": "viktor145",
                "image": null
            },
            "comment": "<p >/dt_toggle 200%</p>"
        },
        {
            "id": 88095,
            "timestamp": 1381071561,
            "author": {
                "id": 201,
                "name": "Wrong",
                "image": null
            },
            "comment": "<p >I think it doesnt work it doesnt say anything and .dungeontime stays the same</p>"
        },
        {
            "id": 88096,
            "timestamp": 1381072245,
            "author": {
                "id": 13172,
                "name": "soryjero",
                "image": null
            },
            "comment": "\n<blockquote data-ipsquote=\"\" class=\"ipsQuote\" data-ipsquote-contentcommentid=\"88095\" data-ipsquote-contentapp=\"forums\" data-ipsquote-contenttype=\"forums\" data-ipsquote-contentclass=\"forums_Topic\" data-ipsquote-contentid=\"11522\" data-ipsquote-username=\"Wrong\" data-cite=\"Wrong\" data-ipsquote-timestamp=\"1381071561\" ><div ><div ><p >I think it doesnt work it doesnt say anything and .dungeontime stays the same</p></div></div></blockquote>\n<p > </p>\n<p >i think you need a .dungeontime editor</p>\n"
        }
    ]
}