{
    "meta": {
        "threadId": 11529,
        "threadName": "AltarEP1",
        "dateCreated": "2013-10-07T00:30:15+0000",
        "datePublished": "2013-10-07T00:30:15+0000",
        "pageCount": 1,
        "originalUrl": "https://lckb.dev/forum/index.php?/topic/11529-altarep1/",
        "authorId": 5853,
        "position": [
            {
                "@type": "ListItem",
                "position": 1,
                "item": {
                    "@id": "https://lckb.dev/forum/index.php?/forum/258-release-zone/",
                    "name": "Release Zone"
                }
            },
            {
                "@type": "ListItem",
                "position": 2,
                "item": {
                    "@id": "https://lckb.dev/forum/index.php?/forum/324-episode-1-releases/",
                    "name": "Episode 1 Releases"
                }
            },
            {
                "@type": "ListItem",
                "position": 3,
                "item": {
                    "@id": "https://lckb.dev/forum/index.php?/forum/42-client-side/",
                    "name": "Client Side"
                }
            }
        ]
    },
    "commentData": [
        {
            "id": 88120,
            "timestamp": 1381105815,
            "author": {
                "id": 5853,
                "name": "ucaff",
                "image": null
            },
            "comment": "\n<p >This changes zone 27 (cave2) by Altar without blocked Portals</p>\n<p > </p>\n<p ><a href=\"https://www.mediafire.com/download/35azqkmk3q3m7eb/AltarEP1.exe\" rel=\"external nofollow\" >http://www.mediafire.com/download/35azqkmk3q3m7eb/AltarEP1.exe</a></p>\n<p > </p>\n<p >this release only t_zonedata and client files , not the regen mobs</p>\n"
        },
        {
            "id": 88121,
            "timestamp": 1381113799,
            "author": {
                "id": 18226,
                "name": "OldHM",
                "image": null
            },
            "comment": "<p >Topic approved by Mendozza. Files are <span style=\"color:#00ff00;\" >clean</span>.</p>"
        },
        {
            "id": 88202,
            "timestamp": 1381343331,
            "author": {
                "id": 18673,
                "name": "Groby",
                "image": null
            },
            "comment": "<p >And the data for the gameserver ? <span ><span >or</span> <span >I</span> <span >do not get it ^^ :mellow:</span></span><span ><span > </span></span></p>"
        },
        {
            "id": 88211,
            "timestamp": 1381347540,
            "author": {
                "id": 1503,
                "name": "Paramount",
                "image": null
            },
            "comment": "<p >There is no need to pack the files in .exe. Itd be better if you pack it in .rar\\.zip :P</p>"
        },
        {
            "id": 88224,
            "timestamp": 1381357113,
            "author": {
                "id": 5853,
                "name": "ucaff",
                "image": null
            },
            "comment": "<p >regen I will not put because everyone can put it somewhere else as you like. copy only 35 in the 27 zone or youre to use, and with respect to. exe did so to have no need for a particular compressor</p>"
        }
    ]
}