{
    "meta": {
        "threadId": 11520,
        "threadName": "Old Question for Far Seeing",
        "dateCreated": "2013-10-06T10:40:09+0000",
        "datePublished": "2013-10-06T10:40:09+0000",
        "pageCount": 1,
        "originalUrl": "https://lckb.dev/forum/index.php?/topic/11520-old-question-for-far-seeing/",
        "authorId": 15701,
        "position": [
            {
                "@type": "ListItem",
                "position": 1,
                "item": {
                    "@id": "https://lckb.dev/forum/index.php?/forum/100-guides-help-section/",
                    "name": "Guides &amp; Help Section"
                }
            },
            {
                "@type": "ListItem",
                "position": 2,
                "item": {
                    "@id": "https://lckb.dev/forum/index.php?/forum/335-help-support/",
                    "name": "Help &amp; Support"
                }
            },
            {
                "@type": "ListItem",
                "position": 3,
                "item": {
                    "@id": "https://lckb.dev/forum/index.php?/forum/44-ep1-support/",
                    "name": "Ep1 Support"
                }
            },
            {
                "@type": "ListItem",
                "position": 4,
                "item": {
                    "@id": "https://lckb.dev/forum/index.php?/forum/135-solved-topics/",
                    "name": "Solved Topics"
                }
            }
        ]
    },
    "commentData": [
        {
            "id": 88080,
            "timestamp": 1381056009,
            "author": {
                "id": 15701,
                "name": "Gothic",
                "image": null
            },
            "comment": "\n<p ><span ><span >I do not</span> <span >like the</span> <span >Fixx</span> <span >for the skill</span> <span >id</span> <span >143</span> <span >(Far</span> <span >Seeing</span><span >)</span> <span >is</span><span >.</span><br /><br /><span >Since you have</span> <span >with daggers</span> <span >Long Range</span><span >.</span></span></p>\n<p > </p>\n<p ><span ><span ><img alt=\"jBJE8FP.png\" src=\"https://i.imgur.com/jBJE8FP.png\" /></span></span></p>\n"
        },
        {
            "id": 88084,
            "timestamp": 1381061993,
            "author": {
                "id": 161,
                "name": "Koko",
                "image": null
            },
            "comment": "<p >Doesnt it have something to do with Weapon type?</p>"
        },
        {
            "id": 88470,
            "timestamp": 1381784272,
            "author": {
                "id": 18226,
                "name": "OldHM",
                "image": null
            },
            "comment": "\n<p >Description: Increases attack range while using a crossbow.</p>\n<p >So doesnt support Daggers.</p>\n<p >Or what do you mean?</p>\n"
        }
    ]
}