{
    "meta": {
        "threadId": 11528,
        "threadName": "Lottery system cash server",
        "dateCreated": "2013-10-06T20:54:31+0000",
        "datePublished": "2013-10-06T20:54:31+0000",
        "pageCount": 1,
        "originalUrl": "https://lckb.dev/forum/index.php?/topic/11528-lottery-system-cash-server/",
        "authorId": 565,
        "position": [
            {
                "@type": "ListItem",
                "position": 1,
                "item": {
                    "@id": "https://lckb.dev/forum/index.php?/forum/100-guides-help-section/",
                    "name": "Guides &amp; Help Section"
                }
            },
            {
                "@type": "ListItem",
                "position": 2,
                "item": {
                    "@id": "https://lckb.dev/forum/index.php?/forum/335-help-support/",
                    "name": "Help &amp; Support"
                }
            },
            {
                "@type": "ListItem",
                "position": 3,
                "item": {
                    "@id": "https://lckb.dev/forum/index.php?/forum/120-ep2-support/",
                    "name": "Ep2 Support"
                }
            },
            {
                "@type": "ListItem",
                "position": 4,
                "item": {
                    "@id": "https://lckb.dev/forum/index.php?/forum/134-solved-topics/",
                    "name": "Solved Topics"
                }
            }
        ]
    },
    "commentData": [
        {
            "id": 88113,
            "timestamp": 1381092871,
            "author": {
                "id": 565,
                "name": "viktor145",
                "image": null
            },
            "comment": "\n<p >I create table t_lottery and t_lottery_winner</p>\n<p > </p>\n<p >but dont work lottery </p>\n<p > </p>\n<div >2013/10/06 18:54:02 :: LOTTERY > Participants of week 40 : 0</div>\n<div >2013/10/06 19:54:02 :: LOTTERY > Participants of week 40 : 0</div>\n<div >2013/10/06 20:54:02 :: LOTTERY > Participants of week 40 : 0</div>\n<div >2013/10/06 21:54:02 :: LOTTERY > Participants of week 40 : 0</div>\n<div >2013/10/06 22:54:02 :: LOTTERY > Participants of week 40 : 0</div>\n<div >2013/10/06 23:54:02 :: LOTTERY > Participants of week 40 : 0</div>\n<div > </div>\n"
        },
        {
            "id": 88122,
            "timestamp": 1381123615,
            "author": {
                "id": 17432,
                "name": "Nymphetamine",
                "image": null
            },
            "comment": "\n<p >Does it stop or?</p>\n<p >What u pasted here is not an error.</p>\n<p >But says that there arent partecipants</p>\n"
        },
        {
            "id": 88150,
            "timestamp": 1381186009,
            "author": {
                "id": 16931,
                "name": "Walletman987",
                "image": null
            },
            "comment": "<p >You can set what the lottery item ID is in the cash server folder I think.  Once they buy that item the will be in the lottery.</p>"
        }
    ]
}