{
    "meta": {
        "threadId": 11523,
        "threadName": "Fortune System",
        "dateCreated": "2013-10-06T15:30:53+0000",
        "datePublished": "2013-10-06T15:30:53+0000",
        "pageCount": 1,
        "originalUrl": "https://lckb.dev/forum/index.php?/topic/11523-fortune-system/",
        "authorId": 13172,
        "position": [
            {
                "@type": "ListItem",
                "position": 1,
                "item": {
                    "@id": "https://lckb.dev/forum/index.php?/forum/100-guides-help-section/",
                    "name": "Guides &amp; Help Section"
                }
            },
            {
                "@type": "ListItem",
                "position": 2,
                "item": {
                    "@id": "https://lckb.dev/forum/index.php?/forum/335-help-support/",
                    "name": "Help &amp; Support"
                }
            },
            {
                "@type": "ListItem",
                "position": 3,
                "item": {
                    "@id": "https://lckb.dev/forum/index.php?/forum/120-ep2-support/",
                    "name": "Ep2 Support"
                }
            },
            {
                "@type": "ListItem",
                "position": 4,
                "item": {
                    "@id": "https://lckb.dev/forum/index.php?/forum/134-solved-topics/",
                    "name": "Solved Topics"
                }
            }
        ]
    },
    "commentData": [
        {
            "id": 88097,
            "timestamp": 1381073453,
            "author": {
                "id": 13172,
                "name": "soryjero",
                "image": null
            },
            "comment": "\n<p >could anyone tell me what table use fortune system and in what db it goes? and if its possible, a screenshot with columns it contains please</p>\n<p > </p>\n<p >thanks in advance</p>\n"
        },
        {
            "id": 88105,
            "timestamp": 1381084702,
            "author": {
                "id": 161,
                "name": "Koko",
                "image": null
            },
            "comment": "<p >If youre talking about the fortune costumes system, its not included in the public files.</p>"
        },
        {
            "id": 88108,
            "timestamp": 1381087658,
            "author": {
                "id": 13172,
                "name": "soryjero",
                "image": null
            },
            "comment": "\n<blockquote data-ipsquote=\"\" class=\"ipsQuote\" data-ipsquote-contentcommentid=\"88105\" data-ipsquote-contentapp=\"forums\" data-ipsquote-contenttype=\"forums\" data-ipsquote-contentclass=\"forums_Topic\" data-ipsquote-contentid=\"11523\" data-ipsquote-username=\"Koko\" data-cite=\"Koko\" data-ipsquote-timestamp=\"1381084702\" ><div ><div ><p >If youre talking about the fortune costumes system, its not included in the public files.</p></div></div></blockquote>\n<p > </p>\n<p >yes, i am talking about it.</p>\n<p >i know they are from ep3, and it isnt in public files but i need to know tables coz i am coding ep3 item all and it is last thing i need to know and i cant know coz i dont have ep3 gs.</p>\n"
        }
    ]
}