{
    "meta": {
        "threadId": 11534,
        "threadName": "itemdrop full comand syntax",
        "dateCreated": "2013-10-08T14:58:53+0000",
        "datePublished": "2013-10-08T14:58:53+0000",
        "pageCount": 1,
        "originalUrl": "https://lckb.dev/forum/index.php?/topic/11534-itemdrop-full-comand-syntax/",
        "authorId": 201,
        "position": [
            {
                "@type": "ListItem",
                "position": 1,
                "item": {
                    "@id": "https://lckb.dev/forum/index.php?/forum/100-guides-help-section/",
                    "name": "Guides &amp; Help Section"
                }
            },
            {
                "@type": "ListItem",
                "position": 2,
                "item": {
                    "@id": "https://lckb.dev/forum/index.php?/forum/335-help-support/",
                    "name": "Help &amp; Support"
                }
            },
            {
                "@type": "ListItem",
                "position": 3,
                "item": {
                    "@id": "https://lckb.dev/forum/index.php?/forum/120-ep2-support/",
                    "name": "Ep2 Support"
                }
            },
            {
                "@type": "ListItem",
                "position": 4,
                "item": {
                    "@id": "https://lckb.dev/forum/index.php?/forum/134-solved-topics/",
                    "name": "Solved Topics"
                }
            }
        ]
    },
    "commentData": [
        {
            "id": 88167,
            "timestamp": 1381244333,
            "author": {
                "id": 201,
                "name": "Wrong",
                "image": null
            },
            "comment": "\n<p >Can someone tell me the full syntax of the itemdrop command? I forgot how to drop items with seals</p>\n<p > </p>\n<p >regards</p>\n"
        },
        {
            "id": 88168,
            "timestamp": 1381245442,
            "author": {
                "id": 18226,
                "name": "OldHM",
                "image": null
            },
            "comment": "\n<p >/itemdrop 2737 0 0 1 2 58 5 58 5</p>\n<p > </p>\n<p >2737 is item id 0 0 1 gives the number how much in this case its 1, 2 says how much seals on the item 58 5 58 5 is the option, in this case its 2x50% cast</p>\n"
        },
        {
            "id": 88176,
            "timestamp": 1381253387,
            "author": {
                "id": 17432,
                "name": "Nymphetamine",
                "image": null
            },
            "comment": "<p >/itemdrop itemid-raffinity stone-up of item-number of item-option-optionlvl-option-optionlvl.......................</p>"
        },
        {
            "id": 88177,
            "timestamp": 1381253541,
            "author": {
                "id": 2,
                "name": "Wizatek",
                "image": null
            },
            "comment": "\n<p >In your case its like this</p>\n<p > </p>\n<p >/itemdrop <id ><plus ><flag ><amount ><socket num=\"None\" ><option num=\"None\" ></option>\n<option id=\"None\" ></option>\n<option level=\"None\" ></option></socket></amount></flag></plus></id></p>\n<p >for rareoption items : /itemdrop <id ><plus > <flag ><amount ><socket num=\"None\" > 1 <rareoption id=\"None\" ><rare bit=\"None\" ></rare></rareoption></socket></amount></flag></plus></id></p>\n"
        }
    ]
}