{
    "meta": {
        "threadId": 11530,
        "threadName": "Cash server -mysql not connected - aborting",
        "dateCreated": "2013-10-07T18:18:54+0000",
        "datePublished": "2013-10-07T18:18:54+0000",
        "pageCount": 1,
        "originalUrl": "https://lckb.dev/forum/index.php?/topic/11530-cash-server-mysql-not-connected-aborting/",
        "authorId": 17519,
        "position": [
            {
                "@type": "ListItem",
                "position": 1,
                "item": {
                    "@id": "https://lckb.dev/forum/index.php?/forum/100-guides-help-section/",
                    "name": "Guides &amp; Help Section"
                }
            },
            {
                "@type": "ListItem",
                "position": 2,
                "item": {
                    "@id": "https://lckb.dev/forum/index.php?/forum/335-help-support/",
                    "name": "Help &amp; Support"
                }
            },
            {
                "@type": "ListItem",
                "position": 3,
                "item": {
                    "@id": "https://lckb.dev/forum/index.php?/forum/120-ep2-support/",
                    "name": "Ep2 Support"
                }
            },
            {
                "@type": "ListItem",
                "position": 4,
                "item": {
                    "@id": "https://lckb.dev/forum/index.php?/forum/134-solved-topics/",
                    "name": "Solved Topics"
                }
            }
        ]
    },
    "commentData": [
        {
            "id": 88137,
            "timestamp": 1381169934,
            "author": {
                "id": 17519,
                "name": "lukaslt",
                "image": null
            },
            "comment": "\n<p >Hey dear community,</p>\n<p > </p>\n<p >Ive tried to run the cash server everything seems to bee working untill the step ./start could anyone help ? <br />-ty :/</p>\n<blockquote data-ipsquote=\"\" class=\"ipsQuote\" ><div >\n<p > </p>\n<p > </p>2013/10/07 11:18:08 :: SYSTEM > Testing mySQL connection<br />2013/10/07 11:18:08 :: ERROR > Unknown database newproject_db_data<br />MySQL Not connected. Aborting..<br />Wizatek Cash Server 3.0 [public release] h</div></blockquote>\n<p > </p>\n"
        },
        {
            "id": 88138,
            "timestamp": 1381171689,
            "author": {
                "id": 7263,
                "name": "SibaN",
                "image": null
            },
            "comment": "\n<p >can you post config from youre cash server</p>\n<p >i thing you have error in youre config</p>\n\n\n\t\t\t\n\t\t\t\t\n\n<span class=\"ipsType_reset ipsType_medium ipsType_light\" data-excludequote=\"None\" >\n\t<strong >Edited <time datetime=\"2013-10-07T18:49:40Z\" title=\"10/07/2013 06:49  PM\" data-short=\"7 yr\" >October 7, 2013</time> by sibastient</strong>\n\t\n\t\n</span>\n\t\t\t\n\t\t</div>"
        },
        {
            "id": 88139,
            "timestamp": 1381173101,
            "author": {
                "id": 17519,
                "name": "lukaslt",
                "image": null
            },
            "comment": "\n<blockquote data-ipsquote=\"\" class=\"ipsQuote\" data-ipsquote-contentcommentid=\"88138\" data-ipsquote-contentapp=\"forums\" data-ipsquote-contenttype=\"forums\" data-ipsquote-contentclass=\"forums_Topic\" data-ipsquote-contentid=\"11530\" data-ipsquote-username=\"sibastient\" data-cite=\"sibastient\" data-ipsquote-timestamp=\"1381171689\" ><div ><div >\n<p >can you post config from youre cash server</p>\n<p >i thing you have error in youre config</p>\n</div></div></blockquote>\n<p > </p>\n<p > </p>\n<div class=\"ipsSpoiler\" data-ipsspoiler=\"\" >\n<div class=\"ipsSpoiler_header\" ><span ></span></div>\n<div class=\"ipsSpoiler_contents\" >\n<p > </p>\n<p >[CashServer]</p>\n<p >Address=</p>\n<p >Port=8888</p>\n<p > </p>\n<p >[DataBase]</p>\n<p >Address=127.0.0.1</p>\n<p >DB_Data=newproject_db_data</p>\n<p >DB_Auth=newproject_db_auth</p>\n<p >DB_Db=newproject_db</p>\n<p >UserName=root</p>\n<p >Password=</p>\n<p > </p>\n<p >[Connector]</p>\n<p >Address=192.168</p>\n<p > </p>\n<p >[Lottery]</p>\n<p >Enabled=TRUE</p>\n<p >Prize=10</p>\n<p >Ticket=1</p>\n<p > </p>\n</div>\n</div>\n<p > </p>\n<p >i deleted ip end ^^ ip was set right</p>\n"
        },
        {
            "id": 88140,
            "timestamp": 1381173356,
            "author": {
                "id": 13764,
                "name": "MrBuSta",
                "image": null
            },
            "comment": "\n<blockquote data-ipsquote=\"\" class=\"ipsQuote\" data-ipsquote-contentcommentid=\"88139\" data-ipsquote-contentapp=\"forums\" data-ipsquote-contenttype=\"forums\" data-ipsquote-contentclass=\"forums_Topic\" data-ipsquote-contentid=\"11530\" data-ipsquote-username=\"lukaslt\" data-cite=\"lukaslt\" data-ipsquote-timestamp=\"1381173101\" ><div ><div >\n<p > </p>\n<div class=\"ipsSpoiler\" data-ipsspoiler=\"\" >\n<div class=\"ipsSpoiler_header\" ><span ></span></div>\n<div class=\"ipsSpoiler_contents\" ><p > </p></div>\n</div>\n<p > </p>\n</div></div></blockquote>\n<p ><span style=\"font-size:12px;background-color:rgb(247,247,247);\" >[DataBase]</span></p>\n<p > </p>\n<p ><span style=\"font-size:12px;background-color:rgb(247,247,247);\" >Address=127.0.0.1</span></p>\n<p > </p>\n<p ><span style=\"font-size:12px;background-color:rgb(247,247,247);\" >DB_Data=newproject_db_data</span></p>\n<p >i think you have newproject_data and not newproject_db_data...change it to newproject_data and start again cash server.</p>\n<p > </p>\n"
        },
        {
            "id": 88160,
            "timestamp": 1381231884,
            "author": {
                "id": 7263,
                "name": "SibaN",
                "image": null
            },
            "comment": "\n<p >you need only to set youre vps ip on GameServer and on loginserver</p>\n<p > </p>\n<p >all other messenger helper connector subhelper you need to set ip 127.0.0.1</p>\n<p > </p>\n<p >Cash Server</p>\n<p > </p>\n<p >[CashServer]</p>\n<p >Address=127.0.0.1</p>\n<p >Port=8888</p>\n<p > </p>\n<p > </p>\n<p >[DataBase]</p>\n<p >Address=127.0.0.1</p>\n<p >DB_Data=newproject_data</p>\n<p >DB_Auth=newproject_db_auth</p>\n<p >DB_Db=newproject_db</p>\n<p >UserName=root</p>\n<p >Password=</p>\n<p > </p>\n<p > </p>\n<p >; Set the IP Address of the connector here</p>\n<p >; Its for security reasons, only connections from this ip are accepted</p>\n<p >[Connector]</p>\n<p >Address=127.0.0.1</p>\n<p > </p>\n<p > </p>\n<p >; Set the settings for the lottery system</p>\n<p >[Lottery]</p>\n<p >Enabled=FALSE</p>\n<p >Prize=10</p>\n<p >Ticket=1</p>\n<p > </p>\n<p > </p>\n<p > </p>\n<p > </p>\n<p > </p>\n<p > </p>\n<p >[DataBase]</p>\n<p >Address=127.0.0.1</p>\n<p >DB_Data=newproject_db_data   <------------------ is that corect name from youre data  database or newproject_data  with out _db_</p>\n<p >DB_Auth=newproject_db_auth</p>\n<p >DB_Db=newproject_db</p>\n<p >UserName=root</p>\n<p >Password=</p>\n\n\n\t\t\t\n\t\t\t\t\n\n<span class=\"ipsType_reset ipsType_medium ipsType_light\" data-excludequote=\"None\" >\n\t<strong >Edited <time datetime=\"2013-10-08T11:33:32Z\" title=\"10/08/2013 11:33  AM\" data-short=\"7 yr\" >October 8, 2013</time> by sibastient</strong>\n\t\n\t\n</span>\n\t\t\t\n\t\t</div>"
        }
    ]
}