{
    "meta": {
        "threadId": 11551,
        "threadName": "Telerium Map Fixed",
        "dateCreated": "2013-10-11T15:01:54+0000",
        "datePublished": "2013-10-11T15:01:54+0000",
        "pageCount": 1,
        "originalUrl": "https://lckb.dev/forum/index.php?/topic/11551-telerium-map-fixed/",
        "authorId": 6038,
        "position": [
            {
                "@type": "ListItem",
                "position": 1,
                "item": {
                    "@id": "https://lckb.dev/forum/index.php?/forum/258-release-zone/",
                    "name": "Release Zone"
                }
            },
            {
                "@type": "ListItem",
                "position": 2,
                "item": {
                    "@id": "https://lckb.dev/forum/index.php?/forum/325-episode-2-releases/",
                    "name": "Episode 2 Releases"
                }
            },
            {
                "@type": "ListItem",
                "position": 3,
                "item": {
                    "@id": "https://lckb.dev/forum/index.php?/forum/125-server-side/",
                    "name": "Server Side"
                }
            }
        ]
    },
    "commentData": [
        {
            "id": 88294,
            "timestamp": 1381503714,
            "author": {
                "id": 6038,
                "name": "RomainLastChaos",
                "image": null
            },
            "comment": "\n<p ><span style=\"font-family:'comic sans ms', cursive;\" ><span style=\"font-size:18px;\" ><span style=\"color:#ff0000;\" >Hello there are the Telerium map i have fixed spawm point today Enjoy</span></span></span></p>\n<p > </p>\n<p > </p>\n<p ><span style=\"font-family:'comic sans ms', cursive;\" ><span style=\"font-size:18px;\" ><span style=\"color:#ff0000;\" >( Important this map will replace Mystic Valley)</span></span></span></p>\n<p > </p>\n<p ><span style=\"font-family:'comic sans ms', cursive;\" ><span style=\"font-size:18px;\" ><span style=\"color:#ff0000;\" >( Important in some side of the maps cant summon monster and some other side we can)</span></span></span></p>\n<p > </p>\n<p ><span style=\"font-family:'comic sans ms', cursive;\" ><span style=\"font-size:18px;\" ><span style=\"color:#ff0000;\" >(any Fix of the bug from summon monster like sat or [CeNsOrEd] will be appreciated)</span></span></span></p>\n<p > </p>\n<p > </p>\n<p ><span style=\"font-family:'comic sans ms', cursive;\" ><span style=\"font-size:18px;\" ><span style=\"color:#0000ff;\" >ss -></span></span></span><a href=\"http://grabilla.com/03a0b-53e74b2b-0949-47b5-bd6f-d7bb1d16665a.html\" rel=\"external nofollow\" ><img alt=\"03a0b-53e74b2b-0949-47b5-bd6f-d7bb1d1666\" src=\"http://grabilla.com/03a0b-53e74b2b-0949-47b5-bd6f-d7bb1d16665a.png\" /></a></p>\n<p > </p>\n<p > </p>\n<p > </p>\n<p ><span style=\"font-family:'comic sans ms', cursive;\" ><span style=\"font-size:18px;\" ><span style=\"color:#00ff00;\" >Download ->  </span></span></span><a href=\"https://www.mediafire.com/download/a8yk0pr1mrj84fq/Telerium_Map_Fixed_by_Era.zip\" rel=\"external nofollow\" >http://www.mediafire.com/download/a8yk0pr1mrj84fq/Telerium_Map_Fixed_by_Era.zip</a></p>\n\n\n\t\t\t\n\t\t\t\t\n\n<span class=\"ipsType_reset ipsType_medium ipsType_light\" data-excludequote=\"None\" >\n\t<strong >Edited <time datetime=\"2013-10-14T08:43:39Z\" title=\"10/14/2013 08:43  AM\" data-short=\"7 yr\" >October 14, 2013</time> by Era</strong>\n\t\n\t\n</span>\n\t\t\t\n\t\t</div>"
        },
        {
            "id": 88408,
            "timestamp": 1381695701,
            "author": {
                "id": 1503,
                "name": "Paramount",
                "image": null
            },
            "comment": "\n<p ><span style=\"font-size:18px;\" >Approved by Paramount. </span></p>\n<p ><span style=\"font-size:18px;\" >Status:<span style=\"color:#008000;\" ><strong > clean. </strong></span></span></p>\n<p > </p>\n<p ><span style=\"font-size:18px;\" >What does it include:</span></p>\n<p ><img alt=\"spGPvMn.png\" src=\"https://i.imgur.com/spGPvMn.png\" /></p>\n"
        },
        {
            "id": 88412,
            "timestamp": 1381697049,
            "author": {
                "id": 13764,
                "name": "MrBuSta",
                "image": null
            },
            "comment": "<p >Thanks Very nice :D</p>"
        },
        {
            "id": 88414,
            "timestamp": 1381703154,
            "author": {
                "id": 2167,
                "name": "dethunter12",
                "image": null
            },
            "comment": "<p >i didnt know this map was public o.o</p>"
        },
        {
            "id": 88419,
            "timestamp": 1381715425,
            "author": {
                "id": 7263,
                "name": "SibaN",
                "image": null
            },
            "comment": "<p >it wase public on elitepvpers</p>"
        },
        {
            "id": 88421,
            "timestamp": 1381722623,
            "author": {
                "id": 17582,
                "name": "CDWriter",
                "image": null
            },
            "comment": "\n<p >This fix does not fix the issue of spawn;s dropping below the ground ?</p>\n<p > </p>\n<p >So looks good but you can not spawn in thing into this world ?  :(</p>\n"
        },
        {
            "id": 88425,
            "timestamp": 1381739645,
            "author": {
                "id": 6038,
                "name": "RomainLastChaos",
                "image": null
            },
            "comment": "<p >In some part of the maps you can see monster and summon monster but in some other parts of map i have see we cant summon i think probaly missing the correct sat and [CeNsOrEd] like same of Dratan 2005 but i think someone can got this files with the World editor</p>\n\n\t\t\t\n\t\t\t\t\n\n<span class=\"ipsType_reset ipsType_medium ipsType_light\" data-excludequote=\"None\" >\n\t<strong >Edited <time datetime=\"2013-10-14T08:34:32Z\" title=\"10/14/2013 08:34  AM\" data-short=\"7 yr\" >October 14, 2013</time> by Era</strong>\n\t\n\t\n</span>\n\t\t\t\n\t\t</div>"
        },
        {
            "id": 94745,
            "timestamp": 1388815609,
            "author": {
                "id": 19249,
                "name": "josepo",
                "image": null
            },
            "comment": "\n<p >not worth changing this map, since this whole bug</p>\n<p > </p>\n<p >and it is  replaced for Misty Canyon  </p>\n<p > </p>\n<p > </p>\n<p >seriously, not worth changing for this map</p>\n"
        }
    ]
}