{
    "meta": {
        "threadId": 11557,
        "threadName": "Little question please",
        "dateCreated": "2013-10-12T10:38:42+0000",
        "datePublished": "2013-10-12T10:38:42+0000",
        "pageCount": 1,
        "originalUrl": "https://lckb.dev/forum/index.php?/topic/11557-little-question-please/",
        "authorId": 19074,
        "position": [
            {
                "@type": "ListItem",
                "position": 1,
                "item": {
                    "@id": "https://lckb.dev/forum/index.php?/forum/100-guides-help-section/",
                    "name": "Guides &amp; Help Section"
                }
            },
            {
                "@type": "ListItem",
                "position": 2,
                "item": {
                    "@id": "https://lckb.dev/forum/index.php?/forum/335-help-support/",
                    "name": "Help &amp; Support"
                }
            },
            {
                "@type": "ListItem",
                "position": 3,
                "item": {
                    "@id": "https://lckb.dev/forum/index.php?/forum/44-ep1-support/",
                    "name": "Ep1 Support"
                }
            },
            {
                "@type": "ListItem",
                "position": 4,
                "item": {
                    "@id": "https://lckb.dev/forum/index.php?/forum/135-solved-topics/",
                    "name": "Solved Topics"
                }
            }
        ]
    },
    "commentData": [
        {
            "id": 88336,
            "timestamp": 1381574322,
            "author": {
                "id": 19074,
                "name": "Arnii",
                "image": null
            },
            "comment": "\n<p >Hello all, again me... I have two question and i hope you could answer them :)</p>\n<p > </p>\n<p >First how do i fix name in teleporter because atm, in my eteal teleporter my extreme juno exist but havent name (as you can see in this <a href=\"https://img6.imageshack.us/img6/4705/6w8a.jpg\" rel=\"external nofollow\" >imagine</a>)</p>\n<p > </p>\n<p >Second ) How do i found the offset for cap level, max upgrade because when i open my GS with the GS  Wizzatek editor v0.3 i dont see it...</p>\n<p > </p>\n<p >Thanks in advance,</p>\n<p > </p>\n<p >Arnii,</p>\n"
        },
        {
            "id": 88406,
            "timestamp": 1381691159,
            "author": {
                "id": 19074,
                "name": "Arnii",
                "image": null
            },
            "comment": "<p >Ok i found my my cap level/maxupgrade is in server.cfg</p>"
        },
        {
            "id": 88410,
            "timestamp": 1381695998,
            "author": {
                "id": 1503,
                "name": "Paramount",
                "image": null
            },
            "comment": "\n<p >Closed and moved.</p>\n<p > </p>\n<p >P.S. Nex time use more clean titles.</p>\n"
        }
    ]
}