{
    "meta": {
        "threadId": 11563,
        "threadName": "Help with event start",
        "dateCreated": "2013-10-12T21:30:56+0000",
        "datePublished": "2013-10-12T21:30:56+0000",
        "pageCount": 1,
        "originalUrl": "https://lckb.dev/forum/index.php?/topic/11563-help-with-event-start/",
        "authorId": 7041,
        "position": [
            {
                "@type": "ListItem",
                "position": 1,
                "item": {
                    "@id": "https://lckb.dev/forum/index.php?/forum/100-guides-help-section/",
                    "name": "Guides &amp; Help Section"
                }
            },
            {
                "@type": "ListItem",
                "position": 2,
                "item": {
                    "@id": "https://lckb.dev/forum/index.php?/forum/335-help-support/",
                    "name": "Help &amp; Support"
                }
            },
            {
                "@type": "ListItem",
                "position": 3,
                "item": {
                    "@id": "https://lckb.dev/forum/index.php?/forum/120-ep2-support/",
                    "name": "Ep2 Support"
                }
            },
            {
                "@type": "ListItem",
                "position": 4,
                "item": {
                    "@id": "https://lckb.dev/forum/index.php?/forum/134-solved-topics/",
                    "name": "Solved Topics"
                }
            }
        ]
    },
    "commentData": [
        {
            "id": 88363,
            "timestamp": 1381613456,
            "author": {
                "id": 7041,
                "name": "maggi",
                "image": null
            },
            "comment": "\n<p >Hi all</p>\n<p >I want to start the halloween event.</p>\n<p >I see in Database and enable it.</p>\n<p >I enable the 2 npc ( id 454 & 455 ) in t-npc</p>\n<p > </p>\n<p >Can someone say me how it works ?</p>\n<p >I dont see the Halloween NPCs at there spawnpoints.</p>\n<p > </p>\n<p >thx</p>\n<p >Maggi</p>\n"
        },
        {
            "id": 88364,
            "timestamp": 1381614975,
            "author": {
                "id": 1503,
                "name": "Paramount",
                "image": null
            },
            "comment": "\n<p > </p>\n<pre class=\"ipsCode prettyprint\" >t_npc_regen</pre>\n"
        },
        {
            "id": 88367,
            "timestamp": 1381616475,
            "author": {
                "id": 14868,
                "name": "Gambit",
                "image": null
            },
            "comment": "\n<p >Insert these tables and see, do not touch anything yet, put them in restart gameserver... in-game 2 events should be enabled, Pandora boxes and Halloween Event.</p>\n<p > </p>\n<p >It helped Era who was having same issue as you. :)</p>\n<p > </p>\n<p ><a href=\"https://www.mediafire.com/?8b3w1l6411v8kdy\" rel=\"external nofollow\" >here </a>n <a href=\"https://www.mediafire.com/?kbbcq866ldfjvqq\" rel=\"external nofollow\" >here</a></p>\n<p > </p>\n<p >download both and execute...</p>\n"
        },
        {
            "id": 88371,
            "timestamp": 1381629379,
            "author": {
                "id": 7041,
                "name": "maggi",
                "image": null
            },
            "comment": "\n<p >thx for this tipps but i have the id 454 and 455 in t_npc_regen.</p>\n<p >But i want to make what you say an test it :)</p>\n<p > </p>\n<p >is it so that all gameserver can make the halloween event or only a special gameserver....so like GS4 can BS/CS and GS1 can hexaeder ?</p>\n<p > </p>\n<p >ok...see you</p>\n<p >thx</p>\n<p >Maggi</p>\n"
        },
        {
            "id": 88373,
            "timestamp": 1381630702,
            "author": {
                "id": 7041,
                "name": "maggi",
                "image": null
            },
            "comment": "\n<p >i have import the to tables but its the same problem.</p>\n<p >i can see the enabled two events but dont see the npc 454 / 455</p>\n<p >I can port to \"go_npc 454 and 455 but i dont see the npc.</p>\n<p >yes i have a pumpkin head :)</p>\n<p >i have test it with usa gs.</p>\n<p >anyone a idea ?</p>\n<p > </p>\n<p >thx</p>\n<p >Maggi</p>\n"
        },
        {
            "id": 88375,
            "timestamp": 1381635814,
            "author": {
                "id": 14868,
                "name": "Gambit",
                "image": null
            },
            "comment": "<p >okay your problem is solved... you need to make sure Npc # 454 and 455 are in your client ( im sure they are ) but also check on DB side ( probably missing )</p>"
        },
        {
            "id": 88391,
            "timestamp": 1381658200,
            "author": {
                "id": 7041,
                "name": "maggi",
                "image": null
            },
            "comment": "\n<p >they are in db. Thats sure.</p>\n<p >No error display like \"npc not found\" and i can port me to one of npc 454 and 455.</p>\n<p >i will test now my client......</p>\n<p >thx for all your ideas</p>\n<p > </p>\n<p >Maggi</p>\n"
        },
        {
            "id": 88392,
            "timestamp": 1381658687,
            "author": {
                "id": 7041,
                "name": "maggi",
                "image": null
            },
            "comment": "\n<p >hey :bye:</p>\n<p > </p>\n<p >Your tipp was TOP</p>\n<p > </p>\n<p >My fault, the 2 NPC are not in my client.......with mob Editor npc 454 and 455 are EMPTY !!!</p>\n<p > </p>\n<p >thx alot</p>\n<p >Maggi</p>\n"
        },
        {
            "id": 88397,
            "timestamp": 1381672662,
            "author": {
                "id": null,
                "name": "Guest Johnny5",
                "image": null
            },
            "comment": "<p >Moderator closed because: Solved</p>"
        }
    ]
}