{
    "meta": {
        "threadId": 1156,
        "threadName": "Cs/mc ?",
        "dateCreated": "2011-10-26T18:35:41+0000",
        "datePublished": "2011-10-26T18:35:41+0000",
        "pageCount": 1,
        "originalUrl": "https://lckb.dev/forum/index.php?/topic/1156-csmc/",
        "authorId": 676,
        "position": [
            {
                "@type": "ListItem",
                "position": 1,
                "item": {
                    "@id": "https://lckb.dev/forum/index.php?/forum/271-general-section/",
                    "name": "General Section"
                }
            },
            {
                "@type": "ListItem",
                "position": 2,
                "item": {
                    "@id": "https://lckb.dev/forum/index.php?/forum/259-general-discussion/",
                    "name": "General Discussion"
                }
            }
        ]
    },
    "commentData": [
        {
            "id": 9276,
            "timestamp": 1319654141,
            "author": {
                "id": 676,
                "name": "xOutLawZ",
                "image": null
            },
            "comment": "\n<p >Hi,</p>\n<p > </p>\n<p >how can I start the wars on ep1 ? or add a yellow guildname ?</p>\n<p > </p>\n<p >anyone know it ?</p>\n"
        },
        {
            "id": 9279,
            "timestamp": 1319661638,
            "author": {
                "id": null,
                "name": "Guest Brainwash",
                "image": null
            },
            "comment": "<a href=\"https://pastebin.com/rHMrWg9Y\" rel=\"external nofollow\" >http://pastebin.com/rHMrWg9Y</a>"
        }
    ]
}