{
    "meta": {
        "threadId": 11560,
        "threadName": "Patch(crack) x360 S [4GB VER]",
        "dateCreated": "2013-10-12T15:22:31+0000",
        "datePublished": "2013-10-12T15:22:31+0000",
        "pageCount": 1,
        "originalUrl": "https://lckb.dev/forum/index.php?/topic/11560-patchcrack-x360-s-4gb-ver/",
        "authorId": 15306,
        "position": [
            {
                "@type": "ListItem",
                "position": 1,
                "item": {
                    "@id": "https://lckb.dev/forum/index.php?/forum/385-off-topic-the-outer-world/",
                    "name": "Off-Topic (The Outer World)"
                }
            },
            {
                "@type": "ListItem",
                "position": 2,
                "item": {
                    "@id": "https://lckb.dev/forum/index.php?/forum/219-consoles/",
                    "name": "Consoles"
                }
            },
            {
                "@type": "ListItem",
                "position": 3,
                "item": {
                    "@id": "https://lckb.dev/forum/index.php?/forum/220-xbox/",
                    "name": "Xbox"
                }
            }
        ]
    },
    "commentData": [
        {
            "id": 88351,
            "timestamp": 1381591351,
            "author": {
                "id": 15306,
                "name": "Noizy",
                "image": null
            },
            "comment": "\n<p >Hey,</p>\n<p >I thought that i knew how to patch xbox but my friend said that it need to open up whole xbox for that, is that right or i can patch* it just via from harddrive connect to pc, or i can write games from a pc to hard drive and then play? (Ofc when i`ll have 250GB :D)</p>\n<p > </p>\n<p >in patch i mean that force xbox read pirate discs</p>\n"
        },
        {
            "id": 88352,
            "timestamp": 1381593391,
            "author": {
                "id": 1503,
                "name": "Paramount",
                "image": null
            },
            "comment": "<p >Yes, you need to open up your xBox and drill a hardrive. </p>"
        },
        {
            "id": 88353,
            "timestamp": 1381593562,
            "author": {
                "id": 15306,
                "name": "Noizy",
                "image": null
            },
            "comment": "\n<blockquote data-ipsquote=\"\" class=\"ipsQuote\" data-ipsquote-contentcommentid=\"88352\" data-ipsquote-contentapp=\"forums\" data-ipsquote-contenttype=\"forums\" data-ipsquote-contentclass=\"forums_Topic\" data-ipsquote-contentid=\"11560\" data-ipsquote-username=\"Paramount\" data-cite=\"Paramount\" data-ipsquote-timestamp=\"1381593391\" ><div ><div ><p >Yes, you need to open up your xBox and drill a hardrive. </p></div></div></blockquote>\n<p >ye but i saw videos where guys install games on External USB Flash (Configured by xbox) and then i can install and play here? or game needs to be installed on xbox hdd? </p>\n"
        },
        {
            "id": 88697,
            "timestamp": 1382211148,
            "author": {
                "id": 15327,
                "name": "Lolek1PL",
                "image": null
            },
            "comment": "<p >You must install games on xbox hdd lol.</p>"
        }
    ]
}