{
    "meta": {
        "threadId": 11572,
        "threadName": "[GUIDE] How to Create your Owned Events",
        "dateCreated": "2013-10-14T15:43:00+0000",
        "datePublished": "2013-10-14T15:43:00+0000",
        "pageCount": 1,
        "originalUrl": "https://lckb.dev/forum/index.php?/topic/11572-guide-how-to-create-your-owned-events/",
        "authorId": 6038,
        "position": [
            {
                "@type": "ListItem",
                "position": 1,
                "item": {
                    "@id": "https://lckb.dev/forum/index.php?/forum/100-guides-help-section/",
                    "name": "Guides &amp; Help Section"
                }
            },
            {
                "@type": "ListItem",
                "position": 2,
                "item": {
                    "@id": "https://lckb.dev/forum/index.php?/forum/332-tutorials-guides/",
                    "name": "Tutorials &amp; Guides"
                }
            },
            {
                "@type": "ListItem",
                "position": 3,
                "item": {
                    "@id": "https://lckb.dev/forum/index.php?/forum/107-ep2-guides/",
                    "name": "Ep2 Guides"
                }
            }
        ]
    },
    "commentData": [
        {
            "id": 88442,
            "timestamp": 1381765380,
            "author": {
                "id": 6038,
                "name": "RomainLastChaos",
                "image": null
            },
            "comment": "\n<p ><span style=\"font-family:'comic sans ms', cursive;\" ><span style=\"font-size:18px;\" ><span style=\"font-size:24px;\" ><span style=\"color:#ff8c00;\" >Hello community today i have make an movie to show you how to create your owned event .</span></span></span></span><br /> <br /><span style=\"font-family:'comic sans ms', cursive;\" ><span style=\"font-size:18px;\" ><span style=\"font-size:24px;\" ><span style=\"color:#ff8c00;\" >(This tutorial event regarding the drop Box into all monsters</span></span></span></span><span style=\"font-family:'comic sans ms', cursive;\" ><span style=\"font-size:24px;\" ><span style=\"color:#ff8c00;\" >)</span></span></span><br /> <br /> <br /><span style=\"font-family:'comic sans ms', cursive;\" ><span style=\"font-size:24px;\" ><span style=\"color:#ff8c00;\" >if you have any suggestion or problem about the tutorial give me your Feedback</span></span></span></p>\n<p > </p>\n<p ><a href=\"https://www.youtube.com/watch?v=RZXNC42huho\" rel=\"external nofollow\" >http://www.youtube.com/watch?v=RZXNC42huho</a></p>\n"
        },
        {
            "id": 88450,
            "timestamp": 1381770997,
            "author": {
                "id": 7482,
                "name": "Creep",
                "image": null
            },
            "comment": "\n<p >nothing new to me but anyways a good tutorial</p>\n<p > </p>\n<p > </p>\n<p >PS: Am I the only one wants to know whats in \"EP3 Tools\" lulz</p>\n"
        },
        {
            "id": 88454,
            "timestamp": 1381773538,
            "author": {
                "id": 6038,
                "name": "RomainLastChaos",
                "image": null
            },
            "comment": "<p >That GUIDE is for who dont know i know some poeple know and some others dont ^^</p>"
        },
        {
            "id": 88455,
            "timestamp": 1381773616,
            "author": {
                "id": 7482,
                "name": "Creep",
                "image": null
            },
            "comment": "\n<p >yeah for sure ;)</p>\n<p > </p>\n<p >I will pm ya later cuz there is an easier way for that boxes and events ;)</p>\n"
        },
        {
            "id": 88791,
            "timestamp": 1382303077,
            "author": {
                "id": 15327,
                "name": "Lolek1PL",
                "image": null
            },
            "comment": "<p >Thats really easy, but good tutorial!</p>"
        },
        {
            "id": 88850,
            "timestamp": 1382388490,
            "author": {
                "id": 2167,
                "name": "dethunter12",
                "image": null
            },
            "comment": "<p >what is a_drop_idx?</p>"
        },
        {
            "id": 88878,
            "timestamp": 1382459922,
            "author": {
                "id": 6038,
                "name": "RomainLastChaos",
                "image": null
            },
            "comment": "<p >For me it was the index of my event</p>\n\n\t\t\t\n\t\t\t\t\n\n<span class=\"ipsType_reset ipsType_medium ipsType_light\" data-excludequote=\"None\" >\n\t<strong >Edited <time datetime=\"2013-10-22T16:39:56Z\" title=\"10/22/2013 04:39  PM\" data-short=\"7 yr\" >October 22, 2013</time> by Era</strong>\n\t\n\t\n</span>\n\t\t\t\n\t\t</div>"
        }
    ]
}