{
    "meta": {
        "threadId": 11580,
        "threadName": "problem with database",
        "dateCreated": "2013-10-15T03:03:03+0000",
        "datePublished": "2013-10-15T03:03:03+0000",
        "pageCount": 1,
        "originalUrl": "https://lckb.dev/forum/index.php?/topic/11580-problem-with-database/",
        "authorId": 7750,
        "position": [
            {
                "@type": "ListItem",
                "position": 1,
                "item": {
                    "@id": "https://lckb.dev/forum/index.php?/forum/100-guides-help-section/",
                    "name": "Guides &amp; Help Section"
                }
            },
            {
                "@type": "ListItem",
                "position": 2,
                "item": {
                    "@id": "https://lckb.dev/forum/index.php?/forum/335-help-support/",
                    "name": "Help &amp; Support"
                }
            },
            {
                "@type": "ListItem",
                "position": 3,
                "item": {
                    "@id": "https://lckb.dev/forum/index.php?/forum/120-ep2-support/",
                    "name": "Ep2 Support"
                }
            },
            {
                "@type": "ListItem",
                "position": 4,
                "item": {
                    "@id": "https://lckb.dev/forum/index.php?/forum/134-solved-topics/",
                    "name": "Solved Topics"
                }
            }
        ]
    },
    "commentData": [
        {
            "id": 88478,
            "timestamp": 1381806183,
            "author": {
                "id": 7750,
                "name": "camaro2683",
                "image": null
            },
            "comment": "<p >hi community i had a power outage and the computer i have the server on had the server running at the time of the power outage and now that the power is back on everytime i login to the client all the items i had in inventory on every characters are lost can someone tell me how i can fix it? is it a table in a database needing repaired or what is the problem and what can i do to fix it?</p>\n\n\t\t\t\n\t\t\t\t\n\n<span class=\"ipsType_reset ipsType_medium ipsType_light\" data-excludequote=\"None\" >\n\t<strong >Edited <time datetime=\"2013-10-15T03:58:23Z\" title=\"10/15/2013 03:58  AM\" data-short=\"7 yr\" >October 15, 2013</time> by camaro2683</strong>\n\t\n\t\n</span>\n\t\t\t\n\t\t</div>"
        },
        {
            "id": 88479,
            "timestamp": 1381807999,
            "author": {
                "id": 16931,
                "name": "Walletman987",
                "image": null
            },
            "comment": "<p >select all the tables, right click-->maintain-->Repair Tables-->Extended</p>"
        },
        {
            "id": 88480,
            "timestamp": 1381808392,
            "author": {
                "id": 7750,
                "name": "camaro2683",
                "image": null
            },
            "comment": "<p >@<a contenteditable=\"false\" data-ipshover=\"\" href=\"https://lckb.dev/forum/index.php?/profile/16931-walletman987/\" data-ipshover-target=\"https://lckb.dev/forum/index.php?/profile/16931-walletman987/&do=hovercard\" data-mentionid=\"16931\" rel=\"\" >@Walletman987</a> how to i select all tables</p>"
        },
        {
            "id": 88481,
            "timestamp": 1381808476,
            "author": {
                "id": 16931,
                "name": "Walletman987",
                "image": null
            },
            "comment": "<p >Ctrl+A </p>"
        },
        {
            "id": 88482,
            "timestamp": 1381809449,
            "author": {
                "id": 7750,
                "name": "camaro2683",
                "image": null
            },
            "comment": "<p >thank you walletman....problem solved i did what walletman said to do please close topic......i also noticed that a double post of this topic was posted it was on accident i apologize can someone close that one too please thank you :)</p>"
        }
    ]
}