{
    "meta": {
        "threadId": 11589,
        "threadName": "Vmware & windows VPS",
        "dateCreated": "2013-10-16T17:10:56+0000",
        "datePublished": "2013-10-16T17:10:56+0000",
        "pageCount": 1,
        "originalUrl": "https://lckb.dev/forum/index.php?/topic/11589-vmware-windows-vps/",
        "authorId": 7299,
        "position": [
            {
                "@type": "ListItem",
                "position": 1,
                "item": {
                    "@id": "https://lckb.dev/forum/index.php?/forum/271-general-section/",
                    "name": "General Section"
                }
            },
            {
                "@type": "ListItem",
                "position": 2,
                "item": {
                    "@id": "https://lckb.dev/forum/index.php?/forum/259-general-discussion/",
                    "name": "General Discussion"
                }
            }
        ]
    },
    "commentData": [
        {
            "id": 88539,
            "timestamp": 1381943456,
            "author": {
                "id": 7299,
                "name": "pv2_002",
                "image": null
            },
            "comment": "\n<p >Hello Everyone;</p>\n<p > </p>\n<p >I just wanted to know is there a possibility of making a ep2/3 server online, which is actually on VMware(Cetnos) , which actually  resides in my windows vps.</p>\n<p > </p>\n<p >Because i already have ep1 running on windows vps, so i installed vmware on the windows root-vps for ep2,but i tried few things, but i am unable to make it online!</p>\n<p > </p>\n<p >Thank You!!!</p>\n<p > </p>\n"
        },
        {
            "id": 88541,
            "timestamp": 1381945570,
            "author": {
                "id": 7695,
                "name": "CyberClaus",
                "image": null
            },
            "comment": "<p >it is possible, but it will overcharge your server, be aware of the usage of RAM and Processes</p>"
        },
        {
            "id": 88612,
            "timestamp": 1382064715,
            "author": {
                "id": 7299,
                "name": "pv2_002",
                "image": null
            },
            "comment": "\n<p >Thats Nice, thx for letting me know that, and no problem about ram and overpower :D</p>\n<p > </p>\n<p >do u have a guide or video(better), o i can know who to do it , can learn how it is works etc..</p>\n<p > </p>\n<p >Thank You!!!</p>\n"
        },
        {
            "id": 88628,
            "timestamp": 1382093025,
            "author": {
                "id": 7695,
                "name": "CyberClaus",
                "image": null
            },
            "comment": "<p >Every tutorial and such is right here in toxic-l33t.ddns.net, just look for it</p>"
        },
        {
            "id": 88841,
            "timestamp": 1382379597,
            "author": {
                "id": 7299,
                "name": "pv2_002",
                "image": null
            },
            "comment": "<p >K thank you, i will check them out</p>"
        }
    ]
}