{
    "meta": {
        "threadId": 11590,
        "threadName": "xyzh npc pls help",
        "dateCreated": "2013-10-16T18:11:34+0000",
        "datePublished": "2013-10-16T18:11:34+0000",
        "pageCount": 1,
        "originalUrl": "https://lckb.dev/forum/index.php?/topic/11590-xyzh-npc-pls-help/",
        "authorId": 18673,
        "position": [
            {
                "@type": "ListItem",
                "position": 1,
                "item": {
                    "@id": "https://lckb.dev/forum/index.php?/forum/100-guides-help-section/",
                    "name": "Guides &amp; Help Section"
                }
            },
            {
                "@type": "ListItem",
                "position": 2,
                "item": {
                    "@id": "https://lckb.dev/forum/index.php?/forum/335-help-support/",
                    "name": "Help &amp; Support"
                }
            },
            {
                "@type": "ListItem",
                "position": 3,
                "item": {
                    "@id": "https://lckb.dev/forum/index.php?/forum/44-ep1-support/",
                    "name": "Ep1 Support"
                }
            },
            {
                "@type": "ListItem",
                "position": 4,
                "item": {
                    "@id": "https://lckb.dev/forum/index.php?/forum/135-solved-topics/",
                    "name": "Solved Topics"
                }
            }
        ]
    },
    "commentData": [
        {
            "id": 88544,
            "timestamp": 1381947094,
            "author": {
                "id": 18673,
                "name": "Groby",
                "image": null
            },
            "comment": "\n<p >Hello i have a problem my npc is in the wall <span ><span >he shall</span> <span >stand up.</span></span></p>\n<p > </p>\n<p ><span ><span >can help me pls ? ty Groby <img alt=\"kxb3-r-02e7.jpg\" src=\"http://www.bilder-hochladen.net/files/big/kxb3-r-02e7.jpg\" /></span></span></p>\n"
        },
        {
            "id": 88545,
            "timestamp": 1381948598,
            "author": {
                "id": 13172,
                "name": "soryjero",
                "image": null
            },
            "comment": "<p >change coords of that npc</p>"
        },
        {
            "id": 88553,
            "timestamp": 1381953982,
            "author": {
                "id": 18673,
                "name": "Groby",
                "image": null
            },
            "comment": "\n<p >yes but .</p>\n<p > </p>\n<p >he should stand up but he falls through the object -.- no matter waht i type :kez_11:</p>\n"
        },
        {
            "id": 89523,
            "timestamp": 1383685175,
            "author": {
                "id": 15313,
                "name": "Whazzert...\u00c3\u00a2\u00e2\u201e\u00a2\u00c2\u00a5",
                "image": null
            },
            "comment": "<p >Use a right t_npc_regen for this Juno you use</p>"
        },
        {
            "id": 89532,
            "timestamp": 1383740644,
            "author": {
                "id": 2041,
                "name": "HateMe",
                "image": null
            },
            "comment": "<p >ylayer...</p>"
        },
        {
            "id": 89556,
            "timestamp": 1383817314,
            "author": {
                "id": 15522,
                "name": "mrhanswurst",
                "image": null
            },
            "comment": "<p >Edit:</p>\n\n\t\t\t\n\t\t\t\t\n\n<span class=\"ipsType_reset ipsType_medium ipsType_light\" data-excludequote=\"None\" >\n\t<strong >Edited <time datetime=\"2013-11-07T09:48:49Z\" title=\"11/07/2013 09:48  AM\" data-short=\"7 yr\" >November 7, 2013</time> by mrhanswurst</strong>\n\t\n\t\n</span>\n\t\t\t\n\t\t</div>"
        }
    ]
}