{
    "meta": {
        "threadId": 11606,
        "threadName": "[SOLVED]Problem with monster drops",
        "dateCreated": "2013-10-18T21:57:57+0000",
        "datePublished": "2013-10-18T21:57:57+0000",
        "pageCount": 1,
        "originalUrl": "https://lckb.dev/forum/index.php?/topic/11606-solvedproblem-with-monster-drops/",
        "authorId": 16931,
        "position": [
            {
                "@type": "ListItem",
                "position": 1,
                "item": {
                    "@id": "https://lckb.dev/forum/index.php?/forum/100-guides-help-section/",
                    "name": "Guides &amp; Help Section"
                }
            },
            {
                "@type": "ListItem",
                "position": 2,
                "item": {
                    "@id": "https://lckb.dev/forum/index.php?/forum/335-help-support/",
                    "name": "Help &amp; Support"
                }
            },
            {
                "@type": "ListItem",
                "position": 3,
                "item": {
                    "@id": "https://lckb.dev/forum/index.php?/forum/44-ep1-support/",
                    "name": "Ep1 Support"
                }
            },
            {
                "@type": "ListItem",
                "position": 4,
                "item": {
                    "@id": "https://lckb.dev/forum/index.php?/forum/135-solved-topics/",
                    "name": "Solved Topics"
                }
            }
        ]
    },
    "commentData": [
        {
            "id": 88649,
            "timestamp": 1382133477,
            "author": {
                "id": 16931,
                "name": "Walletman987",
                "image": null
            },
            "comment": "<p >Hey guys, Ive been having a problem with a bugged drop from mobs.  Whenever I kill a mob that I made, it would drop ONE gold coin, then like 1,000,000 gold coins.  If you pick up the one gold coin, it will decrease your gold by 17 million or something like that.  I tried resetting drops, repairing t_npc table, but nothing works.  Does anyone know whats wrong?</p>"
        },
        {
            "id": 88725,
            "timestamp": 1382261141,
            "author": {
                "id": 17582,
                "name": "CDWriter",
                "image": null
            },
            "comment": "<p >this bug is old ....its becuase you maxed out the drop level ....try not to go any higher then USA (base line) x15 .....our you get what your having above .......</p>"
        },
        {
            "id": 88906,
            "timestamp": 1382489259,
            "author": {
                "id": 16931,
                "name": "Walletman987",
                "image": null
            },
            "comment": "\n<blockquote data-ipsquote=\"\" class=\"ipsQuote\" data-ipsquote-contentcommentid=\"88725\" data-ipsquote-contentapp=\"forums\" data-ipsquote-contenttype=\"forums\" data-ipsquote-contentclass=\"forums_Topic\" data-ipsquote-contentid=\"11606\" data-ipsquote-username=\"CDWriter\" data-cite=\"CDWriter\" data-ipsquote-timestamp=\"1382261141\" ><div ><div ><p >this bug is old ....its becuase you maxed out the drop level ....try not to go any higher then USA (base line) x15 .....our you get what your having above .......</p></div></div></blockquote>\n<p >Alright, thanks.</p>\n"
        }
    ]
}