{
    "meta": {
        "threadId": 11616,
        "threadName": "Guild wait time",
        "dateCreated": "2013-10-19T18:34:35+0000",
        "datePublished": "2013-10-19T18:34:35+0000",
        "pageCount": 1,
        "originalUrl": "https://lckb.dev/forum/index.php?/topic/11616-guild-wait-time/",
        "authorId": 13764,
        "position": [
            {
                "@type": "ListItem",
                "position": 1,
                "item": {
                    "@id": "https://lckb.dev/forum/index.php?/forum/100-guides-help-section/",
                    "name": "Guides &amp; Help Section"
                }
            },
            {
                "@type": "ListItem",
                "position": 2,
                "item": {
                    "@id": "https://lckb.dev/forum/index.php?/forum/335-help-support/",
                    "name": "Help &amp; Support"
                }
            },
            {
                "@type": "ListItem",
                "position": 3,
                "item": {
                    "@id": "https://lckb.dev/forum/index.php?/forum/120-ep2-support/",
                    "name": "Ep2 Support"
                }
            },
            {
                "@type": "ListItem",
                "position": 4,
                "item": {
                    "@id": "https://lckb.dev/forum/index.php?/forum/134-solved-topics/",
                    "name": "Solved Topics"
                }
            }
        ]
    },
    "commentData": [
        {
            "id": 88686,
            "timestamp": 1382207675,
            "author": {
                "id": 13764,
                "name": "MrBuSta",
                "image": null
            },
            "comment": "\n<p >Hello all</p>\n<p > </p>\n<p >I want know how to make guild no wait time if peoples leave guild.</p>\n<p >Its possible to make it ?</p>\n\n\n\t\t\t\n\t\t\t\t\n\n<span class=\"ipsType_reset ipsType_medium ipsType_light\" data-excludequote=\"None\" >\n\t<strong >Edited <time datetime=\"2013-10-19T18:35:34Z\" title=\"10/19/2013 06:35  PM\" data-short=\"7 yr\" >October 19, 2013</time> by Adam1998i</strong>\n\t\n\t\n</span>\n\t\t\t\n\t\t</div>"
        },
        {
            "id": 88687,
            "timestamp": 1382208539,
            "author": {
                "id": 7482,
                "name": "Creep",
                "image": null
            },
            "comment": "<p >Thats I guess somewhere as a offset in the Gameserver</p>"
        },
        {
            "id": 88693,
            "timestamp": 1382210417,
            "author": {
                "id": 17432,
                "name": "Nymphetamine",
                "image": null
            },
            "comment": "<p >Its possible yea,it maybe in GS</p>"
        },
        {
            "id": 88711,
            "timestamp": 1382216088,
            "author": {
                "id": 13764,
                "name": "MrBuSta",
                "image": null
            },
            "comment": "<p >Someone have offset for it ?</p>"
        },
        {
            "id": 88724,
            "timestamp": 1382259229,
            "author": {
                "id": 10637,
                "name": "redbull",
                "image": null
            },
            "comment": "\n<p style=\"color:rgb(40,40,40);font-family:arial, helvetica, clean, sans-serif;\" >\u00c3\u00e2\u20ac\u2122: har -> t_characters -> (desing table).</p>\n<p style=\"color:rgb(40,40,40);font-family:arial, helvetica, clean, sans-serif;\" >   \u00c3\u00c2\u00a1\u00c3\u2018\u00e2\u20ac\u0161\u00c3\u2018\u00e2\u201a\u00ac\u00c3\u00c2\u00be\u00c3\u2018\u00e2\u20ac\u00a1\u00c3\u00c2\u00ba\u00c3\u00c2\u00b0: guildoutdate<br />   Type: tinyint<br />   Length: 1<br />   Decimals: 0</p>\n"
        },
        {
            "id": 88731,
            "timestamp": 1382266764,
            "author": {
                "id": 13764,
                "name": "MrBuSta",
                "image": null
            },
            "comment": "\n<blockquote data-ipsquote=\"\" class=\"ipsQuote\" data-ipsquote-contentcommentid=\"88724\" data-ipsquote-contentapp=\"forums\" data-ipsquote-contenttype=\"forums\" data-ipsquote-contentclass=\"forums_Topic\" data-ipsquote-contentid=\"11616\" data-ipsquote-username=\"redbull\" data-cite=\"redbull\" data-ipsquote-timestamp=\"1382259229\" ><div ><div >\n<p > </p>\n<p style=\"color:rgb(40,40,40);font-family:arial, helvetica, clean, sans-serif;\" >\u00c3\u00e2\u20ac\u2122: har -> t_characters -> (desing table).</p>\n<p style=\"color:rgb(40,40,40);font-family:arial, helvetica, clean, sans-serif;\" >   \u00c3\u00c2\u00a1\u00c3\u2018\u00e2\u20ac\u0161\u00c3\u2018\u00e2\u201a\u00ac\u00c3\u00c2\u00be\u00c3\u2018\u00e2\u20ac\u00a1\u00c3\u00c2\u00ba\u00c3\u00c2\u00b0: guildoutdate</p>\n<p >   Type: tinyint</p>\n<p >   Length: 1</p>\n<p >   Decimals: 0</p>\n<p > </p>\n</div></div></blockquote>\n<p >Thank you,Work Perfect :)</p>\n"
        },
        {
            "id": 88767,
            "timestamp": 1382295067,
            "author": {
                "id": 17432,
                "name": "Nymphetamine",
                "image": null
            },
            "comment": "\n<p >Closed and moved</p>\n<p > </p>\n<p >Regards,</p>\n<p >Nymphetamine</p>\n"
        }
    ]
}