{
    "meta": {
        "threadId": 11626,
        "threadName": "akantemple Mobs not moving",
        "dateCreated": "2013-10-21T04:11:36+0000",
        "datePublished": "2013-10-21T04:11:36+0000",
        "pageCount": 1,
        "originalUrl": "https://lckb.dev/forum/index.php?/topic/11626-akantemple-mobs-not-moving/",
        "authorId": 17582,
        "position": [
            {
                "@type": "ListItem",
                "position": 1,
                "item": {
                    "@id": "https://lckb.dev/forum/index.php?/forum/100-guides-help-section/",
                    "name": "Guides &amp; Help Section"
                }
            },
            {
                "@type": "ListItem",
                "position": 2,
                "item": {
                    "@id": "https://lckb.dev/forum/index.php?/forum/335-help-support/",
                    "name": "Help &amp; Support"
                }
            },
            {
                "@type": "ListItem",
                "position": 3,
                "item": {
                    "@id": "https://lckb.dev/forum/index.php?/forum/120-ep2-support/",
                    "name": "Ep2 Support"
                }
            },
            {
                "@type": "ListItem",
                "position": 4,
                "item": {
                    "@id": "https://lckb.dev/forum/index.php?/forum/134-solved-topics/",
                    "name": "Solved Topics"
                }
            }
        ]
    },
    "commentData": [
        {
            "id": 88798,
            "timestamp": 1382328696,
            "author": {
                "id": 17582,
                "name": "CDWriter",
                "image": null
            },
            "comment": "\n<p >Just as the topic says i have gone thru the  zonedata ...... looks like not a issue .......so any ideas would be great..........</p>\n<p > </p>\n"
        },
        {
            "id": 88802,
            "timestamp": 1382337124,
            "author": {
                "id": 7482,
                "name": "Creep",
                "image": null
            },
            "comment": "<p >when I had such a problem either the sat or [CeNsOrEd] was wrong, or the mobs hadnt had movearea in the t_npc ;)</p>"
        },
        {
            "id": 88842,
            "timestamp": 1382381624,
            "author": {
                "id": 17582,
                "name": "CDWriter",
                "image": null
            },
            "comment": "\n<p >@<a contenteditable=\"false\" data-ipshover=\"\" href=\"https://lckb.dev/forum/index.php?/profile/7482-creep/\" data-ipshover-target=\"https://lckb.dev/forum/index.php?/profile/7482-creep/&do=hovercard\" data-mentionid=\"7482\" rel=\"\" >@Creep</a></p>\n<p > </p>\n<p >thanks Creep .....for the reply ......but sorry to say neither of it worked.....  </p>\n<p > </p>\n<p >Hopefully someone else has so inSite..</p>\n<p > </p>\n<p > </p>\n<p >What makes the mobs move? what tables ? always thought it was in t_npc ..... but when you spawn mobs at the arena they work great ...... but in the temple they just stand there......</p>\n\n\n\t\t\t\n\t\t\t\t\n\n<span class=\"ipsType_reset ipsType_medium ipsType_light\" data-excludequote=\"None\" >\n\t<strong >Edited <time datetime=\"2013-10-21T18:58:20Z\" title=\"10/21/2013 06:58  PM\" data-short=\"7 yr\" >October 21, 2013</time> by CDWriter</strong>\n\t\n\t\n</span>\n\t\t\t\n\t\t</div>"
        },
        {
            "id": 88846,
            "timestamp": 1382386886,
            "author": {
                "id": 7482,
                "name": "Creep",
                "image": null
            },
            "comment": "<p >Did you changed anything ? maybe u will just need to set another hightmap</p>"
        },
        {
            "id": 88855,
            "timestamp": 1382395478,
            "author": {
                "id": 17582,
                "name": "CDWriter",
                "image": null
            },
            "comment": "<p >And that would be ?  Since i still hace not figured out maps our sat and [CeNsOrEd] very well</p>"
        },
        {
            "id": 88887,
            "timestamp": 1382467116,
            "author": {
                "id": 161,
                "name": "Koko",
                "image": null
            },
            "comment": "<p >Mmm you sure the zonedata table is alright? Idk, maybe the flag/zone_num is wrong and causes this (im sure sure at all, ive never really looked into those fields)</p>"
        },
        {
            "id": 88904,
            "timestamp": 1382481983,
            "author": {
                "id": 17582,
                "name": "CDWriter",
                "image": null
            },
            "comment": "\n<p >Hmm last for when i fixed chaple it was size if map in zonr data i compared it to offical data release us how i found that ....but this one is the same as data ..ill guess ill play around with zone data ....not sure ....</p>\n<p > </p>\n<p >Thanks koko</p>\n"
        },
        {
            "id": 88905,
            "timestamp": 1382482549,
            "author": {
                "id": 17582,
                "name": "CDWriter",
                "image": null
            },
            "comment": "<p >And if i change zone data then all of regen, regen_raid would all need changed is why i have not changed zone id yet</p>"
        },
        {
            "id": 88915,
            "timestamp": 1382517897,
            "author": {
                "id": 7482,
                "name": "Creep",
                "image": null
            },
            "comment": "<p >so you changed akan to another zoen id? this could cause serious trouble if you changed raid_regen to a zone which isnt really a raid</p>"
        },
        {
            "id": 88934,
            "timestamp": 1382548658,
            "author": {
                "id": 17582,
                "name": "CDWriter",
                "image": null
            },
            "comment": "<p >NO you can change it but there is too many issue for changing it ...so @<a contenteditable=\"false\" data-ipshover=\"\" href=\"https://lckb.dev/forum/index.php?/profile/7482-creep/\" data-ipshover-target=\"https://lckb.dev/forum/index.php?/profile/7482-creep/&do=hovercard\" data-mentionid=\"7482\" rel=\"\" >@Creep</a> NO i would not ....need to fix this issue...</p>"
        },
        {
            "id": 88939,
            "timestamp": 1382557318,
            "author": {
                "id": 7482,
                "name": "Creep",
                "image": null
            },
            "comment": "<p >well I got my VM set up agian, after my old one got stuck, if Iam lucky I can test it this evening ;)</p>"
        },
        {
            "id": 88948,
            "timestamp": 1382608125,
            "author": {
                "id": 7482,
                "name": "Creep",
                "image": null
            },
            "comment": "\n<p >I tested it yesterday after I got my VM back ready,</p>\n<p > </p>\n<p >I had had the same problem, but the corious thing is, after the first boss spawned every single mob was moving</p>\n"
        },
        {
            "id": 88956,
            "timestamp": 1382623609,
            "author": {
                "id": 17858,
                "name": "Canton",
                "image": null
            },
            "comment": "\n<p >Check the Logs of the GS.. are there Raid Regen Errors?</p>\n<p >Than fix t_raid_data, raid_object_data, raid_object_list or raid_zone_data.. or the simple way, get the tables from another DB. xD</p>\n<p >Some tables are missing records. I had the same problem with public 777-Files and zone 12, personal dungeon.</p>\n\n\n\t\t\t\n\t\t\t\t\n\n<span class=\"ipsType_reset ipsType_medium ipsType_light\" data-excludequote=\"None\" >\n\t<strong >Edited <time datetime=\"2013-10-24T14:22:52Z\" title=\"10/24/2013 02:22  PM\" data-short=\"7 yr\" >October 24, 2013</time> by Canton</strong>\n\t\n\t\n</span>\n\t\t\t\n\t\t</div>"
        },
        {
            "id": 88985,
            "timestamp": 1382656958,
            "author": {
                "id": 17582,
                "name": "CDWriter",
                "image": null
            },
            "comment": "\n<p >@<a contenteditable=\"false\" data-ipshover=\"\" href=\"https://lckb.dev/forum/index.php?/profile/17858-canton/\" data-ipshover-target=\"https://lckb.dev/forum/index.php?/profile/17858-canton/&do=hovercard\" data-mentionid=\"17858\" rel=\"\" >@Canton</a></p>\n<p > </p>\n<p >i have all the tables but still not sure mobs still stand there are you willing to share ..... PM me a link if you please</p>\n<p > </p>\n<p >and there is no errore when server loads zone 36 .... Mobs just dont Move but are attackable .........</p>\n<p > </p>\n<p >SYSTEM > 36 :  :  Load NpcRegenRaidList()</p>\n<p >SYSTEM > Shop Loading Zone 36</p>\n<p > </p>\n<p > </p>\n<p ><img alt=\"5rpg.jpg\" src=\"https://img571.imageshack.us/img571/382/5rpg.jpg\" />[</p>\n<p > </p>\n<p >and attackable ......just dont ????????????????????????????</p>\n<p > </p>\n<p >Last resort hey @<a contenteditable=\"false\" data-ipshover=\"\" href=\"https://lckb.dev/forum/index.php?/profile/2-wizatek/\" data-ipshover-target=\"https://lckb.dev/forum/index.php?/profile/2-wizatek/&do=hovercard\" data-mentionid=\"2\" rel=\"\" >@Wizatek</a> any ideas</p>\n\n\n\t\t\t\n\t\t\t\t\n\n<span class=\"ipsType_reset ipsType_medium ipsType_light\" data-excludequote=\"None\" >\n\t<strong >Edited <time datetime=\"2013-10-25T05:30:21Z\" title=\"10/25/2013 05:30  AM\" data-short=\"7 yr\" >October 25, 2013</time> by CDWriter</strong>\n\t\n\t\n</span>\n\t\t\t\n\t\t</div>"
        },
        {
            "id": 88989,
            "timestamp": 1382682151,
            "author": {
                "id": 7482,
                "name": "Creep",
                "image": null
            },
            "comment": "<p >Kije I said hit the first boss and its workin</p>"
        },
        {
            "id": 88993,
            "timestamp": 1382688561,
            "author": {
                "id": 17582,
                "name": "CDWriter",
                "image": null
            },
            "comment": "<p >@<a contenteditable=\"false\" data-ipshover=\"\" href=\"https://lckb.dev/forum/index.php?/profile/7482-creep/\" data-ipshover-target=\"https://lckb.dev/forum/index.php?/profile/7482-creep/&do=hovercard\" data-mentionid=\"7482\" rel=\"\" >@Creep</a> not even close ....hit KILLED first boss stilll nothing ..</p>"
        },
        {
            "id": 88994,
            "timestamp": 1382689223,
            "author": {
                "id": 7482,
                "name": "Creep",
                "image": null
            },
            "comment": "\n<p >well then idk, maybe its because of the connector either</p>\n<p > </p>\n<p >do u got all channels running?</p>\n"
        },
        {
            "id": 89033,
            "timestamp": 1382723346,
            "author": {
                "id": 17582,
                "name": "CDWriter",
                "image": null
            },
            "comment": "<p >just have this channel 3 running since its never online ...</p>"
        },
        {
            "id": 89039,
            "timestamp": 1382731288,
            "author": {
                "id": 7482,
                "name": "Creep",
                "image": null
            },
            "comment": "<p >run channel 1 and 2 too</p>"
        },
        {
            "id": 89050,
            "timestamp": 1382755907,
            "author": {
                "id": 17582,
                "name": "CDWriter",
                "image": null
            },
            "comment": "\n<p ><img alt=\"v89x.png\" src=\"https://img822.imageshack.us/img822/6492/v89x.png\" /></p>\n<p > </p>\n<p >Does this error has something to do with it? anyone understand this code error?</p>\n"
        },
        {
            "id": 89057,
            "timestamp": 1382769994,
            "author": {
                "id": 7482,
                "name": "Creep",
                "image": null
            },
            "comment": "<p >when does this errorcode was thrown?</p>"
        },
        {
            "id": 89114,
            "timestamp": 1382827819,
            "author": {
                "id": 17582,
                "name": "CDWriter",
                "image": null
            },
            "comment": "<p >while joining party as it shows </p>"
        },
        {
            "id": 89115,
            "timestamp": 1382829764,
            "author": {
                "id": 7482,
                "name": "Creep",
                "image": null
            },
            "comment": "\n<p >I basicly had probs to to do a expedition with your RougeMe</p>\n<p >idk why</p>\n"
        },
        {
            "id": 89117,
            "timestamp": 1382834162,
            "author": {
                "id": 18226,
                "name": "OldHM",
                "image": null
            },
            "comment": "\n<blockquote data-ipsquote=\"\" class=\"ipsQuote\" data-ipsquote-contentcommentid=\"89050\" data-ipsquote-contentapp=\"forums\" data-ipsquote-contenttype=\"forums\" data-ipsquote-contentclass=\"forums_Topic\" data-ipsquote-contentid=\"11626\" data-ipsquote-username=\"CDWriter\" data-cite=\"CDWriter\" data-ipsquote-timestamp=\"1382755907\" ><div ><div >\n<p ><img alt=\"v89x.png\" src=\"https://img822.imageshack.us/img822/6492/v89x.png\" /></p>\n<p > </p>\n<p >Does this error has something to do with it? anyone understand this code error?</p>\n</div></div></blockquote>\n<p > </p>\n<p >Character test 2 has something with an Party to do, Thats what i can read out of this code. Guess id 35 did party with 41</p>\n<p >If im not right corrrect me</p>\n<p >Or else it could be id 35 and 41 party failed</p>\n"
        },
        {
            "id": 89169,
            "timestamp": 1382937098,
            "author": {
                "id": 17582,
                "name": "CDWriter",
                "image": null
            },
            "comment": "<p >Thanks for all the reply sp far Same issue regaurdless of the error above ...... AkanTemple mobs are there just not attackable </p>"
        },
        {
            "id": 91377,
            "timestamp": 1386259836,
            "author": {
                "id": 588,
                "name": "Natzn",
                "image": null
            },
            "comment": "\n<p >I have the same problem that the mobs dont move and do not attack.</p>\n<p >Still no one knows a solution?</p>\n<p > </p>\n<p >Regards</p>\n<p >Natzn</p>\n"
        }
    ]
}