{
    "meta": {
        "threadId": 11634,
        "threadName": "Webhoster issue (apparence website)",
        "dateCreated": "2013-10-22T13:38:53+0000",
        "datePublished": "2013-10-22T13:38:53+0000",
        "pageCount": 1,
        "originalUrl": "https://lckb.dev/forum/index.php?/topic/11634-webhoster-issue-apparence-website/",
        "authorId": 19074,
        "position": [
            {
                "@type": "ListItem",
                "position": 1,
                "item": {
                    "@id": "https://lckb.dev/forum/index.php?/forum/100-guides-help-section/",
                    "name": "Guides &amp; Help Section"
                }
            },
            {
                "@type": "ListItem",
                "position": 2,
                "item": {
                    "@id": "https://lckb.dev/forum/index.php?/forum/335-help-support/",
                    "name": "Help &amp; Support"
                }
            },
            {
                "@type": "ListItem",
                "position": 3,
                "item": {
                    "@id": "https://lckb.dev/forum/index.php?/forum/44-ep1-support/",
                    "name": "Ep1 Support"
                }
            },
            {
                "@type": "ListItem",
                "position": 4,
                "item": {
                    "@id": "https://lckb.dev/forum/index.php?/forum/135-solved-topics/",
                    "name": "Solved Topics"
                }
            }
        ]
    },
    "commentData": [
        {
            "id": 88871,
            "timestamp": 1382449133,
            "author": {
                "id": 19074,
                "name": "Arnii",
                "image": null
            },
            "comment": "\n<p >Hello all, so my problem is that, since i use webhoster for my website i got an issue as you can see here <a href=\"http://www.shadowlc.com/index.php?page=1\" rel=\"external nofollow\" >http://www.shadowlc.com/index.php?page=1</a>   When its with xampp its working fine   i havent change anything, just setting.php I have been upload image etc.... So if someone got any idea about it?please</p>\n<p > </p>\n<p >Thanks in advance,</p>\n"
        },
        {
            "id": 88879,
            "timestamp": 1382460286,
            "author": {
                "id": 324,
                "name": "vavan",
                "image": null
            },
            "comment": "<p ><a href=\"https://dev.mysql.com/doc/refman/5.5/en/adding-users.html\" rel=\"external nofollow\" >http://dev.mysql.com/doc/refman/5.5/en/adding-users.html</a></p>"
        },
        {
            "id": 88910,
            "timestamp": 1382500685,
            "author": {
                "id": 2,
                "name": "Wizatek",
                "image": null
            },
            "comment": "<p >There are a lot of webhosters that dont allow you to connect to a external mysql server</p>"
        },
        {
            "id": 88916,
            "timestamp": 1382522285,
            "author": {
                "id": 19074,
                "name": "Arnii",
                "image": null
            },
            "comment": "<p >Issue isnt with mySql it work fine,its just that it doesnt show template and so..Like my website page are white as you can see on the link here <a href=\"http://www.shadowlc.com/index.php?page=1\" rel=\"external nofollow\" >http://www.shadowlc.com/index.php?page=1</a></p>"
        },
        {
            "id": 88949,
            "timestamp": 1382614217,
            "author": {
                "id": 2,
                "name": "Wizatek",
                "image": null
            },
            "comment": "\n<p ><a data-ipb=\"nomediaparse\" href=\"http://www.shadowlc.com/css/style.css\" rel=\"external nofollow\" >http://www.shadowlc.com/css/style.css</a></p>\n<p > </p>\tNot Found<p ><span style=\"color:rgb(0,0,0);font-family:Times New Roman;font-size:medium;\" >The requested document was not found on this server.</span></p>\n<p style=\"color:rgb(0,0,0);font-family:Times New Roman;font-size:medium;\" > </p>\tWeb Server at shadowlc.com"
        },
        {
            "id": 88953,
            "timestamp": 1382622059,
            "author": {
                "id": 19074,
                "name": "Arnii",
                "image": null
            },
            "comment": "<p >hmm it mean i need to create a folder called css/style.css? :x</p>"
        },
        {
            "id": 88959,
            "timestamp": 1382628775,
            "author": {
                "id": 2,
                "name": "Wizatek",
                "image": null
            },
            "comment": "<p >Well your website is looking for style.css in the folder css</p>"
        },
        {
            "id": 88962,
            "timestamp": 1382629796,
            "author": {
                "id": 19074,
                "name": "Arnii",
                "image": null
            },
            "comment": "<p >Weird because it working fine on xampp without have to change anything so i upload as it was on xampp to my webhoster</p>"
        },
        {
            "id": 88996,
            "timestamp": 1382694072,
            "author": {
                "id": 2,
                "name": "Wizatek",
                "image": null
            },
            "comment": "\n<p >Its not weird. Its what is said in the html code :p</p>\n<p >It needs css/style.css and some other files</p>\n"
        },
        {
            "id": 88997,
            "timestamp": 1382695888,
            "author": {
                "id": 19074,
                "name": "Arnii",
                "image": null
            },
            "comment": "\n<p >Haha yes Wizatek :) I got that folder but it was in wrong place lol so i just deplace it and now it work fine :D <a href=\"http://www.shadowlc.com/index.php?page=1\" rel=\"external nofollow\" >http://www.shadowlc.com/index.php?page=1</a></p>\n<p > </p>\n<p > </p>\n<p >Thanks again :) </p>\n<p > </p>\n<p >Topic can be closed as i just solve it :)</p>\n"
        },
        {
            "id": 89000,
            "timestamp": 1382698029,
            "author": {
                "id": 18226,
                "name": "OldHM",
                "image": null
            },
            "comment": "<p >Closed, because its Solved.</p>"
        }
    ]
}