{
    "meta": {
        "threadId": 11643,
        "threadName": "Server Files and Client Old",
        "dateCreated": "2013-10-23T17:10:20+0000",
        "datePublished": "2013-10-23T17:10:20+0000",
        "pageCount": 1,
        "originalUrl": "https://lckb.dev/forum/index.php?/topic/11643-server-files-and-client-old/",
        "authorId": 6038,
        "position": [
            {
                "@type": "ListItem",
                "position": 1,
                "item": {
                    "@id": "https://lckb.dev/forum/index.php?/forum/258-release-zone/",
                    "name": "Release Zone"
                }
            },
            {
                "@type": "ListItem",
                "position": 2,
                "item": {
                    "@id": "https://lckb.dev/forum/index.php?/forum/324-episode-1-releases/",
                    "name": "Episode 1 Releases"
                }
            },
            {
                "@type": "ListItem",
                "position": 3,
                "item": {
                    "@id": "https://lckb.dev/forum/index.php?/forum/41-server-side/",
                    "name": "Server Side"
                }
            }
        ]
    },
    "commentData": [
        {
            "id": 88932,
            "timestamp": 1382548220,
            "author": {
                "id": 6038,
                "name": "RomainLastChaos",
                "image": null
            },
            "comment": "\n<p >Hello there are one release with ep1 files when im using this on my ep1 it look like 2 years ago xD good Luck with</p>\n<p > </p>\n<p > </p>\n<p >Server : files  <a href=\"https://www.4shared.com/rar/SIHLE5eU/Evolution_SERVER_FILES.html\" rel=\"external nofollow\" >http://www.4shared.com/rar/SIHLE5eU/Evolution_SERVER_FILES.html</a></p>\n<p > </p>\n<p > </p>\n<p >Client :  <a href=\"https://www.4shared.com/file/CNZjoIei/Evolution_Is_Back.html\" rel=\"external nofollow\" >http://www.4shared.com/file/CNZjoIei/Evolution_Is_Back.html</a></p>\n"
        },
        {
            "id": 88933,
            "timestamp": 1382548635,
            "author": {
                "id": 18226,
                "name": "OldHM",
                "image": null
            },
            "comment": "<p >Release Approved by Mendozza : Status <strong ><span style=\"color:#00ff00;\" >Clean</span></strong></p>"
        },
        {
            "id": 88947,
            "timestamp": 1382596265,
            "author": {
                "id": 8659,
                "name": "BayBay",
                "image": null
            },
            "comment": "<p >Details Please?</p>"
        }
    ]
}