{
    "meta": {
        "threadId": 11655,
        "threadName": "Cannot connect to login server",
        "dateCreated": "2013-10-25T17:40:16+0000",
        "datePublished": "2013-10-25T17:40:16+0000",
        "pageCount": 1,
        "originalUrl": "https://lckb.dev/forum/index.php?/topic/11655-cannot-connect-to-login-server/",
        "authorId": 19278,
        "position": [
            {
                "@type": "ListItem",
                "position": 1,
                "item": {
                    "@id": "https://lckb.dev/forum/index.php?/forum/100-guides-help-section/",
                    "name": "Guides &amp; Help Section"
                }
            },
            {
                "@type": "ListItem",
                "position": 2,
                "item": {
                    "@id": "https://lckb.dev/forum/index.php?/forum/335-help-support/",
                    "name": "Help &amp; Support"
                }
            },
            {
                "@type": "ListItem",
                "position": 3,
                "item": {
                    "@id": "https://lckb.dev/forum/index.php?/forum/120-ep2-support/",
                    "name": "Ep2 Support"
                }
            },
            {
                "@type": "ListItem",
                "position": 4,
                "item": {
                    "@id": "https://lckb.dev/forum/index.php?/forum/134-solved-topics/",
                    "name": "Solved Topics"
                }
            }
        ]
    },
    "commentData": [
        {
            "id": 89032,
            "timestamp": 1382722816,
            "author": {
                "id": 19278,
                "name": "Neroth",
                "image": null
            },
            "comment": "\n<p >Hey guys,</p>\n<p > </p>\n<p >I have a little problem with my ep2 server. I put up databases and all dat [CeNsOrEd] and changed the ips. I did everything I can and now I dont know what to do. It would be great if someone could offer me personal help via TeamViewer or skype or anything else. Thank you guys and I hope you can help me.</p>\n"
        },
        {
            "id": 89040,
            "timestamp": 1382731537,
            "author": {
                "id": 7482,
                "name": "Creep",
                "image": null
            },
            "comment": "<p >turned off firewall?</p>"
        },
        {
            "id": 89209,
            "timestamp": 1383125439,
            "author": {
                "id": 19278,
                "name": "Neroth",
                "image": null
            },
            "comment": "<p >Yes I checked the firewall. Its turned off</p>"
        },
        {
            "id": 89210,
            "timestamp": 1383131937,
            "author": {
                "id": 18312,
                "name": "Assasin",
                "image": null
            },
            "comment": "\n<p >Try Settings in</p>\n<p >newstorm.bin</p>\n<p >Check port</p>\n<p >and open this port you VPS</p>\n"
        },
        {
            "id": 89230,
            "timestamp": 1383172229,
            "author": {
                "id": 19278,
                "name": "Neroth",
                "image": null
            },
            "comment": "<p >I want to use Hamachi for playing on the server. Do you need to do something with the ports there too? Someone told me if I use Hamachi I dont need to check Ports.<br /><br />\u00c3\u00a2\u00e2\u20ac\u0161\u00c2\u00acdit: If I want to use a root server for making my server public, where should I host it? Which country is suited best for it and if you know could someone please give me a page where I can rent one?</p>\n\n\t\t\t\n\t\t\t\t\n\n<span class=\"ipsType_reset ipsType_medium ipsType_light\" data-excludequote=\"None\" >\n\t<strong >Edited <time datetime=\"2013-10-30T22:45:24Z\" title=\"10/30/2013 10:45  PM\" data-short=\"7 yr\" >October 30, 2013</time> by Neroth</strong>\n\t\n\t\n</span>\n\t\t\t\n\t\t</div>"
        },
        {
            "id": 89677,
            "timestamp": 1383945361,
            "author": {
                "id": 17858,
                "name": "Canton",
                "image": null
            },
            "comment": "\n<blockquote data-ipsquote=\"\" class=\"ipsQuote\" data-ipsquote-contentcommentid=\"89040\" data-ipsquote-contentapp=\"forums\" data-ipsquote-contenttype=\"forums\" data-ipsquote-contentclass=\"forums_Topic\" data-ipsquote-contentid=\"11655\" data-ipsquote-username=\"Creep\" data-cite=\"Creep\" data-ipsquote-timestamp=\"1382731537\" ><div ><div ><p >turned off firewall?</p></div></div></blockquote>\n<p >WTF?</p>\n<p >Nobody makes that.</p>\n<p > </p>\n<p >To make a hole in the Firewall, login as superuser and open the ports of your loginserver, and gameservers..</p>\n<p > </p>\n<p >with this Command:</p>\n<p >iptables -I INPUT -m tcp -p tcp --dport <port > -j ACCEPT</port></p>\n<p > </p>\n<p >config the iptables-service:</p>\n<p >vi /etc/init.d/iptables</p>\n<p >press \"i\" for the insert-Mode</p>\n<p >and change</p>\n<p >iptables_unload \"yes\" to</p>\n<p >iptables_unload \"no\"</p>\n<p >press ESC to leave the insert-mode</p>\n<p >and :wq + Enter to save the config</p>\n<p > </p>\n<p >save the rules:</p>\n<p >service iptables save</p>\n<p > </p>\n<p >and now restart:</p>\n<p >service iptables restart</p>\n<p > </p>\n<p >thats all :) very simple... you dont need to unable iptables.</p>\n"
        }
    ]
}