{
    "meta": {
        "threadId": 11657,
        "threadName": "Ep1 Details",
        "dateCreated": "2013-10-26T04:04:51+0000",
        "datePublished": "2013-10-26T04:04:51+0000",
        "pageCount": 1,
        "originalUrl": "https://lckb.dev/forum/index.php?/topic/11657-ep1-details/",
        "authorId": 8659,
        "position": [
            {
                "@type": "ListItem",
                "position": 1,
                "item": {
                    "@id": "https://lckb.dev/forum/index.php?/forum/100-guides-help-section/",
                    "name": "Guides &amp; Help Section"
                }
            },
            {
                "@type": "ListItem",
                "position": 2,
                "item": {
                    "@id": "https://lckb.dev/forum/index.php?/forum/335-help-support/",
                    "name": "Help &amp; Support"
                }
            },
            {
                "@type": "ListItem",
                "position": 3,
                "item": {
                    "@id": "https://lckb.dev/forum/index.php?/forum/44-ep1-support/",
                    "name": "Ep1 Support"
                }
            },
            {
                "@type": "ListItem",
                "position": 4,
                "item": {
                    "@id": "https://lckb.dev/forum/index.php?/forum/135-solved-topics/",
                    "name": "Solved Topics"
                }
            }
        ]
    },
    "commentData": [
        {
            "id": 89051,
            "timestamp": 1382760291,
            "author": {
                "id": 8659,
                "name": "BayBay",
                "image": null
            },
            "comment": "\n<p >Since im currently working on my ep1 server im trying to make it fun</p>\n<p > </p>\n<p >What were the maps that existed in ep1 and which didnt?</p>\n<p > </p>\n<p >I remember these:</p>\n<p > </p>\n<p >-Juno</p>\n<p >-Merac</p>\n<p >-Egeha</p>\n<p >-Strayana</p>\n<p > </p>\n<p >What about the dungeon/caves</p>\n<p > </p>\n<p >Which existed back in the days? </p>\n"
        },
        {
            "id": 89053,
            "timestamp": 1382766097,
            "author": {
                "id": 16931,
                "name": "Walletman987",
                "image": null
            },
            "comment": "<p >Margudum?</p>"
        },
        {
            "id": 89062,
            "timestamp": 1382776947,
            "author": {
                "id": 7695,
                "name": "CyberClaus",
                "image": null
            },
            "comment": "<p >Caves, back in the days, where Velpist in Juno, Prokion in Dratan, and Margadum in Merac! And thats it, Strayana first started with no cave open, although existed 3 planned! There was also the Forgetfulness Temple, but not as raid like now.</p>"
        },
        {
            "id": 89064,
            "timestamp": 1382778387,
            "author": {
                "id": 161,
                "name": "Koko",
                "image": null
            },
            "comment": "\n<p >Zones 31- = Ep1</p>\n<p >Zones 32+ = Ep2</p>\n"
        },
        {
            "id": 90275,
            "timestamp": 1384688838,
            "author": {
                "id": 3680,
                "name": "Kotetsu",
                "image": null
            },
            "comment": "<p >i remember the caves on strayanna.. Much fun o,o. </p>"
        }
    ]
}