{
    "meta": {
        "threadId": 11663,
        "threadName": "How to Enable NON-PVP",
        "dateCreated": "2013-10-26T15:47:41+0000",
        "datePublished": "2013-10-26T15:47:41+0000",
        "pageCount": 1,
        "originalUrl": "https://lckb.dev/forum/index.php?/topic/11663-how-to-enable-non-pvp/",
        "authorId": 18226,
        "position": [
            {
                "@type": "ListItem",
                "position": 1,
                "item": {
                    "@id": "https://lckb.dev/forum/index.php?/forum/100-guides-help-section/",
                    "name": "Guides &amp; Help Section"
                }
            },
            {
                "@type": "ListItem",
                "position": 2,
                "item": {
                    "@id": "https://lckb.dev/forum/index.php?/forum/335-help-support/",
                    "name": "Help &amp; Support"
                }
            },
            {
                "@type": "ListItem",
                "position": 3,
                "item": {
                    "@id": "https://lckb.dev/forum/index.php?/forum/120-ep2-support/",
                    "name": "Ep2 Support"
                }
            },
            {
                "@type": "ListItem",
                "position": 4,
                "item": {
                    "@id": "https://lckb.dev/forum/index.php?/forum/134-solved-topics/",
                    "name": "Solved Topics"
                }
            }
        ]
    },
    "commentData": [
        {
            "id": 89101,
            "timestamp": 1382802461,
            "author": {
                "id": 18226,
                "name": "OldHM",
                "image": null
            },
            "comment": "\n<p >Hey!</p>\n<p >Channel 4 says: Non-PVP but pvp can be enabled</p>\n<p >where to disable?</p>\n<p >whoop whoop</p>\n<p >Greets Mendozza</p>\n"
        },
        {
            "id": 89162,
            "timestamp": 1382916042,
            "author": {
                "id": 15543,
                "name": "luoo",
                "image": null
            },
            "comment": "\n<p >add to newstobn.bin</p>\n<p >NON_PK=TRUE</p>\n"
        },
        {
            "id": 89218,
            "timestamp": 1383145071,
            "author": {
                "id": 18226,
                "name": "OldHM",
                "image": null
            },
            "comment": "\n<p >Thank you worked!</p>\n<p >Can be closed</p>\n"
        }
    ]
}