{
    "meta": {
        "threadId": 11665,
        "threadName": "Can\u00c3\u201a\u00c2\u00b4t connect to Database!",
        "dateCreated": "2013-10-27T01:53:57+0000",
        "datePublished": "2013-10-27T01:53:57+0000",
        "pageCount": 1,
        "originalUrl": "https://lckb.dev/forum/index.php?/topic/11665-can%C3%A3%E2%80%9A%C3%A2%C2%B4t-connect-to-database/",
        "authorId": 18573,
        "position": [
            {
                "@type": "ListItem",
                "position": 1,
                "item": {
                    "@id": "https://lckb.dev/forum/index.php?/forum/100-guides-help-section/",
                    "name": "Guides &amp; Help Section"
                }
            },
            {
                "@type": "ListItem",
                "position": 2,
                "item": {
                    "@id": "https://lckb.dev/forum/index.php?/forum/335-help-support/",
                    "name": "Help &amp; Support"
                }
            },
            {
                "@type": "ListItem",
                "position": 3,
                "item": {
                    "@id": "https://lckb.dev/forum/index.php?/forum/120-ep2-support/",
                    "name": "Ep2 Support"
                }
            },
            {
                "@type": "ListItem",
                "position": 4,
                "item": {
                    "@id": "https://lckb.dev/forum/index.php?/forum/134-solved-topics/",
                    "name": "Solved Topics"
                }
            }
        ]
    },
    "commentData": [
        {
            "id": 89119,
            "timestamp": 1382838837,
            "author": {
                "id": 18573,
                "name": "iPadrio",
                "image": null
            },
            "comment": "\n<p >Hey Guys,</p>\n<p > </p>\n<p >im currently trying to setup a Last Chaos Server.</p>\n<p > </p>\n<p >Now my problem is that nothing (Connector // GameServer // Helper // LoginServer // Subhelper) can connect to my Database.</p>\n<p > </p>\n<p >So... i installed mysql & the required libs and imported the Databases correctly.</p>\n<p > </p>\n<p >I\u00c3\u201a\u00c2\u00b4m using the untouched Serverfiles from 2012 (where still on my disk from  :ignat_02:) with the USA Game- & Login Server and data Database.</p>\n<p >I run CentOS 6.4.</p>\n<p > </p>\n<p >I\u00c3\u201a\u00c2\u00b4ve created two users:</p>\n<p > </p>\n<p ><a href=\"/cdn-cgi/l/email-protection\" class=\"__cf_email__\" data-cfemail=\"d7bbb6a4a3b4bfb6b8a497bbb8b4b6bbbfb8a4a3\" >[email protected]</a></p>\n<p ><a href=\"/cdn-cgi/l/email-protection\" class=\"__cf_email__\" data-cfemail=\"523e332126313a333d21126360657c627c627c63\" >[email protected]</a></p>\n<p > </p>\n<p >Both uses the old password encryption.</p>\n<p > </p>\n<p >Here is a video where i try to start the Server and show you my configs:</p>\n<p >\n</p>\n<div class=\"ipsEmbeddedVideo\" ><div ><iframe width=\"200\" height=\"113\" frameborder=\"0\" allowfullscreen=\"\" data-embed-src=\"https://www.youtube.com/embed/VAVFblZZKuw?feature=oembed\" ></iframe></div></div>\n<p > </p>\n<p >Hope you can help me.</p>\n"
        },
        {
            "id": 89120,
            "timestamp": 1382842104,
            "author": {
                "id": 18226,
                "name": "OldHM",
                "image": null
            },
            "comment": "\n<p >Only GameServer & LoginServer need IP,</p>\n<p >others can be 127.0.0.1 try that</p>\n"
        },
        {
            "id": 89128,
            "timestamp": 1382864731,
            "author": {
                "id": 6038,
                "name": "RomainLastChaos",
                "image": null
            },
            "comment": "\n<p >Dont matter if helper subhelper connector etc have the vps ip too</p>\n<p > </p>\n<p >PS after whatching your movie</p>\n<p > </p>\n<p >try to change your ports Like the same of here</p>\n<p > </p>\n<p >and try to add database privil\u00c3\u0192\u00c2\u00a8ge to each users on navicat</p>\n<p > </p>\n<p >config Helper</p>\n<p > </p>\n<ol ><li >\t<blockquote data-ipsquote=\"\" class=\"ipsQuote\" ><div >\t<p > </p>\t<p >[server]<br />\tNumber=1<br />\tIP=80.200.7.7<br />\tPort=50301<br /><br />\t[Char DB]<br />\tIP=127.0.0.1<br />\tDBName=newproject_db<br />\tUser=root<br />\tPassword=</p>\t</div></blockquote>\t<p > </p>\n</li></ol><p >Config Messenger</p>\n<p > </p>\n<p >2</p>\n<p > </p>\n<blockquote data-ipsquote=\"\" class=\"ipsQuote\" ><div >\n<p > </p>\n<p >[server]<br />IP=80.200.7.7<br />Port=4105</p>\n</div></blockquote>\n<p > </p>\n<p >Config SubHelper</p>\n<p > </p>\n<p >3</p>\n<p > </p>\n<blockquote data-ipsquote=\"\" class=\"ipsQuote\" ><div >\n<p > </p>\n<p >[server]<br />Number=1<br />IP=80.200.7.7<br />Port=50401<br />UserPort=4102<br />MAXSIZE=1000<br /><br />[Char DB]<br />IP=127.0.0.1<br />DBName=newproject_db<br />User=root<br />Password=<br /><br /><br /><a rel=\"\" >IP=127.0.0.1</a><br /><a rel=\"\" >DBName=newproject_post</a><br /><a rel=\"\" >User=root</a><br /><a rel=\"\" >Password=</a><br /><a rel=\"\" >      </a></p>\n</div></blockquote>\n<p ><a rel=\"\" > </a></p>\n<p ><a rel=\"\" >Config Connector</a></p>\n<p ><a rel=\"\" > </a></p>\n<p ><a rel=\"\" >4</a></p>\n<p ><a rel=\"\" > </a></p>\n<blockquote data-ipsquote=\"\" class=\"ipsQuote\" ><div >\n<p ><a rel=\"\" > </a></p>\n<p ><a rel=\"\" >[server]</a><br /><a rel=\"\" >Number=1</a><br /><a rel=\"\" >MaxSubServer=1</a><br /><a rel=\"\" >IP=80.200.7.7</a><br /><a rel=\"\" >Port=4006</a><br /><br /><a rel=\"\" >[user DB]</a><br /><a rel=\"\" >IP=127.0.0.1</a><br /><a rel=\"\" >DBName=newproject_db_auth</a><br /><a rel=\"\" >User=root</a><br /><a rel=\"\" >Password=</a><br /><br /><a rel=\"\" >[Auth DB]</a><br /><a rel=\"\" >IP=127.0.0.1</a><br /><a rel=\"\" >DBName=newproject_db_auth</a><br /><a rel=\"\" >User=root</a><br /><a rel=\"\" >Password=</a><br /><br /><a rel=\"\" >[billing Server]</a><br /><a rel=\"\" >IP=80.200.7.7</a><br /><a rel=\"\" >Port=8888</a><br /><a rel=\"\" > </a></p>\n</div></blockquote>\n<p ><a rel=\"\" > </a></p>\n<p ><a rel=\"\" >Config GameServer</a></p>\n<p ><a rel=\"\" > </a></p>\n<p ><a rel=\"\" >5</a></p>\n<p ><a rel=\"\" > </a></p>\n<blockquote data-ipsquote=\"\" class=\"ipsQuote\" ><div >\n<p ><a rel=\"\" > </a></p>\n<p ><a rel=\"\" >[server]</a><br /><br /><a rel=\"\" >Number=1</a><br /><br /><a rel=\"\" >SubNumber=1</a><br /><br /><a rel=\"\" >IP=80.200.7.7</a><br /><br /><a rel=\"\" >Port=4101</a><br /><br /><a rel=\"\" >AllowExternalIP=TRUE</a><br /><br /><br /><br /><a rel=\"\" >[Data DB]</a><br /><br /><a rel=\"\" >IP=127.0.0.1</a><br /><br /><a rel=\"\" >DBName=newproject_data</a><br /><br /><a rel=\"\" >User=root</a><br /><br /><br /><br /><a rel=\"\" >Password=</a><br /><br /><br /><br /><a rel=\"\" ></a><a rel=\"\" >IP=127.0.0.1</a><br /><br /><a rel=\"\" ></a><a rel=\"\" >DBName=newproject_post</a><br /><br /><a rel=\"\" ></a><a rel=\"\" >User=root</a><br /><br /><a rel=\"\" ></a><a rel=\"\" >Password=</a><br /><br /><br /><br /><a rel=\"\" ></a><a rel=\"\" >[user Server]</a><br /><br /><a rel=\"\" ></a><a rel=\"\" >IP=127.0.0.1</a><br /><br /><a rel=\"\" ></a><a rel=\"\" >Port=4102</a><br /><br /><br /><a rel=\"\" ></a><a rel=\"\" >[Char DB]</a><br /><br /><a rel=\"\" ></a><a rel=\"\" >IP=127.0.0.1</a><br /><br /><a rel=\"\" ></a><a rel=\"\" >DBName=newproject_db</a><br /><br /><a rel=\"\" ></a><a rel=\"\" >User=root</a><br /><br /><a rel=\"\" ></a><a rel=\"\" >Password=</a><br /><br /><br /><br /><a rel=\"\" ></a><a rel=\"\" >[Messenger Server]</a><br /><br /><a rel=\"\" ></a><a rel=\"\" >IP=80.200.7.7</a><br /><br /><a rel=\"\" ></a><a rel=\"\" >Port=4105</a><br /><br /><br /><br /><a rel=\"\" ></a><a rel=\"\" >[Helper Server]</a><br /><br /><a rel=\"\" ></a><a rel=\"\" >IP=80.200.7.7</a><br /><br /><a rel=\"\" ></a><a rel=\"\" >Port=50301</a><br /><br /><br /><br /><a rel=\"\" ></a><a rel=\"\" >[subHelper Server]</a><br /><br /><a rel=\"\" ></a><a rel=\"\" >IP=80.200.7.7</a><br /><br /><a rel=\"\" ></a><a rel=\"\" >Port=50401</a><br /><br /><br /><br /><a rel=\"\" ></a><a rel=\"\" >[Connector Server]</a><br /><br /><a rel=\"\" ></a><a rel=\"\" >IP=80.200.7.7</a><br /><br /><a rel=\"\" ></a><a rel=\"\" >Port=4006</a></p>\n</div></blockquote>\n<p ><a rel=\"\" ></a><a rel=\"\" > </a></p>\n<p ><a rel=\"\" ></a><a rel=\"\" > </a></p>\n<p ><a rel=\"\" ></a><a rel=\"\" >Config LoginServer</a></p>\n<p ><a rel=\"\" ></a><a rel=\"\" > </a></p>\n<p ><a rel=\"\" ></a><a rel=\"\" >6</a></p>\n<p ><a rel=\"\" ></a><a rel=\"\" > </a></p>\n<p ><a rel=\"\" ></a><a rel=\"\" > </a></p>\n<blockquote data-ipsquote=\"\" class=\"ipsQuote\" ><div >\n<p ><a rel=\"\" ></a><a rel=\"\" > </a></p>\n<p ><a rel=\"\" ></a><a rel=\"\" >[server]</a><br /><a rel=\"\" ></a><a rel=\"\" >No=1</a><br /><a rel=\"\" ></a><a rel=\"\" >IP=80.200.7.7</a><br /><a rel=\"\" ></a><a rel=\"\" >Port=4001</a><br /><a rel=\"\" ></a><a rel=\"\" >AllowExternalIP=TRUE</a><br /><br /><a rel=\"\" ></a><a rel=\"\" >[user DB]</a><br /><a rel=\"\" ></a><a rel=\"\" >IP=127.0.0.1</a><br /><a rel=\"\" ></a><a rel=\"\" >DBName=newproject_db_auth</a><br /><a rel=\"\" ></a><a rel=\"\" >User=root</a><br /><a rel=\"\" ></a><a rel=\"\" >Password=</a><br /><br /><a rel=\"\" ></a><a rel=\"\" >[Data DB]</a><br /><a rel=\"\" ></a><a rel=\"\" >IP=127.0.0.1</a><br /><a rel=\"\" ></a><a rel=\"\" >DBName=newproject_data</a><br /><a rel=\"\" ></a><a rel=\"\" >User=root</a><br /><a rel=\"\" ></a><a rel=\"\" >Password=</a><br /><br /><a rel=\"\" ></a><a rel=\"\" >[Auth DB]</a><br /><a rel=\"\" ></a><a rel=\"\" >IP=127.0.0.1</a><br /><a rel=\"\" ></a><a rel=\"\" >DBName=newproject_db_auth</a><br /><a rel=\"\" ></a><a rel=\"\" >User=root</a><br /><a rel=\"\" ></a><a rel=\"\" >Password=</a><br /><br /><a rel=\"\" ></a><a rel=\"\" >[Messenger Server]</a><br /><a rel=\"\" ></a><a rel=\"\" >IP=80.200.7.7</a><br /><a rel=\"\" ></a><a rel=\"\" >Port=4105</a><br /><br /><a rel=\"\" ></a><a rel=\"\" >[Connector Server]</a><br /><a rel=\"\" ></a><a rel=\"\" >Count=1</a><br /><br /><a rel=\"\" ></a><a rel=\"\" >[Connector_0]</a><br /><a rel=\"\" ></a><a rel=\"\" >Number=1</a><br /><a rel=\"\" ></a><a rel=\"\" >MaxSubNumber=1</a><br /><a rel=\"\" ></a><a rel=\"\" >IP=80.200.7.7</a><br /><a rel=\"\" ></a><a rel=\"\" >Port=4006</a><br /><br /><a rel=\"\" ></a><a rel=\"\" >[Auto Block]</a><br /><a rel=\"\" ></a><a rel=\"\" >Refresh=2</a><br /><a rel=\"\" ></a><a rel=\"\" >MaxTry=7</a></p>\n</div></blockquote>\n<p ><a rel=\"\" ></a><a rel=\"\" > </a></p>\n<p ><a rel=\"\" ></a><a rel=\"\" > </a></p>\n<p ><a href=\"http://grabilla.com/03a1b-29767aa2-6740-4f26-a916-16f844311495.html\" rel=\"external nofollow\" ><img alt=\"03a1b-29767aa2-6740-4f26-a916-16f8443114\" src=\"http://grabilla.com/03a1b-29767aa2-6740-4f26-a916-16f844311495.png\" /></a></p>\n\n\n\t\t\t\n\t\t\t\t\n\n<span class=\"ipsType_reset ipsType_medium ipsType_light\" data-excludequote=\"None\" >\n\t<strong >Edited <time datetime=\"2013-10-27T09:12:03Z\" title=\"10/27/2013 09:12  AM\" data-short=\"7 yr\" >October 27, 2013</time> by Era</strong>\n\t\n\t\n</span>\n\t\t\t\n\t\t</div>"
        },
        {
            "id": 89141,
            "timestamp": 1382883494,
            "author": {
                "id": 18573,
                "name": "iPadrio",
                "image": null
            },
            "comment": "\n<blockquote data-ipsquote=\"\" class=\"ipsQuote\" data-ipsquote-contentcommentid=\"89128\" data-ipsquote-contentapp=\"forums\" data-ipsquote-contenttype=\"forums\" data-ipsquote-contentclass=\"forums_Topic\" data-ipsquote-contentid=\"11665\" data-ipsquote-username=\"Era\" data-cite=\"Era\" data-ipsquote-timestamp=\"1382864731\" ><div ><div >\n<p >Dont matter if helper subhelper connector etc have the vps ip too</p>\n<p > </p>\n<p >PS after whatching your movie</p>\n<p > </p>\n<p >try to change your ports Like the same of here</p>\n<p > </p>\n<p >and try to add database privil\u00c3\u0192\u00c2\u00a8ge to each users on navicat</p>\n<p > </p>\n<p >config Helper</p>\n<p > </p>\n<ol ><li >\n<p > </p>\n<p ></p>\n<p > </p>\t</li>\n<li ><p ></p></li>\n</ol><p >Config Messenger</p>\n<p > </p>\n<p >2</p>\n<p > </p>\n<p ></p>\n<p > </p>\n<p >Config SubHelper</p>\n<p > </p>\n<p >3</p>\n<p > </p>\n<p ></p>\n<p > </p>\n<p >Config Connector</p>\n<p > </p>\n<p >4</p>\n<p > </p>\n<p ></p>\n<p > </p>\n<p >Config GameServer</p>\n<p > </p>\n<p >5</p>\n<p > </p>\n<p ></p>\n<p > </p>\n<p > </p>\n<p >Config LoginServer</p>\n<p > </p>\n<p >6</p>\n<p > </p>\n<p > </p>\n<p ></p>\n<p > </p>\n<p > </p>\n<p ><a href=\"http://grabilla.com/03a1b-29767aa2-6740-4f26-a916-16f844311495.html\" rel=\"external nofollow\" ><img alt=\"03a1b-29767aa2-6740-4f26-a916-16f8443114\" src=\"http://grabilla.com/03a1b-29767aa2-6740-4f26-a916-16f844311495.png\" /></a></p>\n</div></div></blockquote>\n<p >Thank you guys but still dont work...</p>\n<p ><a href=\"https://puu.sh/50VYF.png\" rel=\"external nofollow\" >http://puu.sh/50VYF.png</a></p>\n<p > </p>\n<p >The users can access the Databases && i tryed your configs, but still dont work...</p>\n"
        },
        {
            "id": 89144,
            "timestamp": 1382885157,
            "author": {
                "id": 6038,
                "name": "RomainLastChaos",
                "image": null
            },
            "comment": "<p >Can you try by using Wincsp  and putty ? to start your server</p>"
        },
        {
            "id": 89145,
            "timestamp": 1382885980,
            "author": {
                "id": 18573,
                "name": "iPadrio",
                "image": null
            },
            "comment": "<p >Putty, Kitty... WinSCP everything the same.</p>"
        }
    ]
}