{
    "meta": {
        "threadId": 11664,
        "threadName": "About Mcs and Dcs Time + DAY!",
        "dateCreated": "2013-10-26T19:24:38+0000",
        "datePublished": "2013-10-26T19:24:38+0000",
        "pageCount": 1,
        "originalUrl": "https://lckb.dev/forum/index.php?/topic/11664-about-mcs-and-dcs-time-day/",
        "authorId": 8659,
        "position": [
            {
                "@type": "ListItem",
                "position": 1,
                "item": {
                    "@id": "https://lckb.dev/forum/index.php?/forum/271-general-section/",
                    "name": "General Section"
                }
            },
            {
                "@type": "ListItem",
                "position": 2,
                "item": {
                    "@id": "https://lckb.dev/forum/index.php?/forum/259-general-discussion/",
                    "name": "General Discussion"
                }
            }
        ]
    },
    "commentData": [
        {
            "id": 89108,
            "timestamp": 1382815478,
            "author": {
                "id": 8659,
                "name": "BayBay",
                "image": null
            },
            "comment": "\n<p >Well this friend keeps arguing with me saying that Both mcs / dcs are held on the same day which is \"Saturday\"</p>\n<p > </p>\n<p >He also says that just because it says this on the website  its </p>\n<p ><span style=\"color:rgb(223,223,223);font-family:'Trebuchet MS', Arial, Helvetica, sans-serif;font-size:11px;background-color:rgb(0,0,0);\" >Dratan Guild Siege Held On: </span>Saturday - 19:00</p>\n<p ><span style=\"color:rgb(223,223,223);font-family:'Trebuchet MS', Arial, Helvetica, sans-serif;font-size:11px;background-color:rgb(0,0,0);\" >Defending Guild: </span><span style=\"color:rgb(255,165,0);font-family:'Trebuchet MS', Arial, Helvetica, sans-serif;font-size:11px;background-color:rgb(0,0,0);\" >NO GUILD</span><br /><span style=\"color:rgb(223,223,223);font-family:'Trebuchet MS', Arial, Helvetica, sans-serif;font-size:11px;background-color:rgb(0,0,0);\" >Merac Guild Siege Held On: </span>Saturday - 18:00<br /><span style=\"color:rgb(223,223,223);font-family:'Trebuchet MS', Arial, Helvetica, sans-serif;font-size:11px;background-color:rgb(0,0,0);\" >Defending Guild: </span>NO GUILD</p>\n<p > </p>\n<p > </p>\n<p > </p>\n<p >So can someone please correct me if IM WRONG!</p>\n<p > </p>\n<p >My opinion Mcs is held on satuday no matter the hour its set ingame! and Dcs is held on Sunday, not just cuze the website says MCS will be held on MONDAY ITS MONDAY! what matters its how its set ingame RIGHT?</p>\n<p > </p>\n<p > </p>\n<p >Please add your comments and open my friends head he is stubborn!!!! Someone please explain it to him!</p>\n<p > </p>\n<p >P,S: Mcs and Dcs are not held on same day and hour after the other cuze it makes players bugged!, dosent let them register for the other SEIGE!</p>\n\n\n\t\t\t\n\t\t\t\t\n\n<span class=\"ipsType_reset ipsType_medium ipsType_light\" data-excludequote=\"None\" >\n\t<strong >Edited <time datetime=\"2013-10-26T19:27:46Z\" title=\"10/26/2013 07:27  PM\" data-short=\"7 yr\" >October 26, 2013</time> by Curious</strong>\n\t\n\t\n</span>\n\t\t\t\n\t\t</div>"
        },
        {
            "id": 89109,
            "timestamp": 1382816444,
            "author": {
                "id": 17220,
                "name": "Bonnie",
                "image": null
            },
            "comment": "<p >You can change it by a command.</p>"
        },
        {
            "id": 89110,
            "timestamp": 1382816592,
            "author": {
                "id": 16931,
                "name": "Walletman987",
                "image": null
            },
            "comment": "<p >You can put it on the same day lol.  Just gotta start one a few minutes after the other one ends.</p>"
        },
        {
            "id": 89118,
            "timestamp": 1382835644,
            "author": {
                "id": 8659,
                "name": "BayBay",
                "image": null
            },
            "comment": "<p >Im just asking what was default? mcs dcs same day ? i just want to know</p>"
        },
        {
            "id": 89122,
            "timestamp": 1382846178,
            "author": {
                "id": 16931,
                "name": "Walletman987",
                "image": null
            },
            "comment": "\n<p >You couldve said that lol, mcs was the first siege and started on sunday,  Im 99% sure about that.  Then dcs came along and started on Saturday.</p>\n<p >I think you can set the time to w.e you want now though</p>\n"
        },
        {
            "id": 89165,
            "timestamp": 1382923176,
            "author": {
                "id": 8659,
                "name": "BayBay",
                "image": null
            },
            "comment": "\n<blockquote data-ipsquote=\"\" class=\"ipsQuote\" data-ipsquote-contentcommentid=\"89122\" data-ipsquote-contentapp=\"forums\" data-ipsquote-contenttype=\"forums\" data-ipsquote-contentclass=\"forums_Topic\" data-ipsquote-contentid=\"11664\" data-ipsquote-username=\"Walletman987\" data-cite=\"Walletman987\" data-ipsquote-timestamp=\"1382846178\" ><div ><div >\n<p >You couldve said that lol, mcs was the first siege and started on sunday,  Im 99% sure about that.  Then dcs came along and started on Saturday.</p>\n<p >I think you can set the time to w.e you want now though</p>\n</div></div></blockquote>\n<p >well this was only in lc usa, i dont think it was in lc 777</p>\n"
        },
        {
            "id": 89471,
            "timestamp": 1383556922,
            "author": {
                "id": 201,
                "name": "Wrong",
                "image": null
            },
            "comment": "<p >Both are set for saturday by default and even if you use a command to change the date it wont be changed in web so if you want one to be in sunday i suggest you to edit that one in web manually instead of taking it from the db</p>"
        }
    ]
}