{
    "meta": {
        "threadId": 11661,
        "threadName": "how to start dcs",
        "dateCreated": "2013-10-26T15:06:42+0000",
        "datePublished": "2013-10-26T15:06:42+0000",
        "pageCount": 1,
        "originalUrl": "https://lckb.dev/forum/index.php?/topic/11661-how-to-start-dcs/",
        "authorId": 17519,
        "position": [
            {
                "@type": "ListItem",
                "position": 1,
                "item": {
                    "@id": "https://lckb.dev/forum/index.php?/forum/100-guides-help-section/",
                    "name": "Guides &amp; Help Section"
                }
            },
            {
                "@type": "ListItem",
                "position": 2,
                "item": {
                    "@id": "https://lckb.dev/forum/index.php?/forum/335-help-support/",
                    "name": "Help &amp; Support"
                }
            },
            {
                "@type": "ListItem",
                "position": 3,
                "item": {
                    "@id": "https://lckb.dev/forum/index.php?/forum/120-ep2-support/",
                    "name": "Ep2 Support"
                }
            },
            {
                "@type": "ListItem",
                "position": 4,
                "item": {
                    "@id": "https://lckb.dev/forum/index.php?/forum/134-solved-topics/",
                    "name": "Solved Topics"
                }
            }
        ]
    },
    "commentData": [
        {
            "id": 89092,
            "timestamp": 1382800002,
            "author": {
                "id": 17519,
                "name": "lukaslt",
                "image": null
            },
            "comment": "\n<p >Hey guys,</p>\n<p > </p>\n<p > </p>\n<p >I got a bit confused my question is how the setwartime works</p>\n<p >i tried but nothing came out of it</p>\n<p >could anyone give me a detailed explanation i mean the date format</p>\n"
        },
        {
            "id": 89096,
            "timestamp": 1382800545,
            "author": {
                "id": 5853,
                "name": "ucaff",
                "image": null
            },
            "comment": "\n<p >/setwartime 2013 10 26 16 00 merak</p>\n<p >/setwartime2 2013 10 26 16 00 dratam</p>\n"
        },
        {
            "id": 89097,
            "timestamp": 1382800985,
            "author": {
                "id": 17519,
                "name": "lukaslt",
                "image": null
            },
            "comment": "<p >Nothing happens :( Does it have to appear something or</p>"
        },
        {
            "id": 89292,
            "timestamp": 1383259579,
            "author": {
                "id": 7041,
                "name": "maggi",
                "image": null
            },
            "comment": "\n<p >1. step -> /whoami</p>\n<p > </p>\n<p >2. for the dcs -> /setwartime2 year month day hour min</p>\n<p >for mcs -> /setwartime year month day hour min</p>\n<p > </p>\n<p >example: /setwartime2 2013 10 20 20 00 </p>\n<p > </p>\n<p >dcs start -> 20 October 2013 20:00 </p>\n<p > </p>\n<p >maggi</p>\n"
        }
    ]
}