{
    "meta": {
        "threadId": 11667,
        "threadName": "[Buy] No Public GameServer Ep2",
        "dateCreated": "2013-10-27T10:06:04+0000",
        "datePublished": "2013-10-27T10:06:04+0000",
        "pageCount": 1,
        "originalUrl": "https://lckb.dev/forum/index.php?/topic/11667-buy-no-public-gameserver-ep2/",
        "authorId": 18312,
        "position": [
            {
                "@type": "ListItem",
                "position": 1,
                "item": {
                    "@id": "https://lckb.dev/forum/index.php?/forum/100-guides-help-section/",
                    "name": "Guides &amp; Help Section"
                }
            },
            {
                "@type": "ListItem",
                "position": 2,
                "item": {
                    "@id": "https://lckb.dev/forum/index.php?/forum/335-help-support/",
                    "name": "Help &amp; Support"
                }
            },
            {
                "@type": "ListItem",
                "position": 3,
                "item": {
                    "@id": "https://lckb.dev/forum/index.php?/forum/120-ep2-support/",
                    "name": "Ep2 Support"
                }
            },
            {
                "@type": "ListItem",
                "position": 4,
                "item": {
                    "@id": "https://lckb.dev/forum/index.php?/forum/134-solved-topics/",
                    "name": "Solved Topics"
                }
            }
        ]
    },
    "commentData": [
        {
            "id": 89130,
            "timestamp": 1382868364,
            "author": {
                "id": 18312,
                "name": "Assasin",
                "image": null
            },
            "comment": "\n<p >Hi i buy No Public GameServer Ep2</p>\n<p >Work :</p>\n<p >- Messenger Cube.</p>\n<p >- Dungeon All.</p>\n<p >- New Interfrace.</p>\n<p > </p>\n<p >Contact PM ; & Skype : lordzik1121 ; TS : hard-chaos.pl \"Nick Asssasin\" </p>\n<p > </p>\n<p >Thx :-)</p>\n\n\n\t\t\t\n\t\t\t\t\n\n<span class=\"ipsType_reset ipsType_medium ipsType_light\" data-excludequote=\"None\" >\n\t<strong >Edited <time datetime=\"2013-10-27T11:17:20Z\" title=\"10/27/2013 11:17  AM\" data-short=\"7 yr\" >October 27, 2013</time> by Assasin</strong>\n\t\n\t\n</span>\n\t\t\t\n\t\t</div>"
        }
    ]
}