{
    "meta": {
        "threadId": 11660,
        "threadName": "VPS - Login Server Problem",
        "dateCreated": "2013-10-26T11:42:38+0000",
        "datePublished": "2013-10-26T11:42:38+0000",
        "pageCount": 1,
        "originalUrl": "https://lckb.dev/forum/index.php?/topic/11660-vps-login-server-problem/",
        "authorId": 17620,
        "position": [
            {
                "@type": "ListItem",
                "position": 1,
                "item": {
                    "@id": "https://lckb.dev/forum/index.php?/forum/100-guides-help-section/",
                    "name": "Guides &amp; Help Section"
                }
            },
            {
                "@type": "ListItem",
                "position": 2,
                "item": {
                    "@id": "https://lckb.dev/forum/index.php?/forum/335-help-support/",
                    "name": "Help &amp; Support"
                }
            },
            {
                "@type": "ListItem",
                "position": 3,
                "item": {
                    "@id": "https://lckb.dev/forum/index.php?/forum/120-ep2-support/",
                    "name": "Ep2 Support"
                }
            },
            {
                "@type": "ListItem",
                "position": 4,
                "item": {
                    "@id": "https://lckb.dev/forum/index.php?/forum/134-solved-topics/",
                    "name": "Solved Topics"
                }
            }
        ]
    },
    "commentData": [
        {
            "id": 89080,
            "timestamp": 1382787758,
            "author": {
                "id": 17620,
                "name": "Mohamed",
                "image": null
            },
            "comment": "\n<p ><span style=\"font-family:'trebuchet ms', helvetica, sans-serif;\" ><span style=\"font-size:14px;\" >I Upload My LastChaos Servers File On the VPS , and i have Runned it all !</span></span></p>\n<p ><span style=\"font-family:'trebuchet ms', helvetica, sans-serif;\" ><span style=\"font-size:14px;\" >But When im try to log in the game i got \" Cannot Connecte Login Server \" </span></span></p>\n<p ><span style=\"font-family:'trebuchet ms', helvetica, sans-serif;\" ><span style=\"font-size:14px;\" >Can Anyone helpe me !</span></span></p>\n<p ><span style=\"font-family:'trebuchet ms', helvetica, sans-serif;\" ><span style=\"font-size:14px;\" >Skype : the.gun9</span></span></p>\n<p ><span style=\"font-family:'trebuchet ms', helvetica, sans-serif;\" ><span style=\"font-size:14px;\" >and thanks .</span></span></p>\n"
        },
        {
            "id": 89083,
            "timestamp": 1382788150,
            "author": {
                "id": 13764,
                "name": "MrBuSta",
                "image": null
            },
            "comment": "\n<blockquote data-ipsquote=\"\" class=\"ipsQuote\" data-ipsquote-contentcommentid=\"89080\" data-ipsquote-contentapp=\"forums\" data-ipsquote-contenttype=\"forums\" data-ipsquote-contentclass=\"forums_Topic\" data-ipsquote-contentid=\"11660\" data-ipsquote-username=\"Mohamed\" data-cite=\"Mohamed\" data-ipsquote-timestamp=\"1382787758\" ><div ><div >\n<p ><span style=\"font-family:'trebuchet ms', helvetica, sans-serif;\" ><span style=\"font-size:14px;\" >I Upload My LastChaos Servers File On the VPS , and i have Runned it all !</span></span></p>\n<p ><span style=\"font-family:'trebuchet ms', helvetica, sans-serif;\" ><span style=\"font-size:14px;\" >But When im try to log in the game i got \" Cannot Connecte Login Server \" </span></span></p>\n<p ><span style=\"font-family:'trebuchet ms', helvetica, sans-serif;\" ><span style=\"font-size:14px;\" >Can Anyone helpe me !</span></span></p>\n<p ><span style=\"font-family:'trebuchet ms', helvetica, sans-serif;\" ><span style=\"font-size:14px;\" >Skype : the.gun9</span></span></p>\n<p ><span style=\"font-family:'trebuchet ms', helvetica, sans-serif;\" ><span style=\"font-size:14px;\" >and thanks .</span></span></p>\n</div></div></blockquote>\n<p >Add me skype: vwadam98</p>\n<p >and at night ill help you.</p>\n"
        },
        {
            "id": 89084,
            "timestamp": 1382789164,
            "author": {
                "id": 3680,
                "name": "Kotetsu",
                "image": null
            },
            "comment": "<p >Verify if youre vps firewall is disabled.</p>"
        },
        {
            "id": 89086,
            "timestamp": 1382793970,
            "author": {
                "id": 17620,
                "name": "Mohamed",
                "image": null
            },
            "comment": "<p >add me kotetsu ! skype : the.gun9</p>"
        },
        {
            "id": 89087,
            "timestamp": 1382795091,
            "author": {
                "id": 17620,
                "name": "Mohamed",
                "image": null
            },
            "comment": "<p >Must Write : Service iptables stop for disable firewall ?</p>"
        },
        {
            "id": 89088,
            "timestamp": 1382795738,
            "author": {
                "id": 19074,
                "name": "Arnii",
                "image": null
            },
            "comment": "<p >Just disable your firewall for public connection and it would work</p>"
        },
        {
            "id": 89089,
            "timestamp": 1382796656,
            "author": {
                "id": 17620,
                "name": "Mohamed",
                "image": null
            },
            "comment": "\n<p >The Problem I Dont Know How To Do That  :mebiro_01:</p>\n<p >Add me on the skype please : the.gun9 </p>\n"
        }
    ]
}