{
    "meta": {
        "threadId": 11670,
        "threadName": "ERROR Billing System",
        "dateCreated": "2013-10-27T15:02:13+0000",
        "datePublished": "2013-10-27T15:02:13+0000",
        "pageCount": 1,
        "originalUrl": "https://lckb.dev/forum/index.php?/topic/11670-error-billing-system/",
        "authorId": 16115,
        "position": [
            {
                "@type": "ListItem",
                "position": 1,
                "item": {
                    "@id": "https://lckb.dev/forum/index.php?/forum/100-guides-help-section/",
                    "name": "Guides &amp; Help Section"
                }
            },
            {
                "@type": "ListItem",
                "position": 2,
                "item": {
                    "@id": "https://lckb.dev/forum/index.php?/forum/335-help-support/",
                    "name": "Help &amp; Support"
                }
            },
            {
                "@type": "ListItem",
                "position": 3,
                "item": {
                    "@id": "https://lckb.dev/forum/index.php?/forum/120-ep2-support/",
                    "name": "Ep2 Support"
                }
            },
            {
                "@type": "ListItem",
                "position": 4,
                "item": {
                    "@id": "https://lckb.dev/forum/index.php?/forum/134-solved-topics/",
                    "name": "Solved Topics"
                }
            }
        ]
    },
    "commentData": [
        {
            "id": 89146,
            "timestamp": 1382886133,
            "author": {
                "id": 16115,
                "name": "Anne",
                "image": null
            },
            "comment": "\n<p >Hello guys! When I start connector i have this: <a href=\"http://uploads.ru/XDoMj.png\" rel=\"external nofollow\" >http://uploads.ru/XDoMj.png</a></p>\n<p >all IP in newstorm.bin are right.</p>\n<p >Pls, help me</p>\n"
        },
        {
            "id": 89147,
            "timestamp": 1382887902,
            "author": {
                "id": 13764,
                "name": "MrBuSta",
                "image": null
            },
            "comment": "\n<blockquote data-ipsquote=\"\" class=\"ipsQuote\" data-ipsquote-contentcommentid=\"89146\" data-ipsquote-contentapp=\"forums\" data-ipsquote-contenttype=\"forums\" data-ipsquote-contentclass=\"forums_Topic\" data-ipsquote-contentid=\"11670\" data-ipsquote-username=\"Anne\" data-cite=\"Anne\" data-ipsquote-timestamp=\"1382886133\" ><div ><div >\n<p >Hello guys! When I start connector i have this: <a href=\"http://uploads.ru/XDoMj.png\" rel=\"external nofollow\" >http://uploads.ru/XDoMj.png</a></p>\n<p >all IP in newstorm.bin are right.</p>\n<p >Pls, help me</p>\n</div></div></blockquote>\n<p >You need start first your Cash Server</p>\n"
        },
        {
            "id": 89152,
            "timestamp": 1382888748,
            "author": {
                "id": 16115,
                "name": "Anne",
                "image": null
            },
            "comment": "\n<blockquote data-ipsquote=\"\" class=\"ipsQuote\" data-ipsquote-contentcommentid=\"89147\" data-ipsquote-contentapp=\"forums\" data-ipsquote-contenttype=\"forums\" data-ipsquote-contentclass=\"forums_Topic\" data-ipsquote-contentid=\"11670\" data-ipsquote-username=\"Adam1998i\" data-cite=\"Adam1998i\" data-ipsquote-timestamp=\"1382887902\" ><div ><div ><p >You need start first your Cash Server</p></div></div></blockquote>\n<p >and it 100% help me?</p>\n"
        },
        {
            "id": 89153,
            "timestamp": 1382889203,
            "author": {
                "id": 13764,
                "name": "MrBuSta",
                "image": null
            },
            "comment": "<p >Yes its 100000000%</p>"
        },
        {
            "id": 89154,
            "timestamp": 1382889528,
            "author": {
                "id": 16115,
                "name": "Anne",
                "image": null
            },
            "comment": "\n<blockquote data-ipsquote=\"\" class=\"ipsQuote\" data-ipsquote-contentcommentid=\"89153\" data-ipsquote-contentapp=\"forums\" data-ipsquote-contenttype=\"forums\" data-ipsquote-contentclass=\"forums_Topic\" data-ipsquote-contentid=\"11670\" data-ipsquote-username=\"Adam1998i\" data-cite=\"Adam1998i\" data-ipsquote-timestamp=\"1382889203\" ><div ><div ><p >Yes its 100000000%</p></div></div></blockquote>\n<p >ok, i try and say help it or not</p>\n"
        },
        {
            "id": 89157,
            "timestamp": 1382899107,
            "author": {
                "id": 2041,
                "name": "HateMe",
                "image": null
            },
            "comment": "\n<p >no the fail i see now a few times....</p>\n<p >its bc i did name the stuff different</p>\n<p > </p>\n<p >[billing Server]<br />IPB=127.0.0.1<br />PortB=8888</p>\n<p > </p>\n<p >see the IPB ^^</p>\n"
        },
        {
            "id": 89199,
            "timestamp": 1383020704,
            "author": {
                "id": 17858,
                "name": "Canton",
                "image": null
            },
            "comment": "\n<p >hes runnig the files as root  :lol:</p>\n<p >crazy man^^ and connector @ localhost pls^^</p>\n"
        }
    ]
}