{
    "meta": {
        "threadId": 11671,
        "threadName": "Launcher?",
        "dateCreated": "2013-10-27T15:41:43+0000",
        "datePublished": "2013-10-27T15:41:43+0000",
        "pageCount": 1,
        "originalUrl": "https://lckb.dev/forum/index.php?/topic/11671-launcher/",
        "authorId": 13618,
        "position": [
            {
                "@type": "ListItem",
                "position": 1,
                "item": {
                    "@id": "https://lckb.dev/forum/index.php?/forum/100-guides-help-section/",
                    "name": "Guides &amp; Help Section"
                }
            },
            {
                "@type": "ListItem",
                "position": 2,
                "item": {
                    "@id": "https://lckb.dev/forum/index.php?/forum/335-help-support/",
                    "name": "Help &amp; Support"
                }
            },
            {
                "@type": "ListItem",
                "position": 3,
                "item": {
                    "@id": "https://lckb.dev/forum/index.php?/forum/120-ep2-support/",
                    "name": "Ep2 Support"
                }
            },
            {
                "@type": "ListItem",
                "position": 4,
                "item": {
                    "@id": "https://lckb.dev/forum/index.php?/forum/134-solved-topics/",
                    "name": "Solved Topics"
                }
            }
        ]
    },
    "commentData": [
        {
            "id": 89151,
            "timestamp": 1382888503,
            "author": {
                "id": 13618,
                "name": "maybe",
                "image": null
            },
            "comment": "\n<p >Well hello lckb!</p>\n<p > </p>\n<p >I need some help with my launcher, im trying to make a ep2 launcher.</p>\n<p >I have set up all (on launcher folder i got notice and update.htm and ip then patches folder for updates) i can make the launcher work with a ep1 launcher, but when i try to run a launcher ep2 it doesnt show up my notice and neither my update, and also doesnt update. I have been following the someones post on how to do it i also tried the launcher he uses, but still same error.</p>\n<p >I was hoping that someone (and not only the someone member that we have here but i mean anybody) could give me a hand here tell me where should i look, or if you could provide me a functional launcher.</p>\n<p > </p>\n<p >Thank you in advance</p>\n\n\n\t\t\t\n\t\t\t\t\n\n<span class=\"ipsType_reset ipsType_medium ipsType_light\" data-excludequote=\"None\" >\n\t<strong >Edited <time datetime=\"2013-10-28T19:50:09Z\" title=\"10/28/2013 07:50  PM\" data-short=\"7 yr\" >October 28, 2013</time> by maybe</strong>\n\t\n\t\n</span>\n\t\t\t\n\t\t</div>"
        },
        {
            "id": 89186,
            "timestamp": 1382992228,
            "author": {
                "id": 13618,
                "name": "maybe",
                "image": null
            },
            "comment": "<p >Fixed, Closed.</p>"
        }
    ]
}