{
    "meta": {
        "threadId": 11677,
        "threadName": "What is t_hack_characters?",
        "dateCreated": "2013-10-28T21:28:51+0000",
        "datePublished": "2013-10-28T21:28:51+0000",
        "pageCount": 1,
        "originalUrl": "https://lckb.dev/forum/index.php?/topic/11677-what-is-t_hack_characters/",
        "authorId": 16931,
        "position": [
            {
                "@type": "ListItem",
                "position": 1,
                "item": {
                    "@id": "https://lckb.dev/forum/index.php?/forum/100-guides-help-section/",
                    "name": "Guides &amp; Help Section"
                }
            },
            {
                "@type": "ListItem",
                "position": 2,
                "item": {
                    "@id": "https://lckb.dev/forum/index.php?/forum/335-help-support/",
                    "name": "Help &amp; Support"
                }
            },
            {
                "@type": "ListItem",
                "position": 3,
                "item": {
                    "@id": "https://lckb.dev/forum/index.php?/forum/120-ep2-support/",
                    "name": "Ep2 Support"
                }
            },
            {
                "@type": "ListItem",
                "position": 4,
                "item": {
                    "@id": "https://lckb.dev/forum/index.php?/forum/134-solved-topics/",
                    "name": "Solved Topics"
                }
            }
        ]
    },
    "commentData": [
        {
            "id": 89190,
            "timestamp": 1382995731,
            "author": {
                "id": 16931,
                "name": "Walletman987",
                "image": null
            },
            "comment": "\n<p >Can someone tell me what t_hack_characters is?  There is a Barunson Games tool for it, but its not compiled.  Id like to know what its for, and if it can be useful for anything.</p>\n<p > </p>\n<p >Thanks in advance,</p>\n<p >Walletman987</p>\n"
        },
        {
            "id": 89200,
            "timestamp": 1383021147,
            "author": {
                "id": 15543,
                "name": "luoo",
                "image": null
            },
            "comment": "<p >With the right helper it logs if someone have hack pulse(useless). On older version it logs attackspeed too.</p>"
        },
        {
            "id": 89201,
            "timestamp": 1383030396,
            "author": {
                "id": 7482,
                "name": "Creep",
                "image": null
            },
            "comment": "<p >Would be helpfull if it worked.. Wasnt this table in ep1 too?</p>"
        },
        {
            "id": 89206,
            "timestamp": 1383101941,
            "author": {
                "id": 16931,
                "name": "Walletman987",
                "image": null
            },
            "comment": "\n<blockquote data-ipsquote=\"\" class=\"ipsQuote\" data-ipsquote-contentcommentid=\"89200\" data-ipsquote-contentapp=\"forums\" data-ipsquote-contenttype=\"forums\" data-ipsquote-contentclass=\"forums_Topic\" data-ipsquote-contentid=\"11677\" data-ipsquote-username=\"luoo\" data-cite=\"luoo\" data-ipsquote-timestamp=\"1383021147\" ><div ><div ><p >With the right helper it logs if someone have hack pulse(useless). On older version it logs attackspeed too.</p></div></div></blockquote>\n<p >It works in an ep2 server though?  If I had the right helper?</p>\n"
        },
        {
            "id": 89256,
            "timestamp": 1383220013,
            "author": {
                "id": 15543,
                "name": "luoo",
                "image": null
            },
            "comment": "<p >on ep2 (with the right helper)the hack pulse work but this function is useless</p>"
        },
        {
            "id": 89359,
            "timestamp": 1383401113,
            "author": {
                "id": 16931,
                "name": "Walletman987",
                "image": null
            },
            "comment": "<p >Okay, thanks luoo</p>"
        },
        {
            "id": 89367,
            "timestamp": 1383413771,
            "author": {
                "id": 1503,
                "name": "Paramount",
                "image": null
            },
            "comment": "<p >Closed and moved. </p>"
        }
    ]
}