{
    "meta": {
        "threadId": 11689,
        "threadName": "[Serious Editing] WorldBases & Texture Ways",
        "dateCreated": "2013-10-31T11:37:31+0000",
        "datePublished": "2013-10-31T11:37:31+0000",
        "pageCount": 1,
        "originalUrl": "https://lckb.dev/forum/index.php?/topic/11689-serious-editing-worldbases-texture-ways/",
        "authorId": 3680,
        "position": [
            {
                "@type": "ListItem",
                "position": 1,
                "item": {
                    "@id": "https://lckb.dev/forum/index.php?/forum/100-guides-help-section/",
                    "name": "Guides &amp; Help Section"
                }
            },
            {
                "@type": "ListItem",
                "position": 2,
                "item": {
                    "@id": "https://lckb.dev/forum/index.php?/forum/335-help-support/",
                    "name": "Help &amp; Support"
                }
            },
            {
                "@type": "ListItem",
                "position": 3,
                "item": {
                    "@id": "https://lckb.dev/forum/index.php?/forum/120-ep2-support/",
                    "name": "Ep2 Support"
                }
            },
            {
                "@type": "ListItem",
                "position": 4,
                "item": {
                    "@id": "https://lckb.dev/forum/index.php?/forum/134-solved-topics/",
                    "name": "Solved Topics"
                }
            }
        ]
    },
    "commentData": [
        {
            "id": 89253,
            "timestamp": 1383219451,
            "author": {
                "id": 3680,
                "name": "Kotetsu",
                "image": null
            },
            "comment": "\n<p >Hi guys,</p>\n<p > </p>\n<p >I post this topic for know 2 things about serious editing.</p>\n<p > </p>\n<p >The first, i would like to know if its possible to make World Bases visibles, cuz they are invisible and its hard to control them without see them.</p>\n<p >The second, i would like to know if its possible, without serious editor fixed, to changes textures ways (Changes ways like stone in grass, grass in stone... not by editing textures, but really textures ways </p>\n<p >Ex> I have a stone way. I would like to cut in 2 ways by adding a little grass between for do 2 ways.</p>\n<p > </p>\n<p >Sorry for my english ~</p>\n<p >Thanks in advance</p>\n"
        },
        {
            "id": 89472,
            "timestamp": 1383557910,
            "author": {
                "id": 201,
                "name": "Wrong",
                "image": null
            },
            "comment": "\n<p >1. If you want to change a world base thatis alredy invisible to visibe just select it if you know where it is and press P (i think) to change to polygons mode and itll say a polygon has been selected, then press CTRL+A to select all the polygons, then clik Q and there is a tab where there will be an option named \"Invisible\" that will be checked.</p>\n<p >If you want to create one just make it with primitives.</p>\n<p > </p>\n<p >2. Its not possible without the fixed editor.</p>\n"
        },
        {
            "id": 89421,
            "timestamp": 1383494041,
            "author": {
                "id": 3680,
                "name": "Kotetsu",
                "image": null
            },
            "comment": "\n<p >~UP</p>\n<p >Please help..</p>\n"
        },
        {
            "id": 89422,
            "timestamp": 1383494152,
            "author": {
                "id": 1503,
                "name": "Paramount",
                "image": null
            },
            "comment": "\n<blockquote data-ipsquote=\"\" class=\"ipsQuote\" data-ipsquote-contentcommentid=\"89421\" data-ipsquote-contentapp=\"forums\" data-ipsquote-contenttype=\"forums\" data-ipsquote-contentclass=\"forums_Topic\" data-ipsquote-contentid=\"11689\" data-ipsquote-username=\"Kotetsu\" data-cite=\"Kotetsu\" data-ipsquote-timestamp=\"1383494041\" ><div ><div >\n<p >~UP</p>\n<p >Please help..</p>\n</div></div></blockquote>\n<p >Sorry, but thread bumping is not allowed. </p>\n"
        },
        {
            "id": 89709,
            "timestamp": 1383993235,
            "author": {
                "id": 3680,
                "name": "Kotetsu",
                "image": null
            },
            "comment": "<p >Ok thanks, and do you know how to have the fixed serious please ?</p>"
        },
        {
            "id": 89898,
            "timestamp": 1384193564,
            "author": {
                "id": 1503,
                "name": "Paramount",
                "image": null
            },
            "comment": "\n<p >1. Buy it from luoo (tho Im not sure that he is selling it)</p>\n<p >2. Compile your own from public sources. </p>\n"
        },
        {
            "id": 90021,
            "timestamp": 1384375080,
            "author": {
                "id": 3680,
                "name": "Kotetsu",
                "image": null
            },
            "comment": "\n<p >Yea, i successfully to have one.</p>\n<p >Solved, thanks Wrong & Paramount :)</p>\n<p >PS : Luoo dont sell it ;)</p>\n"
        },
        {
            "id": 90024,
            "timestamp": 1384375644,
            "author": {
                "id": 17432,
                "name": "Nymphetamine",
                "image": null
            },
            "comment": "\n<blockquote data-ipsquote=\"\" class=\"ipsQuote\" data-ipsquote-contentcommentid=\"90021\" data-ipsquote-contentapp=\"forums\" data-ipsquote-contenttype=\"forums\" data-ipsquote-contentclass=\"forums_Topic\" data-ipsquote-contentid=\"11689\" data-ipsquote-username=\"Kotetsu\" data-cite=\"Kotetsu\" data-ipsquote-timestamp=\"1384375080\" ><div ><div >\n<p >Yea, i successfully to have one.</p>\n<p >Solved, thanks Wrong & Paramount :)</p>\n<p >PS : Luoo dont sell it ;)</p>\n</div></div></blockquote>\n<p >Thanks for marking the topic.</p>\n<p >moved</p>\n"
        }
    ]
}