{
    "meta": {
        "threadId": 11680,
        "threadName": "Where i can buy...?",
        "dateCreated": "2013-10-30T11:35:30+0000",
        "datePublished": "2013-10-30T11:35:30+0000",
        "pageCount": 1,
        "originalUrl": "https://lckb.dev/forum/index.php?/topic/11680-where-i-can-buy/",
        "authorId": 16274,
        "position": [
            {
                "@type": "ListItem",
                "position": 1,
                "item": {
                    "@id": "https://lckb.dev/forum/index.php?/forum/100-guides-help-section/",
                    "name": "Guides &amp; Help Section"
                }
            },
            {
                "@type": "ListItem",
                "position": 2,
                "item": {
                    "@id": "https://lckb.dev/forum/index.php?/forum/335-help-support/",
                    "name": "Help &amp; Support"
                }
            },
            {
                "@type": "ListItem",
                "position": 3,
                "item": {
                    "@id": "https://lckb.dev/forum/index.php?/forum/120-ep2-support/",
                    "name": "Ep2 Support"
                }
            },
            {
                "@type": "ListItem",
                "position": 4,
                "item": {
                    "@id": "https://lckb.dev/forum/index.php?/forum/134-solved-topics/",
                    "name": "Solved Topics"
                }
            }
        ]
    },
    "commentData": [
        {
            "id": 89212,
            "timestamp": 1383132930,
            "author": {
                "id": 16274,
                "name": "Shayna",
                "image": null
            },
            "comment": "<p >Hey sry for the bad topic hope that is the right section. I want to buy the Aio Homepage somebody told me i can buy it here could you give me a reply it would be nice.</p>"
        },
        {
            "id": 89215,
            "timestamp": 1383137883,
            "author": {
                "id": 17432,
                "name": "Nymphetamine",
                "image": null
            },
            "comment": "\n<p >U opened another one already</p>\n<p >Closed</p>\n"
        }
    ]
}