{
    "meta": {
        "threadId": 11681,
        "threadName": "online time point bug",
        "dateCreated": "2013-10-30T18:12:34+0000",
        "datePublished": "2013-10-30T18:12:34+0000",
        "pageCount": 1,
        "originalUrl": "https://lckb.dev/forum/index.php?/topic/11681-online-time-point-bug/",
        "authorId": 13764,
        "position": [
            {
                "@type": "ListItem",
                "position": 1,
                "item": {
                    "@id": "https://lckb.dev/forum/index.php?/forum/100-guides-help-section/",
                    "name": "Guides &amp; Help Section"
                }
            },
            {
                "@type": "ListItem",
                "position": 2,
                "item": {
                    "@id": "https://lckb.dev/forum/index.php?/forum/335-help-support/",
                    "name": "Help &amp; Support"
                }
            },
            {
                "@type": "ListItem",
                "position": 3,
                "item": {
                    "@id": "https://lckb.dev/forum/index.php?/forum/120-ep2-support/",
                    "name": "Ep2 Support"
                }
            },
            {
                "@type": "ListItem",
                "position": 4,
                "item": {
                    "@id": "https://lckb.dev/forum/index.php?/forum/134-solved-topics/",
                    "name": "Solved Topics"
                }
            }
        ]
    },
    "commentData": [
        {
            "id": 89220,
            "timestamp": 1383156754,
            "author": {
                "id": 13764,
                "name": "MrBuSta",
                "image": null
            },
            "comment": "\n<p >Hi all</p>\n<p >I have problem with added online time point script on my website,im added it and in bg_user added a_online_time,but its not give 5 online time point after 5min online in game...<br />here is screen:</p>\n<p ><a href=\"https://img841.imageshack.us/img841/7670/kkoi.png\" rel=\"external nofollow\" >http://img841.imageshack.us/img841/7670/kkoi.png</a></p>\n<p >and here is script:</p>\n<div > </div>\n<div ><!DOCTYPE html></div>\n<div ><html ></html></div>\n<div ><head ></head></div>\n<div ><title >AutoIT Script By MaX</title></div>\n<div ><meta http-equiv=\"Content-Type\" content=\"text/html; charset=utf-8\" ></meta></div>\n<div ><script type=\"text/javascript\" ></div>\n<div > </div>\n<div > </div>\n<div >function Timer(id, minLimit, callback){</div>\n<div >var thisTimer = this;</div>\n<div >this.limit = minLimit * 60;</div>\n<div >this.callback = callback;</div>\n<div >this.timer = 0;</div>\n<div >this.addEvent(window, load, function(){</div>\n<div >thisTimer.el = document.getElementById(id);</div>\n<div >thisTimer.txt = thisTimer.el.firstChild;</div>\n<div >thisTimer.intv = setInterval(function(){thisTimer.intvFunc();}, 1000);</div>\n<div >});</div>\n<div >}</div>\n<div > </div>\n<div >Timer.prototype = {</div>\n<div > </div>\n<div >intvFunc: function(){</div>\n<div >this.txt.nodeValue = this.formatTime(++this.timer);</div>\n<div >if(this.timer === this.limit){</div>\n<div >clearInterval(this.intv);</div>\n<div >this.callback.call(this);</div>\n<div >}</div>\n<div >},</div>\n<div > </div>\n<div >formatNum: function(n){</div>\n<div >return n < 10? 0 + n : n;</div>\n<div >},</div>\n<div > </div>\n<div >formatTime: function (n, m, s){</div>\n<div >s = n % 60;</div>\n<div >m = (n - s) / 60;</div>\n<div >return [this.formatNum(m), :, this.formatNum(s)].join();</div>\n<div >},</div>\n<div > </div>\n<div >addEvent: (function(){return window.addEventListener? function(el, ev, f){</div>\n<div >el.addEventListener(ev, f, false);</div>\n<div >}:window.attachEvent? function(el, ev, f){</div>\n<div >el.attachEvent(on + ev, f);</div>\n<div >}:function(){return;};</div>\n<div >})()</div>\n<div >};</div>\n<div > </div>\n<div >// Usage: new Timer(id_of_counting_element, #_of_mins, callback_function(){});</div>\n<div >new Timer(timer1, 5, function(){this.el.parentNode.style.color = red});</div>\n<div ></script></div>\n<div ></div>\n<div ><body ></body></div>\n<div ><?php</div>\n<div >include settings.php ;</div>\n<div > $connect = mysql_connect($server_ip, $user, $password) or die(mysql_error());</div>\n<div >mysql_select_db($database) or die(mysql_error());</div>\n<div >mysql_select_db($database2) or die(mysql_error());</div>\n<div >mysql_select_db($database3) or die(mysql_error());</div>\n<div >// Add all needed website setting below:</div>\n<div >$SiteSQL[\"config-server\"] = 127.0.0.1 <span > </span>// mysql ip</div>\n<div >$SiteSQL[\"config-username\"] = username\"    <span > </span>// mysql username</div>\n<div >$SiteSQL[\"config-password\"] = password    // mysql password</div>\n<div >$SiteSQL[\"config-database_auth\"] = newproject_db_auth   <span > </span>// auth database</div>\n<div >$SiteSQL[\"config-database_db\"] = newproject_db     <span > </span>// db database</div>\n<div >$SiteSQL[\"config-database_data\"] = newproject_data   <span > </span>// data database</div>\n<div > </div>\n<div > </div>\n<div >$Site_sqlcon = mysql_connect( $SiteSQL[\"config-server\"] , $SiteSQL[\"config-username\"] , $SiteSQL[\"config-password\"] ) or die( mysql_error() );</div>\n<div > </div>\n<div >echo \"<b ><font size=\"6\" >AutoIT Script By MaX</font></b><br />KEEP THIS FILE HIDDEN, ONLY RUN ON ROOT<br />\";</div>\n<div >$mysql = mysql_select_db( $SiteSQL[\"config-database_db\"] , $Site_sqlcon) or die( mysql_error() );</div>\n<div >$result1 = mysql_query(\"SELECT a_portal_index from t_users WHERE a_zone_num > -1\");</div>\n<div >$result1a = mysql_query(\"SELECT count(a_index) from t_users WHERE a_zone_num > -1\");</div>\n<div >$r1a = mysql_fetch_row( $result1a );</div>\n<div >$Effected = $r1a[0];</div>\n<div >while($r1 = mysql_fetch_array( $result1 )) </div>\n<div >{</div>\n<div >$UID = $r1[a_portal_index];</div>\n<div >$mysql2 = mysql_select_db( $SiteSQL[\"config-database_auth\"] , $Site_sqlcon) or die( mysql_error() );</div>\n<div >$result2 = mysql_query(\"UPDATE bg_user SET a_online_time = a_online_time + 5 where user_code = $UID\");</div>\n<div >}</div>\n<div >?></div>\n<div ><hr /><br /></div>\n<div >Effected Accounts: <?PHP print $Effected; ?></div>\n<div ><div >Next AutoIT in 5 minutes: <span id=\"timer1\" >00:00</span></div></div>\n<div >Players will receive <font color=\"red\" ><b ><? print $points; ?></b></font> online points every 5 minutes.</div>\n<div ><meta http-equiv=\"refresh\" content=\"300; url=onlinetime.php\" ></meta></div>\n<div ></div>\n<div ></div>\n\n\n\t\t<div class=\"ipsItemControls\" >\n\t\t\t\n\t\t\t\t\n\t\t\t\t\t\n\n\t<div data-controller=\"core.front.core.reaction\" class=\"ipsItemControls_right ipsClearfix \" >\t\n\t\t<div class=\"ipsReact ipsPos_right\" >\n\t\t\t\n\t\t\t\t\n\t\t\t\t<div class=\"ipsReact_blurb ipsHide\" data-role=\"reactionBlurb\" >\n\t\t\t\t\t\n\t\t\t\t</div>\n\t\t\t\n\t\t\t\n\t\t\t\n\t\t\t\t\n\t\t\t\t\n\n\t\t\t\t<div class=\"ipsReact_types\" data-role=\"reactionInteraction\" data-unreact=\"https://lckb.dev/forum/index.php?/topic/11681-online-time-point-bug/&do=unreactComment&comment=89220&csrfKey=dbe3cb658e1be3f3110c5efe01f3b349\" >\n\t\t\t\t\t\n\t\t\t\t\t\t<ul class=\"ipsList_inline\" data-role=\"reactTypes\" >\n\t\t\t\t\t\t\t\n\t\t\t\t\t\t\t\t\n\t\t\t\t\t\t\t\t\t\n\t\t\t\t\t\t\t\t\n\n\t\t\t\t\t\t\t\t<li >\n\t\t\t\t\t\t\t\t\t<a href=\"https://lckb.dev/forum/index.php?/topic/11681-online-time-point-bug/&do=reactComment&comment=89220&reaction=2&csrfKey=dbe3cb658e1be3f3110c5efe01f3b349\" class=\"ipsReact_reaction\" data-role=\"reaction\" >\n\t\t\t\t\t\t\t\t\t\t<img src=\"https://lckb.dev/forum/uploads/reactions/react_thanks.png\" alt=\"Thanks\" data-ipstooltip=\"None\" title=\"Thanks\" >\n\t\t\t\t\t\t\t\t\t\t<span class=\"ipsReact_name\" >Thanks</span>\n\t\t\t\t\t\t\t\t\t</img></a>\n\t\t\t\t\t\t\t\t</li>\n\t\t\t\t\t\t\t\n\t\t\t\t\t\t\t\t\n\n\t\t\t\t\t\t\t\t<li >\n\t\t\t\t\t\t\t\t\t<a href=\"https://lckb.dev/forum/index.php?/topic/11681-online-time-point-bug/&do=reactComment&comment=89220&reaction=3&csrfKey=dbe3cb658e1be3f3110c5efe01f3b349\" class=\"ipsReact_reaction\" data-role=\"reaction\" >\n\t\t\t\t\t\t\t\t\t\t<img src=\"https://lckb.dev/forum/uploads/reactions/react_haha.png\" alt=\"Haha\" data-ipstooltip=\"None\" title=\"Haha\" >\n\t\t\t\t\t\t\t\t\t\t<span class=\"ipsReact_name\" >Haha</span>\n\t\t\t\t\t\t\t\t\t</img></a>\n\t\t\t\t\t\t\t\t</li>\n\t\t\t\t\t\t\t\n\t\t\t\t\t\t\t\t\n\n\t\t\t\t\t\t\t\t<li >\n\t\t\t\t\t\t\t\t\t<a href=\"https://lckb.dev/forum/index.php?/topic/11681-online-time-point-bug/&do=reactComment&comment=89220&reaction=4&csrfKey=dbe3cb658e1be3f3110c5efe01f3b349\" class=\"ipsReact_reaction\" data-role=\"reaction\" >\n\t\t\t\t\t\t\t\t\t\t<img src=\"https://lckb.dev/forum/uploads/reactions/react_confused.png\" alt=\"Confused\" data-ipstooltip=\"None\" title=\"Confused\" >\n\t\t\t\t\t\t\t\t\t\t<span class=\"ipsReact_name\" >Confused</span>\n\t\t\t\t\t\t\t\t\t</img></a>\n\t\t\t\t\t\t\t\t</li>\n\t\t\t\t\t\t\t\n\t\t\t\t\t\t\t\t\n\n\t\t\t\t\t\t\t\t<li >\n\t\t\t\t\t\t\t\t\t<a href=\"https://lckb.dev/forum/index.php?/topic/11681-online-time-point-bug/&do=reactComment&comment=89220&reaction=5&csrfKey=dbe3cb658e1be3f3110c5efe01f3b349\" class=\"ipsReact_reaction\" data-role=\"reaction\" >\n\t\t\t\t\t\t\t\t\t\t<img src=\"https://lckb.dev/forum/uploads/reactions/react_sad.png\" alt=\"Sad\" data-ipstooltip=\"None\" title=\"Sad\" >\n\t\t\t\t\t\t\t\t\t\t<span class=\"ipsReact_name\" >Sad</span>\n\t\t\t\t\t\t\t\t\t</img></a>\n\t\t\t\t\t\t\t\t</li>\n\t\t\t\t\t\t\t\n\t\t\t\t\t\t</ul>\n\t\t\t\t\t\n\n\t\t\t\t\t<span class=\"ipsReact_button \" data-action=\"reactLaunch\" >\n\t\t\t\t\t\t<a href=\"https://lckb.dev/forum/index.php?/topic/11681-online-time-point-bug/&do=reactComment&comment=89220&reaction=1&csrfKey=dbe3cb658e1be3f3110c5efe01f3b349\" class=\"ipsReact_reaction\" data-role=\"reaction\" data-defaultreaction=\"None\" >\n\t\t\t\t\t\t\t<img src=\"https://lckb.dev/forum/uploads/reactions/react_like.png\" alt=\"Like\" data-ipstooltip=\"None\" title=\"Like\" >\n\t\t\t\t\t\t\t<span class=\"ipsReact_name\" >Like</span>\n\t\t\t\t\t\t</img></a>\n\t\t\t\t\t</span>\n\n\t\t\t\t\t<a href=\"https://lckb.dev/forum/index.php?/topic/11681-online-time-point-bug/&do=unreactComment&comment=89220&csrfKey=dbe3cb658e1be3f3110c5efe01f3b349\" class=\"ipsReact_unreact ipsHide\" data-action=\"unreact\" data-ipstooltip=\"None\" title=\"Remove your reaction\" >\u00d7</a>\n\t\t\t\t</div>\n\t\t\t\n\t\t</div>\n\t</div>\n\n\t\t\t\t\n\t\t\t\n\t\t\t<ul class=\"ipsComment_controls ipsClearfix ipsItemControls_left\" data-role=\"commentControls\" >\n\t\t\t\t\n\t\t\t\t\t\n\t\t\t\t\t\n\t\t\t\t\t\n\t\t\t\t\n\t\t\t\t<li class=\"ipsHide\" data-role=\"commentLoading\" >\n\t\t\t\t\t<span class=\"ipsLoading ipsLoading_tiny ipsLoading_noAnim\" ></span>\n\t\t\t\t</li>\n\t\t\t</ul>\n\t\t</div>\n\n\t\t\n\t</div>"
        },
        {
            "id": 89221,
            "timestamp": 1383160892,
            "author": {
                "id": 7482,
                "name": "Creep",
                "image": null
            },
            "comment": "<p >I think you basically need to leave it online on the server, there was something like that but I cant remember</p>"
        },
        {
            "id": 89222,
            "timestamp": 1383161272,
            "author": {
                "id": 13764,
                "name": "MrBuSta",
                "image": null
            },
            "comment": "\n<blockquote data-ipsquote=\"\" class=\"ipsQuote\" data-ipsquote-contentcommentid=\"89221\" data-ipsquote-contentapp=\"forums\" data-ipsquote-contenttype=\"forums\" data-ipsquote-contentclass=\"forums_Topic\" data-ipsquote-contentid=\"11681\" data-ipsquote-username=\"Creep\" data-cite=\"Creep\" data-ipsquote-timestamp=\"1383160892\" ><div ><div ><p >I think you basically need to leave it online on the server, there was something like that but I cant remember</p></div></div></blockquote>\n<p >What you mean with \"Need to leave it online\" ? Sorry i dont understand it :/</p>\n"
        },
        {
            "id": 89384,
            "timestamp": 1383427170,
            "author": {
                "id": 7263,
                "name": "SibaN",
                "image": null
            },
            "comment": "\n<p >you need to open that page every time </p>\n<p > </p>\n<p >exemple <a href=\"http://xxxxxxx/onlinetime.php\" rel=\"external nofollow\" >http://xxxxxxx/onlinetime.php</a></p>\n<p > </p>\n<p >you need to open that every time in youre pc to work if you clos it dont get cash </p>\n"
        },
        {
            "id": 91504,
            "timestamp": 1386380399,
            "author": {
                "id": 19275,
                "name": "macacoloco",
                "image": null
            },
            "comment": "\n<p >Hi this script does not work for me could someone help me?</p>\n<p > </p>\n<p > </p>\n<p > </p>\n<p ><span style=\"margin:0px;color:rgb(0,153,0);font-family:'Times New Roman';font-size:medium;\" >Parse error</span><span style=\"color:rgb(0,0,0);font-family:'Times New Roman';font-size:medium;\" >: syntax error, unexpected T_VARIABLE in /home/u577391235/public_html/onlinetime.php on line 62</span></p>\n<p > </p>\n<p >is   $SiteSQL[\"config-username\"] = root\"     // mysql username</p>\n"
        },
        {
            "id": 91505,
            "timestamp": 1386383224,
            "author": {
                "id": 267,
                "name": "SutWick",
                "image": null
            },
            "comment": "\n<p >Its my script. you need to open it in a browser an leave it open. every time the time hits 5min the page with auto reload an add cash to every account thats online then wait for 5min an do the same again over an over an over.</p>\n<p >The script HAS to be open always in your browser to work.</p>\n<p > </p>\n<p > </p>\n<blockquote data-ipsquote=\"\" class=\"ipsQuote\" data-ipsquote-contentcommentid=\"91504\" data-ipsquote-contentapp=\"forums\" data-ipsquote-contenttype=\"forums\" data-ipsquote-contentclass=\"forums_Topic\" data-ipsquote-contentid=\"11681\" data-ipsquote-username=\"macacoloco\" data-cite=\"macacoloco\" data-ipsquote-timestamp=\"1386380399\" ><div ><p >$SiteSQL[\"config-username\"] = root\"     // mysql username</p></div></blockquote>\n<p >change to</p>\n<p ></p>\n<pre class=\"ipsCode prettyprint lang-auto linenums:0\" >$SiteSQL[\"config-username\"] = root;     // mysql username\n</pre>\n"
        },
        {
            "id": 91509,
            "timestamp": 1386386483,
            "author": {
                "id": 19275,
                "name": "macacoloco",
                "image": null
            },
            "comment": "<p >thx</p>"
        },
        {
            "id": 91522,
            "timestamp": 1386411969,
            "author": {
                "id": 19275,
                "name": "macacoloco",
                "image": null
            },
            "comment": "\n<div >continuing with the same error = /</div>\n<br /><div >beyond the online team have to have another scrypt?</div>\n<br />"
        },
        {
            "id": 91639,
            "timestamp": 1386456246,
            "author": {
                "id": 19275,
                "name": "macacoloco",
                "image": null
            },
            "comment": "\n<p >i have this i need help =/<br />I can pay if needed</p>\n<p ><span style=\"color:rgb(0,0,0);font-family:'Times New Roman';font-size:medium;\" >Warning: mysql_fetch_row() expects </span><span style=\"margin:0px;color:rgb(0,153,0);font-family:'Times New Roman';font-size:medium;\" >parameter</span><span style=\"color:rgb(0,0,0);font-family:'Times New Roman';font-size:medium;\" > 1 to be resource, boolean given in /</span><span style=\"margin:0px;color:rgb(0,153,0);font-family:'Times New Roman';font-size:medium;\" >home</span><span style=\"color:rgb(0,0,0);font-family:'Times New Roman';font-size:medium;\" >/...../...../onlinetime.php on line 70 Warning: mysql_fetch_array() expects parameter 1 to be resource, boolean given in /home/........./........./onlinetime.php on line 72</span></p>\n\n\n\t\t\t\n\t\t\t\t\n\n<span class=\"ipsType_reset ipsType_medium ipsType_light\" data-excludequote=\"None\" >\n\t<strong >Edited <time datetime=\"2013-12-07T22:45:59Z\" title=\"12/07/2013 10:45  PM\" data-short=\"7 yr\" >December 7, 2013</time> by macacoloco</strong>\n\t\n\t\n</span>\n\t\t\t\n\t\t</div>"
        },
        {
            "id": 91662,
            "timestamp": 1386495440,
            "author": {
                "id": 1503,
                "name": "Paramount",
                "image": null
            },
            "comment": "<p >and whats wrong with it? because of this warning script does not work? if it does, just past error_reporting(0); after <?php</p>\n\n\t\t\t\n\t\t</p></div>"
        },
        {
            "id": 91846,
            "timestamp": 1386689142,
            "author": {
                "id": 15543,
                "name": "luoo",
                "image": null
            },
            "comment": "\n<p >Why you not write a cronjob for a .sh files that execute the query? </p>\n<p > </p>\n<p ><a href=\"http://www.cyberciti.biz/faq/run-sql-query-directly-on-the-command-line/\" rel=\"external nofollow\" >http://www.cyberciti.biz/faq/run-sql-query-directly-on-the-command-line/</a></p>\n<p ><a href=\"https://www.centos.org/docs/5/html/Deployment_Guide-en-US/ch-autotasks.html\" rel=\"external nofollow\" >http://www.centos.org/docs/5/html/Deployment_Guide-en-US/ch-autotasks.html</a></p>\n"
        }
    ]
}