{
    "meta": {
        "threadId": 11683,
        "threadName": "Problem with quest 267 / Seeds of new beginning",
        "dateCreated": "2013-10-30T22:55:11+0000",
        "datePublished": "2013-10-30T22:55:11+0000",
        "pageCount": 1,
        "originalUrl": "https://lckb.dev/forum/index.php?/topic/11683-problem-with-quest-267-seeds-of-new-beginning/",
        "authorId": 7041,
        "position": [
            {
                "@type": "ListItem",
                "position": 1,
                "item": {
                    "@id": "https://lckb.dev/forum/index.php?/forum/100-guides-help-section/",
                    "name": "Guides &amp; Help Section"
                }
            },
            {
                "@type": "ListItem",
                "position": 2,
                "item": {
                    "@id": "https://lckb.dev/forum/index.php?/forum/335-help-support/",
                    "name": "Help &amp; Support"
                }
            },
            {
                "@type": "ListItem",
                "position": 3,
                "item": {
                    "@id": "https://lckb.dev/forum/index.php?/forum/120-ep2-support/",
                    "name": "Ep2 Support"
                }
            },
            {
                "@type": "ListItem",
                "position": 4,
                "item": {
                    "@id": "https://lckb.dev/forum/index.php?/forum/134-solved-topics/",
                    "name": "Solved Topics"
                }
            }
        ]
    },
    "commentData": [
        {
            "id": 89232,
            "timestamp": 1383173711,
            "author": {
                "id": 7041,
                "name": "maggi",
                "image": null
            },
            "comment": "\n<p >Hi all</p>\n<p >The next Problem :)</p>\n<p > </p>\n<p >if i make the quest 267-Seeds of new beginning......must take 5 x Item-ID 4685 i cant take it from the mob. The mob-ID is 930-Spirit of white tree.</p>\n<p > </p>\n<p >i will attack the mob, the curser switch from arrow to circle but nothing do.</p>\n<p > </p>\n<p >the same prob is at all Quests where i must take a item from a mob like quest with the dragonscale item from egeha.</p>\n<p > </p>\n<p >sry for my bad english, i do my best :)</p>\n<p > </p>\n<p >i use USA-server-files from cdwriter Pack v13</p>\n<p > </p>\n<p >thx </p>\n<p >maggi</p>\n<p > </p>\n<p > </p>\n<p ><strong ><span style=\"color:#ff0000;\" ><span style=\"font-size:18px;\" >// Please mark as solved //</span></span></strong></p>\n<p > </p>\n<p >My fail.........The error was the attack area. I have 0 in mobAll.lod but ist must be 2,5 :)</p>\n\n\n\t\t\t\n\t\t\t\t\n\n<span class=\"ipsType_reset ipsType_medium ipsType_light\" data-excludequote=\"None\" >\n\t<strong >Edited <time datetime=\"2013-10-31T00:17:50Z\" title=\"10/31/2013 12:17  AM\" data-short=\"7 yr\" >October 31, 2013</time> by maggi</strong>\n\t\n\t\n</span>\n\t\t\t\n\t\t</div>"
        },
        {
            "id": 89283,
            "timestamp": 1383241980,
            "author": {
                "id": 17582,
                "name": "CDWriter",
                "image": null
            },
            "comment": "<p >does the mob have the item to drop ?</p>"
        },
        {
            "id": 89288,
            "timestamp": 1383257546,
            "author": {
                "id": 7041,
                "name": "maggi",
                "image": null
            },
            "comment": "\n<p >the prob was solved i have make the fail myself.</p>\n<p > </p>\n<p >The attac area from mob was 0 but it must be 2,5. Thats all :)</p>\n<p > </p>\n<p >Now it works.</p>\n<p > </p>\n<p >But i see another Prob with this package v13.</p>\n<p >The merchant Master in Juno.</p>\n<p >You make a char level 50-55 and go to the merchant master to make a merchant-char.</p>\n<p >it doesnt work. The npc ask if you want to make a merchant char and you dont have a merchant char.</p>\n<p > </p>\n<p >I dont know is it a db-error, client error or Gameserver error.</p>\n<p > </p>\n<p >thx</p>\n<p >Maggi</p>\n"
        }
    ]
}