{
    "meta": {
        "threadId": 11690,
        "threadName": "How change object",
        "dateCreated": "2013-10-31T13:03:03+0000",
        "datePublished": "2013-10-31T13:03:03+0000",
        "pageCount": 1,
        "originalUrl": "https://lckb.dev/forum/index.php?/topic/11690-how-change-object/",
        "authorId": 13584,
        "position": [
            {
                "@type": "ListItem",
                "position": 1,
                "item": {
                    "@id": "https://lckb.dev/forum/index.php?/forum/100-guides-help-section/",
                    "name": "Guides &amp; Help Section"
                }
            },
            {
                "@type": "ListItem",
                "position": 2,
                "item": {
                    "@id": "https://lckb.dev/forum/index.php?/forum/335-help-support/",
                    "name": "Help &amp; Support"
                }
            },
            {
                "@type": "ListItem",
                "position": 3,
                "item": {
                    "@id": "https://lckb.dev/forum/index.php?/forum/120-ep2-support/",
                    "name": "Ep2 Support"
                }
            },
            {
                "@type": "ListItem",
                "position": 4,
                "item": {
                    "@id": "https://lckb.dev/forum/index.php?/forum/134-solved-topics/",
                    "name": "Solved Topics"
                }
            }
        ]
    },
    "commentData": [
        {
            "id": 89264,
            "timestamp": 1383224583,
            "author": {
                "id": 13584,
                "name": "Slash",
                "image": null
            },
            "comment": "\n<p >Hi community i want change Elixir for add more hp : now is 30 % more and i would change that ?</p>\n<p > </p>\n<p >Can you give me solution ?</p>\n"
        },
        {
            "id": 89280,
            "timestamp": 1383240759,
            "author": {
                "id": 6038,
                "name": "RomainLastChaos",
                "image": null
            },
            "comment": "\n<p >You must Look on the Skill editor Like this</p>\n<p > </p>\n<p ><a href=\"http://grabilla.com/03a1f-0343cf30-9a06-46f8-a3a7-5a227f354a55.html\" rel=\"external nofollow\" ><img alt=\"03a1f-0343cf30-9a06-46f8-a3a7-5a227f354a\" src=\"http://grabilla.com/03a1f-0343cf30-9a06-46f8-a3a7-5a227f354a55.png\" /></a></p>\n"
        },
        {
            "id": 89290,
            "timestamp": 1383258921,
            "author": {
                "id": 3680,
                "name": "Kotetsu",
                "image": null
            },
            "comment": "\n<p >You need to change your Databases datas.</p>\n<p >If im right, change t_magiclevel </p>\n"
        },
        {
            "id": 89318,
            "timestamp": 1383321377,
            "author": {
                "id": 13584,
                "name": "Slash",
                "image": null
            },
            "comment": "\n<p ># Era</p>\n<p > </p>\n<p >Thanks </p>\n"
        },
        {
            "id": 89319,
            "timestamp": 1383321484,
            "author": {
                "id": 13584,
                "name": "Slash",
                "image": null
            },
            "comment": "<p >Now , i have donwload that but what i change for change the hp in potion for exemple ?</p>\n\n\t\t\t\n\t\t\t\t\n\n<span class=\"ipsType_reset ipsType_medium ipsType_light\" data-excludequote=\"None\" >\n\t<strong >Edited <time datetime=\"2013-11-01T23:23:05Z\" title=\"11/01/2013 11:23  PM\" data-short=\"7 yr\" >November 1, 2013</time> by Slash</strong>\n\t\n\t\n</span>\n\t\t\t\n\t\t</div>"
        }
    ]
}