{
    "meta": {
        "threadId": 11698,
        "threadName": "How to add salt to ep1 website?",
        "dateCreated": "2013-11-01T19:05:11+0000",
        "datePublished": "2013-11-01T19:05:11+0000",
        "pageCount": 1,
        "originalUrl": "https://lckb.dev/forum/index.php?/topic/11698-how-to-add-salt-to-ep1-website/",
        "authorId": 13764,
        "position": [
            {
                "@type": "ListItem",
                "position": 1,
                "item": {
                    "@id": "https://lckb.dev/forum/index.php?/forum/100-guides-help-section/",
                    "name": "Guides &amp; Help Section"
                }
            },
            {
                "@type": "ListItem",
                "position": 2,
                "item": {
                    "@id": "https://lckb.dev/forum/index.php?/forum/335-help-support/",
                    "name": "Help &amp; Support"
                }
            },
            {
                "@type": "ListItem",
                "position": 3,
                "item": {
                    "@id": "https://lckb.dev/forum/index.php?/forum/120-ep2-support/",
                    "name": "Ep2 Support"
                }
            },
            {
                "@type": "ListItem",
                "position": 4,
                "item": {
                    "@id": "https://lckb.dev/forum/index.php?/forum/134-solved-topics/",
                    "name": "Solved Topics"
                }
            }
        ]
    },
    "commentData": [
        {
            "id": 89330,
            "timestamp": 1383332711,
            "author": {
                "id": 13764,
                "name": "MrBuSta",
                "image": null
            },
            "comment": "\n<p >Hi all.</p>\n<p >I want add salt to my night-chaos website (this site is ep1) someone can help me how i can add it ? please</p>\n<p >Tell me its possible or not on this site please,here is website link: <a href=\"http://109.230.238.62/site10/index.php?Do=home\" rel=\"external nofollow\" >http://109.230.238.62/site10/index.php?Do=home</a></p>\n"
        },
        {
            "id": 89335,
            "timestamp": 1383341629,
            "author": {
                "id": 2,
                "name": "Wizatek",
                "image": null
            },
            "comment": "<p >I dont really understand what u mean with that. </p>"
        },
        {
            "id": 89336,
            "timestamp": 1383342537,
            "author": {
                "id": 13764,
                "name": "MrBuSta",
                "image": null
            },
            "comment": "\n<blockquote data-ipsquote=\"\" class=\"ipsQuote\" data-ipsquote-contentcommentid=\"89335\" data-ipsquote-contentapp=\"forums\" data-ipsquote-contenttype=\"forums\" data-ipsquote-contentclass=\"forums_Topic\" data-ipsquote-contentid=\"11698\" data-ipsquote-username=\"Wizatek\" data-cite=\"Wizatek\" data-ipsquote-timestamp=\"1383341629\" ><div ><div ><p >I dont really understand what u mean with that. </p></div></div></blockquote>\n<p >I want make Ep1 website to work for Ep2 servers...i want add hash,salt...because on bg_user have password and true password..and this website is for ep1,but i think its possible to add there salt and login work and register to...now understand me ?</p>\n"
        },
        {
            "id": 89348,
            "timestamp": 1383388451,
            "author": {
                "id": 18249,
                "name": "darklord",
                "image": null
            },
            "comment": "\n<p >Heyy </p>\n<p > </p>\n<p >I fixed login and register <span style=\"color:rgb(40,40,40);font-family:helvetica, arial, sans-serif;\" >night-chaos website</span>.</p>\n<p > </p>\n<p > </p>\n<div >\n<a href=\"https://mega.co.nz/#\" rel=\"external nofollow\" >https://mega.co.nz/#</a>!24YhwCBT!DQZXZRSQGrH1ZDfJEH-QrUjK-aIMl4kV3HAnCgWQnbM</div>\n<div > </div>\n<p >Rar pass: darklord</p>\n"
        },
        {
            "id": 89354,
            "timestamp": 1383392134,
            "author": {
                "id": 13764,
                "name": "MrBuSta",
                "image": null
            },
            "comment": "<p >Thanks :)</p>"
        },
        {
            "id": 89622,
            "timestamp": 1383903453,
            "author": {
                "id": 1503,
                "name": "Paramount",
                "image": null
            },
            "comment": "<p >Closed and moved. </p>"
        }
    ]
}