{
    "meta": {
        "threadId": 11699,
        "threadName": "Custom Gear?",
        "dateCreated": "2013-11-01T20:04:42+0000",
        "datePublished": "2013-11-01T20:04:42+0000",
        "pageCount": 1,
        "originalUrl": "https://lckb.dev/forum/index.php?/topic/11699-custom-gear/",
        "authorId": 19031,
        "position": [
            {
                "@type": "ListItem",
                "position": 1,
                "item": {
                    "@id": "https://lckb.dev/forum/index.php?/forum/100-guides-help-section/",
                    "name": "Guides &amp; Help Section"
                }
            },
            {
                "@type": "ListItem",
                "position": 2,
                "item": {
                    "@id": "https://lckb.dev/forum/index.php?/forum/335-help-support/",
                    "name": "Help &amp; Support"
                }
            },
            {
                "@type": "ListItem",
                "position": 3,
                "item": {
                    "@id": "https://lckb.dev/forum/index.php?/forum/120-ep2-support/",
                    "name": "Ep2 Support"
                }
            },
            {
                "@type": "ListItem",
                "position": 4,
                "item": {
                    "@id": "https://lckb.dev/forum/index.php?/forum/134-solved-topics/",
                    "name": "Solved Topics"
                }
            }
        ]
    },
    "commentData": [
        {
            "id": 89332,
            "timestamp": 1383336282,
            "author": {
                "id": 19031,
                "name": "NoFace",
                "image": null
            },
            "comment": "\n<p >Im pretty new to all this and Im not sure where to even begin when it comes to making custom gear. I dont mean just a Texture swap on a pre-made Gear either I mean from scratch how do I go about making these things so I can make some things that stand out?</p>\n<p > </p>\n<p >Custom Weapons<br />Custom Armor</p>\n<p >Custom P2s</p>\n<p >Custom Titles<br /> </p>\n<p >I see so often just texture changes but that doesnt really impress anyone. Im willing to read a long article if someone is willing to type one for me.</p>\n<p > </p>\n<p >Im more interested in Custom Weapons/Armors than anything realistically after I get a pretty guide on those 2 things this topic can be closed. Titles and P2s would only serve to be a bonus.</p>\n<p > </p>\n<p >Do these need Programs to do, I assume they do if so which ones?</p>\n<p > </p>\n<p >Thanks in advance</p>\n<p >- NoFace</p>\n\n\n\t\t\t\n\t\t\t\t\n\n<span class=\"ipsType_reset ipsType_medium ipsType_light\" data-excludequote=\"None\" >\n\t<strong >Edited <time datetime=\"2013-11-01T20:06:44Z\" title=\"11/01/2013 08:06  PM\" data-short=\"7 yr\" >November 1, 2013</time> by NoFace</strong>\n\t\n\t\n</span>\n\t\t\t\n\t\t</div>"
        },
        {
            "id": 89509,
            "timestamp": 1383663552,
            "author": {
                "id": 19262,
                "name": "Triralith",
                "image": null
            },
            "comment": "\n<p >About custom armor / weps u can use Cinema4D, but I dont know too much about that. It doesnt take a moment, I only can say that. U also will need tools for other things. You can find em in </p>\n<ul ><li ><a href=\"http://toxic-l33t.ddns.net/forum/index.php?showforum=100\" title=\"Return to Ep2/3 - Linux Based Server Files\" rel=\"external nofollow\" >Ep2/3 - Linux Based Server Files</a></li>\n<li >-> Releases -> Tools</li>\n</ul>\n\n\t\t\t\n\t\t\t\t\n\n<span class=\"ipsType_reset ipsType_medium ipsType_light\" data-excludequote=\"None\" >\n\t<strong >Edited <time datetime=\"2013-11-05T14:59:27Z\" title=\"11/05/2013 02:59  PM\" data-short=\"7 yr\" >November 5, 2013</time> by Triralith</strong>\n\t\n\t\n</span>\n\t\t\t\n\t\t</div>"
        }
    ]
}