{
    "meta": {
        "threadId": 11697,
        "threadName": "Problem with Gameserver",
        "dateCreated": "2013-11-01T16:36:06+0000",
        "datePublished": "2013-11-01T16:36:06+0000",
        "pageCount": 1,
        "originalUrl": "https://lckb.dev/forum/index.php?/topic/11697-problem-with-gameserver/",
        "authorId": 19259,
        "position": [
            {
                "@type": "ListItem",
                "position": 1,
                "item": {
                    "@id": "https://lckb.dev/forum/index.php?/forum/100-guides-help-section/",
                    "name": "Guides &amp; Help Section"
                }
            },
            {
                "@type": "ListItem",
                "position": 2,
                "item": {
                    "@id": "https://lckb.dev/forum/index.php?/forum/335-help-support/",
                    "name": "Help &amp; Support"
                }
            },
            {
                "@type": "ListItem",
                "position": 3,
                "item": {
                    "@id": "https://lckb.dev/forum/index.php?/forum/120-ep2-support/",
                    "name": "Ep2 Support"
                }
            },
            {
                "@type": "ListItem",
                "position": 4,
                "item": {
                    "@id": "https://lckb.dev/forum/index.php?/forum/134-solved-topics/",
                    "name": "Solved Topics"
                }
            }
        ]
    },
    "commentData": [
        {
            "id": 89321,
            "timestamp": 1383323766,
            "author": {
                "id": 19259,
                "name": "xFreakOut",
                "image": null
            },
            "comment": "\n<p >Hi, Ive got a Problem with the Gameserver.</p>\n<p > </p>\n<p >Here it is:</p>\n<p > </p>\n<div >ERROR: CANNOT LOAD CASTLE INFO > </div>\n<div >2013/11/01 12:26:56 :: Setting Error!! > </div>\n<div >Setting Error!!</div>\n<div >*** glibc detected *** ./GameServer_d: corrupted double-linked list: 0x0856a038 ***</div>\n<div >======= Backtrace: =========</div>\n<div >/lib/libc.so.6(+0x70df1)[0xb74f8df1]</div>\n<div >/lib/libc.so.6(+0x737e3)[0xb74fb7e3]</div>\n<div >/usr/lib/libstdc++.so.6(_ZdlPv+0x22)[0xb7713df2]</div>\n<div >./GameServer_d[0x81e4c33]</div>\n<div >./GameServer_d[0x81d19ba]</div>\n<div >./GameServer_d[0x81d5367]</div>\n<div > </div>\n<div >Huhu, habe ein Problem mit dem Gameserver.</div>\n<div > </div>\n<div >Hier ist es:</div>\n<div > </div>\n<div >\n<div >ERROR: CANNOT LOAD CASTLE INFO > </div>\n<div >2013/11/01 12:26:56 :: Setting Error!! > </div>\n<div >Setting Error!!</div>\n<div >*** glibc detected *** ./GameServer_d: corrupted double-linked list: 0x0856a038 ***</div>\n<div >======= Backtrace: =========</div>\n<div >/lib/libc.so.6(+0x70df1)[0xb74f8df1]</div>\n<div >/lib/libc.so.6(+0x737e3)[0xb74fb7e3]</div>\n<div >/usr/lib/libstdc++.so.6(_ZdlPv+0x22)[0xb7713df2]</div>\n<div >./GameServer_d[0x81e4c33]</div>\n<div >./GameServer_d[0x81d19ba]</div>\n<div >./GameServer_d[0x81d5367]</div>\n<div > </div>\n<div > </div>\n<div >I hope you can help me.Ich hoffe ihr k\u00c3\u0192\u00c2\u00b6nnt mir helfen.</div>\n<div > </div>\n<div >Best Regards/Mit freundlichen Gr\u00c3\u0192\u00c2\u00bc\u00c3\u0192\u00c5\u00b8en</div>\n</div>\n<p > </p>\n"
        },
        {
            "id": 89323,
            "timestamp": 1383324399,
            "author": {
                "id": 13764,
                "name": "MrBuSta",
                "image": null
            },
            "comment": "<p >check in your newproject_db t_castle dbs</p>"
        },
        {
            "id": 89324,
            "timestamp": 1383324984,
            "author": {
                "id": 19259,
                "name": "xFreakOut",
                "image": null
            },
            "comment": "<p >Already did. What should be in<span style=\"font-size:12px;\" > newproject_db t_castle? :S</span></p>"
        },
        {
            "id": 89325,
            "timestamp": 1383325755,
            "author": {
                "id": 1503,
                "name": "Paramount",
                "image": null
            },
            "comment": "<p >Try to repair and optimize table. </p>"
        },
        {
            "id": 89351,
            "timestamp": 1383390213,
            "author": {
                "id": 368,
                "name": "blankname",
                "image": null
            },
            "comment": "<p >make sure the gs has enought rights to access to the sat/[CeNsOrEd] files</p>"
        },
        {
            "id": 89365,
            "timestamp": 1383413584,
            "author": {
                "id": 19259,
                "name": "xFreakOut",
                "image": null
            },
            "comment": "\n<p >Thanks for the help. We found the problem. Now we get a new. </p>\n<p > </p>\n<p >Here it is:</p>\n<p > </p>\n<p >I have an issue where connector cannot connect to db, im not sure why because everything was working till i added security to my lampp \"password\" does anyone know why this is happening and yes im sure my password is correct 100% any help will be usefull Thank you. and im use xampp 1.6.8a for centos 6.4 l</p>\n"
        },
        {
            "id": 89366,
            "timestamp": 1383413682,
            "author": {
                "id": 1503,
                "name": "Paramount",
                "image": null
            },
            "comment": "\n<p >For the new problem open the new topic.</p>\n<p > </p>\n<p >Closed and moved. </p>\n"
        }
    ]
}