{
    "meta": {
        "threadId": 11707,
        "threadName": "Episode 3 server files?",
        "dateCreated": "2013-11-02T12:24:54+0000",
        "datePublished": "2013-11-02T12:24:54+0000",
        "pageCount": 2,
        "originalUrl": "https://lckb.dev/forum/index.php?/topic/11707-episode-3-server-files/",
        "authorId": 17519,
        "position": [
            {
                "@type": "ListItem",
                "position": 1,
                "item": {
                    "@id": "https://lckb.dev/forum/index.php?/forum/271-general-section/",
                    "name": "General Section"
                }
            },
            {
                "@type": "ListItem",
                "position": 2,
                "item": {
                    "@id": "https://lckb.dev/forum/index.php?/forum/259-general-discussion/",
                    "name": "General Discussion"
                }
            }
        ]
    },
    "commentData": [
        {
            "id": 89356,
            "timestamp": 1383395094,
            "author": {
                "id": 17519,
                "name": "lukaslt",
                "image": null
            },
            "comment": "\n<p >Hey guys.</p>\n<p > </p>\n<p >I was a bit wondering and wanted to ask you if any of those files are public e.g. the emulator or ep3 in the last few days some ep3 servers has been opened and the development of those isnt really good. So i was actually really wondering how peoples are getting ep3 files e.g. venus lc</p>\n<p >has now ep3 but the server by itself isnt really good, even C2 armor is bugged </p>\n<p > </p>\n<p >Note: are emulator files for ep3 released ?</p>\n<p >I was wondering just how peoples get on ep3 files since its not public</p>\n\n\n\t\t\t\n\t\t\t\t\n\n<span class=\"ipsType_reset ipsType_medium ipsType_light\" data-excludequote=\"None\" >\n\t<strong >Edited <time datetime=\"2013-11-02T12:44:14Z\" title=\"11/02/2013 12:44  PM\" data-short=\"7 yr\" >November 2, 2013</time> by lukaslt</strong>\n\t\n\t\n</span>\n\t\t\t\n\t\t</div>"
        },
        {
            "id": 89410,
            "timestamp": 1383480705,
            "author": {
                "id": 1503,
                "name": "Paramount",
                "image": null
            },
            "comment": "\n<p >They aint the emulator.. They are the official EP3 files.</p>\n<p >And I guess they are released on some chinese forums lol.</p>\n"
        },
        {
            "id": 89427,
            "timestamp": 1383496798,
            "author": {
                "id": 2041,
                "name": "HateMe",
                "image": null
            },
            "comment": "<p >i dont think so that they are released somewhere...</p>"
        },
        {
            "id": 89428,
            "timestamp": 1383497663,
            "author": {
                "id": 1503,
                "name": "Paramount",
                "image": null
            },
            "comment": "\n<blockquote data-ipsquote=\"\" class=\"ipsQuote\" data-ipsquote-contentcommentid=\"89427\" data-ipsquote-contentapp=\"forums\" data-ipsquote-contenttype=\"forums\" data-ipsquote-contentclass=\"forums_Topic\" data-ipsquote-contentid=\"11707\" data-ipsquote-username=\"HateMe\" data-cite=\"HateMe\" data-ipsquote-timestamp=\"1383496798\" ><div ><div ><p >i dont think so that they are released somewhere...</p></div></div></blockquote>\n<p >if they arent, how people are getting them? its kinda strange</p>\n"
        },
        {
            "id": 89429,
            "timestamp": 1383497949,
            "author": {
                "id": 6038,
                "name": "RomainLastChaos",
                "image": null
            },
            "comment": "\n<blockquote data-ipsquote=\"\" class=\"ipsQuote\" data-ipsquote-contentcommentid=\"89428\" data-ipsquote-contentapp=\"forums\" data-ipsquote-contenttype=\"forums\" data-ipsquote-contentclass=\"forums_Topic\" data-ipsquote-contentid=\"11707\" data-ipsquote-username=\"Paramount\" data-cite=\"Paramount\" data-ipsquote-timestamp=\"1383497663\" ><div ><div ><p >if they arent, how people are getting them? its kinda strange</p></div></div></blockquote>\n<p > </p>\n<p >Poeple are getting them because they buy it</p>\n\n\n\t\t\t\n\t\t\t\t\n\n<span class=\"ipsType_reset ipsType_medium ipsType_light\" data-excludequote=\"None\" >\n\t<strong >Edited <time datetime=\"2013-11-03T17:00:13Z\" title=\"11/03/2013 05:00  PM\" data-short=\"7 yr\" >November 3, 2013</time> by Era</strong>\n\t\n\t\n</span>\n\t\t\t\n\t\t</div>"
        },
        {
            "id": 89430,
            "timestamp": 1383498733,
            "author": {
                "id": 161,
                "name": "Koko",
                "image": null
            },
            "comment": "\n<p >I guess theyre buying them to someone who bought them who himself his friend with a guy who hacked them or whatever...</p>\n<p >Or this is just a huge plot made by Aeria and Gamigo to earn even more money hahaha</p>\n"
        },
        {
            "id": 89431,
            "timestamp": 1383501044,
            "author": {
                "id": 1503,
                "name": "Paramount",
                "image": null
            },
            "comment": "<p >Id like to know where to buy em too :P</p>"
        },
        {
            "id": 89433,
            "timestamp": 1383507056,
            "author": {
                "id": 6038,
                "name": "RomainLastChaos",
                "image": null
            },
            "comment": "<p >Dont need to buy somewhere just need wait one Noob Buy it and release for free because loose much money for nothing after it become free. that not my point atm xD Like same as EP2 Files leaked</p>\n\n\t\t\t\n\t\t\t\t\n\n<span class=\"ipsType_reset ipsType_medium ipsType_light\" data-excludequote=\"None\" >\n\t<strong >Edited <time datetime=\"2013-11-03T19:31:47Z\" title=\"11/03/2013 07:31  PM\" data-short=\"7 yr\" >November 3, 2013</time> by Era</strong>\n\t\n\t\n</span>\n\t\t\t\n\t\t</div>"
        },
        {
            "id": 89434,
            "timestamp": 1383507479,
            "author": {
                "id": 1503,
                "name": "Paramount",
                "image": null
            },
            "comment": "\n<blockquote data-ipsquote=\"\" class=\"ipsQuote\" data-ipsquote-contentcommentid=\"89433\" data-ipsquote-contentapp=\"forums\" data-ipsquote-contenttype=\"forums\" data-ipsquote-contentclass=\"forums_Topic\" data-ipsquote-contentid=\"11707\" data-ipsquote-username=\"Era\" data-cite=\"Era\" data-ipsquote-timestamp=\"1383507056\" ><div ><div ><p >EP2 Files leaked</p></div></div></blockquote>\n<p >Sadly Halloween was on 31st oct, we didnt get any gifts..</p>\n"
        },
        {
            "id": 89435,
            "timestamp": 1383507981,
            "author": {
                "id": 6038,
                "name": "RomainLastChaos",
                "image": null
            },
            "comment": "\n<p >xD this is true</p>\n<p > </p>\n<p >Maybe for Chrismas</p>\n\n\n\t\t\t\n\t\t\t\t\n\n<span class=\"ipsType_reset ipsType_medium ipsType_light\" data-excludequote=\"None\" >\n\t<strong >Edited <time datetime=\"2013-11-03T19:50:04Z\" title=\"11/03/2013 07:50  PM\" data-short=\"7 yr\" >November 3, 2013</time> by Era</strong>\n\t\n\t\n</span>\n\t\t\t\n\t\t</div>"
        },
        {
            "id": 89436,
            "timestamp": 1383508078,
            "author": {
                "id": 19074,
                "name": "Arnii",
                "image": null
            },
            "comment": "<p >Well i think atm,only way to have it , its from buying them...Then i dont know im not sure at 100%</p>"
        },
        {
            "id": 89437,
            "timestamp": 1383510025,
            "author": {
                "id": 13764,
                "name": "MrBuSta",
                "image": null
            },
            "comment": "\n<p >But who sell this files?? </p>\n<p >I want buy it..</p>\n"
        },
        {
            "id": 89438,
            "timestamp": 1383510547,
            "author": {
                "id": 16667,
                "name": "IIMrSworDII",
                "image": null
            },
            "comment": "\n<blockquote data-ipsquote=\"\" class=\"ipsQuote\" data-ipsquote-contentcommentid=\"89437\" data-ipsquote-contentapp=\"forums\" data-ipsquote-contenttype=\"forums\" data-ipsquote-contentclass=\"forums_Topic\" data-ipsquote-contentid=\"11707\" data-ipsquote-username=\"Adam1998i\" data-cite=\"Adam1998i\" data-ipsquote-timestamp=\"1383510025\" ><div ><div >\n<p >But who sell this files?? </p>\n<p >I want buy it..</p>\n</div></div></blockquote>\n<p > </p>\n<p >Falo selling files EP3...</p>\n"
        },
        {
            "id": 89439,
            "timestamp": 1383510622,
            "author": {
                "id": 6038,
                "name": "RomainLastChaos",
                "image": null
            },
            "comment": "<p >Moment of joking \"Do you know AnnonymouS is a Hackers guys maybe  they xD\"</p>\n\n\t\t\t\n\t\t\t\t\n\n<span class=\"ipsType_reset ipsType_medium ipsType_light\" data-excludequote=\"None\" >\n\t<strong >Edited <time datetime=\"2013-11-03T20:32:40Z\" title=\"11/03/2013 08:32  PM\" data-short=\"7 yr\" >November 3, 2013</time> by Era</strong>\n\t\n\t\n</span>\n\t\t\t\n\t\t</div>"
        },
        {
            "id": 89440,
            "timestamp": 1383510984,
            "author": {
                "id": 1503,
                "name": "Paramount",
                "image": null
            },
            "comment": "\n<blockquote data-ipsquote=\"\" class=\"ipsQuote\" data-ipsquote-contentcommentid=\"89439\" data-ipsquote-contentapp=\"forums\" data-ipsquote-contenttype=\"forums\" data-ipsquote-contentclass=\"forums_Topic\" data-ipsquote-contentid=\"11707\" data-ipsquote-username=\"Era\" data-cite=\"Era\" data-ipsquote-timestamp=\"1383510622\" ><div ><div ><p >Moment of joking \"Do you know AnnonymouS is a Hackers guys maybe  they xD\"</p></div></div></blockquote>\n<p >Anonymous hacks .gov sites, do u really think they would waste their time on such stupid thing as LC? :]</p>\n<p > </p>\n<blockquote data-ipsquote=\"\" class=\"ipsQuote\" data-ipsquote-contentcommentid=\"89438\" data-ipsquote-contentapp=\"forums\" data-ipsquote-contenttype=\"forums\" data-ipsquote-contentclass=\"forums_Topic\" data-ipsquote-contentid=\"11707\" data-ipsquote-username=\"IIMrSworDII\" data-cite=\"IIMrSworDII\" data-ipsquote-timestamp=\"1383510547\" ><div ><div ><p >Falo selling files EP3...</p></div></div></blockquote>\n<p >Lol? Is it about 10k euro?</p>\n"
        },
        {
            "id": 89441,
            "timestamp": 1383511687,
            "author": {
                "id": 13529,
                "name": "DrGenius",
                "image": null
            },
            "comment": "<p >just take care to who you buy it, so much scammers there, only one person sell it that is 100% true.</p>"
        },
        {
            "id": 89442,
            "timestamp": 1383512850,
            "author": {
                "id": 1503,
                "name": "Paramount",
                "image": null
            },
            "comment": "\n<blockquote data-ipsquote=\"\" class=\"ipsQuote\" data-ipsquote-contentcommentid=\"89441\" data-ipsquote-contentapp=\"forums\" data-ipsquote-contenttype=\"forums\" data-ipsquote-contentclass=\"forums_Topic\" data-ipsquote-contentid=\"11707\" data-ipsquote-username=\"DrGenius\" data-cite=\"DrGenius\" data-ipsquote-timestamp=\"1383511687\" ><div ><div ><p >only one person sell it that is 100% true.</p></div></div></blockquote>\n<p >and he dont wanna problems... yeah yeah, know that story. did he find problems in money? hehe</p>\n"
        },
        {
            "id": 89475,
            "timestamp": 1383558956,
            "author": {
                "id": 201,
                "name": "Wrong",
                "image": null
            },
            "comment": "\n<blockquote data-ipsquote=\"\" class=\"ipsQuote\" data-ipsquote-contentcommentid=\"89438\" data-ipsquote-contentapp=\"forums\" data-ipsquote-contenttype=\"forums\" data-ipsquote-contentclass=\"forums_Topic\" data-ipsquote-contentid=\"11707\" data-ipsquote-username=\"IIMrSworDII\" data-cite=\"IIMrSworDII\" data-ipsquote-timestamp=\"1383510547\" ><div ><div ><p >Falo selling files EP3...</p></div></div></blockquote>\n<p > </p>\n<p >And whats the way to contact him? He doesnt reply in epvp or add anyone in skype <.<</p>\n"
        },
        {
            "id": 89611,
            "timestamp": 1383898654,
            "author": {
                "id": 14868,
                "name": "Gambit",
                "image": null
            },
            "comment": "\n<p >honestly guys, nobody is gonna tell you who sells them because the seller has to stay off radar, otherwise there is no point of ep3 files being private.... if the sellers name is passed down on every forum then an aeria or gamingo or anyone can get in touch with the person selling them... </p>\n<p > </p>\n<p >But honestly sooner or later you will catch up to ep3 files, Also running a server is about showing your creativity, I personally am a Game Design student which is why I run LC server, it gives me a purpose to do 3D modeling :)</p>\n"
        },
        {
            "id": 89618,
            "timestamp": 1383902876,
            "author": {
                "id": 1503,
                "name": "Paramount",
                "image": null
            },
            "comment": "<p >They will be leaked 99%</p>"
        },
        {
            "id": 89672,
            "timestamp": 1383942448,
            "author": {
                "id": 7263,
                "name": "SibaN",
                "image": null
            },
            "comment": "<p >somedays  yes</p>"
        },
        {
            "id": 91694,
            "timestamp": 1386526903,
            "author": {
                "id": 37,
                "name": "BashVendetta",
                "image": null
            },
            "comment": "<p >My name is getting thrown around, I wanna tell you all it isnt me selling these files I have no intention of selling them and I dont know how these people have been getting them.</p>"
        },
        {
            "id": 91698,
            "timestamp": 1386528751,
            "author": {
                "id": 267,
                "name": "SutWick",
                "image": null
            },
            "comment": "<p >Lol this reminds me of Ep2 xD, wow this is a hot topic! Id buy the files too but last time i heard they were way to much for me. Some n00b unknown added me to skype! Dont ask who cos i didnt trust them in the first place.</p>"
        },
        {
            "id": 91701,
            "timestamp": 1386530595,
            "author": {
                "id": 17514,
                "name": "Pomidor",
                "image": null
            },
            "comment": "<p >If they will be released,it will kill LC.They are bugged,and its really big joke for dupers..</p>"
        },
        {
            "id": 91702,
            "timestamp": 1386530754,
            "author": {
                "id": 1503,
                "name": "Paramount",
                "image": null
            },
            "comment": "<p >If you have the brain, you will fix it. Everything will be died without the brain. </p>"
        },
        {
            "id": 91703,
            "timestamp": 1386531508,
            "author": {
                "id": 17514,
                "name": "Pomidor",
                "image": null
            },
            "comment": "\n<blockquote data-ipsquote=\"\" class=\"ipsQuote\" data-ipsquote-contentcommentid=\"91702\" data-ipsquote-contentapp=\"forums\" data-ipsquote-contenttype=\"forums\" data-ipsquote-contentclass=\"forums_Topic\" data-ipsquote-contentid=\"11707\" data-ipsquote-username=\"Paramount\" data-cite=\"Paramount\" data-ipsquote-timestamp=\"1386530754\" ><div ><div ><p >If you have the brain, you will fix it. Everything will be died without the brain. </p></div></div></blockquote>\n<p >Oh *****,pls,stop...Brrrain and Paramount - incompatible..</p>\n<p >All your projects falls down..</p>\n<p >You and your bro deceived people about really online on your server xD and you saying bout Brain? mhah</p>\n<p ><span style=\"color:#ff0000;\" >---- EDIT BY MOD ----</span></p>\n<p >But i dont know how,you was HM here,and VIP now..You havent knowledge to try to be clever here...</p>\n<p >Situation with warface...</p>\n<p ><span style=\"color:#ff0000;\" >---- EDIT BY MOD ----</span></p>\n\n\n\t\t\t\n\t\t\t\t\n\n<span class=\"ipsType_reset ipsType_medium ipsType_light\" data-excludequote=\"None\" >\n\t<strong >Edited <time datetime=\"2013-12-08T19:44:13Z\" title=\"12/08/2013 07:44  PM\" data-short=\"7 yr\" >December 8, 2013</time> by systech</strong>\n\t\n\t\t<br >Offensive Language\n\t\n\t\n</br></span>\n\t\t\t\n\t\t</div>"
        },
        {
            "id": 91704,
            "timestamp": 1386531619,
            "author": {
                "id": 1503,
                "name": "Paramount",
                "image": null
            },
            "comment": "<p >ummm. wut? xD</p>"
        },
        {
            "id": 91705,
            "timestamp": 1386531710,
            "author": {
                "id": 17432,
                "name": "Nymphetamine",
                "image": null
            },
            "comment": "\n<blockquote data-ipsquote=\"\" class=\"ipsQuote\" data-ipsquote-contentcommentid=\"91703\" data-ipsquote-contentapp=\"forums\" data-ipsquote-contenttype=\"forums\" data-ipsquote-contentclass=\"forums_Topic\" data-ipsquote-contentid=\"11707\" data-ipsquote-username=\"Pomidor\" data-cite=\"Pomidor\" data-ipsquote-timestamp=\"1386531508\" ><div ><div >\n<p >Oh *****,pls,stop...Brrrain and Paramount - incompatible..</p>\n<p >All your projects falls down..</p>\n<p >You and your bro deceived people about really online on your server xD and you saying bout Brain? mhah</p>\n<p >You and your gaybro - loosers...</p>\n<p >But i dont know how,you was HM here,and VIP now..You havent knowledge to try to be clever here...</p>\n<p >Situation with warface...</p>\n<p >Two small stupid *****-kids..</p>\n</div></div></blockquote>\n<p >Yea,looking how u act,Paramount is indeed the child. ;)</p>\n"
        },
        {
            "id": 91706,
            "timestamp": 1386531903,
            "author": {
                "id": 17514,
                "name": "Pomidor",
                "image": null
            },
            "comment": "\n<blockquote data-ipsquote=\"\" class=\"ipsQuote\" data-ipsquote-contentcommentid=\"91705\" data-ipsquote-contentapp=\"forums\" data-ipsquote-contenttype=\"forums\" data-ipsquote-contentclass=\"forums_Topic\" data-ipsquote-contentid=\"11707\" data-ipsquote-username=\"Nymphetamine\" data-cite=\"Nymphetamine\" data-ipsquote-timestamp=\"1386531710\" ><div ><div ><p >Yea,looking how u act,Paramount is indeed the child. ;)</p></div></div></blockquote>\n<p >Let it be so...but they knows what I mean...</p>\n<p > </p>\n<p >p.s.: where ****** - Mans , Blue Colors...</p>\n"
        },
        {
            "id": 91707,
            "timestamp": 1386531988,
            "author": {
                "id": 1503,
                "name": "Paramount",
                "image": null
            },
            "comment": "\n<blockquote data-ipsquote=\"\" class=\"ipsQuote\" data-ipsquote-contentcommentid=\"91706\" data-ipsquote-contentapp=\"forums\" data-ipsquote-contenttype=\"forums\" data-ipsquote-contentclass=\"forums_Topic\" data-ipsquote-contentid=\"11707\" data-ipsquote-username=\"Pomidor\" data-cite=\"Pomidor\" data-ipsquote-timestamp=\"1386531903\" ><div ><div >\n<p > </p>\n<p >p.s.: where ****** - Mans , Blue Colors...</p>\n</div></div></blockquote>\n<p >Re u lookin for a partner? Sorry, not here :p</p>\n"
        },
        {
            "id": 91709,
            "timestamp": 1386532255,
            "author": {
                "id": 17394,
                "name": "systech",
                "image": null
            },
            "comment": "\n<p ><span style=\"color:#ff0000;\" >@<a contenteditable=\"false\" data-ipshover=\"\" href=\"https://lckb.dev/forum/index.php?/profile/17514-pomidor/\" data-ipshover-target=\"https://lckb.dev/forum/index.php?/profile/17514-pomidor/&do=hovercard\" data-mentionid=\"17514\" rel=\"\" >@Pomidor</a></span>: Can we please keep the thread clean from offensive language?</p>\n<p >I wont repeat myself, thanks you.</p>\n"
        },
        {
            "id": 91711,
            "timestamp": 1386533222,
            "author": {
                "id": 19462,
                "name": "xMeowx3",
                "image": null
            },
            "comment": "\n<p >I smell drama :3.</p>\n<p >Once ep3 files are public it wont kill last chaos, youll simply see people who cant do anything without help will not be able to maintain the server most likely, then again getting help is how we all learn , its how you continue from being helped that counts.</p>\n<p >That being said, ep2 has plenty of exploits too and you need to disable things just to have your game safe against exploits.</p>\n<p > </p>\n<p >So once these ingame bugs become public like the last ones did (guild storage ect) itll be exactly like ep2 files in my opinion.</p>\n\n\n\t\t\t\n\t\t\t\t\n\n<span class=\"ipsType_reset ipsType_medium ipsType_light\" data-excludequote=\"None\" >\n\t<strong >Edited <time datetime=\"2013-12-08T20:12:52Z\" title=\"12/08/2013 08:12  PM\" data-short=\"7 yr\" >December 8, 2013</time> by xMeowx3</strong>\n\t\n\t\n</span>\n\t\t\t\n\t\t</div>"
        },
        {
            "id": 91740,
            "timestamp": 1386594675,
            "author": {
                "id": 7482,
                "name": "Creep",
                "image": null
            },
            "comment": "\n<p >I heard the recent files were sold, came with the tools on the same version, which would make the game \"fully\" changeable (atleast in content)</p>\n<p > </p>\n<p >I found  it funny if the tools would just include something like a lc dev knowledge check, nothing like hardcoding but atleast something that handles with the changeable things in the files (like what do I need to change to make a armor, be worn as a cover)</p>\n<p > </p>\n<p >The newer the files the more things are changeable, but can also cause more bugs, it would be necessary to check up if the one that has got the files is even in knowlegde to change the things he/she wants to change, and that thoose changes match to LC (atleast to the core of the game)</p>\n<p > </p>\n<p >so that the files are slightly bugged with something you would need to know from other times, even ep1, lets say that there needs to be a harder newstobm checkup or idk </p>\n<p > </p>\n<p >anyways, thoose files will be released somedays and the real hour of LC of LC priv Servers will come when the officals close down their servers and also their lawyers</p>\n<p > </p>\n<p >As meow said it sad that we need to disable great features to make the game safe, rather then having a community knows the and avoids to do them, but atleast some of the really bad bugs were getting fixed.</p>\n<p >The moment I saw servers like Venus LC was horrible, not because the server was online with that files, it was just the way it was managed.. just having thoose files and setting up a server is and will be never enought, if there is no custom content the server will be lame as Sh*t and die slowly</p>\n<p > </p>\n<p >the files should be to the creativ ones having ideas how to improve the gameplay and are in knowledge of fixxing some buggs, not to the ones having the most money</p>\n"
        },
        {
            "id": 91748,
            "timestamp": 1386599700,
            "author": {
                "id": 17519,
                "name": "lukaslt",
                "image": null
            },
            "comment": "<p >Trough some communications so far I found out that you can get already ep3 files for 100-200$ depends from whom you buy, Id bet leaking starts soon, (Someone who gets it will release it anyways).</p>"
        },
        {
            "id": 91777,
            "timestamp": 1386619360,
            "author": {
                "id": 17432,
                "name": "Nymphetamine",
                "image": null
            },
            "comment": "\n<blockquote data-ipsquote=\"\" class=\"ipsQuote\" data-ipsquote-contentcommentid=\"91748\" data-ipsquote-contentapp=\"forums\" data-ipsquote-contenttype=\"forums\" data-ipsquote-contentclass=\"forums_Topic\" data-ipsquote-contentid=\"11707\" data-ipsquote-username=\"lukaslt\" data-cite=\"lukaslt\" data-ipsquote-timestamp=\"1386599700\" ><div ><div ><p >Trough some communications so far I found out that you can get already ep3 files for 100-200$ depends from whom you buy, Id bet leaking starts soon, (Someone who gets it will release it anyways).</p></div></div></blockquote>\n<p >Everyone know that this time will come soon. </p>\n<p >Everyone is so schocked about this.. The start was wrong...sell them to a noob,and then the noob will send them to the second noob..and will be same story.. Id bet 1 month, not more.</p>\n"
        },
        {
            "id": 91779,
            "timestamp": 1386619769,
            "author": {
                "id": 17514,
                "name": "Pomidor",
                "image": null
            },
            "comment": "\n<blockquote data-ipsquote=\"\" class=\"ipsQuote\" data-ipsquote-contentcommentid=\"91777\" data-ipsquote-contentapp=\"forums\" data-ipsquote-contenttype=\"forums\" data-ipsquote-contentclass=\"forums_Topic\" data-ipsquote-contentid=\"11707\" data-ipsquote-username=\"Nymphetamine\" data-cite=\"Nymphetamine\" data-ipsquote-timestamp=\"1386619360\" ><div ><div >\n<p >Everyone know that this time will come soon. </p>\n<p >Everyone is so schocked about this.. The start was wrong...sell them to a noob,and then the noob will send them to the second noob..and will be same story.. Id bet 1 month, not more.</p>\n</div></div></blockquote>\n<p >I think no..</p>\n<p >Who trade them know what to do..So..</p>\n"
        },
        {
            "id": 91780,
            "timestamp": 1386619847,
            "author": {
                "id": 17432,
                "name": "Nymphetamine",
                "image": null
            },
            "comment": "\n<blockquote data-ipsquote=\"\" class=\"ipsQuote\" data-ipsquote-contentcommentid=\"91779\" data-ipsquote-contentapp=\"forums\" data-ipsquote-contenttype=\"forums\" data-ipsquote-contentclass=\"forums_Topic\" data-ipsquote-contentid=\"11707\" data-ipsquote-username=\"Pomidor\" data-cite=\"Pomidor\" data-ipsquote-timestamp=\"1386619769\" ><div ><div >\n<p >I think no..</p>\n<p >Who trade them know what to do..So..</p>\n</div></div></blockquote>\n<p >This is why every noob now got them ;)</p>\n"
        },
        {
            "id": 91781,
            "timestamp": 1386620029,
            "author": {
                "id": 19446,
                "name": "Monkey",
                "image": null
            },
            "comment": "<p >I guess the more than 50% arent even able to run them, if they get released! :D</p>"
        },
        {
            "id": 91784,
            "timestamp": 1386620563,
            "author": {
                "id": 17514,
                "name": "Pomidor",
                "image": null
            },
            "comment": "<p >will see....</p>"
        },
        {
            "id": 91786,
            "timestamp": 1386621811,
            "author": {
                "id": 1503,
                "name": "Paramount",
                "image": null
            },
            "comment": "\n<blockquote data-ipsquote=\"\" class=\"ipsQuote\" data-ipsquote-contentcommentid=\"91781\" data-ipsquote-contentapp=\"forums\" data-ipsquote-contenttype=\"forums\" data-ipsquote-contentclass=\"forums_Topic\" data-ipsquote-contentid=\"11707\" data-ipsquote-username=\"Monkey\" data-cite=\"Monkey\" data-ipsquote-timestamp=\"1386620029\" ><div ><div ><p >I guess the more than 50% arent even able to run them, if they get released! :D</p></div></div></blockquote>\n<p >There is no real difference between EP2 and EP3 with running ;)</p>\n<p >So who was able to run EP2, will be able to run the new ones. </p>\n"
        },
        {
            "id": 91792,
            "timestamp": 1386625259,
            "author": {
                "id": 19446,
                "name": "Monkey",
                "image": null
            },
            "comment": "\n<blockquote data-ipsquote=\"\" class=\"ipsQuote\" data-ipsquote-contentcommentid=\"91786\" data-ipsquote-contentapp=\"forums\" data-ipsquote-contenttype=\"forums\" data-ipsquote-contentclass=\"forums_Topic\" data-ipsquote-contentid=\"11707\" data-ipsquote-username=\"Paramount\" data-cite=\"Paramount\" data-ipsquote-timestamp=\"1386621811\" ><div ><div >\n<p >There is no real difference between EP2 and EP3 with running ;)</p>\n<p >So who was able to run EP2, will be able to run the new ones. </p>\n</div></div></blockquote>\n<p > </p>\n<p >Tell me the source you know that from</p>\n"
        },
        {
            "id": 91794,
            "timestamp": 1386626248,
            "author": {
                "id": 1503,
                "name": "Paramount",
                "image": null
            },
            "comment": "<p >Just imagine lol, what would be the difference? Have you had any problems with starting the USA gameserver after you used 777?</p>"
        },
        {
            "id": 91796,
            "timestamp": 1386626667,
            "author": {
                "id": 19446,
                "name": "Monkey",
                "image": null
            },
            "comment": "\n<blockquote data-ipsquote=\"\" class=\"ipsQuote\" data-ipsquote-contentcommentid=\"91794\" data-ipsquote-contentapp=\"forums\" data-ipsquote-contenttype=\"forums\" data-ipsquote-contentclass=\"forums_Topic\" data-ipsquote-contentid=\"11707\" data-ipsquote-username=\"Paramount\" data-cite=\"Paramount\" data-ipsquote-timestamp=\"1386626248\" ><div ><div ><p >Just imagine lol, what would be the difference? Have you had any problems with starting the USA gameserver after you used 777?</p></div></div></blockquote>\n<p >EP3 isnt maybe much different ingame, but i guess GS etc its very much changed.</p>\n<p >Lets take a look:</p>\n<p >FIrst you need to have the tools.</p>\n<p >EP3 Itemall = New Structure same with other things</p>\n<p > </p>\n<p >then you need to have the updates for ep3 like new trade agent etc.</p>\n<p > </p>\n<p >get that its kinda hard i guess but if you then have it and you can do it then it maybe ok but its much harder than ep2 i guess</p>\n"
        },
        {
            "id": 91797,
            "timestamp": 1386626850,
            "author": {
                "id": 17432,
                "name": "Nymphetamine",
                "image": null
            },
            "comment": "\n<blockquote data-ipsquote=\"\" class=\"ipsQuote\" data-ipsquote-contentcommentid=\"91796\" data-ipsquote-contentapp=\"forums\" data-ipsquote-contenttype=\"forums\" data-ipsquote-contentclass=\"forums_Topic\" data-ipsquote-contentid=\"11707\" data-ipsquote-username=\"Monkey\" data-cite=\"Monkey\" data-ipsquote-timestamp=\"1386626667\" ><div ><div >\n<p >EP3 isnt maybe much different ingame, but i guess GS etc its very much changed.</p>\n<p >Lets take a look:</p>\n<p >FIrst you need to have the tools.</p>\n<p >EP3 Itemall = New Structure same with other things</p>\n<p > </p>\n<p >then you need to have the updates for ep3 like new trade agent etc.</p>\n<p > </p>\n<p >get that its kinda hard i guess but if you then have it and you can do it then it maybe ok but its much harder than ep2 i guess</p>\n</div></div></blockquote>\n<p >Each update u get the new GS,nothing to change in the old one.</p>\n<p >Ofcourse every .lod on every episode have different strutture,EP1 different from EP2 and EP2 different from EP3,its all normal lol</p>\n"
        },
        {
            "id": 91800,
            "timestamp": 1386627097,
            "author": {
                "id": 19446,
                "name": "Monkey",
                "image": null
            },
            "comment": "<p >Could be, I dont know i never had the files so im just calculating :P</p>"
        },
        {
            "id": 91805,
            "timestamp": 1386628675,
            "author": {
                "id": 19462,
                "name": "xMeowx3",
                "image": null
            },
            "comment": "\n<p >I really doubt the files have a different set up , although theres obviously no packs made as of yetto allow ep3 to be ran on virtual machine, thats the only difference Id imagine.</p>\n<p >So in a way, yes not everyone will be able to run them at the start.</p>\n\n\n\t\t\t\n\t\t\t\t\n\n<span class=\"ipsType_reset ipsType_medium ipsType_light\" data-excludequote=\"None\" >\n\t<strong >Edited <time datetime=\"2013-12-09T22:49:04Z\" title=\"12/09/2013 10:49  PM\" data-short=\"7 yr\" >December 9, 2013</time> by xMeowx3</strong>\n\t\n\t\n</span>\n\t\t\t\n\t\t</div>"
        },
        {
            "id": 91831,
            "timestamp": 1386678066,
            "author": {
                "id": 17519,
                "name": "lukaslt",
                "image": null
            },
            "comment": "<p >Episode 3 will run exactly as episode 2, setting it up its not really a issue difficulty level stays same as ep2 linus. if Venus last chaos admin managed to install them then you dont really need a lot of knowledge.</p>\n\n\t\t\t\n\t\t\t\t\n\n<span class=\"ipsType_reset ipsType_medium ipsType_light\" data-excludequote=\"None\" >\n\t<strong >Edited <time datetime=\"2013-12-10T12:21:36Z\" title=\"12/10/2013 12:21  PM\" data-short=\"7 yr\" >December 10, 2013</time> by lukaslt</strong>\n\t\n\t\n</span>\n\t\t\t\n\t\t</div>"
        },
        {
            "id": 91906,
            "timestamp": 1386725241,
            "author": {
                "id": 2167,
                "name": "dethunter12",
                "image": null
            },
            "comment": "<p >hmm im against this leak but  i guess it will be fun to play around with my knowledge of deving in these ep3 files ;)</p>"
        },
        {
            "id": 91959,
            "timestamp": 1386771125,
            "author": {
                "id": 17519,
                "name": "lukaslt",
                "image": null
            },
            "comment": "<p >Well they got released isnt that great.? However, to those who dislikes it in my opinion last chaos wont be ruined, there are still episode 1/2 fans also enough episode 2 servers which wont upgrade, However now everyone got the opportunity to get hands on ep3. not anymore those in friend zone. This is just my thoughts everyone thinks differently. </p>"
        },
        {
            "id": 91992,
            "timestamp": 1386787598,
            "author": {
                "id": 1503,
                "name": "Paramount",
                "image": null
            },
            "comment": "\n<p >Alright guys as they were released, the main point of this topic is lost. </p>\n<p >Closed</p>\n"
        }
    ]
}