{
    "meta": {
        "threadId": 1170,
        "threadName": "Theos Tomb NPC fix",
        "dateCreated": "2011-10-28T06:00:13+0000",
        "datePublished": "2011-10-28T06:00:13+0000",
        "pageCount": 2,
        "originalUrl": "https://lckb.dev/forum/index.php?/topic/1170-theos-tomb-npc-fix/",
        "authorId": 196,
        "position": [
            {
                "@type": "ListItem",
                "position": 1,
                "item": {
                    "@id": "https://lckb.dev/forum/index.php?/forum/100-guides-help-section/",
                    "name": "Guides &amp; Help Section"
                }
            },
            {
                "@type": "ListItem",
                "position": 2,
                "item": {
                    "@id": "https://lckb.dev/forum/index.php?/forum/332-tutorials-guides/",
                    "name": "Tutorials &amp; Guides"
                }
            },
            {
                "@type": "ListItem",
                "position": 3,
                "item": {
                    "@id": "https://lckb.dev/forum/index.php?/forum/45-ep1-guides/",
                    "name": "Ep1 Guides"
                }
            }
        ]
    },
    "commentData": [
        {
            "id": 9340,
            "timestamp": 1319781613,
            "author": {
                "id": 196,
                "name": "Falo",
                "image": null
            },
            "comment": "\n<p >very small patch, to activate the theos tomb npc functions</p>\n<p >use ollydbg to change gameserver.exe</p>\n<p > </p>\n<p ></p>\n<pre class=\"ipsCode\" >[b]activate packets & set condition:[/b]\n[i]change[/i]\n0047168E jnz     short 471692\n[i]into[/i]\n0047168E jmp     short 471692\n\n[b]activate check condition:[/b]\n[i]change[/i]\n00472930 jnz     short 472979\n[i]into[/i]\n00472930 jmp     short 472979\n\n[b]activate enter dungeon[/b]\n[i]change[/i]\n0047243E jnz     short 47248A\n[i]into[/i]\n0047243E jmp     short 47248A</pre>\n<div ></div>\n<p ></p>\n"
        },
        {
            "id": 9341,
            "timestamp": 1319782212,
            "author": {
                "id": 588,
                "name": "Natzn",
                "image": null
            },
            "comment": "<p >Nice, Thank you *.*</p>"
        },
        {
            "id": 9343,
            "timestamp": 1319783278,
            "author": {
                "id": 919,
                "name": "someone",
                "image": null
            },
            "comment": "<p >Moved it to Guides, since it dosent contain any files.</p>"
        },
        {
            "id": 9344,
            "timestamp": 1319786719,
            "author": {
                "id": null,
                "name": "Guest Maradosch",
                "image": null
            },
            "comment": "<p >can you pls finished the game server download link with pure I do not get it back:confused:</p>"
        },
        {
            "id": 9346,
            "timestamp": 1319787806,
            "author": {
                "id": 770,
                "name": "zhuk",
                "image": null
            },
            "comment": "<p >I dont understand what need to change... Release you gameserver please.</p>"
        },
        {
            "id": 9347,
            "timestamp": 1319788443,
            "author": {
                "id": null,
                "name": "Guest METH",
                "image": null
            },
            "comment": "\n<p >Nice work Falo!!! </p>\n<p > </p>\n<p >Warmonger take note who was first just re-release it so u can be second :)</p>\n"
        },
        {
            "id": 9349,
            "timestamp": 1319790374,
            "author": {
                "id": 37,
                "name": "BashVendetta",
                "image": null
            },
            "comment": "<p >Nice Release</p>"
        },
        {
            "id": 9353,
            "timestamp": 1319792640,
            "author": {
                "id": 770,
                "name": "zhuk",
                "image": null
            },
            "comment": "<p >So can anyone give me it ?</p>"
        },
        {
            "id": 9354,
            "timestamp": 1319793685,
            "author": {
                "id": 37,
                "name": "BashVendetta",
                "image": null
            },
            "comment": "\n<blockquote data-ipsquote=\"\" class=\"ipsQuote\" data-ipsquote-username=\"\\\" data-cite=\"\\\" data-ipsquote-contentapp=\"forums\" data-ipsquote-contenttype=\"forums\" data-ipsquote-contentid=\"1170\" data-ipsquote-contentclass=\"forums_Topic\" ><div >So can anyone give me it ?</div></blockquote>\n<p > </p>\n<p >Use Olly and search for the expression then change the details to the one below it.</p>\n"
        },
        {
            "id": 9356,
            "timestamp": 1319794548,
            "author": {
                "id": 770,
                "name": "zhuk",
                "image": null
            },
            "comment": "<p >I have done it, and how to save it ?</p>"
        },
        {
            "id": 9358,
            "timestamp": 1319796359,
            "author": {
                "id": 196,
                "name": "Falo",
                "image": null
            },
            "comment": "\n<blockquote data-ipsquote=\"\" class=\"ipsQuote\" data-ipsquote-username=\"\\\" data-cite=\"\\\" data-ipsquote-contentapp=\"forums\" data-ipsquote-contenttype=\"forums\" data-ipsquote-contentid=\"1170\" data-ipsquote-contentclass=\"forums_Topic\" ><div >I have done it, and how to save it ?</div></blockquote>\n<p > </p>\n<p >right-click -> Copy to executable -> All modifications -> Copy All</p>\n<p >then in a new window:</p>\n<p >right-click -> Save file</p>\n<p > </p>\n<blockquote data-ipsquote=\"\" class=\"ipsQuote\" data-ipsquote-contentapp=\"forums\" data-ipsquote-contenttype=\"forums\" data-ipsquote-contentid=\"1170\" data-ipsquote-contentclass=\"forums_Topic\" ><div >Both posts reported, stay on topic. Also there is not a single file in my pack by Falo, not a single one. If you want me to generate MD5 hashs I will. Until then keep your mouths shut and just contribute instead of trolling. You guys who troll are the ones who never make a single god damn thing. </div></blockquote>\n<p > </p>\n<p >Warmonkey you have proven yourself that you cannot modify a single line assembler code by yourself, stop flaming my threads and get a life.</p>\n"
        },
        {
            "id": 9359,
            "timestamp": 1319796844,
            "author": {
                "id": 919,
                "name": "someone",
                "image": null
            },
            "comment": "<p >Guys keep it clean, if you have any problem, take it on chat.</p>"
        },
        {
            "id": 9360,
            "timestamp": 1319796857,
            "author": {
                "id": 368,
                "name": "blankname",
                "image": null
            },
            "comment": "\n<p >is this correct?</p>\n<p ></p>\n<pre class=\"ipsCode\" >activate packets & set condition:\nchange\n0047168E jnz     short 471692\ninto\n0047168E jmp     short 471692\n\nactivate check condition:\nchange\n00472930 jnz     short 472979\ninto\n00472930 jmp     short 472979\n\nactivate enter dungeon\nchange\n0047243E jnz     short 47248A\ninto\n0047243E jmp     short 47248A\n</pre>\n<div ></div>\n<p ></p>\n<p > </p>\n<p >gameserver crashes when trying to enter inside tomb</p>\n<p > </p>\n<p ><img alt=\"tombv.jpg\" src=\"https://img338.imageshack.us/img338/4383/tombv.jpg\" /></p>\n"
        },
        {
            "id": 9361,
            "timestamp": 1319797004,
            "author": {
                "id": 770,
                "name": "zhuk",
                "image": null
            },
            "comment": "\n<blockquote data-ipsquote=\"\" class=\"ipsQuote\" data-ipsquote-username=\"\\\" data-cite=\"\\\" data-ipsquote-contentapp=\"forums\" data-ipsquote-contenttype=\"forums\" data-ipsquote-contentid=\"1170\" data-ipsquote-contentclass=\"forums_Topic\" ><div >is this correct?<p ></p>\n<pre class=\"ipsCode\" >activate packets & set condition:\nchange\n0047168E jnz     short 471692\ninto\nthe same problem\n0047168E jmp     short 471692\n\nactivate check condition:\nchange\n00472930 jnz     short 472979\ninto\n00472930 jmp     short 472979\n\nactivate enter dungeon\nchange\n0047243E jnz     short 47248A\ninto\n0047243E jmp     short 47248A\n</pre>\n<div ></div>\n<p ></p>\n<p > </p>\n<p >gameserver crashes when trying to enter inside tomb</p>\n<p > </p>\n<p ><img alt=\"tombv.jpg\" src=\"https://img338.imageshack.us/img338/4383/tombv.jpg\" /></p>\n</div></blockquote>\n<p >the same problem with me</p>\n"
        },
        {
            "id": 9370,
            "timestamp": 1319798684,
            "author": {
                "id": 196,
                "name": "Falo",
                "image": null
            },
            "comment": "\n<blockquote data-ipsquote=\"\" class=\"ipsQuote\" data-ipsquote-username=\"\\\" data-cite=\"\\\" data-ipsquote-contentapp=\"forums\" data-ipsquote-contenttype=\"forums\" data-ipsquote-contentid=\"1170\" data-ipsquote-contentclass=\"forums_Topic\" ><div >the same problem with me</div></blockquote>\n<p > </p>\n<p >this problem has nothing to do with the fix, gameserver crashes in finding a random value to spawn you in zone 21</p>\n<p >maybe a db problem, i can enter tomb without crashs</p>\n<p > </p>\n<p >are \"condition\" and \"management\" working ?</p>\n"
        },
        {
            "id": 9373,
            "timestamp": 1319799021,
            "author": {
                "id": 770,
                "name": "zhuk",
                "image": null
            },
            "comment": "<p >without this fix gameserver have work with no crashes..</p>"
        },
        {
            "id": 9385,
            "timestamp": 1319801373,
            "author": {
                "id": 368,
                "name": "blankname",
                "image": null
            },
            "comment": "\n<p >fixed</p>\n<p > </p>\n<p >i forgot to add the map in the gameserver config file</p>\n<p > </p>\n<p >btw, an easier way to fix the npc</p>\n<p > </p>\n<p ></p>\n<pre class=\"ipsCode\" >0x000D2830 01</pre>\n<div ></div>\n<p ></p>\n"
        },
        {
            "id": 9389,
            "timestamp": 1319802020,
            "author": {
                "id": null,
                "name": "Guest Gothic",
                "image": null
            },
            "comment": "<p >its work on DeVice perfact</p>"
        },
        {
            "id": 9398,
            "timestamp": 1319805163,
            "author": {
                "id": 770,
                "name": "zhuk",
                "image": null
            },
            "comment": "<p >its working, ty Falo :D</p>"
        },
        {
            "id": 9401,
            "timestamp": 1319808181,
            "author": {
                "id": null,
                "name": "Guest Maradosch",
                "image": null
            },
            "comment": "<p >I still get out Nocht and I bet Im not the only one so I ask again for a final link to as well download the gameserver.exe:(</p>"
        },
        {
            "id": 9402,
            "timestamp": 1319808243,
            "author": {
                "id": 770,
                "name": "zhuk",
                "image": null
            },
            "comment": "\n<blockquote data-ipsquote=\"\" class=\"ipsQuote\" data-ipsquote-username=\"\\\" data-cite=\"\\\" data-ipsquote-contentapp=\"forums\" data-ipsquote-contenttype=\"forums\" data-ipsquote-contentid=\"1170\" data-ipsquote-contentclass=\"forums_Topic\" ><div >I still get out Nocht and I bet Im not the only one so I ask again for a final link to as well download the gameserver.exe:(</div></blockquote>\n<p >I dont understand you, sry you English so bad..</p>\n"
        },
        {
            "id": 9414,
            "timestamp": 1319813647,
            "author": {
                "id": null,
                "name": "Guest Maradosch",
                "image": null
            },
            "comment": "\n<p >am a German and not so good in english</p>\n<p > </p>\n<p >What I want to say: I can not get out and ask for a link to the game server as well download!:confused:</p>\n"
        },
        {
            "id": 9437,
            "timestamp": 1319822996,
            "author": {
                "id": 588,
                "name": "Natzn",
                "image": null
            },
            "comment": "\n<p >Maradosch Hi,</p>\n<p >Schreib mal deine frage auf Deutsch vlt. kann ich dir helfen ;)</p>\n<p >Sorry for German but I will help Maradosch and he\u00c2\u00b4s german ;)</p>\n<p > </p>\n<p >Regards Natzn</p>\n"
        },
        {
            "id": 9458,
            "timestamp": 1319831990,
            "author": {
                "id": null,
                "name": "Guest Maradosch",
                "image": null
            },
            "comment": "\n<p >ich m\u00c3\u00b6chte mich herzlich bedanken bei <span style=\"font-size:12px;\" ><span style=\"color:#FF0000;\" ><span style=\"color:#0000FF;\" ><strong ><span style=\"text-decoration:underline;\" >Natzn</span></strong></span></span></span> f\u00c3\u00bcr das \u00c3\u00bcbersetzen!!! :)</p>\n<p > </p>\n<p >meine frage war ob einer mir den download link f\u00c3\u00bcr den fertigen Gameserver mit den Pyra Fix hochladen k\u00c3\u00b6nnte ich bekomme es </p>\n<p >nicht hin!!!!!:confused:</p>\n<p > </p>\n<p >(und wer wissen will warum so schlecht Englisch kann das ist den seine schuld <a href=\"https://translate.google.de/?hl=de&tab=wT\" rel=\"external nofollow\" >http://translate.google.de/?hl=de&tab=wT</a></p>\n<p > </p>\n<p > </p>\n<p ><strong ><span style=\"text-decoration:underline;\" ><span style=\"font-family:'Arial Black';\" ><span style=\"font-size:14px;\" ><span style=\"color:#FF0000;\" >sorry for German</span></span></span></span></strong></p>\n"
        },
        {
            "id": 9475,
            "timestamp": 1319841517,
            "author": {
                "id": 243,
                "name": "iFlash",
                "image": null
            },
            "comment": "<p >Its pretty easy, look up those addresses and change the jumps offsets.</p>"
        },
        {
            "id": 9483,
            "timestamp": 1319849037,
            "author": {
                "id": 243,
                "name": "iFlash",
                "image": null
            },
            "comment": "\n<blockquote data-ipsquote=\"\" class=\"ipsQuote\" data-ipsquote-username=\"\\\" data-cite=\"\\\" data-ipsquote-contentapp=\"forums\" data-ipsquote-contenttype=\"forums\" data-ipsquote-contentid=\"1170\" data-ipsquote-contentclass=\"forums_Topic\" ><div >kk i got it now ty</div></blockquote>\n<p > </p>\n<p >I released the exe, if your interested. Check this <a href=\"http://chaos.wizatek.be/showthread.php?1665-RELEASE-Gameserver-Tomb-of-Theos\" rel=\"external nofollow\" >Thread</a></p>\n"
        },
        {
            "id": 9560,
            "timestamp": 1319910583,
            "author": {
                "id": 605,
                "name": "b4rr4cud4",
                "image": null
            },
            "comment": "<p >Thanks worked perfect</p>"
        },
        {
            "id": 17820,
            "timestamp": 1325264050,
            "author": {
                "id": null,
                "name": "Guest Phyyl",
                "image": null
            },
            "comment": "<p >Is it possible to add guild bank?</p>"
        },
        {
            "id": 17871,
            "timestamp": 1325277243,
            "author": {
                "id": 1503,
                "name": "Paramount",
                "image": null
            },
            "comment": "<p ><strong >Used this fix before</strong></p>"
        },
        {
            "id": 17874,
            "timestamp": 1325280339,
            "author": {
                "id": null,
                "name": "Guest Phyyl",
                "image": null
            },
            "comment": "<p >? There are nothing about guild bank?</p>"
        },
        {
            "id": 30110,
            "timestamp": 1335383611,
            "author": {
                "id": 2813,
                "name": "maxig",
                "image": null
            },
            "comment": "<p >fix is for GS Nikola?</p>"
        },
        {
            "id": 30135,
            "timestamp": 1335402477,
            "author": {
                "id": 2167,
                "name": "dethunter12",
                "image": null
            },
            "comment": "<p >lol idk what client u guys are using but i can go to tomb and tomb npc works perfect without using this lol.</p>"
        },
        {
            "id": 30148,
            "timestamp": 1335416302,
            "author": {
                "id": null,
                "name": "Guest SkySin",
                "image": null
            },
            "comment": "\n<blockquote data-ipsquote=\"\" class=\"ipsQuote\" data-ipsquote-username=\"\\\" data-cite=\"\\\" data-ipsquote-contentapp=\"forums\" data-ipsquote-contenttype=\"forums\" data-ipsquote-contentid=\"1170\" data-ipsquote-contentclass=\"forums_Topic\" ><div >lol idk what client u guys are using but i can go to tomb and tomb npc works perfect without using this lol.</div></blockquote>\n<p >Because it has been fixed for a long time now. Chances are you have a game server with it already patched.</p>\n"
        },
        {
            "id": 31578,
            "timestamp": 1336914075,
            "author": {
                "id": 5682,
                "name": "balkia1",
                "image": null
            },
            "comment": "\n<p >Im a noob -.- Can someone help me?</p>\n<p > </p>\n<p >I think i do all right but it crash hen i enter the Tomb with the Teleporter Ambu</p>\n<p > </p>\n<p >Can someone help me?  Maybe i send him the Gameserver and he/she is doint it for me?</p>\n"
        },
        {
            "id": 31809,
            "timestamp": 1337187828,
            "author": {
                "id": null,
                "name": "Guest TerpentiN",
                "image": null
            },
            "comment": "<p >Hello everyone, can anyone upload the Gameserver.exe please :=)</p>"
        }
    ]
}