{
    "meta": {
        "threadId": 11700,
        "threadName": "About Ep1 Drops",
        "dateCreated": "2013-11-02T01:57:04+0000",
        "datePublished": "2013-11-02T01:57:04+0000",
        "pageCount": 1,
        "originalUrl": "https://lckb.dev/forum/index.php?/topic/11700-about-ep1-drops/",
        "authorId": 8659,
        "position": [
            {
                "@type": "ListItem",
                "position": 1,
                "item": {
                    "@id": "https://lckb.dev/forum/index.php?/forum/271-general-section/",
                    "name": "General Section"
                }
            },
            {
                "@type": "ListItem",
                "position": 2,
                "item": {
                    "@id": "https://lckb.dev/forum/index.php?/forum/259-general-discussion/",
                    "name": "General Discussion"
                }
            }
        ]
    },
    "commentData": [
        {
            "id": 89341,
            "timestamp": 1383357424,
            "author": {
                "id": 8659,
                "name": "BayBay",
                "image": null
            },
            "comment": "\n<p >I been working on my ep1 project lately but i dont know what to do exactly</p>\n<p > </p>\n<p >I want your opinions. I am currently working mob by mob adding their respective  armor + wep drops + some other nice items</p>\n<p > </p>\n<p >But my question is which do players find best? Drop them from mobs or buy them from armor + wep NPC???</p>\n<p > </p>\n<p > </p>\n<p > </p>\n<p >1. Buy armor + weps from npcs?</p>\n<p >2. Drop them from mobs how it was back in the days ??</p>\n<p > </p>\n<p >Please post your comments! </p>\n<p > </p>\n<p > </p>\n"
        },
        {
            "id": 89342,
            "timestamp": 1383358687,
            "author": {
                "id": 267,
                "name": "SutWick",
                "image": null
            },
            "comment": "<p >2.</p>"
        },
        {
            "id": 89343,
            "timestamp": 1383359094,
            "author": {
                "id": 8659,
                "name": "BayBay",
                "image": null
            },
            "comment": "\n<blockquote data-ipsquote=\"\" class=\"ipsQuote\" data-ipsquote-contentcommentid=\"89342\" data-ipsquote-contentapp=\"forums\" data-ipsquote-contenttype=\"forums\" data-ipsquote-contentclass=\"forums_Topic\" data-ipsquote-contentid=\"11700\" data-ipsquote-username=\"ToXiC L33T\" data-cite=\"ToXiC L33T\" data-ipsquote-timestamp=\"1383358687\" ><div ><div ><p >2.</p></div></div></blockquote>\n<p >Btw  1 more thing , i forgot what were my rates i updated, is there a way i can see what my rates are ?</p>\n"
        },
        {
            "id": 89388,
            "timestamp": 1383431596,
            "author": {
                "id": 11151,
                "name": "Vogelj1988",
                "image": null
            },
            "comment": "<p >2</p>"
        },
        {
            "id": 89392,
            "timestamp": 1383432304,
            "author": {
                "id": 8659,
                "name": "BayBay",
                "image": null
            },
            "comment": "<p >Seems everyone likes armor + wep to drop from mobs, i think ill do every mobs drops mob by mob! it will take a while but it will be awsome!</p>"
        },
        {
            "id": 91868,
            "timestamp": 1386703526,
            "author": {
                "id": 8659,
                "name": "BayBay",
                "image": null
            },
            "comment": "<p >Awsome guys thanks for the info</p>"
        }
    ]
}