{
    "meta": {
        "threadId": 11712,
        "threadName": "Hamachi",
        "dateCreated": "2013-11-02T23:40:35+0000",
        "datePublished": "2013-11-02T23:40:35+0000",
        "pageCount": 1,
        "originalUrl": "https://lckb.dev/forum/index.php?/topic/11712-hamachi/",
        "authorId": 17474,
        "position": [
            {
                "@type": "ListItem",
                "position": 1,
                "item": {
                    "@id": "https://lckb.dev/forum/index.php?/forum/100-guides-help-section/",
                    "name": "Guides &amp; Help Section"
                }
            },
            {
                "@type": "ListItem",
                "position": 2,
                "item": {
                    "@id": "https://lckb.dev/forum/index.php?/forum/335-help-support/",
                    "name": "Help &amp; Support"
                }
            },
            {
                "@type": "ListItem",
                "position": 3,
                "item": {
                    "@id": "https://lckb.dev/forum/index.php?/forum/120-ep2-support/",
                    "name": "Ep2 Support"
                }
            },
            {
                "@type": "ListItem",
                "position": 4,
                "item": {
                    "@id": "https://lckb.dev/forum/index.php?/forum/134-solved-topics/",
                    "name": "Solved Topics"
                }
            }
        ]
    },
    "commentData": [
        {
            "id": 89395,
            "timestamp": 1383435635,
            "author": {
                "id": 17474,
                "name": "kixtzz",
                "image": null
            },
            "comment": "<p >Does anyone know why i cant ping in hamachi ?</p>"
        },
        {
            "id": 89621,
            "timestamp": 1383903392,
            "author": {
                "id": 1503,
                "name": "Paramount",
                "image": null
            },
            "comment": "\n<p >If your problem is still actual, I wanna tell you that hamachi is a really bad idea.</p>\n<p >Why do you need it, just explain me? And then Ill try to help you. </p>\n"
        },
        {
            "id": 91178,
            "timestamp": 1385949518,
            "author": {
                "id": 2640,
                "name": "Kenpachi",
                "image": null
            },
            "comment": "\n<span ><span style=\"color:rgb(34,89,133);\" ><span style=\"font-weight:bold;color:rgb(118,0,135);\" ><a href=\"http://toxic-l33t.ddns.net/forum/index.php?showuser=1503\" title=\"\" rel=\"external nofollow\" >Paramount</a></span></span></span><p >Dont you ever think that people want hamachi for testing purposes and things? I mean I use hamachi for testing before I dare release anything public. If you just release and it dont work or something bad go wrong with it you make yourself look like a fool and a idiot </p>\n"
        },
        {
            "id": 91185,
            "timestamp": 1385970316,
            "author": {
                "id": 1503,
                "name": "Paramount",
                "image": null
            },
            "comment": "\n<p >Dont get butthurt :p</p>\n<p >I am glad that youre using it. And I am not using it, cos its sh*t. Do you have something else?</p>\n<p > </p>\n<p >For testing purposes  you have to just make a test server with different ports and databases.</p>\n<p > </p>\n<p >Alright.</p>\n<p >Topic is old, and Im gonna close it. </p>\n"
        },
        {
            "id": 91186,
            "timestamp": 1385970343,
            "author": {
                "id": null,
                "name": "Guest Johnny5",
                "image": null
            },
            "comment": "<p >A moderator closed this post. Reason: Old</p>"
        }
    ]
}