{
    "meta": {
        "threadId": 11716,
        "threadName": "seal server fixx",
        "dateCreated": "2013-11-03T11:54:03+0000",
        "datePublished": "2013-11-03T11:54:03+0000",
        "pageCount": 1,
        "originalUrl": "https://lckb.dev/forum/index.php?/topic/11716-seal-server-fixx/",
        "authorId": 19245,
        "position": [
            {
                "@type": "ListItem",
                "position": 1,
                "item": {
                    "@id": "https://lckb.dev/forum/index.php?/forum/100-guides-help-section/",
                    "name": "Guides &amp; Help Section"
                }
            },
            {
                "@type": "ListItem",
                "position": 2,
                "item": {
                    "@id": "https://lckb.dev/forum/index.php?/forum/335-help-support/",
                    "name": "Help &amp; Support"
                }
            },
            {
                "@type": "ListItem",
                "position": 3,
                "item": {
                    "@id": "https://lckb.dev/forum/index.php?/forum/44-ep1-support/",
                    "name": "Ep1 Support"
                }
            },
            {
                "@type": "ListItem",
                "position": 4,
                "item": {
                    "@id": "https://lckb.dev/forum/index.php?/forum/135-solved-topics/",
                    "name": "Solved Topics"
                }
            }
        ]
    },
    "commentData": [
        {
            "id": 89408,
            "timestamp": 1383479643,
            "author": {
                "id": 19245,
                "name": "Kennx",
                "image": null
            },
            "comment": "<p > Hay i need seal server fix dll</p>"
        },
        {
            "id": 89426,
            "timestamp": 1383496141,
            "author": {
                "id": 3680,
                "name": "Kotetsu",
                "image": null
            },
            "comment": "\n<p >Ask to seal servers owner.</p>\n<p >Sentence, HateMe..</p>\n"
        },
        {
            "id": 89447,
            "timestamp": 1383515832,
            "author": {
                "id": 15313,
                "name": "Whazzert...\u00c3\u00a2\u00e2\u201e\u00a2\u00c2\u00a5",
                "image": null
            },
            "comment": "<p >Whats your problem there?</p>"
        },
        {
            "id": 89448,
            "timestamp": 1383515939,
            "author": {
                "id": 1503,
                "name": "Paramount",
                "image": null
            },
            "comment": "<p >Episode I does not support seals lol</p>"
        },
        {
            "id": 89453,
            "timestamp": 1383527672,
            "author": {
                "id": 15313,
                "name": "Whazzert...\u00c3\u00a2\u00e2\u201e\u00a2\u00c2\u00a5",
                "image": null
            },
            "comment": "\n<blockquote data-ipsquote=\"\" class=\"ipsQuote\" data-ipsquote-contentcommentid=\"89448\" data-ipsquote-contentapp=\"forums\" data-ipsquote-contenttype=\"forums\" data-ipsquote-contentclass=\"forums_Topic\" data-ipsquote-contentid=\"11716\" data-ipsquote-username=\"Paramount\" data-cite=\"Paramount\" data-ipsquote-timestamp=\"1383515939\" ><div ><div ><p >Episode I does not support seals lol</p></div></div></blockquote>\n<p > </p>\n<p >Thats not Correctly.</p>\n<p >Lets take a view on Eternia EP1.</p>\n<p >They had worked Seals on EP1.</p>\n<p > </p>\n<p >Then take a view on BloodSEALS.</p>\n<p >This are also SEALS!</p>\n<p > </p>\n<p >Then you have the option to use the Seal Server.</p>\n<p >They Seal Items in the Warehouse.</p>\n"
        },
        {
            "id": 89458,
            "timestamp": 1383532606,
            "author": {
                "id": 11151,
                "name": "Vogelj1988",
                "image": null
            },
            "comment": "\n<blockquote data-ipsquote=\"\" class=\"ipsQuote\" data-ipsquote-contentcommentid=\"89453\" data-ipsquote-contentapp=\"forums\" data-ipsquote-contenttype=\"forums\" data-ipsquote-contentclass=\"forums_Topic\" data-ipsquote-contentid=\"11716\" data-ipsquote-username=\"Whazzert...\u00c3\u00a2\u00e2\u201e\u00a2\u00c2\u00a5\" data-cite=\"Whazzert...\u00c3\u00a2\u00e2\u201e\u00a2\u00c2\u00a5\" data-ipsquote-timestamp=\"1383527672\" ><div ><div >\n<p >Thats not Correctly.</p>\n<p >Lets take a view on Eternia EP1.</p>\n<p >They had worked Seals on EP1.</p>\n<p > </p>\n<p >Then take a view on BloodSEALS.</p>\n<p >This are also SEALS!</p>\n<p > </p>\n<p >Then you have the option to use the Seal Server.</p>\n<p >They Seal Items in the Warehouse.</p>\n</div></div></blockquote>\n<p >Vary true whazzert and if he has the right game sever he will have seals on drops also and if he wants seals on other items like weps and armor he can use the crystal of blood sweat</p>\n"
        },
        {
            "id": 89470,
            "timestamp": 1383555992,
            "author": {
                "id": 1503,
                "name": "Paramount",
                "image": null
            },
            "comment": "<p >Have you guys ever seen seals on EP1 servers that are based on public files?</p>"
        },
        {
            "id": 89473,
            "timestamp": 1383557998,
            "author": {
                "id": 11151,
                "name": "Vogelj1988",
                "image": null
            },
            "comment": "<p >I know my sever is because thats what im using but ive spent over a year making it all work right. It can be done it just take time. And Ken if you need help just ask me on skpe </p>\n\n\t\t\t\n\t\t\t\t\n\n<span class=\"ipsType_reset ipsType_medium ipsType_light\" data-excludequote=\"None\" >\n\t<strong >Edited <time datetime=\"2013-11-04T09:49:44Z\" title=\"11/04/2013 09:49  AM\" data-short=\"7 yr\" >November 4, 2013</time> by Vogelj1988</strong>\n\t\n\t\n</span>\n\t\t\t\n\t\t</div>"
        },
        {
            "id": 89479,
            "timestamp": 1383575813,
            "author": {
                "id": 2041,
                "name": "HateMe",
                "image": null
            },
            "comment": "<p >the EP1 files i got have full seasl working... Bloodseals and rare once to</p>"
        },
        {
            "id": 89480,
            "timestamp": 1383576964,
            "author": {
                "id": 1503,
                "name": "Paramount",
                "image": null
            },
            "comment": "\n<blockquote data-ipsquote=\"\" class=\"ipsQuote\" data-ipsquote-contentcommentid=\"89479\" data-ipsquote-contentapp=\"forums\" data-ipsquote-contenttype=\"forums\" data-ipsquote-contentclass=\"forums_Topic\" data-ipsquote-contentid=\"11716\" data-ipsquote-username=\"HateMe\" data-cite=\"HateMe\" data-ipsquote-timestamp=\"1383575813\" ><div ><div ><p >the EP1 files i got have full seasl working... Bloodseals and rare once to</p></div></div></blockquote>\n<p >Dont u wanna share this? :]</p>\n"
        }
    ]
}