{
    "meta": {
        "threadId": 1171,
        "threadName": "GM levels",
        "dateCreated": "2011-10-28T07:59:36+0000",
        "datePublished": "2011-10-28T07:59:36+0000",
        "pageCount": 1,
        "originalUrl": "https://lckb.dev/forum/index.php?/topic/1171-gm-levels/",
        "authorId": null,
        "position": [
            {
                "@type": "ListItem",
                "position": 1,
                "item": {
                    "@id": "https://lckb.dev/forum/index.php?/forum/271-general-section/",
                    "name": "General Section"
                }
            },
            {
                "@type": "ListItem",
                "position": 2,
                "item": {
                    "@id": "https://lckb.dev/forum/index.php?/forum/259-general-discussion/",
                    "name": "General Discussion"
                }
            }
        ]
    },
    "commentData": [
        {
            "id": 9348,
            "timestamp": 1319788776,
            "author": {
                "id": null,
                "name": "Guest METH",
                "image": null
            },
            "comment": "\n<p >Does anyone have a list of what commands work for what level of GM ??</p>\n<p > </p>\n<p >I could go work it out by trial and error but I assume someone has probably done it already - if not I will just go do it myself and post it up :)</p>\n<p > </p>\n<p >Thanks</p>\n"
        },
        {
            "id": 9357,
            "timestamp": 1319794792,
            "author": {
                "id": 770,
                "name": "zhuk",
                "image": null
            },
            "comment": "<p >I dont have it, but i am working about it.</p>"
        }
    ]
}