{
    "meta": {
        "threadId": 11727,
        "threadName": "Frozen LastChaos Homepage *Complete*",
        "dateCreated": "2013-11-04T14:13:35+0000",
        "datePublished": "2013-11-04T14:13:35+0000",
        "pageCount": 1,
        "originalUrl": "https://lckb.dev/forum/index.php?/topic/11727-frozen-lastchaos-homepage-complete/",
        "authorId": 724,
        "position": [
            {
                "@type": "ListItem",
                "position": 1,
                "item": {
                    "@id": "https://lckb.dev/forum/index.php?/forum/40-website-scripting-security/",
                    "name": "Website Scripting &amp; Security"
                }
            },
            {
                "@type": "ListItem",
                "position": 2,
                "item": {
                    "@id": "https://lckb.dev/forum/index.php?/forum/368-website-releases/",
                    "name": "Website Releases"
                }
            },
            {
                "@type": "ListItem",
                "position": 3,
                "item": {
                    "@id": "https://lckb.dev/forum/index.php?/forum/306-ep2-websites/",
                    "name": "Ep2 Websites"
                }
            }
        ]
    },
    "commentData": [
        {
            "id": 89478,
            "timestamp": 1383574415,
            "author": {
                "id": 724,
                "name": "Skambiax",
                "image": null
            },
            "comment": "\n<p style=\"text-align:center;\" >Hey guys,</p>\n<br /><p style=\"text-align:center;\" > </p>\n<br /><p style=\"text-align:center;\" > </p>\n<br /><p style=\"text-align:center;\" >here is the Full Frozen LastChaos Homepage [Old Version] + Old Forum</p>\n<br /><p style=\"text-align:center;\" > </p>\n<br /><p style=\"text-align:center;\" > </p>\n<br /><p style=\"text-align:center;\" > </p>\n<br /><p style=\"text-align:center;\" >Virustotal:</p>\n<br /><p style=\"text-align:center;\" > </p>\n<br /><p style=\"text-align:center;\" > </p>\n<br /><p style=\"text-align:center;\" ><a href=\"https://www.virustotal.com/en/file/d6399f2a4a7e676aaf60196ec6a8a23fe9f9635202cabd326425cc71686fa817/analysis/1383574140/\" rel=\"external nofollow\" >https://www.virustotal.com/en/file/d6399f2a4a7e676aaf60196ec6a8a23fe9f9635202cabd326425cc71686fa817/analysis/1383574140/</a></p>\n<br /><p style=\"text-align:center;\" > </p>\n<br /><p style=\"text-align:center;\" > </p>\n<br /><p style=\"text-align:center;\" > </p>\n<br /><p style=\"text-align:center;\" >Download:</p>\n<br /><p style=\"text-align:center;\" > </p>\n<br /><p style=\"text-align:center;\" > </p>\n<br /><p style=\"text-align:center;\" ><a href=\"https://mega.co.nz/#\" rel=\"external nofollow\" >https://mega.co.nz/#</a>!tN1XVDAZ!XLk0hGZZsmDTBv2DVri_DBVONT8TBflftmkduWqJdBs</p>\n<br /><p style=\"text-align:center;\" > </p>\n<br /><p style=\"text-align:center;\" > </p>\n<br /><p style=\"text-align:center;\" > </p>\n<br /><p style=\"text-align:center;\" > </p>\n<br /><p style=\"text-align:center;\" >Have Fun !</p>\n<br />"
        },
        {
            "id": 89538,
            "timestamp": 1383757974,
            "author": {
                "id": 18226,
                "name": "OldHM",
                "image": null
            },
            "comment": "<p >Release Approved by Mendozza : Status <span style=\"color:#008000;\" >Clean</span></p>"
        },
        {
            "id": 89540,
            "timestamp": 1383758876,
            "author": {
                "id": 1664,
                "name": "Dimensions",
                "image": null
            },
            "comment": "<p >db?^^</p>"
        },
        {
            "id": 89545,
            "timestamp": 1383765549,
            "author": {
                "id": 724,
                "name": "Skambiax",
                "image": null
            },
            "comment": "\n<p >Do it by your self :) Its not so difficult ! <span ><span >H</span></span></p>\n<p > </p>\n<p ><span ><span >ave fun and</span> <span >good</span> <span >succeeds...</span></span></p>\n<p > </p>\n<p > </p>\n<p ><span ><span >Skambiax</span></span></p>\n"
        },
        {
            "id": 89553,
            "timestamp": 1383800951,
            "author": {
                "id": 7263,
                "name": "SibaN",
                "image": null
            },
            "comment": "\n<p >please can you upload database and how it work thes hompage</p>\n<p > </p>\n<p >i think we need install.php for that</p>\n\n\n\t\t\t\n\t\t\t\t\n\n<span class=\"ipsType_reset ipsType_medium ipsType_light\" data-excludequote=\"None\" >\n\t<strong >Edited <time datetime=\"2013-11-07T05:36:08Z\" title=\"11/07/2013 05:36  AM\" data-short=\"7 yr\" >November 7, 2013</time> by sibastient</strong>\n\t\n\t\n</span>\n\t\t\t\n\t\t</div>"
        },
        {
            "id": 89557,
            "timestamp": 1383818584,
            "author": {
                "id": 1503,
                "name": "Paramount",
                "image": null
            },
            "comment": "<p >Yea, cos I see a white screen</p>"
        },
        {
            "id": 89609,
            "timestamp": 1383893509,
            "author": {
                "id": 724,
                "name": "Skambiax",
                "image": null
            },
            "comment": "<p >You need to install \"webSPELL\"</p>"
        },
        {
            "id": 101538,
            "timestamp": 1411395667,
            "author": {
                "id": 20179,
                "name": "Djinn's",
                "image": null
            },
            "comment": "\n<p >hey </p>\n<p >i have install webspell and I have a white screen still :/</p>\n"
        }
    ]
}