{
    "meta": {
        "threadId": 11725,
        "threadName": "run ch2",
        "dateCreated": "2013-11-04T08:45:56+0000",
        "datePublished": "2013-11-04T08:45:56+0000",
        "pageCount": 1,
        "originalUrl": "https://lckb.dev/forum/index.php?/topic/11725-run-ch2/",
        "authorId": 18312,
        "position": [
            {
                "@type": "ListItem",
                "position": 1,
                "item": {
                    "@id": "https://lckb.dev/forum/index.php?/forum/100-guides-help-section/",
                    "name": "Guides &amp; Help Section"
                }
            },
            {
                "@type": "ListItem",
                "position": 2,
                "item": {
                    "@id": "https://lckb.dev/forum/index.php?/forum/335-help-support/",
                    "name": "Help &amp; Support"
                }
            },
            {
                "@type": "ListItem",
                "position": 3,
                "item": {
                    "@id": "https://lckb.dev/forum/index.php?/forum/120-ep2-support/",
                    "name": "Ep2 Support"
                }
            },
            {
                "@type": "ListItem",
                "position": 4,
                "item": {
                    "@id": "https://lckb.dev/forum/index.php?/forum/134-solved-topics/",
                    "name": "Solved Topics"
                }
            }
        ]
    },
    "commentData": [
        {
            "id": 89469,
            "timestamp": 1383554756,
            "author": {
                "id": 18312,
                "name": "Assasin",
                "image": null
            },
            "comment": "\n<p >Hi i have problem Run ch2</p>\n<pre class=\"ipsCode prettyprint\" >Load setting file....\nLoadZone Error\nSetting Error!!\n*** glibc detected *** ./ch2: corrupted double-linked list: 0x09215700 ***\n======= Backtrace: =========\n/lib/libc.so.6(+0x70e31)[0xb74cce31]\n/lib/libc.so.6(+0x73823)[0xb74cf823]\n/usr/lib/libstdc++.so.6(_ZdlPv+0x22)[0xb76e7df2]\n./ch2[0x81e4c33]\n./ch2[0x81d19ba]\n./ch2[0x81d5367]\n/lib/libc.so.6(exit+0xdf)[0xb748a14f]\n./ch2[0x810716f]\n/lib/libc.so.6(__libc_start_main+0xe6)[0xb7472ce6]\n./ch2(__gxx_personality_v0+0xd9)[0x804aab1]\n======= Memory map: ========\n08048000-0833f000 r-xp 00000000 08:03 108658703                          /home/Server/GameServer/2/ch2/ch2\n0833f000-08342000 rw-p 002f7000 08:03 108658703                          /home/Server/GameServer/2/ch2/ch2\n08342000-083c7000 rw-p 00000000 00:00 0\n08c7c000-239ba000 rw-p 00000000 00:00 0                                  [heap]\nb69e0000-b6c35000 rw-p 00000000 00:00 0\nb7277000-b7392000 rw-p 00000000 00:00 0\nb7392000-b73db000 r-xp 00000000 08:03 97634148                           /lib/libfreebl3.so\nb73db000-b73dc000 r--p 00048000 08:03 97634148                           /lib/libfreebl3.so\nb73dc000-b73dd000 rw-p 00049000 08:03 97634148                           /lib/libfreebl3.so\nb73dd000-b73e1000 rw-p 00000000 00:00 0\nb73e1000-b73f6000 r-xp 00000000 08:03 97634172                           /lib/libresolv-2.12.so\nb73f6000-b73f7000 ---p 00015000 08:03 97634172                           /lib/libresolv-2.12.so\nb73f7000-b73f8000 r--p 00015000 08:03 97634172                           /lib/libresolv-2.12.so\nb73f8000-b73f9000 rw-p 00016000 08:03 97634172                           /lib/libresolv-2.12.so\nb73f9000-b73fb000 rw-p 00000000 00:00 0\nb73fb000-b7400000 r-xp 00000000 08:03 97634166                           /lib/libnss_dns-2.12.so\nb7400000-b7401000 r--p 00004000 08:03 97634166                           /lib/libnss_dns-2.12.so\nb7401000-b7402000 rw-p 00005000 08:03 97634166                           /lib/libnss_dns-2.12.so\nb7402000-b740e000 r-xp 00000000 08:03 97634167                           /lib/libnss_files-2.12.so\nb740e000-b740f000 r--p 0000b000 08:03 97634167                           /lib/libnss_files-2.12.so\nb740f000-b7410000 rw-p 0000c000 08:03 97634167                           /lib/libnss_files-2.12.so\nb7410000-b7411000 rw-p 00000000 00:00 0\nb7411000-b7428000 r-xp 00000000 08:03 97634164                           /lib/libnsl-2.12.so\nb7428000-b7429000 r--p 00016000 08:03 97634164                           /lib/libnsl-2.12.so\nb7429000-b742a000 rw-p 00017000 08:03 97634164                           /lib/libnsl-2.12.so\nb742a000-b742c000 rw-p 00000000 00:00 0\nb742c000-b7433000 r-xp 00000000 08:03 97634143                           /lib/libcrypt-2.12.so\nb7433000-b7434000 r--p 00007000 08:03 97634143                           /lib/libcrypt-2.12.so\nb7434000-b7435000 rw-p 00008000 08:03 97634143                           /lib/libcrypt-2.12.so\nb7435000-b745c000 rw-p 00000000 00:00 0\nb745c000-b75ec000 r-xp 00000000 08:03 97634140                           /lib/libc-2.12.so\nb75ec000-b75ed000 ---p 00190000 08:03 97634140                           /lib/libc-2.12.so\nb75ed000-b75ef000 r--p 00190000 08:03 97634140                           /lib/libc-2.12.so\nb75ef000-b75f0000 rw-p 00192000 08:03 97634140                           /lib/libc-2.12.so\nb75f0000-b75f3000 rw-p 00000000 00:00 0\nb75f3000-b7610000 r-xp 00000000 08:03 97634149                           /lib/libgcc_s-4.4.7-20120601.so.1\nb7610000-b7611000 rw-p 0001d000 08:03 97634149                           /lib/libgcc_s-4.4.7-20120601.so.1\nb7611000-b7639000 r-xp 00000000 08:03 97634161                           /lib/libm-2.12.so\nb7639000-b763a000 r--p 00027000 08:03 97634161                           /lib/libm-2.12.so\nb763a000-b763b000 rw-p 00028000 08:03 97634161                           /lib/libm-2.12.so\nb763b000-b771a000 r-xp 00000000 08:03 108818682                          /usr/lib/libstdc++.so.6.0.13\nb771a000-b771e000 r--p 000de000 08:03 108818682                          /usr/lib/libstdc++.so.6.0.13\nb771e000-b771f000 rw-p 000e2000 08:03 108818682                          /usr/lib/libstdc++.so.6.0.13\nb771f000-b7727000 rw-p 00000000 00:00 0\nb7727000-b772a000 r-xp 00000000 08:03 97634144                           /lib/libdl-2.12.so\nb772a000-b772b000 r--p 00002000 08:03 97634144                           /lib/libdl-2.12.so\nb772b000-b772c000 rw-p 00003000 08:03 97634144                           /lib/libdl-2.12.so\nb772c000-b773e000 r-xp 00000000 08:03 97634178                           /lib/libz.so.1.2.3\nb773e000-b773f000 r--p 00011000 08:03 97634178                           /lib/libz.so.1.2.3\nb773f000-b7740000 rw-p 00012000 08:03 97634178                           /lib/libz.so.1.2.3\nb7740000-b7763000 r-xp 00000000 08:03 108818674                          /usr/lib/libmysqlclient.so.12\nb7763000-b7776000 rw-p 00022000 08:03 108818674                          /usr/lib/libmysqlclient.so.12\nb7776000-b7777000 rw-p 00000000 00:00 0\nb7777000-b778e000 r-xp 00000000 08:03 97634171                           /lib/libpthread-2.12.so\nb778e000-b778f000 r--p 00016000 08:03 97634171                           /lib/libpthread-2.12.so\nb778f000-b7790000 rw-p 00017000 08:03 97634171                           /lib/libpthread-2.12.so\nb7790000-b7792000 rw-p 00000000 00:00 0\nb779e000-b77a1000 rw-p 00000000 00:00 0\nb77a1000-b77a2000 r-xp 00000000 00:00 0                                  [vdso]\nb77a2000-b77c0000 r-xp 00000000 08:03 97634133                           /lib/ld-2.12.so\nb77c0000-b77c1000 r--p 0001d000 08:03 97634133                           /lib/ld-2.12.so\nb77c1000-b77c2000 rw-p 0001e000 08:03 97634133                           /lib/ld-2.12.so\nbf8ca000-bf8df000 rwxp 00000000 00:00 0                                  [stack]\n./runch2: line 19:  1645 Aborted                 ./ch2\n\n</pre>\n<p >How to fixed??</p>\n"
        },
        {
            "id": 89790,
            "timestamp": 1384032790,
            "author": {
                "id": 17148,
                "name": "WorldOfWars",
                "image": null
            },
            "comment": "<p >You dont have the files in data folder (in Game Server)</p>"
        },
        {
            "id": 89821,
            "timestamp": 1384075514,
            "author": {
                "id": 18312,
                "name": "Assasin",
                "image": null
            },
            "comment": "\n<p >i know</p>\n<p >Worng Settings :D i Change </p>\n<p > </p>\n<p >Zone=0</p>\n<p >no=True :D</p>\n<p > </p>\n<p >Closed. i Fix</p>\n"
        },
        {
            "id": 89822,
            "timestamp": 1384075596,
            "author": {
                "id": 17432,
                "name": "Nymphetamine",
                "image": null
            },
            "comment": "\n<p >Closed and moved</p>\n<p >-Nymphetamine</p>\n"
        }
    ]
}