{
    "meta": {
        "threadId": 11735,
        "threadName": "paymentwall",
        "dateCreated": "2013-11-07T21:22:42+0000",
        "datePublished": "2013-11-07T21:22:42+0000",
        "pageCount": 1,
        "originalUrl": "https://lckb.dev/forum/index.php?/topic/11735-paymentwall/",
        "authorId": 17148,
        "position": [
            {
                "@type": "ListItem",
                "position": 1,
                "item": {
                    "@id": "https://lckb.dev/forum/index.php?/forum/100-guides-help-section/",
                    "name": "Guides &amp; Help Section"
                }
            },
            {
                "@type": "ListItem",
                "position": 2,
                "item": {
                    "@id": "https://lckb.dev/forum/index.php?/forum/335-help-support/",
                    "name": "Help &amp; Support"
                }
            },
            {
                "@type": "ListItem",
                "position": 3,
                "item": {
                    "@id": "https://lckb.dev/forum/index.php?/forum/120-ep2-support/",
                    "name": "Ep2 Support"
                }
            },
            {
                "@type": "ListItem",
                "position": 4,
                "item": {
                    "@id": "https://lckb.dev/forum/index.php?/forum/134-solved-topics/",
                    "name": "Solved Topics"
                }
            }
        ]
    },
    "commentData": [
        {
            "id": 89582,
            "timestamp": 1383859362,
            "author": {
                "id": 17148,
                "name": "WorldOfWars",
                "image": null
            },
            "comment": "\n<p >Hey,</p>\n<p > </p>\n<p >i try to install the payment wall script , but i got an error on payment wall test ping : </p>\n<p > </p>\n<div >Undefined index: userid in <b >/home******/HOST/www/pingback/pingback.php</b> on line <b >75</b><br /></div>\n<div >Not found user </div>\n"
        },
        {
            "id": 89583,
            "timestamp": 1383859465,
            "author": {
                "id": 1503,
                "name": "Paramount",
                "image": null
            },
            "comment": "<p >Why dont you wanna show this 75 string...</p>"
        },
        {
            "id": 89662,
            "timestamp": 1383937492,
            "author": {
                "id": 17148,
                "name": "WorldOfWars",
                "image": null
            },
            "comment": "\n<p >Line 75 is : </p>\n<div > </div>\n<div >$uid = Sanitize( $_GET[userid] );</div>\n<div > </div>\n<div >I use v3.4 max web site</div>\n"
        },
        {
            "id": 89663,
            "timestamp": 1383939518,
            "author": {
                "id": 18226,
                "name": "OldHM",
                "image": null
            },
            "comment": "\n<p >in the paymentwall you have to reset your widget code</p>\n<p >it has to be: {userid}</p>\n"
        },
        {
            "id": 89666,
            "timestamp": 1383940444,
            "author": {
                "id": 17148,
                "name": "WorldOfWars",
                "image": null
            },
            "comment": "\n<p >uid={userid}&widget</p>\n<p > </p>\n<p >I done it</p>\n"
        },
        {
            "id": 89667,
            "timestamp": 1383941312,
            "author": {
                "id": 1503,
                "name": "Paramount",
                "image": null
            },
            "comment": "<p >Well if you are using maxs cms why not to ask him.. ofc if you bought it..</p>"
        },
        {
            "id": 89668,
            "timestamp": 1383941682,
            "author": {
                "id": 17148,
                "name": "WorldOfWars",
                "image": null
            },
            "comment": "<p >I bought is , never answer to me.</p>"
        },
        {
            "id": 89671,
            "timestamp": 1383942369,
            "author": {
                "id": 7263,
                "name": "SibaN",
                "image": null
            },
            "comment": "\n<p ><a href=\"https://wallapi.com/api/ps/?key=\" rel=\"external nofollow\" >https://wallapi.com/api/ps/?key=</a><span style=\"color:#ff0000;\" >77f942da5d3b18b75barrhgrhtehthtjtsjtgjf</span>&uid=</p>\n<p > </p>\n<p >change only red with youre widgets and past it in widgest link</p>\n"
        },
        {
            "id": 89673,
            "timestamp": 1383942569,
            "author": {
                "id": 17148,
                "name": "WorldOfWars",
                "image": null
            },
            "comment": "\n<p >The key is the Applications key and not the secret key.</p>\n<p > </p>\n<p >\"HTTP/1.0 200 OK</p>\n<p >Set-cookie: startBAK=R3415751377; path=/; expires=Sat, 09-Nov-2013 00:43:12 GMT</p>\n<p >Set-cookie: start=R3255934903; path=/; expires=Sat, 09-Nov-2013 00:42:12 GMT</p>\n<p >Date: Fri, 08 Nov 2013 23:24:18 GMT</p>\n<p >Content-type: text/html</p>\n<p >Content-length: 38</p>\n<p >Server: Apache</p>\n<p >X-powered-by: PHP/5.3.16</p>\n<p >Vary: Accept-Encoding</p>\n<p >Content-encoding: gzip</p>\n<p >Connection: close</p>\n<p > </p>\n<p >Not found user uid\"</p>\n<p > </p>\n<p >Now i got it</p>\n"
        }
    ]
}