{
    "meta": {
        "threadId": 11736,
        "threadName": "Problem with my Connector.",
        "dateCreated": "2013-11-07T22:05:28+0000",
        "datePublished": "2013-11-07T22:05:28+0000",
        "pageCount": 1,
        "originalUrl": "https://lckb.dev/forum/index.php?/topic/11736-problem-with-my-connector/",
        "authorId": 19259,
        "position": [
            {
                "@type": "ListItem",
                "position": 1,
                "item": {
                    "@id": "https://lckb.dev/forum/index.php?/forum/100-guides-help-section/",
                    "name": "Guides &amp; Help Section"
                }
            },
            {
                "@type": "ListItem",
                "position": 2,
                "item": {
                    "@id": "https://lckb.dev/forum/index.php?/forum/335-help-support/",
                    "name": "Help &amp; Support"
                }
            },
            {
                "@type": "ListItem",
                "position": 3,
                "item": {
                    "@id": "https://lckb.dev/forum/index.php?/forum/120-ep2-support/",
                    "name": "Ep2 Support"
                }
            },
            {
                "@type": "ListItem",
                "position": 4,
                "item": {
                    "@id": "https://lckb.dev/forum/index.php?/forum/134-solved-topics/",
                    "name": "Solved Topics"
                }
            }
        ]
    },
    "commentData": [
        {
            "id": 89586,
            "timestamp": 1383861928,
            "author": {
                "id": 19259,
                "name": "xFreakOut",
                "image": null
            },
            "comment": "\n<p >Hi lckb Community,</p>\n<p > </p>\n<p >I got every time this Problem</p>\n<p > </p>\n<div >Loading Setting File...</div>\n<div >2013/11/07 23:01:40 :: SYSTEM > Finding Connection Limit</div>\n<div >2013/11/07 23:01:40 :: SYSTEM > Setting player limit to1019usingrlimit.</div>\n<div >2013/11/07 23:01:40 :: SYSTEM > Initialize Server Socket</div>\n<div >2013/11/07 23:01:40 :: SYSTEM > Binding only to IP address 192.168.253.134</div>\n<div >Error: bind</div>\n<div > </div>\n<div > </div>\n<div >I have to say that Im a newbie in Last Chaos Server.</div>\n<div > </div>\n<div >I hope you can help me.</div>\n<div > </div>\n<div >Best Regards</div>\n"
        },
        {
            "id": 89587,
            "timestamp": 1383862044,
            "author": {
                "id": 15313,
                "name": "Whazzert...\u00c3\u00a2\u00e2\u201e\u00a2\u00c2\u00a5",
                "image": null
            },
            "comment": "<p >The Connector need to set IP:127.0.0.1</p>"
        },
        {
            "id": 89588,
            "timestamp": 1383862213,
            "author": {
                "id": 19259,
                "name": "xFreakOut",
                "image": null
            },
            "comment": "\n<p >I have do this. No this is what i got now: </p>\n<p > </p>\n<p >2013/11/07 23:09:37 :: SYS_ERR > Connect DB.</p>\n"
        },
        {
            "id": 89589,
            "timestamp": 1383862241,
            "author": {
                "id": 1503,
                "name": "Paramount",
                "image": null
            },
            "comment": "\n<blockquote data-ipsquote=\"\" class=\"ipsQuote\" data-ipsquote-contentcommentid=\"89587\" data-ipsquote-contentapp=\"forums\" data-ipsquote-contenttype=\"forums\" data-ipsquote-contentclass=\"forums_Topic\" data-ipsquote-contentid=\"11736\" data-ipsquote-username=\"Whazzert...\u00c3\u00a2\u00e2\u201e\u00a2\u00c2\u00a5\" data-cite=\"Whazzert...\u00c3\u00a2\u00e2\u201e\u00a2\u00c2\u00a5\" data-ipsquote-timestamp=\"1383862044\" ><div ><div ><p >The Connector need to set IP:127.0.0.1</p></div></div></blockquote>\n<p >No.</p>\n<p >Ip you should get with the following command:</p>\n<p > </p>\n<pre class=\"ipsCode prettyprint\" >ifconfig</pre>\n<p > </p>\n<p >And if you off the server and want to on it again, you should restart your vps\\vds\\dedic\\virtual box depends what you are using.</p>\n"
        },
        {
            "id": 89591,
            "timestamp": 1383862885,
            "author": {
                "id": 19259,
                "name": "xFreakOut",
                "image": null
            },
            "comment": "<p >Its running on my root server. But i cant start it because off this Problem</p>"
        },
        {
            "id": 89592,
            "timestamp": 1383862998,
            "author": {
                "id": 1503,
                "name": "Paramount",
                "image": null
            },
            "comment": "<p >Show your newstobm...</p>"
        },
        {
            "id": 89593,
            "timestamp": 1383863113,
            "author": {
                "id": 19259,
                "name": "xFreakOut",
                "image": null
            },
            "comment": "\n<p >Here it is:</p>\n<p > </p>\n<div >[server]</div>\n<div >Number=1</div>\n<div >MaxSubServer=1</div>\n<div >IP=127.0.0.1</div>\n<div >Port=4006</div>\n<div > </div>\n<div >[user DB]</div>\n<div >IP=176.28.31.34</div>\n<div >DBName=newproject_db_auth</div>\n<div >User=larry</div>\n<div >Password=censored</div>\n<div > </div>\n<div >[Auth DB]</div>\n<div >IP=176.28.31.34</div>\n<div >DBName=newproject_db_auth</div>\n<div >User=larry</div>\n<div >Password=censored</div>\n<div > </div>\n<div >[billing Server]</div>\n<div >IP=192.168.253.134</div>\n<div >Port=8888</div>\n<div > </div>\n<div >[sHA256]</div>\n<div >Salt=phoohie1yaihooyaequae7PuiWoeNgahjieth3ru3yeeghaepahb7aeYaipe2we6zii6mai6uweig8siasheinoungeoyeiLohShi2xoh2xi8ooxee9ahpiehahc9Phe</div>\n"
        },
        {
            "id": 89594,
            "timestamp": 1383863210,
            "author": {
                "id": 1503,
                "name": "Paramount",
                "image": null
            },
            "comment": "<div style=\"margin:0px;color:rgb(40,40,40);font-family:helvetica, arial, sans-serif;\" >\n<br /><div style=\"margin:0px;\" >[server]</div>\n<br /><div style=\"margin:0px;\" >Number=1</div>\n<br /><div style=\"margin:0px;\" >MaxSubServer=1</div>\n<br /><div style=\"margin:0px;\" >IP= IP THAT YOU GOT WITH ifconfig COMMAND</div>\n<br /><div style=\"margin:0px;\" >Port=4006</div>\n<br /><div style=\"margin:0px;\" > </div>\n<br /><div style=\"margin:0px;\" >[user DB]</div>\n<br /><div style=\"margin:0px;\" >IP=127.0.0.1</div>\n<br /><div style=\"margin:0px;\" >DBName=newproject_db_auth</div>\n<br /><div style=\"margin:0px;\" >User=larry</div>\n<br /><div style=\"margin:0px;\" >Password=censored</div>\n<br /><div style=\"margin:0px;\" > </div>\n<br /><div style=\"margin:0px;\" >[Auth DB]</div>\n<br /><div style=\"margin:0px;\" >IP=127.0.0.1</div>\n<br /><div style=\"margin:0px;\" >DBName=newproject_db_auth</div>\n<br /><div style=\"margin:0px;\" >User=larry</div>\n<br /><div style=\"margin:0px;\" >Password=censored</div>\n<br /><div style=\"margin:0px;\" > </div>\n<br /><div style=\"margin:0px;\" >[billing Server]</div>\n<br /><div style=\"margin:0px;\" >IP=192.168.253.134</div>\n<br /><div style=\"margin:0px;\" >Port=8888</div>\n<br /><div style=\"margin:0px;\" > </div>\n<br /><div style=\"margin:0px;\" >[sHA256]</div>\n<br /><div style=\"margin:0px;\" >Salt=phoohie1yaihooyaequae7PuiWoeNgahjieth3ru3yeeghaepahb7aeYaipe2we6zii6mai6uweig8siasheinoungeoyeiLohShi2xoh2xi8ooxee9ahpiehahc9Phe</div>\n<br /></div>"
        },
        {
            "id": 89596,
            "timestamp": 1383863401,
            "author": {
                "id": 7695,
                "name": "CyberClaus",
                "image": null
            },
            "comment": "<p >You are using a password! did you configure your mysql to b able to do that?</p>"
        },
        {
            "id": 89597,
            "timestamp": 1383863497,
            "author": {
                "id": 19259,
                "name": "xFreakOut",
                "image": null
            },
            "comment": "\n<div style=\"margin:0px;color:rgb(40,40,40);font-family:helvetica, arial, sans-serif;font-size:12px;background-color:rgb(221,221,221);\" >[server]</div>\n<br /><div style=\"margin:0px;color:rgb(40,40,40);font-family:helvetica, arial, sans-serif;font-size:12px;background-color:rgb(221,221,221);\" >Number=1</div>\n<br /><div style=\"margin:0px;color:rgb(40,40,40);font-family:helvetica, arial, sans-serif;font-size:12px;background-color:rgb(221,221,221);\" >MaxSubServer=1</div>\n<br /><div style=\"margin:0px;color:rgb(40,40,40);font-family:helvetica, arial, sans-serif;font-size:12px;background-color:rgb(221,221,221);\" >IP= 176.28.31.34</div>\n<br /><div style=\"margin:0px;color:rgb(40,40,40);font-family:helvetica, arial, sans-serif;font-size:12px;background-color:rgb(221,221,221);\" >Port=4006</div>\n<br /><div style=\"margin:0px;color:rgb(40,40,40);font-family:helvetica, arial, sans-serif;font-size:12px;background-color:rgb(221,221,221);\" > </div>\n<br /><div style=\"margin:0px;color:rgb(40,40,40);font-family:helvetica, arial, sans-serif;font-size:12px;background-color:rgb(221,221,221);\" >[user DB]</div>\n<br /><div style=\"margin:0px;color:rgb(40,40,40);font-family:helvetica, arial, sans-serif;font-size:12px;background-color:rgb(221,221,221);\" >IP=127.0.0.1</div>\n<br /><div style=\"margin:0px;color:rgb(40,40,40);font-family:helvetica, arial, sans-serif;font-size:12px;background-color:rgb(221,221,221);\" >DBName=newproject_db_auth</div>\n<br /><div style=\"margin:0px;color:rgb(40,40,40);font-family:helvetica, arial, sans-serif;font-size:12px;background-color:rgb(221,221,221);\" >User=larry</div>\n<br /><div style=\"margin:0px;color:rgb(40,40,40);font-family:helvetica, arial, sans-serif;font-size:12px;background-color:rgb(221,221,221);\" >Password=censored</div>\n<br /><div style=\"margin:0px;color:rgb(40,40,40);font-family:helvetica, arial, sans-serif;font-size:12px;background-color:rgb(221,221,221);\" > </div>\n<br /><div style=\"margin:0px;color:rgb(40,40,40);font-family:helvetica, arial, sans-serif;font-size:12px;background-color:rgb(221,221,221);\" >[Auth DB]</div>\n<br /><div style=\"margin:0px;color:rgb(40,40,40);font-family:helvetica, arial, sans-serif;font-size:12px;background-color:rgb(221,221,221);\" >IP=127.0.0.1</div>\n<br /><div style=\"margin:0px;color:rgb(40,40,40);font-family:helvetica, arial, sans-serif;font-size:12px;background-color:rgb(221,221,221);\" >DBName=newproject_db_auth</div>\n<br /><div style=\"margin:0px;color:rgb(40,40,40);font-family:helvetica, arial, sans-serif;font-size:12px;background-color:rgb(221,221,221);\" >User=larry</div>\n<br /><div style=\"margin:0px;color:rgb(40,40,40);font-family:helvetica, arial, sans-serif;font-size:12px;background-color:rgb(221,221,221);\" >Password=censored</div>\n<br /><div style=\"margin:0px;color:rgb(40,40,40);font-family:helvetica, arial, sans-serif;font-size:12px;background-color:rgb(221,221,221);\" > </div>\n<br /><div style=\"margin:0px;color:rgb(40,40,40);font-family:helvetica, arial, sans-serif;font-size:12px;background-color:rgb(221,221,221);\" >[billing Server]</div>\n<br /><div style=\"margin:0px;color:rgb(40,40,40);font-family:helvetica, arial, sans-serif;font-size:12px;background-color:rgb(221,221,221);\" >IP=192.168.253.134</div>\n<br /><div style=\"margin:0px;color:rgb(40,40,40);font-family:helvetica, arial, sans-serif;font-size:12px;background-color:rgb(221,221,221);\" >Port=8888</div>\n<br /><div style=\"margin:0px;color:rgb(40,40,40);font-family:helvetica, arial, sans-serif;font-size:12px;background-color:rgb(221,221,221);\" > </div>\n<br /><div style=\"margin:0px;color:rgb(40,40,40);font-family:helvetica, arial, sans-serif;font-size:12px;background-color:rgb(221,221,221);\" >[sHA256]</div>\n<br /><div style=\"margin:0px;color:rgb(40,40,40);font-family:helvetica, arial, sans-serif;font-size:12px;background-color:rgb(221,221,221);\" >Salt=phoohie1yaihooyaequae7PuiWoeNgahjieth3ru3yeeghaepahb7aeYaipe2we6zii6mai6uweig8siasheinoungeoyeiLohShi2xoh2xi8ooxee9ahpiehahc9Phe</div>\n<br /><div style=\"margin:0px;color:rgb(40,40,40);font-family:helvetica, arial, sans-serif;font-size:12px;background-color:rgb(221,221,221);\" > </div>\n<br /><div style=\"margin:0px;color:rgb(40,40,40);font-family:helvetica, arial, sans-serif;font-size:12px;background-color:rgb(221,221,221);\" > </div>\n<br /><div style=\"margin:0px;color:rgb(40,40,40);font-family:helvetica, arial, sans-serif;font-size:12px;background-color:rgb(221,221,221);\" >This is the ip that i got.</div>\n<br />"
        },
        {
            "id": 89598,
            "timestamp": 1383863569,
            "author": {
                "id": 19259,
                "name": "xFreakOut",
                "image": null
            },
            "comment": "<p >I dont know how to configure mysql.</p>"
        },
        {
            "id": 89599,
            "timestamp": 1383863762,
            "author": {
                "id": 15313,
                "name": "Whazzert...\u00c3\u00a2\u00e2\u201e\u00a2\u00c2\u00a5",
                "image": null
            },
            "comment": "\n<p >Use this Config:</p>\n<div style=\"margin:0px;color:rgb(40,40,40);font-family:helvetica, arial, sans-serif;\" >[server]</div>\n<div style=\"margin:0px;color:rgb(40,40,40);font-family:helvetica, arial, sans-serif;\" >Number=1</div>\n<div style=\"margin:0px;color:rgb(40,40,40);font-family:helvetica, arial, sans-serif;\" >MaxSubServer=1</div>\n<div style=\"margin:0px;color:rgb(40,40,40);font-family:helvetica, arial, sans-serif;\" >IP=127.0.0.1</div>\n<div style=\"margin:0px;color:rgb(40,40,40);font-family:helvetica, arial, sans-serif;\" >Port=4006</div>\n<div style=\"margin:0px;color:rgb(40,40,40);font-family:helvetica, arial, sans-serif;\" > </div>\n<div style=\"margin:0px;color:rgb(40,40,40);font-family:helvetica, arial, sans-serif;\" >[user DB]</div>\n<div style=\"margin:0px;color:rgb(40,40,40);font-family:helvetica, arial, sans-serif;\" >IP=127.0.0.1</div>\n<div style=\"margin:0px;color:rgb(40,40,40);font-family:helvetica, arial, sans-serif;\" >DBName=newproject_db_auth</div>\n<div style=\"margin:0px;color:rgb(40,40,40);font-family:helvetica, arial, sans-serif;\" >User=larry</div>\n<div style=\"margin:0px;color:rgb(40,40,40);font-family:helvetica, arial, sans-serif;\" >Password=censored</div>\n<div style=\"margin:0px;color:rgb(40,40,40);font-family:helvetica, arial, sans-serif;\" > </div>\n<div style=\"margin:0px;color:rgb(40,40,40);font-family:helvetica, arial, sans-serif;\" >[Auth DB]</div>\n<div style=\"margin:0px;color:rgb(40,40,40);font-family:helvetica, arial, sans-serif;\" >IP=127.0.0.1</div>\n<div style=\"margin:0px;color:rgb(40,40,40);font-family:helvetica, arial, sans-serif;\" >DBName=newproject_db_auth</div>\n<div style=\"margin:0px;color:rgb(40,40,40);font-family:helvetica, arial, sans-serif;\" >User=larry</div>\n<div style=\"margin:0px;color:rgb(40,40,40);font-family:helvetica, arial, sans-serif;\" >Password=censored</div>\n<div style=\"margin:0px;color:rgb(40,40,40);font-family:helvetica, arial, sans-serif;\" > </div>\n<div style=\"margin:0px;color:rgb(40,40,40);font-family:helvetica, arial, sans-serif;\" >[billing Server]</div>\n<div style=\"margin:0px;color:rgb(40,40,40);font-family:helvetica, arial, sans-serif;\" >IP=127.0.0.1</div>\n<div style=\"margin:0px;color:rgb(40,40,40);font-family:helvetica, arial, sans-serif;\" >Port=8888</div>\n<div style=\"margin:0px;color:rgb(40,40,40);font-family:helvetica, arial, sans-serif;\" > </div>\n<div style=\"margin:0px;color:rgb(40,40,40);font-family:helvetica, arial, sans-serif;\" >[sHA256]</div>\n<div style=\"margin:0px;color:rgb(40,40,40);font-family:helvetica, arial, sans-serif;\" >Salt=phoohie1yaihooyaequae7PuiWoeNgahjieth3ru3yeeghaepahb7aeYaipe2we6zii6mai6uweig8siasheinoungeoyeiLohShi2xoh2xi8ooxee9ahpiehahc9Phe</div>\n"
        },
        {
            "id": 89601,
            "timestamp": 1383863997,
            "author": {
                "id": 19259,
                "name": "xFreakOut",
                "image": null
            },
            "comment": "<p >Same Problem.</p>"
        },
        {
            "id": 89602,
            "timestamp": 1383864208,
            "author": {
                "id": 15313,
                "name": "Whazzert...\u00c3\u00a2\u00e2\u201e\u00a2\u00c2\u00a5",
                "image": null
            },
            "comment": "<p >are you sure that you db is Newproject_db_auth?<br />or is it maybe newproject_auth</p>"
        },
        {
            "id": 89603,
            "timestamp": 1383864476,
            "author": {
                "id": 19259,
                "name": "xFreakOut",
                "image": null
            },
            "comment": "<p >I checked it and it is newproject_db_auth</p>"
        },
        {
            "id": 89605,
            "timestamp": 1383872424,
            "author": {
                "id": 2640,
                "name": "Kenpachi",
                "image": null
            },
            "comment": "<p >If your Newstom.bin file has a password but your mysql does not the connection with fail. If you dont know if there is a password or not here is a link to find out <a href=\"http://www.cyberciti.biz/faq/mysql-change-root-password/\" rel=\"external nofollow\" >http://www.cyberciti.biz/faq/mysql-change-root-password/</a></p>"
        },
        {
            "id": 89619,
            "timestamp": 1383903053,
            "author": {
                "id": 1503,
                "name": "Paramount",
                "image": null
            },
            "comment": "<p >Files are usually dont support passwords</p>"
        },
        {
            "id": 89665,
            "timestamp": 1383940070,
            "author": {
                "id": 7695,
                "name": "CyberClaus",
                "image": null
            },
            "comment": "<p >You have to configure your mysql with old_password=1 or you will not be able to use password in the files. For you to try out, use user root and no password and you will see that it connects</p>"
        }
    ]
}