{
    "meta": {
        "threadId": 11749,
        "threadName": "ODBC [IM002] Driver Manager Error",
        "dateCreated": "2013-11-09T20:03:31+0000",
        "datePublished": "2013-11-09T20:03:31+0000",
        "pageCount": 1,
        "originalUrl": "https://lckb.dev/forum/index.php?/topic/11749-odbc-im002-driver-manager-error/",
        "authorId": 13764,
        "position": [
            {
                "@type": "ListItem",
                "position": 1,
                "item": {
                    "@id": "https://lckb.dev/forum/index.php?/forum/100-guides-help-section/",
                    "name": "Guides &amp; Help Section"
                }
            },
            {
                "@type": "ListItem",
                "position": 2,
                "item": {
                    "@id": "https://lckb.dev/forum/index.php?/forum/335-help-support/",
                    "name": "Help &amp; Support"
                }
            },
            {
                "@type": "ListItem",
                "position": 3,
                "item": {
                    "@id": "https://lckb.dev/forum/index.php?/forum/37-emulation-support/",
                    "name": "Emulation Support"
                }
            },
            {
                "@type": "ListItem",
                "position": 4,
                "item": {
                    "@id": "https://lckb.dev/forum/index.php?/forum/136-solved-topics/",
                    "name": "Solved Topics"
                }
            }
        ]
    },
    "commentData": [
        {
            "id": 89784,
            "timestamp": 1384027411,
            "author": {
                "id": 13764,
                "name": "MrBuSta",
                "image": null
            },
            "comment": "<p ><span style=\"color:rgb(51,51,51);font-family:Verdana, Arial, Tahoma, Calibri, Geneva, sans-serif;font-size:13px;background-color:rgb(248,247,244);\" >Hi all.</span><br /><span style=\"color:rgb(51,51,51);font-family:Verdana, Arial, Tahoma, Calibri, Geneva, sans-serif;font-size:13px;background-color:rgb(248,247,244);\" >I have problem with ODBC, when is tart my Loginserver or gameserver.exe i get ODBC [iM002] Driver Manager Error always.Someone have idea ? (Windows 2008 VPS)</span></p>"
        },
        {
            "id": 89791,
            "timestamp": 1384036307,
            "author": {
                "id": 1503,
                "name": "Paramount",
                "image": null
            },
            "comment": "<p >ODBC is a mysql driver, what emulator do you use, what version? </p>"
        },
        {
            "id": 89792,
            "timestamp": 1384037249,
            "author": {
                "id": 13764,
                "name": "MrBuSta",
                "image": null
            },
            "comment": "\n<blockquote data-ipsquote=\"\" class=\"ipsQuote\" data-ipsquote-contentcommentid=\"89791\" data-ipsquote-contentapp=\"forums\" data-ipsquote-contenttype=\"forums\" data-ipsquote-contentclass=\"forums_Topic\" data-ipsquote-contentid=\"11749\" data-ipsquote-username=\"Paramount\" data-cite=\"Paramount\" data-ipsquote-timestamp=\"1384036307\" ><div ><div ><p >ODBC is a mysql driver, what emulator do you use, what version? </p></div></div></blockquote>\n<p >Im working on new emulator and for it i need to run ODBC, i have installed it but its tell me allways this:</p>\n<p ><a href=\"https://img716.imageshack.us/img716/596/0rux.png\" rel=\"external nofollow\" >http://img716.imageshack.us/img716/596/0rux.png</a></p>\n"
        },
        {
            "id": 89794,
            "timestamp": 1384037332,
            "author": {
                "id": 7482,
                "name": "Creep",
                "image": null
            },
            "comment": "<p >I think you just need to install all mysql drivers/parts, and maybe also some windows drivers for mysql</p>"
        },
        {
            "id": 89795,
            "timestamp": 1384037382,
            "author": {
                "id": 13764,
                "name": "MrBuSta",
                "image": null
            },
            "comment": "\n<blockquote data-ipsquote=\"\" class=\"ipsQuote\" data-ipsquote-contentcommentid=\"89794\" data-ipsquote-contentapp=\"forums\" data-ipsquote-contenttype=\"forums\" data-ipsquote-contentclass=\"forums_Topic\" data-ipsquote-contentid=\"11749\" data-ipsquote-username=\"Creep\" data-cite=\"Creep\" data-ipsquote-timestamp=\"1384037332\" ><div ><div ><p >I think you just need to install all mysql drivers/parts, and maybe also some windows drivers for mysql</p></div></div></blockquote>\n<p >Can you give me link for it ? Im use Windows 2008 R2 VPS from Zap-hosting</p>\n"
        },
        {
            "id": 89796,
            "timestamp": 1384038670,
            "author": {
                "id": null,
                "name": "Guest GuyFawkes",
                "image": null
            },
            "comment": "\n<blockquote data-ipsquote=\"\" class=\"ipsQuote\" data-ipsquote-contentcommentid=\"89792\" data-ipsquote-contentapp=\"forums\" data-ipsquote-contenttype=\"forums\" data-ipsquote-contentclass=\"forums_Topic\" data-ipsquote-contentid=\"11749\" data-ipsquote-username=\"Adam1998i\" data-cite=\"Adam1998i\" data-ipsquote-timestamp=\"1384037249\" ><div >\n<p >Im working on new emulator and for it i need to run ODBC, i have installed it but its tell me allways this:</p>\n<p ><a href=\"https://img716.imageshack.us/img716/596/0rux.png\" rel=\"external nofollow\" >http://img716.imageshack.us/img716/596/0rux.png</a></p>\n</div></blockquote>If youre working on writing a new emulator from the ground up and cant figure out this simple error. Then I wish you the best of luck as you wont make it very far.<p > </p>\n<p >P.S. I personally would steer clear of Oracle, try something better like MySQL or PostgreSQL.</p>\n\n\n\t\t\t\n\t\t\t\t\n\n<span class=\"ipsType_reset ipsType_medium ipsType_light\" data-excludequote=\"None\" >\n\t<strong >Edited <time datetime=\"2013-11-09T23:12:51Z\" title=\"11/09/2013 11:12  PM\" data-short=\"7 yr\" >November 9, 2013</time> by GuyFawkes</strong>\n\t\n\t\n</span>\n\t\t\t\n\t\t</div>"
        },
        {
            "id": 89797,
            "timestamp": 1384038897,
            "author": {
                "id": 13764,
                "name": "MrBuSta",
                "image": null
            },
            "comment": "<p >But i need ODBC not other program... I need this program for work my emulator....on my windows its work perfect on vps its no work..</p>"
        },
        {
            "id": 89798,
            "timestamp": 1384039121,
            "author": {
                "id": 1503,
                "name": "Paramount",
                "image": null
            },
            "comment": "<p >Yea, totally agree with GuyFawkes, ODBC is a pretty bad idea to use it :)</p>"
        },
        {
            "id": 89811,
            "timestamp": 1384072843,
            "author": {
                "id": 13764,
                "name": "MrBuSta",
                "image": null
            },
            "comment": "<p >can i make it work on linux with wine? </p>"
        },
        {
            "id": 89830,
            "timestamp": 1384080142,
            "author": {
                "id": 13764,
                "name": "MrBuSta",
                "image": null
            },
            "comment": "\n<p >Edit: Im fixed this problem . Im used wrong version of ODBC.</p>\n<p >Close please.</p>\n\n\n\t\t\t\n\t\t\t\t\n\n<span class=\"ipsType_reset ipsType_medium ipsType_light\" data-excludequote=\"None\" >\n\t<strong >Edited <time datetime=\"2013-11-10T20:39:02Z\" title=\"11/10/2013 08:39  PM\" data-short=\"7 yr\" >November 10, 2013</time> by Adam1998i</strong>\n\t\n\t\n</span>\n\t\t\t\n\t\t</div>"
        },
        {
            "id": 89863,
            "timestamp": 1384160260,
            "author": {
                "id": 1503,
                "name": "Paramount",
                "image": null
            },
            "comment": "<p >Closed.</p>"
        }
    ]
}