{
    "meta": {
        "threadId": 11747,
        "threadName": "Offline",
        "dateCreated": "2013-11-09T18:41:32+0000",
        "datePublished": "2013-11-09T18:41:32+0000",
        "pageCount": 1,
        "originalUrl": "https://lckb.dev/forum/index.php?/topic/11747-offline/",
        "authorId": 19355,
        "position": [
            {
                "@type": "ListItem",
                "position": 1,
                "item": {
                    "@id": "https://lckb.dev/forum/index.php?/forum/100-guides-help-section/",
                    "name": "Guides &amp; Help Section"
                }
            },
            {
                "@type": "ListItem",
                "position": 2,
                "item": {
                    "@id": "https://lckb.dev/forum/index.php?/forum/335-help-support/",
                    "name": "Help &amp; Support"
                }
            },
            {
                "@type": "ListItem",
                "position": 3,
                "item": {
                    "@id": "https://lckb.dev/forum/index.php?/forum/120-ep2-support/",
                    "name": "Ep2 Support"
                }
            },
            {
                "@type": "ListItem",
                "position": 4,
                "item": {
                    "@id": "https://lckb.dev/forum/index.php?/forum/134-solved-topics/",
                    "name": "Solved Topics"
                }
            }
        ]
    },
    "commentData": [
        {
            "id": 89774,
            "timestamp": 1384022492,
            "author": {
                "id": 19355,
                "name": "olaf1212",
                "image": null
            },
            "comment": "\n<p >Hello com :mebiro_01:</p>\n<p > </p>\n<p >our Server has some Problem we dont can Connect to game server thes will say thar it is Down can any one help pls?</p>\n"
        },
        {
            "id": 89799,
            "timestamp": 1384039313,
            "author": {
                "id": 1503,
                "name": "Paramount",
                "image": null
            },
            "comment": "\n<p >Okay I helped this guy, he is happy and me too :P</p>\n<p >#Closed</p>\n"
        },
        {
            "id": 89775,
            "timestamp": 1384022577,
            "author": {
                "id": 1503,
                "name": "Paramount",
                "image": null
            },
            "comment": "<p >Describe your problem better, at the moment I dont understand. </p>"
        },
        {
            "id": 89782,
            "timestamp": 1384025430,
            "author": {
                "id": 19355,
                "name": "olaf1212",
                "image": null
            },
            "comment": "\n<p >Sorry but my English isnt god i have make an Video:<br /><a href=\"https://www.youtube.com/watch?v=N3DeZwePq0U\" rel=\"external nofollow\" >Link</a></p>\n<p > </p>\n<p >Skypename</p>\n<p > </p>\n<p >Dominik.peterlin</p>\n<p > </p>\n<p >[media=<a href=\"https://www.youtube.com/watch?v=N3DeZwePq0U\" rel=\"external nofollow\" >https://www.youtube.com/watch?v=N3DeZwePq0U</a>]<a href=\"https://www.youtube.com/watch?v=N3DeZwePq0U\" rel=\"external nofollow\" >https://www.youtube.com/watch?v=N3DeZwePq0U</a>[/media]</p>\n\n\n\t\t\t\n\t\t\t\t\n\n<span class=\"ipsType_reset ipsType_medium ipsType_light\" data-excludequote=\"None\" >\n\t<strong >Edited <time datetime=\"2013-11-09T19:34:09Z\" title=\"11/09/2013 07:34  PM\" data-short=\"7 yr\" >November 9, 2013</time> by olaf1212</strong>\n\t\n\t\n</span>\n\t\t\t\n\t\t</div>"
        },
        {
            "id": 89783,
            "timestamp": 1384025660,
            "author": {
                "id": 1503,
                "name": "Paramount",
                "image": null
            },
            "comment": "\n<p >I sent you skype authorization, please add me and Ill help you there.</p>\n<p >And if you dont wanna, I have noticed about the error in your configs, please post them here and Ill fix them. </p>\n"
        }
    ]
}