{
    "meta": {
        "threadId": 11751,
        "threadName": "Help with VirtualBox Internet.",
        "dateCreated": "2013-11-09T23:28:52+0000",
        "datePublished": "2013-11-09T23:28:52+0000",
        "pageCount": 1,
        "originalUrl": "https://lckb.dev/forum/index.php?/topic/11751-help-with-virtualbox-internet/",
        "authorId": 18905,
        "position": [
            {
                "@type": "ListItem",
                "position": 1,
                "item": {
                    "@id": "https://lckb.dev/forum/index.php?/forum/100-guides-help-section/",
                    "name": "Guides &amp; Help Section"
                }
            },
            {
                "@type": "ListItem",
                "position": 2,
                "item": {
                    "@id": "https://lckb.dev/forum/index.php?/forum/335-help-support/",
                    "name": "Help &amp; Support"
                }
            },
            {
                "@type": "ListItem",
                "position": 3,
                "item": {
                    "@id": "https://lckb.dev/forum/index.php?/forum/120-ep2-support/",
                    "name": "Ep2 Support"
                }
            },
            {
                "@type": "ListItem",
                "position": 4,
                "item": {
                    "@id": "https://lckb.dev/forum/index.php?/forum/134-solved-topics/",
                    "name": "Solved Topics"
                }
            }
        ]
    },
    "commentData": [
        {
            "id": 89800,
            "timestamp": 1384039732,
            "author": {
                "id": 18905,
                "name": "M3L3P3RD",
                "image": null
            },
            "comment": "\n<p ><span ><span >As</span> <span >the title says</span> i<span > need someone</span> <span >can help me</span> <span >with</span> <span >VirtualBox</span> <span >internet</span> <span >because i can not</span> <span >have a</span> <span >real</span> <span >IP</span> <span >to</span> <span >connect</span> <span >to the server</span> <span >because i get</span> <span >Failed to login</span> <span >to server</span> i<span > tested with</span> <span >Nat</span><span >,</span> <span >Bridge</span> <span >and</span> <span >Hamachi</span> <span >and</span> <span >not get</span> <span >anything</span> <span >working.</span></span></p>\n<p ><span ><span >Im using Wi-Fi Internet.</span><br /><br /><span >If anyone can</span> <span >help me</span> <span >please</span> i<span > have</span> <span >Team</span> <span >Viewer</span> <span >if</span> <span >i</span> <span >can help.</span><br /><span >The</span> <span >VirtualBox</span> <span >files</span> <span >i use are</span> <span >of the same</span> <span >links</span><span >:</span> <a href=\"http://toxic-l33t.ddns.net/forum/index.php?showtopic=10786&page=1\" rel=\"external nofollow\" >http://toxic-l33t.ddns.net/forum/index.php?showtopic=10786&page=1</a><br /><span >Thank you very much</span><span >.</span></span></p>\n"
        },
        {
            "id": 89802,
            "timestamp": 1384040010,
            "author": {
                "id": 1503,
                "name": "Paramount",
                "image": null
            },
            "comment": "<p >IP YOU ALWAYS NEED TO GET VIA [iFCONFIG] COMMAND!!!</p>"
        },
        {
            "id": 89803,
            "timestamp": 1384040541,
            "author": {
                "id": 18905,
                "name": "M3L3P3RD",
                "image": null
            },
            "comment": "<p ><span ><span >Thats not why</span> <span >because</span> <span >from there</span> <span >the command is</span> <span >that of</span> <span >10.x.x</span> <span >and</span> <span >does not appear</span> <span >so</span> <span >real</span> <span >is the problem</span> i<span > seek</span> <span >help to</span> <span >solve.</span></span></p>"
        }
    ]
}