{
    "meta": {
        "threadId": 11764,
        "threadName": "Lacaball Problem",
        "dateCreated": "2013-11-11T15:29:54+0000",
        "datePublished": "2013-11-11T15:29:54+0000",
        "pageCount": 1,
        "originalUrl": "https://lckb.dev/forum/index.php?/topic/11764-lacaball-problem/",
        "authorId": 13233,
        "position": [
            {
                "@type": "ListItem",
                "position": 1,
                "item": {
                    "@id": "https://lckb.dev/forum/index.php?/forum/100-guides-help-section/",
                    "name": "Guides &amp; Help Section"
                }
            },
            {
                "@type": "ListItem",
                "position": 2,
                "item": {
                    "@id": "https://lckb.dev/forum/index.php?/forum/335-help-support/",
                    "name": "Help &amp; Support"
                }
            },
            {
                "@type": "ListItem",
                "position": 3,
                "item": {
                    "@id": "https://lckb.dev/forum/index.php?/forum/120-ep2-support/",
                    "name": "Ep2 Support"
                }
            },
            {
                "@type": "ListItem",
                "position": 4,
                "item": {
                    "@id": "https://lckb.dev/forum/index.php?/forum/134-solved-topics/",
                    "name": "Solved Topics"
                }
            }
        ]
    },
    "commentData": [
        {
            "id": 89885,
            "timestamp": 1384183794,
            "author": {
                "id": 13233,
                "name": "fliegendeflasche97",
                "image": null
            },
            "comment": "\n<p >hello everyone.</p>\n<p >my problem is that i alltimes get send error by starting lacaball ingame.</p>\n<p >im using lc usa files.</p>\n<p >with the german files and german client it works fine but not with usa files.</p>\n<p > </p>\n<p >pls help</p>\n"
        },
        {
            "id": 89895,
            "timestamp": 1384193323,
            "author": {
                "id": 1503,
                "name": "Paramount",
                "image": null
            },
            "comment": "<p >Check out t_lacarette</p>"
        }
    ]
}