{
    "meta": {
        "threadId": 11768,
        "threadName": "LastChaos HTML template",
        "dateCreated": "2013-11-11T21:45:49+0000",
        "datePublished": "2013-11-11T21:45:49+0000",
        "pageCount": 1,
        "originalUrl": "https://lckb.dev/forum/index.php?/topic/11768-lastchaos-html-template/",
        "authorId": 324,
        "position": [
            {
                "@type": "ListItem",
                "position": 1,
                "item": {
                    "@id": "https://lckb.dev/forum/index.php?/forum/40-website-scripting-security/",
                    "name": "Website Scripting &amp; Security"
                }
            },
            {
                "@type": "ListItem",
                "position": 2,
                "item": {
                    "@id": "https://lckb.dev/forum/index.php?/forum/368-website-releases/",
                    "name": "Website Releases"
                }
            },
            {
                "@type": "ListItem",
                "position": 3,
                "item": {
                    "@id": "https://lckb.dev/forum/index.php?/forum/306-ep2-websites/",
                    "name": "Ep2 Websites"
                }
            }
        ]
    },
    "commentData": [
        {
            "id": 89918,
            "timestamp": 1384206349,
            "author": {
                "id": 324,
                "name": "vavan",
                "image": null
            },
            "comment": "\n<p >New HTML LastChaos template  :rolleyes:</p>\n<p > </p>\n<p >Screenshot:</p>\n<p > </p>\n<div class=\"ipsSpoiler\" data-ipsspoiler=\"\" >\n<div class=\"ipsSpoiler_header\" ><span ></span></div>\n<div class=\"ipsSpoiler_contents\" >\n<p > </p>\n<p ><a href=\"http://piccy.info/view3/5421767/b2507b97c7d690e49da29f552864871d/1200/\" rel=\"external nofollow\" ><img alt=\"52814bea2f7cc629f1000089_800.jpg\" src=\"http://i.piccy.info/i9/3aa3acc38ef282ff94bbf8d47f272696/1384206184/81809/645857/52814bea2f7cc629f1000089_800.jpg\" /></a><a href=\"http://i.piccy.info/a3c/2013-11-11-21-43/i9-5421767/518x800-r\" rel=\"external nofollow\" ><img alt=\"i.gif\" src=\"http://i.piccy.info/a3/2013-11-11-21-43/i9-5421767/518x800-r/i.gif\" /></a></p>\n<p > </p>\n</div>\n</div>\n<p > </p>\n<p > </p>\n<p >Virustotal: <a href=\"https://www.virustotal.com/en/file/4b6a17b41f7a6352d6e43b8f577aec4723aadc7302794d3de91fd9f1b28a1d21/analysis/1384206020/\" rel=\"external nofollow\" >https://www.virustotal.com/en/file/4b6a17b41f7a6352d6e43b8f577aec4723aadc7302794d3de91fd9f1b28a1d21/analysis/1384206020/</a></p>\n<p > </p>\n<p >Download: <a href=\"https://mega.co.nz/#!KBYm2Qrb!G-ekgBoSF8K-dj2enpfqc10RwCowK6F8mOc_VMHmvR0\" rel=\"external nofollow\" >https://mega.co.nz/#!KBYm2Qrb!G-ekgBoSF8K-dj2enpfqc10RwCowK6F8mOc_VMHmvR0</a></p>\n"
        },
        {
            "id": 89919,
            "timestamp": 1384206758,
            "author": {
                "id": 1503,
                "name": "Paramount",
                "image": null
            },
            "comment": "\n<p ><strong ><span style=\"color:#ff0000;\" ><span style=\"font-size:24px;\" >Approved by Paramount.</span></span></strong></p>\n<p >Status: <span style=\"color:#008000;\" ><strong >Clean</strong></span></p>\n"
        },
        {
            "id": 90046,
            "timestamp": 1384439928,
            "author": {
                "id": 676,
                "name": "xOutLawZ",
                "image": null
            },
            "comment": "\n<p >very awesome :) its realy one of the greatest :)</p>\n<p > </p>\n<p >can u edit this to my LC CMS 3.5 ?</p>\n"
        },
        {
            "id": 90065,
            "timestamp": 1384471010,
            "author": {
                "id": 324,
                "name": "vavan",
                "image": null
            },
            "comment": "\n<blockquote data-ipsquote=\"\" class=\"ipsQuote\" data-ipsquote-contentcommentid=\"90046\" data-ipsquote-contentapp=\"forums\" data-ipsquote-contenttype=\"forums\" data-ipsquote-contentclass=\"forums_Topic\" data-ipsquote-contentid=\"11768\" data-ipsquote-username=\"xOutLawZ\" data-cite=\"xOutLawZ\" data-ipsquote-timestamp=\"1384439928\" ><div ><div >\n<p >very awesome :) its realy one of the greatest :)</p>\n<p > </p>\n<p >can u edit this to my LC CMS 3.5 ?</p>\n</div></div></blockquote>\n<p > </p>\n<p >i havent lc cms</p>\n"
        },
        {
            "id": 90191,
            "timestamp": 1384624173,
            "author": {
                "id": 676,
                "name": "xOutLawZ",
                "image": null
            },
            "comment": "<p ><span style=\"color:#ff8c00;\" ><em ><span style=\"font-size:18px;\" ><span style=\"font-family:'times new roman', times, serif;\" >OMG he made it so perfect for our page <3 tyvm for ur help :)</span></span></em></span></p>"
        }
    ]
}