{
    "meta": {
        "threadId": 11772,
        "threadName": "Seals on equipment",
        "dateCreated": "2013-11-12T14:44:06+0000",
        "datePublished": "2013-11-12T14:44:06+0000",
        "pageCount": 1,
        "originalUrl": "https://lckb.dev/forum/index.php?/topic/11772-seals-on-equipment/",
        "authorId": 13233,
        "position": [
            {
                "@type": "ListItem",
                "position": 1,
                "item": {
                    "@id": "https://lckb.dev/forum/index.php?/forum/100-guides-help-section/",
                    "name": "Guides &amp; Help Section"
                }
            },
            {
                "@type": "ListItem",
                "position": 2,
                "item": {
                    "@id": "https://lckb.dev/forum/index.php?/forum/335-help-support/",
                    "name": "Help &amp; Support"
                }
            },
            {
                "@type": "ListItem",
                "position": 3,
                "item": {
                    "@id": "https://lckb.dev/forum/index.php?/forum/120-ep2-support/",
                    "name": "Ep2 Support"
                }
            },
            {
                "@type": "ListItem",
                "position": 4,
                "item": {
                    "@id": "https://lckb.dev/forum/index.php?/forum/134-solved-topics/",
                    "name": "Solved Topics"
                }
            }
        ]
    },
    "commentData": [
        {
            "id": 89944,
            "timestamp": 1384267446,
            "author": {
                "id": 13233,
                "name": "fliegendeflasche97",
                "image": null
            },
            "comment": "\n<p >hey all.</p>\n<p >i use the usa files and when i use magnyfying glass on equipment with secret properties. ther only comes 1-3 seals</p>\n<p >like heroic dagger.   is g5 or g4 on lc usa. but i only get g2 ; g3  or g1. same for other one like b5 i only get b3 and cast seals on helm is not showing what have name arcane or casting up.</p>\n<p >pls help.</p>\n<p > </p>\n"
        },
        {
            "id": 89957,
            "timestamp": 1384282347,
            "author": {
                "id": 17148,
                "name": "WorldOfWars",
                "image": null
            },
            "comment": "\n<p >Go item all editor : select your weapons , go to \"Rare Option\".</p>\n<p > </p>\n<p >Now go to your rare option editor, Find the option with G5, .</p>\n<p > </p>\n<p >Go to item all editor, remove all option except the option G5 and do 10000 chance.</p>\n"
        },
        {
            "id": 90012,
            "timestamp": 1384371434,
            "author": {
                "id": 13233,
                "name": "fliegendeflasche97",
                "image": null
            },
            "comment": "\n<p >i think u mean something other.</p>\n<p >i still want all the seals. means b5 eva b6 with cast g5   y3 and so on.</p>\n<p > </p>\n<p >but i dont want that i get g2 seal where g5 should be. same for the other ones.</p>\n"
        },
        {
            "id": 90023,
            "timestamp": 1384375387,
            "author": {
                "id": 3680,
                "name": "Kotetsu",
                "image": null
            },
            "comment": "\n<p >So, put the same priority for all rares options.</p>\n<p >(Maybe B5/G5 B6/G6 should be more are than others)</p>\n"
        }
    ]
}