{
    "meta": {
        "threadId": 11771,
        "threadName": "Error adding new item",
        "dateCreated": "2013-11-12T14:11:44+0000",
        "datePublished": "2013-11-12T14:11:44+0000",
        "pageCount": 1,
        "originalUrl": "https://lckb.dev/forum/index.php?/topic/11771-error-adding-new-item/",
        "authorId": 17394,
        "position": [
            {
                "@type": "ListItem",
                "position": 1,
                "item": {
                    "@id": "https://lckb.dev/forum/index.php?/forum/100-guides-help-section/",
                    "name": "Guides &amp; Help Section"
                }
            },
            {
                "@type": "ListItem",
                "position": 2,
                "item": {
                    "@id": "https://lckb.dev/forum/index.php?/forum/335-help-support/",
                    "name": "Help &amp; Support"
                }
            },
            {
                "@type": "ListItem",
                "position": 3,
                "item": {
                    "@id": "https://lckb.dev/forum/index.php?/forum/120-ep2-support/",
                    "name": "Ep2 Support"
                }
            },
            {
                "@type": "ListItem",
                "position": 4,
                "item": {
                    "@id": "https://lckb.dev/forum/index.php?/forum/134-solved-topics/",
                    "name": "Solved Topics"
                }
            }
        ]
    },
    "commentData": [
        {
            "id": 89942,
            "timestamp": 1384265504,
            "author": {
                "id": 17394,
                "name": "systech",
                "image": null
            },
            "comment": "\n<p >There, i got a problem adding a new item.</p>\n<p > </p>\n<p >I add it in itemALL.lod</p>\n<p >add it in itemname.lod</p>\n<p > </p>\n<p >then when i open it to smc editor it says \"cannot find the path to the folder\" but the folder is correct, and it wont let me add it.</p>\n<p > </p>\n<p >could someone explain me the steps to add new items? maybe i missed few steps, i dont know.</p>\n"
        }
    ]
}