{
    "meta": {
        "threadId": 11774,
        "threadName": "Item Shop",
        "dateCreated": "2013-11-12T16:45:45+0000",
        "datePublished": "2013-11-12T16:45:45+0000",
        "pageCount": 1,
        "originalUrl": "https://lckb.dev/forum/index.php?/topic/11774-item-shop/",
        "authorId": 18883,
        "position": [
            {
                "@type": "ListItem",
                "position": 1,
                "item": {
                    "@id": "https://lckb.dev/forum/index.php?/forum/100-guides-help-section/",
                    "name": "Guides &amp; Help Section"
                }
            },
            {
                "@type": "ListItem",
                "position": 2,
                "item": {
                    "@id": "https://lckb.dev/forum/index.php?/forum/335-help-support/",
                    "name": "Help &amp; Support"
                }
            },
            {
                "@type": "ListItem",
                "position": 3,
                "item": {
                    "@id": "https://lckb.dev/forum/index.php?/forum/120-ep2-support/",
                    "name": "Ep2 Support"
                }
            },
            {
                "@type": "ListItem",
                "position": 4,
                "item": {
                    "@id": "https://lckb.dev/forum/index.php?/forum/134-solved-topics/",
                    "name": "Solved Topics"
                }
            }
        ]
    },
    "commentData": [
        {
            "id": 89947,
            "timestamp": 1384274745,
            "author": {
                "id": 18883,
                "name": "NoName",
                "image": null
            },
            "comment": "\n<div >Hello everyone! :)</div>\n<br /><div > </div>\n<br /><div >Is there would be someone who could send me \"t-catalog_1 table\" t_catalog \"\" and t_catalog_old \"a ger database file and the Mystery PVP starting?</div>\n<br /><div > </div>\n<br /><div >I change my cash shop but as I learned how to make boxes I would like to reset the cash :/</div>\n<br /><div > </div>\n<br /><div >waiting for one of your answers, receive my best greeting :)</div>\n<br />"
        },
        {
            "id": 90451,
            "timestamp": 1384952491,
            "author": {
                "id": 17148,
                "name": "WorldOfWars",
                "image": null
            },
            "comment": "<p >section help ..</p>"
        }
    ]
}