{
    "meta": {
        "threadId": 11777,
        "threadName": "Suggest me nickname :)",
        "dateCreated": "2013-11-12T19:22:59+0000",
        "datePublished": "2013-11-12T19:22:59+0000",
        "pageCount": 1,
        "originalUrl": "https://lckb.dev/forum/index.php?/topic/11777-suggest-me-nickname/",
        "authorId": 15306,
        "position": [
            {
                "@type": "ListItem",
                "position": 1,
                "item": {
                    "@id": "https://lckb.dev/forum/index.php?/forum/385-off-topic-the-outer-world/",
                    "name": "Off-Topic (The Outer World)"
                }
            },
            {
                "@type": "ListItem",
                "position": 2,
                "item": {
                    "@id": "https://lckb.dev/forum/index.php?/forum/219-consoles/",
                    "name": "Consoles"
                }
            },
            {
                "@type": "ListItem",
                "position": 3,
                "item": {
                    "@id": "https://lckb.dev/forum/index.php?/forum/220-xbox/",
                    "name": "Xbox"
                }
            }
        ]
    },
    "commentData": [
        {
            "id": 89958,
            "timestamp": 1384284179,
            "author": {
                "id": 15306,
                "name": "Noizy",
                "image": null
            },
            "comment": "\n<p >Hey guys,</p>\n<p >i`m not at good naming something, so pls suggest some interesting OR epic nickname :D</p>\n<p > </p>\n<p >TY ADVC</p>\n"
        }
    ]
}