{
    "meta": {
        "threadId": 11775,
        "threadName": "t_npc_regen in zones",
        "dateCreated": "2013-11-12T16:52:58+0000",
        "datePublished": "2013-11-12T16:52:58+0000",
        "pageCount": 1,
        "originalUrl": "https://lckb.dev/forum/index.php?/topic/11775-t_npc_regen-in-zones/",
        "authorId": 19341,
        "position": [
            {
                "@type": "ListItem",
                "position": 1,
                "item": {
                    "@id": "https://lckb.dev/forum/index.php?/forum/258-release-zone/",
                    "name": "Release Zone"
                }
            },
            {
                "@type": "ListItem",
                "position": 2,
                "item": {
                    "@id": "https://lckb.dev/forum/index.php?/forum/325-episode-2-releases/",
                    "name": "Episode 2 Releases"
                }
            },
            {
                "@type": "ListItem",
                "position": 3,
                "item": {
                    "@id": "https://lckb.dev/forum/index.php?/forum/125-server-side/",
                    "name": "Server Side"
                }
            }
        ]
    },
    "commentData": [
        {
            "id": 89948,
            "timestamp": 1384275178,
            "author": {
                "id": 19341,
                "name": "The-Apple",
                "image": null
            },
            "comment": "\n<p >Hello</p>\n<p > </p>\n<p >I give you the t_npc_Regen in zones</p>\n<p > </p>\n<p >my english is bad see the screen and download it it help you :D</p>\n<p > </p>\n<p >is ep2 t_npc_regen</p>\n<p > </p>\n<p ><a href=\"http://www.file-upload.net/download-8284558/zones.rar.html\" rel=\"external nofollow\" >download</a></p>\n<p > </p>\n<p ><a href=\"https://www.virustotal.com/de/file/02357a2a6eed59438e2285198564a32c6c12a65163982f1ceb32874168e897d7/analysis/1384275123/\" rel=\"external nofollow\" >virustotal</a></p>\n<p > </p>\n<p ><img alt=\"Unbenannt.png\" src=\"http://im.bilderkiste.org/1138427377540/Unbenannt.png\" /></p>\n"
        },
        {
            "id": 89972,
            "timestamp": 1384298792,
            "author": {
                "id": 1503,
                "name": "Paramount",
                "image": null
            },
            "comment": "<p >I dont really know why this release needs, but files are clean and its approved. </p>"
        },
        {
            "id": 89974,
            "timestamp": 1384314282,
            "author": {
                "id": 16931,
                "name": "Walletman987",
                "image": null
            },
            "comment": "\n<blockquote data-ipsquote=\"\" class=\"ipsQuote\" data-ipsquote-contentcommentid=\"89972\" data-ipsquote-contentapp=\"forums\" data-ipsquote-contenttype=\"forums\" data-ipsquote-contentclass=\"forums_Topic\" data-ipsquote-contentid=\"11775\" data-ipsquote-username=\"Paramount\" data-cite=\"Paramount\" data-ipsquote-timestamp=\"1384298792\" ><div ><div ><p >I dont really know why this release needs, but files are clean and its approved. </p></div></div></blockquote>\n<p >Maybe some1 needs a regen of a certain map?  This actually is quite helpful.</p>\n"
        },
        {
            "id": 91330,
            "timestamp": 1386177555,
            "author": {
                "id": 19238,
                "name": "jeremie",
                "image": null
            },
            "comment": "<p >ty</p>"
        }
    ]
}