{
    "meta": {
        "threadId": 11778,
        "threadName": "Cash Online",
        "dateCreated": "2013-11-12T20:30:25+0000",
        "datePublished": "2013-11-12T20:30:25+0000",
        "pageCount": 1,
        "originalUrl": "https://lckb.dev/forum/index.php?/topic/11778-cash-online/",
        "authorId": 17148,
        "position": [
            {
                "@type": "ListItem",
                "position": 1,
                "item": {
                    "@id": "https://lckb.dev/forum/index.php?/forum/100-guides-help-section/",
                    "name": "Guides &amp; Help Section"
                }
            },
            {
                "@type": "ListItem",
                "position": 2,
                "item": {
                    "@id": "https://lckb.dev/forum/index.php?/forum/335-help-support/",
                    "name": "Help &amp; Support"
                }
            },
            {
                "@type": "ListItem",
                "position": 3,
                "item": {
                    "@id": "https://lckb.dev/forum/index.php?/forum/120-ep2-support/",
                    "name": "Ep2 Support"
                }
            },
            {
                "@type": "ListItem",
                "position": 4,
                "item": {
                    "@id": "https://lckb.dev/forum/index.php?/forum/134-solved-topics/",
                    "name": "Solved Topics"
                }
            }
        ]
    },
    "commentData": [
        {
            "id": 89961,
            "timestamp": 1384288225,
            "author": {
                "id": 17148,
                "name": "WorldOfWars",
                "image": null
            },
            "comment": "\n<p >Hi community.</p>\n<p > </p>\n<p >I need your help.</p>\n<p > </p>\n<p >I looking for how to the cash increase automatically when im online, exemple as Aio , universe LC.. If i need to buy this \"script\", i can.</p>\n<p > </p>\n<p >Thanks.</p>\n"
        },
        {
            "id": 90031,
            "timestamp": 1384382562,
            "author": {
                "id": 13529,
                "name": "DrGenius",
                "image": null
            },
            "comment": "<p >im not using a script im using hateme cash server on aio so that cash server have that option, but u can use a script with navicat too.</p>"
        },
        {
            "id": 90033,
            "timestamp": 1384386457,
            "author": {
                "id": 7750,
                "name": "camaro2683",
                "image": null
            },
            "comment": "<p >@<a contenteditable=\"false\" data-ipshover=\"\" href=\"https://lckb.dev/forum/index.php?/profile/13529-drgenius/\" data-ipshover-target=\"https://lckb.dev/forum/index.php?/profile/13529-drgenius/&do=hovercard\" data-mentionid=\"13529\" rel=\"\" >@DrGenius</a> how do u get Hatemes cash server??</p>"
        },
        {
            "id": 90034,
            "timestamp": 1384392168,
            "author": {
                "id": 7263,
                "name": "SibaN",
                "image": null
            },
            "comment": "<p >he sell it i think you need to add it in youre contact and ask him </p>\n\n\t\t\t\n\t\t\t\t\n\n<span class=\"ipsType_reset ipsType_medium ipsType_light\" data-excludequote=\"None\" >\n\t<strong >Edited <time datetime=\"2013-11-14T01:24:51Z\" title=\"11/14/2013 01:24  AM\" data-short=\"7 yr\" >November 14, 2013</time> by sibastient</strong>\n\t\n\t\n</span>\n\t\t\t\n\t\t</div>"
        },
        {
            "id": 90035,
            "timestamp": 1384392466,
            "author": {
                "id": 7750,
                "name": "camaro2683",
                "image": null
            },
            "comment": "<p >how much does he sell it for?</p>"
        },
        {
            "id": 90039,
            "timestamp": 1384401309,
            "author": {
                "id": 13529,
                "name": "DrGenius",
                "image": null
            },
            "comment": "<p >he give it to me he dont sell it as i know but u should ask him for that</p>"
        },
        {
            "id": 90040,
            "timestamp": 1384406966,
            "author": {
                "id": 7750,
                "name": "camaro2683",
                "image": null
            },
            "comment": "<p >how do i get ahold of HateMe??</p>"
        },
        {
            "id": 90053,
            "timestamp": 1384451537,
            "author": {
                "id": 17148,
                "name": "WorldOfWars",
                "image": null
            },
            "comment": "\n<blockquote data-ipsquote=\"\" class=\"ipsQuote\" data-ipsquote-contentcommentid=\"90039\" data-ipsquote-contentapp=\"forums\" data-ipsquote-contenttype=\"forums\" data-ipsquote-contentclass=\"forums_Topic\" data-ipsquote-contentid=\"11778\" data-ipsquote-username=\"DrGenius\" data-cite=\"DrGenius\" data-ipsquote-timestamp=\"1384401309\" ><div ><div ><p >he give it to me he dont sell it as i know but u should ask him for that</p></div></div></blockquote>\n<p >Hi,</p>\n<p > </p>\n<p >Thanks DrGenius for answer i will try to contact him..</p>\n"
        },
        {
            "id": 91238,
            "timestamp": 1386017719,
            "author": {
                "id": 1503,
                "name": "Paramount",
                "image": null
            },
            "comment": "\n<p ><b >Hi.</b></p>\n<p >\nAs you got your answer,and your problem is solved, I am gonna move that topic to Solved section and mark it as solved.</p>\n<p > </p>\n<p >\nThanks,</p>\n<p > </p>\n<p >\n-LCKB Staff</p>\n<p >\n</p>\n"
        }
    ]
}