{
    "meta": {
        "threadId": 11770,
        "threadName": "Friends at me a question",
        "dateCreated": "2013-11-12T08:09:07+0000",
        "datePublished": "2013-11-12T08:09:07+0000",
        "pageCount": 1,
        "originalUrl": "https://lckb.dev/forum/index.php?/topic/11770-friends-at-me-a-question/",
        "authorId": 15376,
        "position": [
            {
                "@type": "ListItem",
                "position": 1,
                "item": {
                    "@id": "https://lckb.dev/forum/index.php?/forum/271-general-section/",
                    "name": "General Section"
                }
            },
            {
                "@type": "ListItem",
                "position": 2,
                "item": {
                    "@id": "https://lckb.dev/forum/index.php?/forum/259-general-discussion/",
                    "name": "General Discussion"
                }
            }
        ]
    },
    "commentData": [
        {
            "id": 89935,
            "timestamp": 1384243747,
            "author": {
                "id": 15376,
                "name": "\u00e2\u02dc\u00a3 WARFACE \u00e2\u02dc\u00a3",
                "image": null
            },
            "comment": "<p >Everything hello, friends I am engaged in 3D Modelling for quite some time now, and me the question interests as I can make .ba animation? for example to take animation from other game and another mobs and to make under LC? as I learned to do models and to do them for LC, it looked for information Animations of .ba and found nothing who knows? prompt I will be grateful.</p>"
        },
        {
            "id": 89945,
            "timestamp": 1384270845,
            "author": {
                "id": 17432,
                "name": "Nymphetamine",
                "image": null
            },
            "comment": "\n<p >Wrong section.</p>\n<p >Possible? And its not the first time.</p>\n"
        }
    ]
}