{
    "meta": {
        "threadId": 11780,
        "threadName": "Friends at me a question",
        "dateCreated": "2013-11-13T06:22:40+0000",
        "datePublished": "2013-11-13T06:22:40+0000",
        "pageCount": 1,
        "originalUrl": "https://lckb.dev/forum/index.php?/topic/11780-friends-at-me-a-question/",
        "authorId": 15376,
        "position": [
            {
                "@type": "ListItem",
                "position": 1,
                "item": {
                    "@id": "https://lckb.dev/forum/index.php?/forum/100-guides-help-section/",
                    "name": "Guides &amp; Help Section"
                }
            },
            {
                "@type": "ListItem",
                "position": 2,
                "item": {
                    "@id": "https://lckb.dev/forum/index.php?/forum/335-help-support/",
                    "name": "Help &amp; Support"
                }
            },
            {
                "@type": "ListItem",
                "position": 3,
                "item": {
                    "@id": "https://lckb.dev/forum/index.php?/forum/120-ep2-support/",
                    "name": "Ep2 Support"
                }
            },
            {
                "@type": "ListItem",
                "position": 4,
                "item": {
                    "@id": "https://lckb.dev/forum/index.php?/forum/134-solved-topics/",
                    "name": "Solved Topics"
                }
            }
        ]
    },
    "commentData": [
        {
            "id": 89979,
            "timestamp": 1384323760,
            "author": {
                "id": 15376,
                "name": "\u00e2\u02dc\u00a3 WARFACE \u00e2\u02dc\u00a3",
                "image": null
            },
            "comment": "<p ><span style=\"color:rgb(40,40,40);font-family:'Helvetica Neue', Helvetica, Helvetica, Arial, sans-serif;font-size:12px;background-color:rgb(253,253,253);\" >Everything hello, friends I am engaged in 3D Modelling for quite some time now, and me the question interests as I can make .ba animation? for example to take animation from other game and another mobs and to make under LC? as I learned to do models and to do them for LC, it looked for information Animations of .ba and found nothing who knows? prompt I will be grateful.</span></p>"
        },
        {
            "id": 89986,
            "timestamp": 1384339391,
            "author": {
                "id": 15376,
                "name": "\u00e2\u02dc\u00a3 WARFACE \u00e2\u02dc\u00a3",
                "image": null
            },
            "comment": "<p >?</p>"
        },
        {
            "id": 90002,
            "timestamp": 1384363653,
            "author": {
                "id": 1503,
                "name": "Paramount",
                "image": null
            },
            "comment": "\n<blockquote data-ipsquote=\"\" class=\"ipsQuote\" data-ipsquote-contentcommentid=\"89986\" data-ipsquote-contentapp=\"forums\" data-ipsquote-contenttype=\"forums\" data-ipsquote-contentclass=\"forums_Topic\" data-ipsquote-contentid=\"11780\" data-ipsquote-username=\"Warface\" data-cite=\"Warface\" data-ipsquote-timestamp=\"1384339391\" ><div ><div ><p >?</p></div></div></blockquote>\n<p >Topic bumping is not allowed <img alt=\"illustration-featuring-a-smiley_small.jp\" src=\"http://images.clipartlogo.com/files/ss/thumb/107/107466821/illustration-featuring-a-smiley_small.jpg\" /></p>\n"
        },
        {
            "id": 90022,
            "timestamp": 1384375275,
            "author": {
                "id": 3680,
                "name": "Kotetsu",
                "image": null
            },
            "comment": "\n<p >I heard animation can be created with Serious Editors (Modeler or SkaStudio)</p>\n<p >I dont know if its right or no. No tested for the moment</p>\n"
        },
        {
            "id": 90025,
            "timestamp": 1384375767,
            "author": {
                "id": 17432,
                "name": "Nymphetamine",
                "image": null
            },
            "comment": "\n<blockquote data-ipsquote=\"\" class=\"ipsQuote\" data-ipsquote-contentcommentid=\"90022\" data-ipsquote-contentapp=\"forums\" data-ipsquote-contenttype=\"forums\" data-ipsquote-contentclass=\"forums_Topic\" data-ipsquote-contentid=\"11780\" data-ipsquote-username=\"Kotetsu\" data-cite=\"Kotetsu\" data-ipsquote-timestamp=\"1384375275\" ><div ><div >\n<p >I heard animation can be created with Serious Editors (Modeler or SkaStudio)</p>\n<p >I dont know if its right or no. No tested for the moment</p>\n</div></div></blockquote>\n<p >Nothing for make them,as i know</p>\n"
        },
        {
            "id": 90059,
            "timestamp": 1384457946,
            "author": {
                "id": 3680,
                "name": "Kotetsu",
                "image": null
            },
            "comment": "\n<blockquote data-ipsquote=\"\" class=\"ipsQuote\" data-ipsquote-contentcommentid=\"90027\" data-ipsquote-contentapp=\"forums\" data-ipsquote-contenttype=\"forums\" data-ipsquote-contentclass=\"forums_Topic\" data-ipsquote-contentid=\"11780\" data-ipsquote-username=\"Sickness\" data-cite=\"Sickness\" data-ipsquote-timestamp=\"1384378837\" ><div ><div >\n<p >Animation is made via Converting .aa files from 3DS Max and converting them to file types SeriousStudio reads with an official plugin made by Barunson for 3DS Max.</p>\n<p >Thats the official way of doing it. There are other ways but I can only think of one person to figure it out.</p>\n<p >In short: None of this is public knowledge or available. So I would give up unless you intend to convert it yourself.</p>\n</div></div></blockquote>\n<p >Thanks for the information. Ill try this way.</p>\n"
        }
    ]
}