{
    "meta": {
        "threadId": 11783,
        "threadName": "LC CMS Iptables help",
        "dateCreated": "2013-11-13T14:33:28+0000",
        "datePublished": "2013-11-13T14:33:28+0000",
        "pageCount": 1,
        "originalUrl": "https://lckb.dev/forum/index.php?/topic/11783-lc-cms-iptables-help/",
        "authorId": 14868,
        "position": [
            {
                "@type": "ListItem",
                "position": 1,
                "item": {
                    "@id": "https://lckb.dev/forum/index.php?/forum/100-guides-help-section/",
                    "name": "Guides &amp; Help Section"
                }
            },
            {
                "@type": "ListItem",
                "position": 2,
                "item": {
                    "@id": "https://lckb.dev/forum/index.php?/forum/335-help-support/",
                    "name": "Help &amp; Support"
                }
            },
            {
                "@type": "ListItem",
                "position": 3,
                "item": {
                    "@id": "https://lckb.dev/forum/index.php?/forum/120-ep2-support/",
                    "name": "Ep2 Support"
                }
            },
            {
                "@type": "ListItem",
                "position": 4,
                "item": {
                    "@id": "https://lckb.dev/forum/index.php?/forum/134-solved-topics/",
                    "name": "Solved Topics"
                }
            }
        ]
    },
    "commentData": [
        {
            "id": 89996,
            "timestamp": 1384353208,
            "author": {
                "id": 14868,
                "name": "Gambit",
                "image": null
            },
            "comment": "\n<p >Hi guys, I have been trying to strict my iptables much as possible and it seems to be coming to an conclusion now but the only issue I am facing is with LC CMS....</p>\n<p > </p>\n<p >The issue is that \"My profile\" page is not working, also vote 4 cash + donation..... they do not tend to have any connection with database at all...</p>\n<p > </p>\n<p > </p>\n<p >I am trying to figure out how I can make acception for it in Iptables</p>\n"
        },
        {
            "id": 90036,
            "timestamp": 1384397326,
            "author": {
                "id": 17858,
                "name": "Canton",
                "image": null
            },
            "comment": "\n<p >\u00c3\u0192\u00c2\u00a4\u00c3\u0192\u00c2\u00a4hm.. i think the website is a external webserver?</p>\n<p > </p>\n<p ><u >create mysql-user</u></p>\n<p >mysql -u root -p</p>\n<p > </p>\n<p >GRANT ALL ON *.* TO <a href=\"/cdn-cgi/l/email-protection\" class=\"__cf_email__\" data-cfemail=\"234e5a50524f56504651631211100d17160d150d141b\" >[email protected]</a> IDENTIFIED BY password;</p>\n<p >exit;</p>\n<p > </p>\n<p ><u >open mysql-port for website</u></p>\n<p >iptables -I INPUT -p tcp -m tcp -s 123.45.6.78 --dport 3306 -j ACCEPT</p>\n<p > </p>\n<p > </p>\n<p >123.45.6.78 = IP of your webserver</p>\n\n\n\t\t\t\n\t\t\t\t\n\n<span class=\"ipsType_reset ipsType_medium ipsType_light\" data-excludequote=\"None\" >\n\t<strong >Edited <time datetime=\"2013-11-14T02:49:00Z\" title=\"11/14/2013 02:49  AM\" data-short=\"7 yr\" >November 14, 2013</time> by Canton</strong>\n\t\n\t\n</span>\n\t\t\t\n\t\t</div>"
        }
    ]
}